timestamp,equity,cash,position
2021-01-01 00:00:00+00:00,10000.0,10000.0,0.0
2021-01-02 00:00:00+00:00,10000.0,10000.0,0.0
2021-01-03 00:00:00+00:00,10000.0,10000.0,0.0
2021-01-04 00:00:00+00:00,10000.0,10000.0,0.0
2021-01-05 00:00:00+00:00,10000.0,10000.0,0.0
2021-01-06 00:00:00+00:00,10000.0,10000.0,0.0
2021-01-07 00:00:00+00:00,10000.0,10000.0,0.0
2021-01-08 00:00:00+00:00,10000.0,10000.0,0.0
2021-01-09 00:00:00+00:00,10000.0,10000.0,0.0
2021-01-10 00:00:00+00:00,10000.0,10000.0,0.0
2021-01-11 00:00:00+00:00,10000.0,10000.0,0.0
2021-01-12 00:00:00+00:00,10000.0,10000.0,0.0
2021-01-13 00:00:00+00:00,10000.0,10000.0,0.0
2021-01-14 00:00:00+00:00,10000.0,10000.0,0.0
2021-01-15 00:00:00+00:00,10000.0,10000.0,0.0
2021-01-16 00:00:00+00:00,10000.0,10000.0,0.0
2021-01-17 00:00:00+00:00,10000.0,10000.0,0.0
2021-01-18 00:00:00+00:00,10000.0,10000.0,0.0
2021-01-19 00:00:00+00:00,10000.0,10000.0,0.0
2021-01-20 00:00:00+00:00,10000.0,10000.0,0.0
2021-01-21 00:00:00+00:00,10000.0,10000.0,0.0
2021-01-22 00:00:00+00:00,10000.0,10000.0,0.0
2021-01-23 00:00:00+00:00,10000.0,10000.0,0.0
2021-01-24 00:00:00+00:00,10000.0,10000.0,0.0
2021-01-25 00:00:00+00:00,10000.0,10000.0,0.0
2021-01-26 00:00:00+00:00,10000.0,10000.0,0.0
2021-01-27 00:00:00+00:00,10000.0,10000.0,0.0
2021-01-28 00:00:00+00:00,10000.0,10000.0,0.0
2021-01-29 00:00:00+00:00,10000.0,10000.0,0.0
2021-01-30 00:00:00+00:00,10000.0,10000.0,0.0
2021-01-31 00:00:00+00:00,10000.0,10000.0,0.0
2021-02-01 00:00:00+00:00,10000.0,10000.0,0.0
2021-02-02 00:00:00+00:00,10000.0,10000.0,0.0
2021-02-03 00:00:00+00:00,10000.0,10000.0,0.0
2021-02-04 00:00:00+00:00,9852.688018306588,2500.0,0.19906207053660477
2021-02-05 00:00:00+00:00,10209.481450776422,11.02902904153052,0.2663460041445259
2021-02-06 00:00:00+00:00,10448.31391269282,11.02902904153052,0.2663460041445259
2021-02-07 00:00:00+00:00,10344.106038571274,11.02902904153052,0.2663460041445259
2021-02-08 00:00:00+00:00,12362.790346263382,11.02902904153052,0.2663460041445259
2021-02-09 00:00:00+00:00,12370.38099741724,-6164.216968616297,0.3992768261474915
2021-02-10 00:00:00+00:00,11725.060299880122,-6165.5680298696925,0.3992768261474915
2021-02-11 00:00:00+00:00,12986.194317404255,-6166.919387246102,0.3992768261474915
2021-02-12 00:00:00+00:00,12792.478094881797,10.17005449332919,0.27030993411356186
2021-02-13 00:00:00+00:00,12725.830953220522,-6379.885217218225,0.40517966187670035
2021-02-14 00:00:00+00:00,13301.448978692617,-6381.283548224738,0.40517966187670035
2021-02-15 00:00:00+00:00,13029.921112426018,-6382.68218571476,0.40517966187670035
2021-02-16 00:00:00+00:00,13352.25069074778,9.912311565299206,0.271553053554808
2021-02-17 00:00:00+00:00,14163.178712456363,9.912311565299206,0.271553053554808
2021-02-18 00:00:00+00:00,14009.178260254896,9.912311565299206,0.271553053554808
2021-02-19 00:00:00+00:00,15191.357323600398,9.912311565299206,0.271553053554808
2021-02-20 00:00:00+00:00,15151.963614480643,-7574.566309404178,0.40698505751551534
2021-02-21 00:00:00+00:00,15788.203675012179,-7576.226488321308,0.40698505751551534
2021-02-22 00:00:00+00:00,14434.986454716942,-7577.88703111327,0.40698505751551534
2021-02-23 00:00:00+00:00,13038.77049194472,10.220788986584012,0.2664815549479073
2021-02-24 00:00:00+00:00,13248.011808889816,10.220788986584012,0.2664815549479073
2021-02-25 00:00:00+00:00,12554.501556584539,10.220788986584012,0.2664815549479073
2021-02-26 00:00:00+00:00,12342.15306470875,10.220788986584012,0.2664815549479073
2021-02-27 00:00:00+00:00,12296.733948483427,10.220788986584012,0.2664815549479073
2021-02-28 00:00:00+00:00,12038.041649386647,10.220788986584012,0.2664815549479073
2021-03-01 00:00:00+00:00,13224.249648635112,10.220788986584012,0.2664815549479073
2021-03-02 00:00:00+00:00,12918.760523673931,10.220788986584012,0.2664815549479073
2021-03-03 00:00:00+00:00,13427.399197234101,10.220788986584012,0.2664815549479073
2021-03-04 00:00:00+00:00,12901.023511376598,10.220788986584012,0.2664815549479073
2021-03-05 00:00:00+00:00,12943.340015331993,6266.749840066093,0.1369508920869832
2021-03-06 00:00:00+00:00,12966.832861530787,1858.9665866682399,0.22723744583636885
2021-03-07 00:00:00+00:00,13441.656866478173,1858.9665866682399,0.22723744583636885
2021-03-08 00:00:00+00:00,13760.56644271385,1858.9665866682399,0.22723744583636885
2021-03-09 00:00:00+00:00,14330.780182674425,1858.9665866682399,0.22723744583636885
2021-03-10 00:00:00+00:00,14550.539244168318,1858.9665866682399,0.22723744583636885
2021-03-11 00:00:00+00:00,14987.19190296411,1858.9665866682399,0.22723744583636885
2021-03-12 00:00:00+00:00,14861.884085832105,1858.9665866682399,0.22723744583636885
2021-03-13 00:00:00+00:00,15763.260045107854,1858.9665866682399,0.22723744583636885
2021-03-14 00:00:00+00:00,15258.774736355448,1858.9665866682399,0.22723744583636885
2021-03-15 00:00:00+00:00,14494.550209888697,1858.9665866682399,0.22723744583636885
2021-03-16 00:00:00+00:00,14788.947682842005,1858.9665866682399,0.22723744583636885
2021-03-17 00:00:00+00:00,15246.199416102863,1858.9665866682399,0.22723744583636885
2021-03-18 00:00:00+00:00,14958.787222234565,1858.9665866682399,0.22723744583636885
2021-03-19 00:00:00+00:00,15045.557840927184,1858.9665866682399,0.22723744583636885
2021-03-20 00:00:00+00:00,15061.980291137777,1858.9665866682399,0.22723744583636885
2021-03-21 00:00:00+00:00,14891.388595799497,1858.9665866682399,0.22723744583636885
2021-03-22 00:00:00+00:00,14148.706179198034,1858.9665866682399,0.22723744583636885
2021-03-23 00:00:00+00:00,14207.251634743316,1858.9665866682399,0.22723744583636885
2021-03-24 00:00:00+00:00,13744.314420587634,1858.9665866682399,0.22723744583636885
2021-03-25 00:00:00+00:00,13514.83414116086,1858.9665866682399,0.22723744583636885
2021-03-26 00:00:00+00:00,14362.841113907478,1858.9665866682399,0.22723744583636885
2021-03-27 00:00:00+00:00,14542.710914159255,1858.9665866682399,0.22723744583636885
2021-03-28 00:00:00+00:00,14533.732762674263,1858.9665866682399,0.22723744583636885
2021-03-29 00:00:00+00:00,14955.903579046902,1858.9665866682399,0.22723744583636885
2021-03-30 00:00:00+00:00,15208.38710511569,1858.9665866682399,0.22723744583636885
2021-03-31 00:00:00+00:00,15207.019135691757,1858.9665866682399,0.22723744583636885
2021-04-01 00:00:00+00:00,15202.449390655987,1858.9665866682399,0.22723744583636885
2021-04-02 00:00:00+00:00,15254.616291096641,1858.9665866682399,0.22723744583636885
2021-04-03 00:00:00+00:00,14823.303712278004,1858.9665866682399,0.22723744583636885
2021-04-04 00:00:00+00:00,15084.64268161104,1858.9665866682399,0.22723744583636885
2021-04-05 00:00:00+00:00,15295.51448659827,1858.9665866682399,0.22723744583636885
2021-04-06 00:00:00+00:00,15036.727393781981,1858.9665866682399,0.22723744583636885
2021-04-07 00:00:00+00:00,14573.68565040121,1858.9665866682399,0.22723744583636885
2021-04-08 00:00:00+00:00,15056.353891978866,1858.9665866682399,0.22723744583636885
2021-04-09 00:00:00+00:00,15071.12887070715,1858.9665866682399,0.22723744583636885
2021-04-10 00:00:00+00:00,15440.751027730126,1858.9665866682399,0.22723744583636885
2021-04-11 00:00:00+00:00,15493.765523843755,1858.9665866682399,0.22723744583636885
2021-04-12 00:00:00+00:00,15461.40009443328,1858.9665866682399,0.22723744583636885
2021-04-13 00:00:00+00:00,16305.58720571539,1858.9665866682399,0.22723744583636885
2021-04-14 00:00:00+00:00,16165.729374926479,1858.9665866682399,0.22723744583636885
2021-04-15 00:00:00+00:00,16211.279120944379,1858.9665866682399,0.22723744583636885
2021-04-16 00:00:00+00:00,15796.529879552756,1858.9665866682399,0.22723744583636885
2021-04-17 00:00:00+00:00,15494.726738239642,1858.9665866682399,0.22723744583636885
2021-04-18 00:00:00+00:00,14618.35144275481,1858.9665866682399,0.22723744583636885
2021-04-19 00:00:00+00:00,14500.899224125365,1858.9665866682399,0.22723744583636885
2021-04-20 00:00:00+00:00,14603.977219612505,6736.867566545056,0.13942595752002568
2021-04-21 00:00:00+00:00,14236.259382027914,6736.867566545056,0.13942595752002568
2021-04-22 00:00:00+00:00,13943.929159674404,6736.867566545056,0.13942595752002568
2021-04-23 00:00:00+00:00,13865.039164390422,6736.867566545056,0.13942595752002568
2021-04-24 00:00:00+00:00,13714.835580354098,6736.867566545056,0.13942595752002568
2021-04-25 00:00:00+00:00,13578.048956209926,6736.867566545056,0.13942595752002568
2021-04-26 00:00:00+00:00,14266.063074707396,6736.867566545056,0.13942595752002568
2021-04-27 00:00:00+00:00,14406.964158857983,6736.867566545056,0.13942595752002568
2021-04-28 00:00:00+00:00,14383.85430639904,6736.867566545056,0.13942595752002568
2021-04-29 00:00:00+00:00,14203.824721530033,6736.867566545056,0.13942595752002568
2021-04-30 00:00:00+00:00,14780.946404713948,6736.867566545056,0.13942595752002568
2021-05-01 00:00:00+00:00,14795.739498806823,6736.867566545056,0.13942595752002568
2021-05-02 00:00:00+00:00,14625.33867056415,6736.867566545056,0.13942595752002568
2021-05-03 00:00:00+00:00,14707.764508130836,6736.867566545056,0.13942595752002568
2021-05-04 00:00:00+00:00,14154.329900869998,6736.867566545056,0.13942595752002568
2021-05-05 00:00:00+00:00,14744.95219952058,6736.867566545056,0.13942595752002568
2021-05-06 00:00:00+00:00,14599.61039862298,6736.867566545056,0.13942595752002568
2021-05-07 00:00:00+00:00,14728.031465315948,6736.867566545056,0.13942595752002568
2021-05-08 00:00:00+00:00,14943.765249386684,6736.867566545056,0.13942595752002568
2021-05-09 00:00:00+00:00,14857.152450315669,6736.867566545056,0.13942595752002568
2021-05-10 00:00:00+00:00,14519.086331116861,6736.867566545056,0.13942595752002568
2021-05-11 00:00:00+00:00,14638.139367724061,6736.867566545056,0.13942595752002568
2021-05-12 00:00:00+00:00,13656.761880527858,6736.867566545056,0.13942595752002568
2021-05-13 00:00:00+00:00,13662.290119743528,6736.867566545056,0.13942595752002568
2021-05-14 00:00:00+00:00,13686.05945698154,6736.867566545056,0.13942595752002568
2021-05-15 00:00:00+00:00,13256.842223794441,6736.867566545056,0.13942595752002568
2021-05-16 00:00:00+00:00,13247.062261808567,13247.062261808567,0.0
2021-05-17 00:00:00+00:00,13247.062261808567,13247.062261808567,0.0
2021-05-18 00:00:00+00:00,13247.062261808567,13247.062261808567,0.0
2021-05-19 00:00:00+00:00,13247.062261808567,13247.062261808567,0.0
2021-05-20 00:00:00+00:00,13247.062261808567,13247.062261808567,0.0
2021-05-21 00:00:00+00:00,13247.062261808567,13247.062261808567,0.0
2021-05-22 00:00:00+00:00,13247.062261808567,13247.062261808567,0.0
2021-05-23 00:00:00+00:00,13247.062261808567,13247.062261808567,0.0
2021-05-24 00:00:00+00:00,13247.062261808567,13247.062261808567,0.0
2021-05-25 00:00:00+00:00,13247.062261808567,13247.062261808567,0.0
2021-05-26 00:00:00+00:00,13247.062261808567,13247.062261808567,0.0
2021-05-27 00:00:00+00:00,13247.062261808567,13247.062261808567,0.0
2021-05-28 00:00:00+00:00,13247.062261808567,13247.062261808567,0.0
2021-05-29 00:00:00+00:00,13247.062261808567,13247.062261808567,0.0
2021-05-30 00:00:00+00:00,13247.062261808567,13247.062261808567,0.0
2021-05-31 00:00:00+00:00,13247.062261808567,13247.062261808567,0.0
2021-06-01 00:00:00+00:00,13247.062261808567,13247.062261808567,0.0
2021-06-02 00:00:00+00:00,13247.062261808567,13247.062261808567,0.0
2021-06-03 00:00:00+00:00,13247.062261808567,13247.062261808567,0.0
2021-06-04 00:00:00+00:00,13247.062261808567,13247.062261808567,0.0
2021-06-05 00:00:00+00:00,13247.062261808567,13247.062261808567,0.0
2021-06-06 00:00:00+00:00,13247.062261808567,13247.062261808567,0.0
2021-06-07 00:00:00+00:00,13247.062261808567,13247.062261808567,0.0
2021-06-08 00:00:00+00:00,13247.062261808567,13247.062261808567,0.0
2021-06-09 00:00:00+00:00,13247.062261808567,13247.062261808567,0.0
2021-06-10 00:00:00+00:00,13247.062261808567,13247.062261808567,0.0
2021-06-11 00:00:00+00:00,13247.062261808567,13247.062261808567,0.0
2021-06-12 00:00:00+00:00,13247.062261808567,13247.062261808567,0.0
2021-06-13 00:00:00+00:00,13247.062261808567,13247.062261808567,0.0
2021-06-14 00:00:00+00:00,13273.161348410762,12537.398212068823,0.018159686791212586
2021-06-15 00:00:00+00:00,13266.401405002733,12537.398212068823,0.018159686791212586
2021-06-16 00:00:00+00:00,13233.804222421903,12537.398212068823,0.018159686791212586
2021-06-17 00:00:00+00:00,13229.154616215881,12537.398212068823,0.018159686791212586
2021-06-18 00:00:00+00:00,13187.875287380171,12537.398212068823,0.018159686791212586
2021-06-19 00:00:00+00:00,13181.771453455909,12537.398212068823,0.018159686791212586
2021-06-20 00:00:00+00:00,13183.885967385879,12537.398212068823,0.018159686791212586
2021-06-21 00:00:00+00:00,13111.406480674186,12537.398212068823,0.018159686791212586
2021-06-22 00:00:00+00:00,13110.639575672563,13110.639575672563,0.0
2021-06-23 00:00:00+00:00,13110.639575672563,13110.639575672563,0.0
2021-06-24 00:00:00+00:00,13110.639575672563,13110.639575672563,0.0
2021-06-25 00:00:00+00:00,13110.639575672563,13110.639575672563,0.0
2021-06-26 00:00:00+00:00,13110.639575672563,13110.639575672563,0.0
2021-06-27 00:00:00+00:00,13110.639575672563,13110.639575672563,0.0
2021-06-28 00:00:00+00:00,13110.639575672563,13110.639575672563,0.0
2021-06-29 00:00:00+00:00,13110.639575672563,13110.639575672563,0.0
2021-06-30 00:00:00+00:00,13110.639575672563,13110.639575672563,0.0
2021-07-01 00:00:00+00:00,13110.639575672563,13110.639575672563,0.0
2021-07-02 00:00:00+00:00,13110.639575672563,13110.639575672563,0.0
2021-07-03 00:00:00+00:00,13110.639575672563,13110.639575672563,0.0
2021-07-04 00:00:00+00:00,13110.639575672563,13110.639575672563,0.0
2021-07-05 00:00:00+00:00,13110.639575672563,13110.639575672563,0.0
2021-07-06 00:00:00+00:00,13110.639575672563,13110.639575672563,0.0
2021-07-07 00:00:00+00:00,13110.639575672563,13110.639575672563,0.0
2021-07-08 00:00:00+00:00,13110.639575672563,13110.639575672563,0.0
2021-07-09 00:00:00+00:00,13110.639575672563,13110.639575672563,0.0
2021-07-10 00:00:00+00:00,13110.639575672563,13110.639575672563,0.0
2021-07-11 00:00:00+00:00,13110.639575672563,13110.639575672563,0.0
2021-07-12 00:00:00+00:00,13110.639575672563,13110.639575672563,0.0
2021-07-13 00:00:00+00:00,13110.639575672563,13110.639575672563,0.0
2021-07-14 00:00:00+00:00,13110.639575672563,13110.639575672563,0.0
2021-07-15 00:00:00+00:00,13110.639575672563,13110.639575672563,0.0
2021-07-16 00:00:00+00:00,13110.639575672563,13110.639575672563,0.0
2021-07-17 00:00:00+00:00,13110.639575672563,13110.639575672563,0.0
2021-07-18 00:00:00+00:00,13110.639575672563,13110.639575672563,0.0
2021-07-19 00:00:00+00:00,13110.639575672563,13110.639575672563,0.0
2021-07-20 00:00:00+00:00,13110.639575672563,13110.639575672563,0.0
2021-07-21 00:00:00+00:00,13110.639575672563,13110.639575672563,0.0
2021-07-22 00:00:00+00:00,13110.639575672563,13110.639575672563,0.0
2021-07-23 00:00:00+00:00,13110.639575672563,13110.639575672563,0.0
2021-07-24 00:00:00+00:00,13110.639575672563,13110.639575672563,0.0
2021-07-25 00:00:00+00:00,13132.503029968359,12408.283884118677,0.02046914266037785
2021-07-26 00:00:00+00:00,13170.505630848762,12408.283884118677,0.02046914266037785
2021-07-27 00:00:00+00:00,13416.972233247117,8938.324076940193,0.11350455957979798
2021-07-28 00:00:00+00:00,13480.726609317491,8938.324076940193,0.11350455957979798
2021-07-29 00:00:00+00:00,13480.377015273987,8938.324076940193,0.11350455957979798
2021-07-30 00:00:00+00:00,13728.93951525219,8938.324076940193,0.11350455957979798
2021-07-31 00:00:00+00:00,13644.430830462648,8938.324076940193,0.11350455957979798
2021-08-01 00:00:00+00:00,13460.96319540346,8938.324076940193,0.11350455957979798
2021-08-02 00:00:00+00:00,13381.7801445494,8938.324076940193,0.11350455957979798
2021-08-03 00:00:00+00:00,13274.998460033514,8938.324076940193,0.11350455957979798
2021-08-04 00:00:00+00:00,13447.086127949231,8938.324076940193,0.11350455957979798
2021-08-05 00:00:00+00:00,13576.399602587306,8938.324076940193,0.11350455957979798
2021-08-06 00:00:00+00:00,13800.504140067253,8938.324076940193,0.11350455957979798
2021-08-07 00:00:00+00:00,13997.510598993122,8938.324076940193,0.11350455957979798
2021-08-08 00:00:00+00:00,13909.18475586491,8938.324076940193,0.11350455957979798
2021-08-09 00:00:00+00:00,14188.295873008421,8938.324076940193,0.11350455957979798
2021-08-10 00:00:00+00:00,14112.428290339689,8938.324076940193,0.11350455957979798
2021-08-11 00:00:00+00:00,14104.030087976378,8938.324076940193,0.11350455957979798
2021-08-12 00:00:00+00:00,13977.813017723643,8938.324076940193,0.11350455957979798
2021-08-13 00:00:00+00:00,14363.842024854537,8938.324076940193,0.11350455957979798
2021-08-14 00:00:00+00:00,14008.917099663373,-7175.354505503179,0.45007312968195834
2021-08-15 00:00:00+00:00,13964.726994574226,-7176.927185942742,0.45007312968195834
2021-08-16 00:00:00+00:00,13480.43703565979,-7178.500211079387,0.45007312968195834
2021-08-17 00:00:00+00:00,12936.372519619661,-7180.073580988665,0.45007312968195834
2021-08-18 00:00:00+00:00,12939.002487893416,-7181.647295746142,0.45007312968195834
2021-08-19 00:00:00+00:00,13862.477233841375,-7183.221355427401,0.45007312968195834
2021-08-20 00:00:00+00:00,15013.922676436458,-7184.7957601080425,0.45007312968195834
2021-08-21 00:00:00+00:00,14787.04131796203,-7186.370509863683,0.45007312968195834
2021-08-22 00:00:00+00:00,14973.304243728526,-7187.945604769954,0.45007312968195834
2021-08-23 00:00:00+00:00,15084.080558958478,-7189.521044902506,0.45007312968195834
2021-08-24 00:00:00+00:00,14265.694054851974,-7191.0968303370055,0.45007312968195834
2021-08-25 00:00:00+00:00,14848.902442166911,-7192.672961149134,0.45007312968195834
2021-08-26 00:00:00+00:00,13888.917739900207,-7194.249437414591,0.45007312968195834
2021-08-27 00:00:00+00:00,14889.217206971634,-7195.826259209092,0.45007312968195834
2021-08-28 00:00:00+00:00,14809.07977478637,-7197.403426608371,0.45007312968195834
2021-08-29 00:00:00+00:00,14750.108936209523,-7198.980939688176,0.45007312968195834
2021-08-30 00:00:00+00:00,14200.22807308003,11.260422649557768,0.30200274207005207
2021-08-31 00:00:00+00:00,14235.858356589451,11.260422649557768,0.30200274207005207
2021-09-01 00:00:00+00:00,14997.578750784627,-7098.147698880146,0.4526836929757105
2021-09-02 00:00:00+00:00,15193.44740456544,-7099.7034572799,0.4526836929757105
2021-09-03 00:00:00+00:00,15532.535784141766,-7101.259556667797,0.4526836929757105
2021-09-04 00:00:00+00:00,15493.18025532752,-7102.815997118574,0.4526836929757105
2021-09-05 00:00:00+00:00,16325.122796593707,-7104.372778706984,0.4526836929757105
2021-09-06 00:00:00+00:00,16734.158836995724,-7105.929901507796,0.4526836929757105
2021-09-07 00:00:00+00:00,14106.9589974208,-7107.487365595797,0.4526836929757105
2021-09-08 00:00:00+00:00,13932.408104035228,5034.326930927723,0.19323360994372007
2021-09-09 00:00:00+00:00,13999.427316972007,5034.326930927723,0.19323360994372007
2021-09-10 00:00:00+00:00,13701.030179488618,5034.326930927723,0.19323360994372007
2021-09-11 00:00:00+00:00,13763.402124106251,5034.326930927723,0.19323360994372007
2021-09-12 00:00:00+00:00,13927.950204653825,5034.326930927723,0.19323360994372007
2021-09-13 00:00:00+00:00,13718.386422333762,5034.326930927723,0.19323360994372007
2021-09-14 00:00:00+00:00,14137.856010463489,5034.326930927723,0.19323360994372007
2021-09-15 00:00:00+00:00,14333.000700809553,5034.326930927723,0.19323360994372007
2021-09-16 00:00:00+00:00,14258.878220371244,5034.326930927723,0.19323360994372007
2021-09-17 00:00:00+00:00,14174.272816593486,5034.326930927723,0.19323360994372007
2021-09-18 00:00:00+00:00,14366.107415201212,5034.326930927723,0.19323360994372007
2021-09-19 00:00:00+00:00,14163.020823486462,5034.326930927723,0.19323360994372007
2021-09-20 00:00:00+00:00,13346.390467495006,5034.326930927723,0.19323360994372007
2021-09-21 00:00:00+00:00,13245.783337631186,11623.269604040248,0.03983155588942164
2021-09-22 00:00:00+00:00,13357.679339382426,11623.269604040248,0.03983155588942164
2021-09-23 00:00:00+00:00,13410.322715223681,11623.269604040248,0.03983155588942164
2021-09-24 00:00:00+00:00,13328.481215653246,11623.269604040248,0.03983155588942164
2021-09-25 00:00:00+00:00,13322.907586037638,11623.269604040248,0.03983155588942164
2021-09-26 00:00:00+00:00,13342.435404627986,11623.269604040248,0.03983155588942164
2021-09-27 00:00:00+00:00,13302.064131156263,11623.269604040248,0.03983155588942164
2021-09-28 00:00:00+00:00,13257.420524999841,11623.269604040248,0.03983155588942164
2021-09-29 00:00:00+00:00,13277.246283628241,11623.269604040248,0.03983155588942164
2021-09-30 00:00:00+00:00,13368.85169249385,11623.269604040248,0.03983155588942164
2021-10-01 00:00:00+00:00,13540.824833361989,11623.269604040248,0.03983155588942164
2021-10-02 00:00:00+00:00,13404.34026726557,1937.27982296743,0.24072813093547252
2021-10-03 00:00:00+00:00,13540.378141338515,1937.27982296743,0.24072813093547252
2021-10-04 00:00:00+00:00,13787.10762457821,1937.27982296743,0.24072813093547252
2021-10-05 00:00:00+00:00,14328.03577119676,1937.27982296743,0.24072813093547252
2021-10-06 00:00:00+00:00,15253.156385663093,1937.27982296743,0.24072813093547252
2021-10-07 00:00:00+00:00,14605.385389201752,-7608.2715789470585,0.41300671389182403
2021-10-08 00:00:00+00:00,14672.363668744247,-7609.939145320526,0.41300671389182403
2021-10-09 00:00:00+00:00,15082.996209287849,-7611.607077187994,0.41300671389182403
2021-10-10 00:00:00+00:00,14961.25859998364,-7613.275374629569,0.41300671389182403
2021-10-11 00:00:00+00:00,16121.109368701502,-7614.944037725379,0.41300671389182403
2021-10-12 00:00:00+00:00,15510.494980774933,-7616.613066555565,0.41300671389182403
2021-10-13 00:00:00+00:00,16074.673694631978,-7618.28246120029,0.41300671389182403
2021-10-14 00:00:00+00:00,16065.13202612576,-7619.952221739731,0.41300671389182403
2021-10-15 00:00:00+00:00,17849.50117370232,-7621.6223482540845,0.41300671389182403
2021-10-16 00:00:00+00:00,17518.726281168143,-7623.292840823565,0.41300671389182403
2021-10-17 00:00:00+00:00,17786.64968502333,-7624.963699528403,0.41300671389182403
2021-10-18 00:00:00+00:00,17983.845322908935,-7626.634924448847,0.41300671389182403
2021-10-19 00:00:00+00:00,18920.008727262477,-7628.306515665165,0.41300671389182403
2021-10-20 00:00:00+00:00,19629.046983069333,-7629.978473257639,0.41300671389182403
2021-10-21 00:00:00+00:00,18054.537710774726,-7631.650797306572,0.41300671389182403
2021-10-22 00:00:00+00:00,17431.318826251787,-7633.323487892283,0.41300671389182403
2021-10-23 00:00:00+00:00,17676.842677514636,-7634.996545095109,0.41300671389182403
2021-10-24 00:00:00+00:00,17495.70544622693,-7636.669968995403,0.41300671389182403
2021-10-25 00:00:00+00:00,18413.615884431772,-7638.343759673539,0.41300671389182403
2021-10-26 00:00:00+00:00,17276.185653894307,-7640.017917209906,0.41300671389182403
2021-10-27 00:00:00+00:00,16483.45045983232,-7641.692441684911,0.41300671389182403
2021-10-28 00:00:00+00:00,17374.881936793623,-7643.367333178979,0.41300671389182403
2021-10-29 00:00:00+00:00,18066.157602902033,-7645.042591772552,0.41300671389182403
2021-10-30 00:00:00+00:00,17901.542568363893,-7646.718217546091,0.41300671389182403
2021-10-31 00:00:00+00:00,17668.83474964596,-7648.394210580074,0.41300671389182403
2021-11-01 00:00:00+00:00,17506.626809648427,-7650.070570954996,0.41300671389182403
2021-11-02 00:00:00+00:00,18458.533023422606,-7651.747298751369,0.41300671389182403
2021-11-03 00:00:00+00:00,18323.24412611311,-7653.424394049725,0.41300671389182403
2021-11-04 00:00:00+00:00,17701.449472525062,-7655.101856930613,0.41300671389182403
2021-11-05 00:00:00+00:00,17544.461779853973,-2191.5433314668276,0.3238749240417138
2021-11-06 00:00:00+00:00,17716.765474816555,-2192.0236697312585,0.3238749240417138
2021-11-07 00:00:00+00:00,18300.22504182123,-2192.504113275309,0.3238749240417138
2021-11-08 00:00:00+00:00,20129.862783612596,-9121.370579086164,0.43318583959203105
2021-11-09 00:00:00+00:00,19877.408522225185,-9123.369783596649,0.43318583959203105
2021-11-10 00:00:00+00:00,19178.05982288971,-2461.731430359478,0.3335231318131764
2021-11-11 00:00:00+00:00,19143.198129235745,4805.140438137656,0.22135424922026262
2021-11-12 00:00:00+00:00,18830.99088706541,-9552.184045232947,0.44264173177224747
2021-11-13 00:00:00+00:00,18892.20560709117,13.833591102829814,0.29323348890941814
2021-11-14 00:00:00+00:00,19226.227874307886,13.833591102829814,0.29323348890941814
2021-11-15 00:00:00+00:00,18665.459879457074,13.833591102829814,0.29323348890941814
2021-11-16 00:00:00+00:00,17625.105581160016,13.833591102829814,0.29323348890941814
2021-11-17 00:00:00+00:00,17677.4051068691,5047.03905988895,0.20930306166837628
2021-11-18 00:00:00+00:00,16954.62930916278,5047.03905988895,0.20930306166837628
2021-11-19 00:00:00+00:00,17197.550628596327,5047.03905988895,0.20930306166837628
2021-11-20 00:00:00+00:00,17544.003707484146,5047.03905988895,0.20930306166837628
2021-11-21 00:00:00+00:00,17316.807327073737,5047.03905988895,0.20930306166837628
2021-11-22 00:00:00+00:00,16819.74604410121,5047.03905988895,0.20930306166837628
2021-11-23 00:00:00+00:00,17090.603043175637,5047.03905988895,0.20930306166837628
2021-11-24 00:00:00+00:00,17006.258095384517,5047.03905988895,0.20930306166837628
2021-11-25 00:00:00+00:00,17387.622924958618,5047.03905988895,0.20930306166837628
2021-11-26 00:00:00+00:00,16292.166281706817,5047.03905988895,0.20930306166837628
2021-11-27 00:00:00+00:00,16414.588241856898,9313.521356634035,0.12976851651408725
2021-11-28 00:00:00+00:00,16745.9975677564,9313.521356634035,0.12976851651408725
2021-11-29 00:00:00+00:00,16811.05960888107,9313.521356634035,0.12976851651408725
2021-11-30 00:00:00+00:00,16703.91104248055,9313.521356634035,0.12976851651408725
2021-12-01 00:00:00+00:00,16734.213288771756,9313.521356634035,0.12976851651408725
2021-12-02 00:00:00+00:00,16642.891290645297,9313.521356634035,0.12976851651408725
2021-12-03 00:00:00+00:00,16269.250098731452,9313.521356634035,0.12976851651408725
2021-12-04 00:00:00+00:00,15691.964471537212,9313.521356634035,0.12976851651408725
2021-12-05 00:00:00+00:00,15723.60982197434,9313.521356634035,0.12976851651408725
2021-12-06 00:00:00+00:00,15859.294485156302,9313.521356634035,0.12976851651408725
2021-12-07 00:00:00+00:00,15878.37435013937,9313.521356634035,0.12976851651408725
2021-12-08 00:00:00+00:00,15863.09280963467,9313.521356634035,0.12976851651408725
2021-12-09 00:00:00+00:00,15483.442037721055,9313.521356634035,0.12976851651408725
2021-12-10 00:00:00+00:00,15463.898564442443,14149.862363742419,0.027874865258226245
2021-12-11 00:00:00+00:00,15526.601680097561,14149.862363742419,0.027874865258226245
2021-12-12 00:00:00+00:00,15545.10808189115,14149.862363742419,0.027874865258226245
2021-12-13 00:00:00+00:00,15451.695227181044,14149.862363742419,0.027874865258226245
2021-12-14 00:00:00+00:00,15497.424779883122,14149.862363742419,0.027874865258226245
2021-12-15 00:00:00+00:00,15511.96709708834,14149.862363742419,0.027874865258226245
2021-12-16 00:00:00+00:00,15477.608538171049,14149.862363742419,0.027874865258226245
2021-12-17 00:00:00+00:00,15435.763347942706,14149.862363742419,0.027874865258226245
2021-12-18 00:00:00+00:00,15455.367183181512,14149.862363742419,0.027874865258226245
2021-12-19 00:00:00+00:00,15451.095360080688,14149.862363742419,0.027874865258226245
2021-12-20 00:00:00+00:00,15457.588252445286,14149.862363742419,0.027874865258226245
2021-12-21 00:00:00+00:00,15512.661181233269,14149.862363742419,0.027874865258226245
2021-12-22 00:00:00+00:00,15504.250776887557,14149.862363742419,0.027874865258226245
2021-12-23 00:00:00+00:00,15566.987342380984,14149.862363742419,0.027874865258226245
2021-12-24 00:00:00+00:00,15566.463016165477,14149.862363742419,0.027874865258226245
2021-12-25 00:00:00+00:00,15554.746095302835,14149.862363742419,0.027874865258226245
2021-12-26 00:00:00+00:00,15596.504124367915,8890.533825473456,0.13207101101130603
2021-12-27 00:00:00+00:00,15586.72426600253,8890.533825473456,0.13207101101130603
2021-12-28 00:00:00+00:00,15169.683634532126,8890.533825473456,0.13207101101130603
2021-12-29 00:00:00+00:00,15027.168447970047,8890.533825473456,0.13207101101130603
2021-12-30 00:00:00+00:00,15113.834766105776,8890.533825473456,0.13207101101130603
2021-12-31 00:00:00+00:00,14994.450496412217,8890.533825473456,0.13207101101130603
2022-01-01 00:00:00+00:00,14985.294621405808,14985.294621405808,0.0
2022-01-02 00:00:00+00:00,14985.294621405808,14985.294621405808,0.0
2022-01-03 00:00:00+00:00,14985.294621405808,14985.294621405808,0.0
2022-01-04 00:00:00+00:00,14985.294621405808,14985.294621405808,0.0
2022-01-05 00:00:00+00:00,14985.294621405808,14985.294621405808,0.0
2022-01-06 00:00:00+00:00,14985.294621405808,14985.294621405808,0.0
2022-01-07 00:00:00+00:00,14985.294621405808,14985.294621405808,0.0
2022-01-08 00:00:00+00:00,14985.294621405808,14985.294621405808,0.0
2022-01-09 00:00:00+00:00,14985.294621405808,14985.294621405808,0.0
2022-01-10 00:00:00+00:00,14985.294621405808,14985.294621405808,0.0
2022-01-11 00:00:00+00:00,14985.294621405808,14985.294621405808,0.0
2022-01-12 00:00:00+00:00,14985.294621405808,14985.294621405808,0.0
2022-01-13 00:00:00+00:00,14985.294621405808,14985.294621405808,0.0
2022-01-14 00:00:00+00:00,14985.294621405808,14985.294621405808,0.0
2022-01-15 00:00:00+00:00,14985.294621405808,14985.294621405808,0.0
2022-01-16 00:00:00+00:00,14985.294621405808,14985.294621405808,0.0
2022-01-17 00:00:00+00:00,14985.294621405808,14985.294621405808,0.0
2022-01-18 00:00:00+00:00,14985.294621405808,14985.294621405808,0.0
2022-01-19 00:00:00+00:00,14985.294621405808,14985.294621405808,0.0
2022-01-20 00:00:00+00:00,14985.294621405808,14985.294621405808,0.0
2022-01-21 00:00:00+00:00,14985.294621405808,14985.294621405808,0.0
2022-01-22 00:00:00+00:00,14985.294621405808,14985.294621405808,0.0
2022-01-23 00:00:00+00:00,14985.294621405808,14985.294621405808,0.0
2022-01-24 00:00:00+00:00,14985.294621405808,14985.294621405808,0.0
2022-01-25 00:00:00+00:00,14985.294621405808,14985.294621405808,0.0
2022-01-26 00:00:00+00:00,14985.294621405808,14985.294621405808,0.0
2022-01-27 00:00:00+00:00,14985.294621405808,14985.294621405808,0.0
2022-01-28 00:00:00+00:00,14985.294621405808,14985.294621405808,0.0
2022-01-29 00:00:00+00:00,14985.294621405808,14985.294621405808,0.0
2022-01-30 00:00:00+00:00,14985.294621405808,14985.294621405808,0.0
2022-01-31 00:00:00+00:00,14985.294621405808,14985.294621405808,0.0
2022-02-01 00:00:00+00:00,14985.294621405808,14985.294621405808,0.0
2022-02-02 00:00:00+00:00,14985.294621405808,14985.294621405808,0.0
2022-02-03 00:00:00+00:00,14985.294621405808,14985.294621405808,0.0
2022-02-04 00:00:00+00:00,14985.294621405808,14985.294621405808,0.0
2022-02-05 00:00:00+00:00,14977.536586868928,13700.840796713883,0.030851036393687414
2022-02-06 00:00:00+00:00,15008.334559480018,13700.840796713883,0.030851036393687414
2022-02-07 00:00:00+00:00,15053.349923702775,13700.840796713883,0.030851036393687414
2022-02-08 00:00:00+00:00,15059.612684090695,13700.840796713883,0.030851036393687414
2022-02-09 00:00:00+00:00,15069.785196320785,13700.840796713883,0.030851036393687414
2022-02-10 00:00:00+00:00,15042.72019911333,13700.840796713883,0.030851036393687414
2022-02-11 00:00:00+00:00,15008.114283080167,13700.840796713883,0.030851036393687414
2022-02-12 00:00:00+00:00,15003.305840547848,13700.840796713883,0.030851036393687414
2022-02-13 00:00:00+00:00,14998.239791861639,13700.840796713883,0.030851036393687414
2022-02-14 00:00:00+00:00,15013.118629693587,13700.840796713883,0.030851036393687414
2022-02-15 00:00:00+00:00,15075.095893725593,13700.840796713883,0.030851036393687414
2022-02-16 00:00:00+00:00,15054.385592994511,13700.840796713883,0.030851036393687414
2022-02-17 00:00:00+00:00,14950.792131929604,13700.840796713883,0.030851036393687414
2022-02-18 00:00:00+00:00,14934.093699971158,13700.840796713883,0.030851036393687414
2022-02-19 00:00:00+00:00,14937.324729012667,13700.840796713883,0.030851036393687414
2022-02-20 00:00:00+00:00,14885.116137144358,13700.840796713883,0.030851036393687414
2022-02-21 00:00:00+00:00,14883.339724133712,14883.339724133712,0.0
2022-02-22 00:00:00+00:00,14883.339724133712,14883.339724133712,0.0
2022-02-23 00:00:00+00:00,14883.339724133712,14883.339724133712,0.0
2022-02-24 00:00:00+00:00,14883.339724133712,14883.339724133712,0.0
2022-02-25 00:00:00+00:00,14883.339724133712,14883.339724133712,0.0
2022-02-26 00:00:00+00:00,14883.339724133712,14883.339724133712,0.0
2022-02-27 00:00:00+00:00,14883.339724133712,14883.339724133712,0.0
2022-02-28 00:00:00+00:00,14883.339724133712,14883.339724133712,0.0
2022-03-01 00:00:00+00:00,14936.307368462607,12969.767473887949,0.044270300995350405
2022-03-02 00:00:00+00:00,14912.922910070843,12969.767473887949,0.044270300995350405
2022-03-03 00:00:00+00:00,14849.218832344555,12969.767473887949,0.044270300995350405
2022-03-04 00:00:00+00:00,14702.890435652584,12969.767473887949,0.044270300995350405
2022-03-05 00:00:00+00:00,14713.927021690724,12969.767473887949,0.044270300995350405
2022-03-06 00:00:00+00:00,14670.668297073118,12969.767473887949,0.044270300995350405
2022-03-07 00:00:00+00:00,14668.116503799385,14668.116503799385,0.0
2022-03-08 00:00:00+00:00,14668.116503799385,14668.116503799385,0.0
2022-03-09 00:00:00+00:00,14668.116503799385,14668.116503799385,0.0
2022-03-10 00:00:00+00:00,14590.814663152076,13410.849374902295,0.02993164446881894
2022-03-11 00:00:00+00:00,14570.08909457253,13410.849374902295,0.02993164446881894
2022-03-12 00:00:00+00:00,14572.41747719576,13410.849374902295,0.02993164446881894
2022-03-13 00:00:00+00:00,14541.587284759988,13410.849374902295,0.02993164446881894
2022-03-14 00:00:00+00:00,14539.89147676267,14539.89147676267,0.0
2022-03-15 00:00:00+00:00,14539.89147676267,14539.89147676267,0.0
2022-03-16 00:00:00+00:00,14539.89147676267,14539.89147676267,0.0
2022-03-17 00:00:00+00:00,14539.89147676267,14539.89147676267,0.0
2022-03-18 00:00:00+00:00,14539.89147676267,14539.89147676267,0.0
2022-03-19 00:00:00+00:00,14549.352846556976,13501.327799851051,0.024834051758944015
2022-03-20 00:00:00+00:00,14526.033175274293,13501.327799851051,0.024834051758944015
2022-03-21 00:00:00+00:00,14519.579798584213,13501.327799851051,0.024834051758944015
2022-03-22 00:00:00+00:00,14553.400796993685,13501.327799851051,0.024834051758944015
2022-03-23 00:00:00+00:00,14566.280481257425,13501.327799851051,0.024834051758944015
2022-03-24 00:00:00+00:00,14593.813994442566,13501.327799851051,0.024834051758944015
2022-03-25 00:00:00+00:00,14625.704015944588,9383.376297147823,0.11830182543507989
2022-03-26 00:00:00+00:00,14649.14079058153,9383.376297147823,0.11830182543507989
2022-03-27 00:00:00+00:00,14923.18578618364,9383.376297147823,0.11830182543507989
2022-03-28 00:00:00+00:00,14958.019758682998,9383.376297147823,0.11830182543507989
2022-03-29 00:00:00+00:00,14994.999726295751,9383.376297147823,0.11830182543507989
2022-03-30 00:00:00+00:00,14951.605433707908,9383.376297147823,0.11830182543507989
2022-03-31 00:00:00+00:00,14767.332595318956,9383.376297147823,0.11830182543507989
2022-04-01 00:00:00+00:00,14858.797651654088,9383.376297147823,0.11830182543507989
2022-04-02 00:00:00+00:00,14802.901222154267,9383.376297147823,0.11830182543507989
2022-04-03 00:00:00+00:00,14873.450515752476,9383.376297147823,0.11830182543507989
2022-04-04 00:00:00+00:00,14893.935659844816,9383.376297147823,0.11830182543507989
2022-04-05 00:00:00+00:00,14765.819514971641,9383.376297147823,0.11830182543507989
2022-04-06 00:00:00+00:00,14490.521703038175,9383.376297147823,0.11830182543507989
2022-04-07 00:00:00+00:00,14522.903278696267,9383.376297147823,0.11830182543507989
2022-04-08 00:00:00+00:00,14381.866208449072,9383.376297147823,0.11830182543507989
2022-04-09 00:00:00+00:00,14441.248992744466,9383.376297147823,0.11830182543507989
2022-04-10 00:00:00+00:00,14370.84521039154,9383.376297147823,0.11830182543507989
2022-04-11 00:00:00+00:00,14059.900692417976,9383.376297147823,0.11830182543507989
2022-04-12 00:00:00+00:00,14052.885905825071,14052.885905825071,0.0
2022-04-13 00:00:00+00:00,14052.885905825071,14052.885905825071,0.0
2022-04-14 00:00:00+00:00,14052.885905825071,14052.885905825071,0.0
2022-04-15 00:00:00+00:00,14052.885905825071,14052.885905825071,0.0
2022-04-16 00:00:00+00:00,14052.885905825071,14052.885905825071,0.0
2022-04-17 00:00:00+00:00,14052.885905825071,14052.885905825071,0.0
2022-04-18 00:00:00+00:00,14052.885905825071,14052.885905825071,0.0
2022-04-19 00:00:00+00:00,14052.885905825071,14052.885905825071,0.0
2022-04-20 00:00:00+00:00,14052.885905825071,14052.885905825071,0.0
2022-04-21 00:00:00+00:00,14052.885905825071,14052.885905825071,0.0
2022-04-22 00:00:00+00:00,14052.885905825071,14052.885905825071,0.0
2022-04-23 00:00:00+00:00,14052.885905825071,14052.885905825071,0.0
2022-04-24 00:00:00+00:00,14052.885905825071,14052.885905825071,0.0
2022-04-25 00:00:00+00:00,14052.885905825071,14052.885905825071,0.0
2022-04-26 00:00:00+00:00,14052.885905825071,14052.885905825071,0.0
2022-04-27 00:00:00+00:00,14052.885905825071,14052.885905825071,0.0
2022-04-28 00:00:00+00:00,14052.885905825071,14052.885905825071,0.0
2022-04-29 00:00:00+00:00,14052.885905825071,14052.885905825071,0.0
2022-04-30 00:00:00+00:00,14052.885905825071,14052.885905825071,0.0
2022-05-01 00:00:00+00:00,14052.885905825071,14052.885905825071,0.0
2022-05-02 00:00:00+00:00,14052.885905825071,14052.885905825071,0.0
2022-05-03 00:00:00+00:00,14052.885905825071,14052.885905825071,0.0
2022-05-04 00:00:00+00:00,14052.885905825071,14052.885905825071,0.0
2022-05-05 00:00:00+00:00,14052.885905825071,14052.885905825071,0.0
2022-05-06 00:00:00+00:00,14052.885905825071,14052.885905825071,0.0
2022-05-07 00:00:00+00:00,14052.885905825071,14052.885905825071,0.0
2022-05-08 00:00:00+00:00,14052.885905825071,14052.885905825071,0.0
2022-05-09 00:00:00+00:00,14052.885905825071,14052.885905825071,0.0
2022-05-10 00:00:00+00:00,14052.885905825071,14052.885905825071,0.0
2022-05-11 00:00:00+00:00,14052.885905825071,14052.885905825071,0.0
2022-05-12 00:00:00+00:00,14052.885905825071,14052.885905825071,0.0
2022-05-13 00:00:00+00:00,14052.885905825071,14052.885905825071,0.0
2022-05-14 00:00:00+00:00,14052.885905825071,14052.885905825071,0.0
2022-05-15 00:00:00+00:00,14052.885905825071,14052.885905825071,0.0
2022-05-16 00:00:00+00:00,14052.885905825071,14052.885905825071,0.0
2022-05-17 00:00:00+00:00,14052.885905825071,14052.885905825071,0.0
2022-05-18 00:00:00+00:00,14052.885905825071,14052.885905825071,0.0
2022-05-19 00:00:00+00:00,14052.885905825071,14052.885905825071,0.0
2022-05-20 00:00:00+00:00,14052.885905825071,14052.885905825071,0.0
2022-05-21 00:00:00+00:00,14052.885905825071,14052.885905825071,0.0
2022-05-22 00:00:00+00:00,14052.885905825071,14052.885905825071,0.0
2022-05-23 00:00:00+00:00,14052.885905825071,14052.885905825071,0.0
2022-05-24 00:00:00+00:00,14052.885905825071,14052.885905825071,0.0
2022-05-25 00:00:00+00:00,14052.885905825071,14052.885905825071,0.0
2022-05-26 00:00:00+00:00,14052.885905825071,14052.885905825071,0.0
2022-05-27 00:00:00+00:00,14052.885905825071,14052.885905825071,0.0
2022-05-28 00:00:00+00:00,14052.885905825071,14052.885905825071,0.0
2022-05-29 00:00:00+00:00,14052.885905825071,14052.885905825071,0.0
2022-05-30 00:00:00+00:00,14052.885905825071,14052.885905825071,0.0
2022-05-31 00:00:00+00:00,14053.34091147109,13300.052732298727,0.023687532834535056
2022-06-01 00:00:00+00:00,14006.079309084298,13300.052732298727,0.023687532834535056
2022-06-02 00:00:00+00:00,14021.400168446346,13300.052732298727,0.023687532834535056
2022-06-03 00:00:00+00:00,14003.577431866313,13300.052732298727,0.023687532834535056
2022-06-04 00:00:00+00:00,14007.458160370596,13300.052732298727,0.023687532834535056
2022-06-05 00:00:00+00:00,14008.765001557076,13300.052732298727,0.023687532834535056
2022-06-06 00:00:00+00:00,14043.204068669878,13300.052732298727,0.023687532834535056
2022-06-07 00:00:00+00:00,14037.335008659466,13300.052732298727,0.023687532834535056
2022-06-08 00:00:00+00:00,14015.529213433307,13300.052732298727,0.023687532834535056
2022-06-09 00:00:00+00:00,14013.282687819279,13300.052732298727,0.023687532834535056
2022-06-10 00:00:00+00:00,13989.167595017081,13300.052732298727,0.023687532834535056
2022-06-11 00:00:00+00:00,13973.363746860536,13300.052732298727,0.023687532834535056
2022-06-12 00:00:00+00:00,13972.354016858708,13972.354016858708,0.0
2022-06-13 00:00:00+00:00,13972.354016858708,13972.354016858708,0.0
2022-06-14 00:00:00+00:00,13972.354016858708,13972.354016858708,0.0
2022-06-15 00:00:00+00:00,13972.354016858708,13972.354016858708,0.0
2022-06-16 00:00:00+00:00,13972.354016858708,13972.354016858708,0.0
2022-06-17 00:00:00+00:00,13972.354016858708,13972.354016858708,0.0
2022-06-18 00:00:00+00:00,13972.354016858708,13972.354016858708,0.0
2022-06-19 00:00:00+00:00,13972.354016858708,13972.354016858708,0.0
2022-06-20 00:00:00+00:00,13972.354016858708,13972.354016858708,0.0
2022-06-21 00:00:00+00:00,13972.354016858708,13972.354016858708,0.0
2022-06-22 00:00:00+00:00,13972.354016858708,13972.354016858708,0.0
2022-06-23 00:00:00+00:00,13972.354016858708,13972.354016858708,0.0
2022-06-24 00:00:00+00:00,13972.354016858708,13972.354016858708,0.0
2022-06-25 00:00:00+00:00,13972.354016858708,13972.354016858708,0.0
2022-06-26 00:00:00+00:00,13972.354016858708,13972.354016858708,0.0
2022-06-27 00:00:00+00:00,13972.354016858708,13972.354016858708,0.0
2022-06-28 00:00:00+00:00,13972.354016858708,13972.354016858708,0.0
2022-06-29 00:00:00+00:00,13972.354016858708,13972.354016858708,0.0
2022-06-30 00:00:00+00:00,13972.354016858708,13972.354016858708,0.0
2022-07-01 00:00:00+00:00,13972.354016858708,13972.354016858708,0.0
2022-07-02 00:00:00+00:00,13972.354016858708,13972.354016858708,0.0
2022-07-03 00:00:00+00:00,13972.354016858708,13972.354016858708,0.0
2022-07-04 00:00:00+00:00,13972.354016858708,13972.354016858708,0.0
2022-07-05 00:00:00+00:00,13972.354016858708,13972.354016858708,0.0
2022-07-06 00:00:00+00:00,13972.354016858708,13972.354016858708,0.0
2022-07-07 00:00:00+00:00,13972.354016858708,13972.354016858708,0.0
2022-07-08 00:00:00+00:00,13970.621021146439,13373.53884470762,0.027649413697255987
2022-07-09 00:00:00+00:00,13970.540284858444,13373.53884470762,0.027649413697255987
2022-07-10 00:00:00+00:00,13950.373908484213,13373.53884470762,0.027649413697255987
2022-07-11 00:00:00+00:00,13925.520956488297,13373.53884470762,0.027649413697255987
2022-07-12 00:00:00+00:00,13907.967449708456,13373.53884470762,0.027649413697255987
2022-07-13 00:00:00+00:00,13907.235654888085,13907.235654888085,0.0
2022-07-14 00:00:00+00:00,13907.235654888085,13907.235654888085,0.0
2022-07-15 00:00:00+00:00,13907.235654888085,13907.235654888085,0.0
2022-07-16 00:00:00+00:00,13907.235654888085,13907.235654888085,0.0
2022-07-17 00:00:00+00:00,13887.148907501069,12913.861679538937,0.04679679490695965
2022-07-18 00:00:00+00:00,13963.634525032901,12913.861679538937,0.04679679490695965
2022-07-19 00:00:00+00:00,14008.748507195007,12913.861679538937,0.04679679490695965
2022-07-20 00:00:00+00:00,14000.637686701733,12913.861679538937,0.04679679490695965
2022-07-21 00:00:00+00:00,13997.3099666159,12913.861679538937,0.04679679490695965
2022-07-22 00:00:00+00:00,13975.439016548182,12913.861679538937,0.04679679490695965
2022-07-23 00:00:00+00:00,13964.499797770732,12913.861679538937,0.04679679490695965
2022-07-24 00:00:00+00:00,13970.518333563716,12913.861679538937,0.04679679490695965
2022-07-25 00:00:00+00:00,13911.143496121664,12913.861679538937,0.04679679490695965
2022-07-26 00:00:00+00:00,13908.512112344046,12913.861679538937,0.04679679490695965
2022-07-27 00:00:00+00:00,13987.962774801183,12913.861679538937,0.04679679490695965
2022-07-28 00:00:00+00:00,14029.634384729932,12913.861679538937,0.04679679490695965
2022-07-29 00:00:00+00:00,14026.39698245827,12913.861679538937,0.04679679490695965
2022-07-30 00:00:00+00:00,14020.302167889586,12913.861679538937,0.04679679490695965
2022-07-31 00:00:00+00:00,14003.914398281118,12913.861679538937,0.04679679490695965
2022-08-01 00:00:00+00:00,14002.729971402023,12913.861679538937,0.04679679490695965
2022-08-02 00:00:00+00:00,13989.616573533196,12913.861679538937,0.04679679490695965
2022-08-03 00:00:00+00:00,13981.688260540057,12913.861679538937,0.04679679490695965
2022-08-04 00:00:00+00:00,13972.544634783188,12913.861679538937,0.04679679490695965
2022-08-05 00:00:00+00:00,14004.80821706384,12913.861679538937,0.04679679490695965
2022-08-06 00:00:00+00:00,13988.04513716022,12913.861679538937,0.04679679490695965
2022-08-07 00:00:00+00:00,13998.348855462833,12913.861679538937,0.04679679490695965
2022-08-08 00:00:00+00:00,14028.093366273646,12913.861679538937,0.04679679490695965
2022-08-09 00:00:00+00:00,13997.205141795308,12913.861679538937,0.04679679490695965
2022-08-10 00:00:00+00:00,14034.834444579994,12913.861679538937,0.04679679490695965
2022-08-11 00:00:00+00:00,14033.914419592124,12913.861679538937,0.04679679490695965
2022-08-12 00:00:00+00:00,14055.87568747401,12913.861679538937,0.04679679490695965
2022-08-13 00:00:00+00:00,14057.639926642003,12913.861679538937,0.04679679490695965
2022-08-14 00:00:00+00:00,14016.491703584059,8034.6978111599765,0.24611128680169714
2022-08-15 00:00:00+00:00,13964.704966615245,8034.6978111599765,0.24611128680169714
2022-08-16 00:00:00+00:00,13905.618568879894,8034.6978111599765,0.24611128680169714
2022-08-17 00:00:00+00:00,13779.58990113448,8034.6978111599765,0.24611128680169714
2022-08-18 00:00:00+00:00,13742.313885635496,8034.6978111599765,0.24611128680169714
2022-08-19 00:00:00+00:00,13162.276343788388,8034.6978111599765,0.24611128680169714
2022-08-20 00:00:00+00:00,13154.584975989445,13154.584975989445,0.0
2022-08-21 00:00:00+00:00,13154.584975989445,13154.584975989445,0.0
2022-08-22 00:00:00+00:00,13154.584975989445,13154.584975989445,0.0
2022-08-23 00:00:00+00:00,13154.584975989445,13154.584975989445,0.0
2022-08-24 00:00:00+00:00,13154.584975989445,13154.584975989445,0.0
2022-08-25 00:00:00+00:00,13154.584975989445,13154.584975989445,0.0
2022-08-26 00:00:00+00:00,13154.584975989445,13154.584975989445,0.0
2022-08-27 00:00:00+00:00,13154.584975989445,13154.584975989445,0.0
2022-08-28 00:00:00+00:00,13154.584975989445,13154.584975989445,0.0
2022-08-29 00:00:00+00:00,13154.584975989445,13154.584975989445,0.0
2022-08-30 00:00:00+00:00,13154.584975989445,13154.584975989445,0.0
2022-08-31 00:00:00+00:00,13154.584975989445,13154.584975989445,0.0
2022-09-01 00:00:00+00:00,13154.584975989445,13154.584975989445,0.0
2022-09-02 00:00:00+00:00,13154.584975989445,13154.584975989445,0.0
2022-09-03 00:00:00+00:00,13154.584975989445,13154.584975989445,0.0
2022-09-04 00:00:00+00:00,13154.584975989445,13154.584975989445,0.0
2022-09-05 00:00:00+00:00,13154.584975989445,13154.584975989445,0.0
2022-09-06 00:00:00+00:00,13154.584975989445,13154.584975989445,0.0
2022-09-07 00:00:00+00:00,13154.584975989445,13154.584975989445,0.0
2022-09-08 00:00:00+00:00,13154.584975989445,13154.584975989445,0.0
2022-09-09 00:00:00+00:00,13154.584975989445,13154.584975989445,0.0
2022-09-10 00:00:00+00:00,13165.770457227187,12214.97176341877,0.043920166341087516
2022-09-11 00:00:00+00:00,13173.611524524062,12214.97176341877,0.043920166341087516
2022-09-12 00:00:00+00:00,13198.596389550516,12214.97176341877,0.043920166341087516
2022-09-13 00:00:00+00:00,13100.998313512342,12214.97176341877,0.043920166341087516
2022-09-14 00:00:00+00:00,13103.332231151708,12214.97176341877,0.043920166341087516
2022-09-15 00:00:00+00:00,13080.281610250915,12214.97176341877,0.043920166341087516
2022-09-16 00:00:00+00:00,13084.735993521228,12214.97176341877,0.043920166341087516
2022-09-17 00:00:00+00:00,13098.365299540194,12214.97176341877,0.043920166341087516
2022-09-18 00:00:00+00:00,13067.733618727265,12214.97176341877,0.043920166341087516
2022-09-19 00:00:00+00:00,13066.51017088764,13066.51017088764,0.0
2022-09-20 00:00:00+00:00,13066.51017088764,13066.51017088764,0.0
2022-09-21 00:00:00+00:00,13066.51017088764,13066.51017088764,0.0
2022-09-22 00:00:00+00:00,13066.51017088764,13066.51017088764,0.0
2022-09-23 00:00:00+00:00,13066.51017088764,13066.51017088764,0.0
2022-09-24 00:00:00+00:00,13066.51017088764,13066.51017088764,0.0
2022-09-25 00:00:00+00:00,13066.51017088764,13066.51017088764,0.0
2022-09-26 00:00:00+00:00,13066.51017088764,13066.51017088764,0.0
2022-09-27 00:00:00+00:00,13066.51017088764,13066.51017088764,0.0
2022-09-28 00:00:00+00:00,13066.51017088764,13066.51017088764,0.0
2022-09-29 00:00:00+00:00,13066.51017088764,13066.51017088764,0.0
2022-09-30 00:00:00+00:00,13066.51017088764,13066.51017088764,0.0
2022-10-01 00:00:00+00:00,13066.51017088764,13066.51017088764,0.0
2022-10-02 00:00:00+00:00,13066.51017088764,13066.51017088764,0.0
2022-10-03 00:00:00+00:00,13066.51017088764,13066.51017088764,0.0
2022-10-04 00:00:00+00:00,13066.51017088764,13066.51017088764,0.0
2022-10-05 00:00:00+00:00,13059.29087635195,12366.518554590088,0.03436667260774798
2022-10-06 00:00:00+00:00,13052.500365511385,12366.518554590088,0.03436667260774798
2022-10-07 00:00:00+00:00,13037.70276361994,12366.518554590088,0.03436667260774798
2022-10-08 00:00:00+00:00,13033.849228620433,12366.518554590088,0.03436667260774798
2022-10-09 00:00:00+00:00,13034.572990745553,12366.518554590088,0.03436667260774798
2022-10-10 00:00:00+00:00,13024.017267254083,12366.518554590088,0.03436667260774798
2022-10-11 00:00:00+00:00,13021.547334493764,12366.518554590088,0.03436667260774798
2022-10-12 00:00:00+00:00,13024.830382727981,12366.518554590088,0.03436667260774798
2022-10-13 00:00:00+00:00,13032.377304032643,12366.518554590088,0.03436667260774798
2022-10-14 00:00:00+00:00,13025.565829521787,12366.518554590088,0.03436667260774798
2022-10-15 00:00:00+00:00,13021.87003754955,12366.518554590088,0.03436667260774798
2022-10-16 00:00:00+00:00,13028.523081699685,12366.518554590088,0.03436667260774798
2022-10-17 00:00:00+00:00,13038.382192737396,12366.518554590088,0.03436667260774798
2022-10-18 00:00:00+00:00,13030.73835741598,12366.518554590088,0.03436667260774798
2022-10-19 00:00:00+00:00,13023.745770540481,12366.518554590088,0.03436667260774798
2022-10-20 00:00:00+00:00,13020.925985053016,12366.518554590088,0.03436667260774798
2022-10-21 00:00:00+00:00,13025.134184113835,12366.518554590088,0.03436667260774798
2022-10-22 00:00:00+00:00,13026.508163684692,12366.518554590088,0.03436667260774798
2022-10-23 00:00:00+00:00,13039.08808419276,12366.518554590088,0.03436667260774798
2022-10-24 00:00:00+00:00,13030.816713429525,12366.518554590088,0.03436667260774798
2022-10-25 00:00:00+00:00,13056.60374622075,12366.518554590088,0.03436667260774798
2022-10-26 00:00:00+00:00,13080.36898766246,12366.518554590088,0.03436667260774798
2022-10-27 00:00:00+00:00,12978.838855600648,8877.035913284977,0.20210794335757093
2022-10-28 00:00:00+00:00,13038.810345633141,8877.035913284977,0.20210794335757093
2022-10-29 00:00:00+00:00,13082.83551893472,8877.035913284977,0.20210794335757093
2022-10-30 00:00:00+00:00,13046.013472734405,8877.035913284977,0.20210794335757093
2022-10-31 00:00:00+00:00,13018.377232559691,8877.035913284977,0.20210794335757093
2022-11-01 00:00:00+00:00,13016.938224002984,8877.035913284977,0.20210794335757093
2022-11-02 00:00:00+00:00,12949.882850555809,8877.035913284977,0.20210794335757093
2022-11-03 00:00:00+00:00,12961.196853224967,8877.035913284977,0.20210794335757093
2022-11-04 00:00:00+00:00,13151.319795541433,8877.035913284977,0.20210794335757093
2022-11-05 00:00:00+00:00,13181.807778796923,8877.035913284977,0.20210794335757093
2022-11-06 00:00:00+00:00,13102.219691782146,8877.035913284977,0.20210794335757093
2022-11-07 00:00:00+00:00,13038.666848993358,8877.035913284977,0.20210794335757093
2022-11-08 00:00:00+00:00,12625.578423564817,8877.035913284977,0.20210794335757093
2022-11-09 00:00:00+00:00,12619.58227095373,12619.58227095373,0.0
2022-11-10 00:00:00+00:00,12619.58227095373,12619.58227095373,0.0
2022-11-11 00:00:00+00:00,12619.58227095373,12619.58227095373,0.0
2022-11-12 00:00:00+00:00,12619.58227095373,12619.58227095373,0.0
2022-11-13 00:00:00+00:00,12619.58227095373,12619.58227095373,0.0
2022-11-14 00:00:00+00:00,12619.58227095373,12619.58227095373,0.0
2022-11-15 00:00:00+00:00,12619.58227095373,12619.58227095373,0.0
2022-11-16 00:00:00+00:00,12619.58227095373,12619.58227095373,0.0
2022-11-17 00:00:00+00:00,12619.58227095373,12619.58227095373,0.0
2022-11-18 00:00:00+00:00,12619.58227095373,12619.58227095373,0.0
2022-11-19 00:00:00+00:00,12619.58227095373,12619.58227095373,0.0
2022-11-20 00:00:00+00:00,12619.58227095373,12619.58227095373,0.0
2022-11-21 00:00:00+00:00,12619.58227095373,12619.58227095373,0.0
2022-11-22 00:00:00+00:00,12619.58227095373,12619.58227095373,0.0
2022-11-23 00:00:00+00:00,12619.58227095373,12619.58227095373,0.0
2022-11-24 00:00:00+00:00,12619.58227095373,12619.58227095373,0.0
2022-11-25 00:00:00+00:00,12619.58227095373,12619.58227095373,0.0
2022-11-26 00:00:00+00:00,12619.58227095373,12619.58227095373,0.0
2022-11-27 00:00:00+00:00,12619.58227095373,12619.58227095373,0.0
2022-11-28 00:00:00+00:00,12619.58227095373,12619.58227095373,0.0
2022-11-29 00:00:00+00:00,12619.58227095373,12619.58227095373,0.0
2022-11-30 00:00:00+00:00,12619.58227095373,12619.58227095373,0.0
2022-12-01 00:00:00+00:00,12606.964317490108,11605.508695609235,0.058987677236278256
2022-12-02 00:00:00+00:00,12613.769725812857,11605.508695609235,0.058987677236278256
2022-12-03 00:00:00+00:00,12601.52742327924,11605.508695609235,0.058987677236278256
2022-12-04 00:00:00+00:00,12614.53420610984,11605.508695609235,0.058987677236278256
2022-12-05 00:00:00+00:00,12606.314273286964,11605.508695609235,0.058987677236278256
2022-12-06 00:00:00+00:00,12613.546752392904,11605.508695609235,0.058987677236278256
2022-12-07 00:00:00+00:00,12598.662981672647,11605.508695609235,0.058987677236278256
2022-12-08 00:00:00+00:00,12621.518347094614,11605.508695609235,0.058987677236278256
2022-12-09 00:00:00+00:00,12615.882664411462,11605.508695609235,0.058987677236278256
2022-12-10 00:00:00+00:00,12615.819547596819,11605.508695609235,0.058987677236278256
2022-12-11 00:00:00+00:00,12613.31611057491,11605.508695609235,0.058987677236278256
2022-12-12 00:00:00+00:00,12620.676592940454,11605.508695609235,0.058987677236278256
2022-12-13 00:00:00+00:00,12653.99696218091,11605.508695609235,0.058987677236278256
2022-12-14 00:00:00+00:00,12655.675161598281,11605.508695609235,0.058987677236278256
2022-12-15 00:00:00+00:00,12629.31887753234,11605.508695609235,0.058987677236278256
2022-12-16 00:00:00+00:00,12586.598821924283,11605.508695609235,0.058987677236278256
2022-12-17 00:00:00+00:00,12595.116642517201,11605.508695609235,0.058987677236278256
2022-12-18 00:00:00+00:00,12592.85682460228,11605.508695609235,0.058987677236278256
2022-12-19 00:00:00+00:00,12575.200043175144,11605.508695609235,0.058987677236278256
2022-12-20 00:00:00+00:00,12602.138535615408,11605.508695609235,0.058987677236278256
2022-12-21 00:00:00+00:00,12597.956899176128,11605.508695609235,0.058987677236278256
2022-12-22 00:00:00+00:00,12597.765779101883,11605.508695609235,0.058987677236278256
2022-12-23 00:00:00+00:00,12595.23343811813,11605.508695609235,0.058987677236278256
2022-12-24 00:00:00+00:00,12598.632308080483,11605.508695609235,0.058987677236278256
2022-12-25 00:00:00+00:00,12598.395767494767,11605.508695609235,0.058987677236278256
2022-12-26 00:00:00+00:00,12603.544211963948,11605.508695609235,0.058987677236278256
2022-12-27 00:00:00+00:00,12590.978067082304,11605.508695609235,0.058987677236278256
2022-12-28 00:00:00+00:00,12581.596077017874,11605.508695609235,0.058987677236278256
2022-12-29 00:00:00+00:00,12580.132534937718,12580.132534937718,0.0
2022-12-30 00:00:00+00:00,12580.132534937718,12580.132534937718,0.0
2022-12-31 00:00:00+00:00,12580.132534937718,12580.132534937718,0.0
2023-01-01 00:00:00+00:00,12580.132534937718,12580.132534937718,0.0
2023-01-02 00:00:00+00:00,12580.132534937718,12580.132534937718,0.0
2023-01-03 00:00:00+00:00,12580.132534937718,12580.132534937718,0.0
2023-01-04 00:00:00+00:00,12580.132534937718,12580.132534937718,0.0
2023-01-05 00:00:00+00:00,12580.132534937718,12580.132534937718,0.0
2023-01-06 00:00:00+00:00,12580.132534937718,12580.132534937718,0.0
2023-01-07 00:00:00+00:00,12580.132534937718,12580.132534937718,0.0
2023-01-08 00:00:00+00:00,12580.132534937718,12580.132534937718,0.0
2023-01-09 00:00:00+00:00,12581.10446319498,11906.196863423198,0.03928847274239547
2023-01-10 00:00:00+00:00,12591.413758442584,11906.196863423198,0.03928847274239547
2023-01-11 00:00:00+00:00,12611.160144842914,11906.196863423198,0.03928847274239547
2023-01-12 00:00:00+00:00,12875.82078723846,7207.434670546651,0.30076406892545227
2023-01-13 00:00:00+00:00,13201.665571871603,7207.434670546651,0.30076406892545227
2023-01-14 00:00:00+00:00,13509.92167375399,7207.434670546651,0.30076406892545227
2023-01-15 00:00:00+00:00,13408.42529141892,-6746.661651983333,0.9656750565796542
2023-01-16 00:00:00+00:00,13710.313390081343,-6748.140372345411,0.9656750565796542
2023-01-17 00:00:00+00:00,13659.739425739659,-6749.619416810583,0.9656750565796542
2023-01-18 00:00:00+00:00,13216.618226724218,-6751.098785449884,0.9656750565796542
2023-01-19 00:00:00+00:00,13595.730387138912,-6752.578478334367,0.9656750565796542
2023-01-20 00:00:00+00:00,15135.100803717807,-6754.058495535098,0.9656750565796542
2023-01-21 00:00:00+00:00,15245.967098212219,-6755.53883712316,0.9656750565796542
2023-01-22 00:00:00+00:00,15171.413800634346,-6757.019503169653,0.9656750565796542
2023-01-23 00:00:00+00:00,15371.343656609126,-6758.500493745691,0.9656750565796542
2023-01-24 00:00:00+00:00,15096.035522388687,-6759.981808922402,0.9656750565796542
2023-01-25 00:00:00+00:00,15507.911090509078,-6761.463448770933,0.9656750565796542
2023-01-26 00:00:00+00:00,15456.8996522656,-6762.945413362444,0.9656750565796542
2023-01-27 00:00:00+00:00,15517.713060759881,-6764.427702768113,0.9656750565796542
2023-01-28 00:00:00+00:00,15466.440240551616,-6765.910317059131,0.9656750565796542
2023-01-29 00:00:00+00:00,16159.953639524418,-6767.393256306706,0.9656750565796542
2023-01-30 00:00:00+00:00,15273.767172163614,-6768.87652058206,0.9656750565796542
2023-01-31 00:00:00+00:00,15561.001111205427,-6770.360109956434,0.9656750565796542
2023-02-01 00:00:00+00:00,16146.193763784613,-6771.844024501082,0.9656750565796542
2023-02-02 00:00:00+00:00,15909.355199208829,-6773.328264287274,0.9656750565796542
2023-02-03 00:00:00+00:00,15852.788528882507,-6774.812829386296,0.9656750565796542
2023-02-04 00:00:00+00:00,15749.849816955091,-6776.297719869449,0.9656750565796542
2023-02-05 00:00:00+00:00,15367.956225978067,-6777.782935808051,0.9656750565796542
2023-02-06 00:00:00+00:00,15201.929311622078,-6779.268477273434,0.9656750565796542
2023-02-07 00:00:00+00:00,15661.978181100243,-6780.754344336946,0.9656750565796542
2023-02-08 00:00:00+00:00,15392.555787168647,-6782.240537069952,0.9656750565796542
2023-02-09 00:00:00+00:00,14264.464463936114,-6783.72705554383,0.9656750565796542
2023-02-10 00:00:00+00:00,14097.692676965797,-6785.213899829976,0.9656750565796542
2023-02-11 00:00:00+00:00,14254.315622732998,-993.2739214261019,0.6974296019521556
2023-02-12 00:00:00+00:00,14198.994006009569,-993.4916252992912,0.6974296019521556
2023-02-13 00:00:00+00:00,14186.67499753301,4064.213883601518,0.4648881721583841
2023-02-14 00:00:00+00:00,14384.6569234101,4064.213883601518,0.4648881721583841
2023-02-15 00:00:00+00:00,15372.177027590662,4064.213883601518,0.4648881721583841
2023-02-16 00:00:00+00:00,14590.256473048667,-7670.533952426635,0.9465539357333662
2023-02-17 00:00:00+00:00,15230.549914738564,10.314025963533823,0.6194649765048564
2023-02-18 00:00:00+00:00,15275.57856666475,-7593.574354198968,0.9284345299849878
2023-02-19 00:00:00+00:00,14939.501388245522,-7595.238699262902,0.9284345299849878
2023-02-20 00:00:00+00:00,15278.901270781309,10.95030832789871,0.6145973771426609
2023-02-21 00:00:00+00:00,15126.42698128966,6116.5351895373,0.3684701798022081
2023-02-22 00:00:00+00:00,15026.958456252054,6116.5351895373,0.3684701798022081
2023-02-23 00:00:00+00:00,14937.784988038122,6116.5351895373,0.3684701798022081
2023-02-24 00:00:00+00:00,14458.313773795888,13.231874697750754,0.6230278723750333
2023-02-25 00:00:00+00:00,14438.784868655714,5787.33212701175,0.3735987645088072
2023-02-26 00:00:00+00:00,14587.394985202027,5787.33212701175,0.3735987645088072
2023-02-27 00:00:00+00:00,14563.947926741455,5787.33212701175,0.3735987645088072
2023-02-28 00:00:00+00:00,14432.994087805828,5787.33212701175,0.3735987645088072
2023-03-01 00:00:00+00:00,14615.08612562742,5787.33212701175,0.3735987645088072
2023-03-02 00:00:00+00:00,14505.17669282973,13.242073712461206,0.6175894732787479
2023-03-03 00:00:00+00:00,13819.047139806507,13.242073712461206,0.6175894732787479
2023-03-04 00:00:00+00:00,13809.69660764125,3957.158367235681,0.440897114877387
2023-03-05 00:00:00+00:00,13846.586469243042,3957.158367235681,0.440897114877387
2023-03-06 00:00:00+00:00,13837.662711637922,3957.158367235681,0.440897114877387
2023-03-07 00:00:00+00:00,13744.174887399322,3957.158367235681,0.440897114877387
2023-03-08 00:00:00+00:00,13527.024240379911,3957.158367235681,0.440897114877387
2023-03-09 00:00:00+00:00,12934.802417734309,3957.158367235681,0.440897114877387
2023-03-10 00:00:00+00:00,12841.539451024293,3957.158367235681,0.440897114877387
2023-03-11 00:00:00+00:00,12976.030706946493,3957.158367235681,0.440897114877387
2023-03-12 00:00:00+00:00,13655.6207018762,3957.158367235681,0.440897114877387
2023-03-13 00:00:00+00:00,14212.220269618929,7806.431801491577,0.26565176275375235
2023-03-14 00:00:00+00:00,14360.169705849377,7806.431801491577,0.26565176275375235
2023-03-15 00:00:00+00:00,14000.736578264743,-7171.825808642633,0.8718133411613016
2023-03-16 00:00:00+00:00,14620.872201087137,-7173.397715669185,0.8718133411613016
2023-03-17 00:00:00+00:00,16708.469849624904,-7174.969967223305,0.8718133411613016
2023-03-18 00:00:00+00:00,16281.766195783808,-7176.542563380504,0.8718133411613016
2023-03-19 00:00:00+00:00,17209.005752354424,-7178.115504216314,0.8718133411613016
2023-03-20 00:00:00+00:00,16984.370305294928,-7179.688789806279,0.8718133411613016
2023-03-21 00:00:00+00:00,17321.461285382768,-7181.262420225962,0.8718133411613016
2023-03-22 00:00:00+00:00,16574.922810035452,-7182.836395550943,0.8718133411613016
2023-03-23 00:00:00+00:00,17483.905215772087,-7184.410715856818,0.8718133411613016
2023-03-24 00:00:00+00:00,16749.187839293525,-7185.985381219197,0.8718133411613016
2023-03-25 00:00:00+00:00,16755.005805932058,-7187.5603917137105,0.8718133411613016
2023-03-26 00:00:00+00:00,17193.783368850338,-7189.135747416004,0.8718133411613016
2023-03-27 00:00:00+00:00,16862.126149768355,6871.841425245096,0.36830664966347393
2023-03-28 00:00:00+00:00,16912.274783186534,6871.841425245096,0.36830664966347393
2023-03-29 00:00:00+00:00,17312.819313895052,6871.841425245096,0.36830664966347393
2023-03-30 00:00:00+00:00,17194.935404537264,6871.841425245096,0.36830664966347393
2023-03-31 00:00:00+00:00,17355.82279830976,6871.841425245096,0.36830664966347393
2023-04-01 00:00:00+00:00,17351.17108532451,6871.841425245096,0.36830664966347393
2023-04-02 00:00:00+00:00,17247.72847970003,6871.841425245096,0.36830664966347393
2023-04-03 00:00:00+00:00,16881.66155399142,-8610.187160042968,0.916972975324978
2023-04-04 00:00:00+00:00,17214.900502974393,-8612.074324352017,0.916972975324978
2023-04-05 00:00:00+00:00,17217.17598234826,-8613.961902286122,0.916972975324978
2023-04-06 00:00:00+00:00,17113.470091882256,-2133.340246049011,0.6865568209373988
2023-04-07 00:00:00+00:00,17025.47338135716,-2133.8078274728027,0.6865568209373988
2023-04-08 00:00:00+00:00,17047.00984356081,-2134.275511380194,0.6865568209373988
2023-04-09 00:00:00+00:00,17311.12732480021,-2134.7432977936473,0.6865568209373988
2023-04-10 00:00:00+00:00,18212.506744705177,-2135.2111867356293,0.6865568209373988
2023-04-11 00:00:00+00:00,18598.62516794562,-2135.6791782286123,0.6865568209373988
2023-04-12 00:00:00+00:00,18297.804373836443,-9270.2459394297,0.9223763967785857
2023-04-13 00:00:00+00:00,18743.835321373128,-9272.277774156151,0.9223763967785857
2023-04-14 00:00:00+00:00,18827.66706008916,-9274.310054216241,0.9223763967785857
2023-04-15 00:00:00+00:00,18667.133174575385,-9276.342779707576,0.9223763967785857
2023-04-16 00:00:00+00:00,18673.91792190838,-9278.375950727786,0.9223763967785857
2023-04-17 00:00:00+00:00,17865.37683144639,-9280.409567374521,0.9223763967785857
2023-04-18 00:00:00+00:00,18739.36052815195,-9282.443629745452,0.9223763967785857
2023-04-19 00:00:00+00:00,17750.46770555723,14.101174526465911,0.615908078627041
2023-04-20 00:00:00+00:00,17409.593379441092,14.101174526465911,0.615908078627041
2023-04-21 00:00:00+00:00,16805.504576842904,14.101174526465911,0.615908078627041
2023-04-22 00:00:00+00:00,17041.863754043592,4812.34348987106,0.4396443258015387
2023-04-23 00:00:00+00:00,16942.394225330994,4812.34348987106,0.4396443258015387
2023-04-24 00:00:00+00:00,16907.367761894384,4812.34348987106,0.4396443258015387
2023-04-25 00:00:00+00:00,17254.62522907199,4812.34348987106,0.4396443258015387
2023-04-26 00:00:00+00:00,17304.964504376265,4812.34348987106,0.4396443258015387
2023-04-27 00:00:00+00:00,17769.87958602488,4812.34348987106,0.4396443258015387
2023-04-28 00:00:00+00:00,17699.06607446802,4812.34348987106,0.4396443258015387
2023-04-29 00:00:00+00:00,17663.34497299665,4812.34348987106,0.4396443258015387
2023-04-30 00:00:00+00:00,17664.55839133586,4812.34348987106,0.4396443258015387
2023-05-01 00:00:00+00:00,17152.39473399336,4812.34348987106,0.4396443258015387
2023-05-02 00:00:00+00:00,17416.884760395566,4812.34348987106,0.4396443258015387
2023-05-03 00:00:00+00:00,17573.530033678653,4812.34348987106,0.4396443258015387
2023-05-04 00:00:00+00:00,17490.87690042796,4812.34348987106,0.4396443258015387
2023-05-05 00:00:00+00:00,17784.3175056842,4812.34348987106,0.4396443258015387
2023-05-06 00:00:00+00:00,17495.29092945901,4812.34348987106,0.4396443258015387
2023-05-07 00:00:00+00:00,17311.475636841387,4812.34348987106,0.4396443258015387
2023-05-08 00:00:00+00:00,16976.770015165417,4812.34348987106,0.4396443258015387
2023-05-09 00:00:00+00:00,16958.78329364922,9704.561892610167,0.2625651696989733
2023-05-10 00:00:00+00:00,16951.032369839708,9704.561892610167,0.2625651696989733
2023-05-11 00:00:00+00:00,16785.58217945729,9704.561892610167,0.2625651696989733
2023-05-12 00:00:00+00:00,16682.175791460166,2408.561462749736,0.532696734530438
2023-05-13 00:00:00+00:00,16671.66568488788,2408.561462749736,0.532696734530438
2023-05-14 00:00:00+00:00,16747.48973808094,2408.561462749736,0.532696734530438
2023-05-15 00:00:00+00:00,16877.744743608324,2408.561462749736,0.532696734530438
2023-05-16 00:00:00+00:00,16809.39975256807,2408.561462749736,0.532696734530438
2023-05-17 00:00:00+00:00,17007.440417564452,2408.561462749736,0.532696734530438
2023-05-18 00:00:00+00:00,16793.195969487897,7296.118946008704,0.3540873896950181
2023-05-19 00:00:00+00:00,16817.48804158561,2413.273611176349,0.5358658893332602
2023-05-20 00:00:00+00:00,16889.584411994158,7214.675352620556,0.35697570510738713
2023-05-21 00:00:00+00:00,16762.982978177824,7214.675352620556,0.35697570510738713
2023-05-22 00:00:00+00:00,16799.212442489174,7214.675352620556,0.35697570510738713
2023-05-23 00:00:00+00:00,16931.41482511864,7214.675352620556,0.35697570510738713
2023-05-24 00:00:00+00:00,16613.49226215,7214.675352620556,0.35697570510738713
2023-05-25 00:00:00+00:00,16665.175204735453,7214.675352620556,0.35697570510738713
2023-05-26 00:00:00+00:00,16748.039975162028,7214.675352620556,0.35697570510738713
2023-05-27 00:00:00+00:00,16800.997321014707,7214.675352620556,0.35697570510738713
2023-05-28 00:00:00+00:00,17233.198516459375,7214.675352620556,0.35697570510738713
2023-05-29 00:00:00+00:00,17115.896299761087,7214.675352620556,0.35697570510738713
2023-05-30 00:00:00+00:00,17100.90332014658,7214.675352620556,0.35697570510738713
2023-05-31 00:00:00+00:00,16928.109230089347,7214.675352620556,0.35697570510738713
2023-06-01 00:00:00+00:00,16788.024823891108,7214.675352620556,0.35697570510738713
2023-06-02 00:00:00+00:00,16939.61812682201,7214.675352620556,0.35697570510738713
2023-06-03 00:00:00+00:00,16877.72924882754,7214.675352620556,0.35697570510738713
2023-06-04 00:00:00+00:00,16894.14656150543,7214.675352620556,0.35697570510738713
2023-06-05 00:00:00+00:00,16399.017688764434,7214.675352620556,0.35697570510738713
2023-06-06 00:00:00+00:00,16935.15236075112,7214.675352620556,0.35697570510738713
2023-06-07 00:00:00+00:00,16807.47328135644,13302.478201125878,0.1330707253951907
2023-06-08 00:00:00+00:00,16828.66745579013,13302.478201125878,0.1330707253951907
2023-06-09 00:00:00+00:00,16825.89958470191,13302.478201125878,0.1330707253951907
2023-06-10 00:00:00+00:00,16741.186760915334,13302.478201125878,0.1330707253951907
2023-06-11 00:00:00+00:00,16752.409945895164,13302.478201125878,0.1330707253951907
2023-06-12 00:00:00+00:00,16749.700625926118,13302.478201125878,0.1330707253951907
2023-06-13 00:00:00+00:00,16753.5676612061,13302.478201125878,0.1330707253951907
2023-06-14 00:00:00+00:00,16646.359231291466,13302.478201125878,0.1330707253951907
2023-06-15 00:00:00+00:00,16708.887834447414,13302.478201125878,0.1330707253951907
2023-06-16 00:00:00+00:00,16808.226461662176,13302.478201125878,0.1330707253951907
2023-06-17 00:00:00+00:00,16831.113295722895,13302.478201125878,0.1330707253951907
2023-06-18 00:00:00+00:00,16807.557115913438,13302.478201125878,0.1330707253951907
2023-06-19 00:00:00+00:00,16874.675328388264,13302.478201125878,0.1330707253951907
2023-06-20 00:00:00+00:00,17069.442964905684,13302.478201125878,0.1330707253951907
2023-06-21 00:00:00+00:00,17923.226129699007,2444.142491372155,0.5160745617966477
2023-06-22 00:00:00+00:00,17806.69049832264,-8940.353539543115,0.8950013598117632
2023-06-23 00:00:00+00:00,18523.936161497266,-8942.313069086029,0.8950013598117632
2023-06-24 00:00:00+00:00,18377.818333443545,-8944.273028114869,0.8950013598117632
2023-06-25 00:00:00+00:00,18317.888706759633,-8946.233416723771,0.8950013598117632
2023-06-26 00:00:00+00:00,18141.697973761962,-8948.19423500689,0.8950013598117632
2023-06-27 00:00:00+00:00,18519.620052882558,-8950.155483058397,0.8950013598117632
2023-06-28 00:00:00+00:00,17967.205688643433,-8952.117160972492,0.8950013598117632
2023-06-29 00:00:00+00:00,18296.304583766905,-8954.07926884339,0.8950013598117632
2023-06-30 00:00:00+00:00,18316.439629418717,-8956.041806765328,0.8950013598117632
2023-07-01 00:00:00+00:00,18416.417316234045,-8958.004774832565,0.8950013598117632
2023-07-02 00:00:00+00:00,18442.31531025817,-8959.968173139378,0.8950013598117632
2023-07-03 00:00:00+00:00,18922.909364787192,-8961.932001780066,0.8950013598117632
2023-07-04 00:00:00+00:00,18572.17202581326,-8963.89626084895,0.8950013598117632
2023-07-05 00:00:00+00:00,18335.985480359104,-8965.860950440368,0.8950013598117632
2023-07-06 00:00:00+00:00,17788.624431508695,-8967.826070648684,0.8950013598117632
2023-07-07 00:00:00+00:00,18188.756141511734,-8969.791621568278,0.8950013598117632
2023-07-08 00:00:00+00:00,18133.027428102567,-8971.757603293554,0.8950013598117632
2023-07-09 00:00:00+00:00,18020.15244696931,-8973.724015918933,0.8950013598117632
2023-07-10 00:00:00+00:00,18242.70564447176,-8975.690859538861,0.8950013598117632
2023-07-11 00:00:00+00:00,18373.983197713216,-2260.1841584151275,0.6738325378118529
2023-07-12 00:00:00+00:00,18210.352957479725,-2260.6795412443694,0.6738325378118529
2023-07-13 00:00:00+00:00,18933.708593167048,-2261.1750326506694,0.6738325378118529
2023-07-14 00:00:00+00:00,18163.54799182044,-2261.6706326578255,0.6738325378118529
2023-07-15 00:00:00+00:00,18147.897789413233,-2262.166341289641,0.6738325378118529
2023-07-16 00:00:00+00:00,18108.636386232636,-2262.6621585699236,0.6738325378118529
2023-07-17 00:00:00+00:00,18044.806940051138,-2263.1580845224867,0.6738325378118529
2023-07-18 00:00:00+00:00,17856.399225582885,-2263.654119171149,0.6738325378118529
2023-07-19 00:00:00+00:00,17889.648615707916,-2264.1502625397343,0.6738325378118529
2023-07-20 00:00:00+00:00,17815.563112141146,-2264.646514652072,0.6738325378118529
2023-07-21 00:00:00+00:00,17841.631268489306,6366.887922352807,0.38374860530218646
2023-07-22 00:00:00+00:00,17800.29386872615,6366.887922352807,0.38374860530218646
2023-07-23 00:00:00+00:00,17911.48502711246,6366.887922352807,0.38374860530218646
2023-07-24 00:00:00+00:00,17563.32910495205,6366.887922352807,0.38374860530218646
2023-07-25 00:00:00+00:00,17583.44136935594,6366.887922352807,0.38374860530218646
2023-07-26 00:00:00+00:00,17630.66163523837,6366.887922352807,0.38374860530218646
2023-07-27 00:00:00+00:00,17581.088990405435,6366.887922352807,0.38374860530218646
2023-07-28 00:00:00+00:00,17616.148262985844,6366.887922352807,0.38374860530218646
2023-07-29 00:00:00+00:00,17631.02235892736,6366.887922352807,0.38374860530218646
2023-07-30 00:00:00+00:00,17603.465371580605,6366.887922352807,0.38374860530218646
2023-07-31 00:00:00+00:00,17584.723089697647,6366.887922352807,0.38374860530218646
2023-08-01 00:00:00+00:00,17766.520153973506,6366.887922352807,0.38374860530218646
2023-08-02 00:00:00+00:00,17566.978554188474,6366.887922352807,0.38374860530218646
2023-08-03 00:00:00+00:00,17569.90655604693,6366.887922352807,0.38374860530218646
2023-08-04 00:00:00+00:00,17539.34097963461,6366.887922352807,0.38374860530218646
2023-08-05 00:00:00+00:00,17523.277263016662,6366.887922352807,0.38374860530218646
2023-08-06 00:00:00+00:00,17529.528527797032,6366.887922352807,0.38374860530218646
2023-08-07 00:00:00+00:00,17576.591456751295,6366.887922352807,0.38374860530218646
2023-08-08 00:00:00+00:00,17791.245076613122,6366.887922352807,0.38374860530218646
2023-08-09 00:00:00+00:00,17718.935326916035,6366.887922352807,0.38374860530218646
2023-08-10 00:00:00+00:00,17670.49090298269,6366.887922352807,0.38374860530218646
2023-08-11 00:00:00+00:00,17659.085894433105,6366.887922352807,0.38374860530218646
2023-08-12 00:00:00+00:00,17660.674613659055,6366.887922352807,0.38374860530218646
2023-08-13 00:00:00+00:00,17612.19565235123,6366.887922352807,0.38374860530218646
2023-08-14 00:00:00+00:00,17660.966262599086,6366.887922352807,0.38374860530218646
2023-08-15 00:00:00+00:00,17572.347197176652,6366.887922352807,0.38374860530218646
2023-08-16 00:00:00+00:00,17392.181064473327,6366.887922352807,0.38374860530218646
2023-08-17 00:00:00+00:00,16583.584378241092,6366.887922352807,0.38374860530218646
2023-08-18 00:00:00+00:00,16568.25933355726,16568.25933355726,0.0
2023-08-19 00:00:00+00:00,16568.25933355726,16568.25933355726,0.0
2023-08-20 00:00:00+00:00,16568.25933355726,16568.25933355726,0.0
2023-08-21 00:00:00+00:00,16568.25933355726,16568.25933355726,0.0
2023-08-22 00:00:00+00:00,16568.25933355726,16568.25933355726,0.0
2023-08-23 00:00:00+00:00,16568.25933355726,16568.25933355726,0.0
2023-08-24 00:00:00+00:00,16568.25933355726,16568.25933355726,0.0
2023-08-25 00:00:00+00:00,16568.25933355726,16568.25933355726,0.0
2023-08-26 00:00:00+00:00,16568.25933355726,16568.25933355726,0.0
2023-08-27 00:00:00+00:00,16568.25933355726,16568.25933355726,0.0
2023-08-28 00:00:00+00:00,16568.25933355726,16568.25933355726,0.0
2023-08-29 00:00:00+00:00,16568.25933355726,16568.25933355726,0.0
2023-08-30 00:00:00+00:00,16568.25933355726,16568.25933355726,0.0
2023-08-31 00:00:00+00:00,16568.25933355726,16568.25933355726,0.0
2023-09-01 00:00:00+00:00,16568.25933355726,16568.25933355726,0.0
2023-09-02 00:00:00+00:00,16568.25933355726,16568.25933355726,0.0
2023-09-03 00:00:00+00:00,16568.25933355726,16568.25933355726,0.0
2023-09-04 00:00:00+00:00,16568.25933355726,16568.25933355726,0.0
2023-09-05 00:00:00+00:00,16568.25933355726,16568.25933355726,0.0
2023-09-06 00:00:00+00:00,16568.25933355726,16568.25933355726,0.0
2023-09-07 00:00:00+00:00,16568.25933355726,16568.25933355726,0.0
2023-09-08 00:00:00+00:00,16568.25933355726,16568.25933355726,0.0
2023-09-09 00:00:00+00:00,16568.25933355726,16568.25933355726,0.0
2023-09-10 00:00:00+00:00,16568.25933355726,16568.25933355726,0.0
2023-09-11 00:00:00+00:00,16568.25933355726,16568.25933355726,0.0
2023-09-12 00:00:00+00:00,16568.25933355726,16568.25933355726,0.0
2023-09-13 00:00:00+00:00,16568.25933355726,16568.25933355726,0.0
2023-09-14 00:00:00+00:00,16568.25933355726,16568.25933355726,0.0
2023-09-15 00:00:00+00:00,16568.25933355726,16568.25933355726,0.0
2023-09-16 00:00:00+00:00,16568.25933355726,16568.25933355726,0.0
2023-09-17 00:00:00+00:00,16568.25933355726,16568.25933355726,0.0
2023-09-18 00:00:00+00:00,16568.25933355726,16568.25933355726,0.0
2023-09-19 00:00:00+00:00,16604.255205572,14201.36514304908,0.08830823603019308
2023-09-20 00:00:00+00:00,16596.72604536807,14201.36514304908,0.08830823603019308
2023-09-21 00:00:00+00:00,16547.545422558134,14201.36514304908,0.08830823603019308
2023-09-22 00:00:00+00:00,16548.61041988466,14201.36514304908,0.08830823603019308
2023-09-23 00:00:00+00:00,16548.24129145805,14201.36514304908,0.08830823603019308
2023-09-24 00:00:00+00:00,16519.31327949928,14201.36514304908,0.08830823603019308
2023-09-25 00:00:00+00:00,16524.296513258465,14201.36514304908,0.08830823603019308
2023-09-26 00:00:00+00:00,16516.954566514913,14201.36514304908,0.08830823603019308
2023-09-27 00:00:00+00:00,16530.317368791002,14201.36514304908,0.08830823603019308
2023-09-28 00:00:00+00:00,16587.57642903298,14201.36514304908,0.08830823603019308
2023-09-29 00:00:00+00:00,16577.471317584044,14201.36514304908,0.08830823603019308
2023-09-30 00:00:00+00:00,16582.381255507324,14201.36514304908,0.08830823603019308
2023-10-01 00:00:00+00:00,16673.339621700783,14201.36514304908,0.08830823603019308
2023-10-02 00:00:00+00:00,16629.356821663583,14201.36514304908,0.08830823603019308
2023-10-03 00:00:00+00:00,16623.34744620173,14201.36514304908,0.08830823603019308
2023-10-04 00:00:00+00:00,16654.44165919032,14201.36514304908,0.08830823603019308
2023-10-05 00:00:00+00:00,16621.928332848725,14201.36514304908,0.08830823603019308
2023-10-06 00:00:00+00:00,16667.910431349646,14201.36514304908,0.08830823603019308
2023-10-07 00:00:00+00:00,16667.441840030628,9528.220570361078,0.25536736920633074
2023-10-08 00:00:00+00:00,16657.32418486267,9528.220570361078,0.25536736920633074
2023-10-09 00:00:00+00:00,16573.836930848047,9528.220570361078,0.25536736920633074
2023-10-10 00:00:00+00:00,16522.763457006782,9528.220570361078,0.25536736920633074
2023-10-11 00:00:00+00:00,16391.351408813203,9528.220570361078,0.25536736920633074
2023-10-12 00:00:00+00:00,16361.756884395883,9528.220570361078,0.25536736920633074
2023-10-13 00:00:00+00:00,16387.898841981536,9528.220570361078,0.25536736920633074
2023-10-14 00:00:00+00:00,16385.46774462669,9528.220570361078,0.25536736920633074
2023-10-15 00:00:00+00:00,16462.504418895165,9528.220570361078,0.25536736920633074
2023-10-16 00:00:00+00:00,16806.389779289486,9528.220570361078,0.25536736920633074
2023-10-17 00:00:00+00:00,16685.09519547261,-8394.115765863442,0.8831980014493656
2023-10-18 00:00:00+00:00,16616.211828987332,-8395.9555720587,0.8831980014493656
2023-10-19 00:00:00+00:00,16834.23630326401,12.255723423608288,0.585851865880111
2023-10-20 00:00:00+00:00,17393.918166295254,12.255723423608288,0.585851865880111
2023-10-21 00:00:00+00:00,17468.04174024673,6962.759277463161,0.35123212000025306
2023-10-22 00:00:00+00:00,17497.07458728595,6962.759277463161,0.35123212000025306
2023-10-23 00:00:00+00:00,18578.00197355033,6962.759277463161,0.35123212000025306
2023-10-24 00:00:00+00:00,19269.154774116876,-9273.610249442863,0.841405306222693
2023-10-25 00:00:00+00:00,19749.516692171004,-9275.64282155233,0.841405306222693
2023-10-26 00:00:00+00:00,19457.712101156245,-9277.675839157055,0.841405306222693
2023-10-27 00:00:00+00:00,19237.216164250953,-9279.709302354679,0.841405306222693
2023-10-28 00:00:00+00:00,19394.191030132737,-9281.743211242865,0.841405306222693
2023-10-29 00:00:00+00:00,19766.48948214171,-9283.777565919301,0.841405306222693
2023-10-30 00:00:00+00:00,19721.40838611297,-9285.812366481694,0.841405306222693
2023-10-31 00:00:00+00:00,19858.23867130588,-9287.847613027772,0.841405306222693
2023-11-01 00:00:00+00:00,20513.8958503404,-9289.883305655285,0.841405306222693
2023-11-02 00:00:00+00:00,20108.119789395783,-9291.919444462004,0.841405306222693
2023-11-03 00:00:00+00:00,19916.92687742014,-9293.956029545721,0.841405306222693
2023-11-04 00:00:00+00:00,20009.68611177442,7958.751199827138,0.3437028935241782
2023-11-05 00:00:00+00:00,19992.435663548444,7958.751199827138,0.3437028935241782
2023-11-06 00:00:00+00:00,20004.193739535905,7958.751199827138,0.3437028935241782
2023-11-07 00:00:00+00:00,20276.94144236837,-9986.216986222704,0.8549127331015876
2023-11-08 00:00:00+00:00,20467.620995068697,-9988.405746110095,0.8549127331015876
2023-11-09 00:00:00+00:00,21385.634173981663,-9990.59498572568,0.8549127331015876
2023-11-10 00:00:00+00:00,21896.85374726956,-9992.784705174607,0.8549127331015876
2023-11-11 00:00:00+00:00,21747.9348754999,-9994.974904562043,0.8549127331015876
2023-11-12 00:00:00+00:00,21689.431094339365,-9997.16558399318,0.8549127331015876
2023-11-13 00:00:00+00:00,21173.26639961864,-9999.356743573233,0.8549127331015876
2023-11-14 00:00:00+00:00,20391.61662450639,-10001.54838340744,0.8549127331015876
2023-11-15 00:00:00+00:00,21157.127210640327,8147.7102595048855,0.3436353802118284
2023-11-16 00:00:00+00:00,20574.77176814914,8147.7102595048855,0.3436353802118284
2023-11-17 00:00:00+00:00,20729.54857975035,8147.7102595048855,0.3436353802118284
2023-11-18 00:00:00+00:00,20713.803206629047,8147.7102595048855,0.3436353802118284
2023-11-19 00:00:00+00:00,20985.879955265562,8147.7102595048855,0.3436353802118284
2023-11-20 00:00:00+00:00,21016.436013274,8147.7102595048855,0.3436353802118284
2023-11-21 00:00:00+00:00,20429.805746652983,8147.7102595048855,0.3436353802118284
2023-11-22 00:00:00+00:00,21002.539398498233,8147.7102595048855,0.3436353802118284
2023-11-23 00:00:00+00:00,20963.34434703127,8147.7102595048855,0.3436353802118284
2023-11-24 00:00:00+00:00,21107.427225600288,8147.7102595048855,0.3436353802118284
2023-11-25 00:00:00+00:00,21130.4851596125,8147.7102595048855,0.3436353802118284
2023-11-26 00:00:00+00:00,21015.972105510715,8147.7102595048855,0.3436353802118284
2023-11-27 00:00:00+00:00,20945.619634119947,8147.7102595048855,0.3436353802118284
2023-11-28 00:00:00+00:00,21143.612031136596,8147.7102595048855,0.3436353802118284
2023-11-29 00:00:00+00:00,21155.90386868677,8147.7102595048855,0.3436353802118284
2023-11-30 00:00:00+00:00,21057.151341780544,-2625.5514547930106,0.6277894154424285
2023-12-01 00:00:00+00:00,21445.976394650945,5276.072984486473,0.4180157706934417
2023-12-02 00:00:00+00:00,21911.702141899503,-2657.073922717975,0.6227771379624637
2023-12-03 00:00:00+00:00,22331.10597915163,-10921.391111873505,0.8318893425346762
2023-12-04 00:00:00+00:00,24008.163729875567,-10923.784841432273,0.8318893425346762
2023-12-05 00:00:00+00:00,25737.946102476304,-10926.179095644093,0.8318893425346762
2023-12-06 00:00:00+00:00,25477.141537024894,-10928.57387462396,0.8318893425346762
2023-12-07 00:00:00+00:00,25067.494805524104,-10930.969178486892,0.8318893425346762
2023-12-08 00:00:00+00:00,25812.010822857825,-10933.36500734793,0.8318893425346762
2023-12-09 00:00:00+00:00,25429.11660250168,-10935.761361322142,0.8318893425346762
2023-12-10 00:00:00+00:00,25489.86844329101,-10938.158240524623,0.8318893425346762
2023-12-11 00:00:00+00:00,23377.708158249523,-10940.555645070492,0.8318893425346762
2023-12-12 00:00:00+00:00,23574.12346221748,-10942.953575074891,0.8318893425346762
2023-12-13 00:00:00+00:00,24012.112171952165,9420.240306731292,0.34038259940149973
2023-12-14 00:00:00+00:00,24064.26899765846,9420.240306731292,0.34038259940149973
2023-12-15 00:00:00+00:00,23695.98864041001,9420.240306731292,0.34038259940149973
2023-12-16 00:00:00+00:00,23810.946055705877,9420.240306731292,0.34038259940149973
2023-12-17 00:00:00+00:00,23503.451223058553,9420.240306731292,0.34038259940149973
2023-12-18 00:00:00+00:00,23940.21315548059,9420.240306731292,0.34038259940149973
2023-12-19 00:00:00+00:00,23810.2516752031,9420.240306731292,0.34038259940149973
2023-12-20 00:00:00+00:00,24284.384213213423,9420.240306731292,0.34038259940149973
2023-12-21 00:00:00+00:00,24350.033805159994,9420.240306731292,0.34038259940149973
2023-12-22 00:00:00+00:00,24386.536435119808,9420.240306731292,0.34038259940149973
2023-12-23 00:00:00+00:00,24295.695126991537,9420.240306731292,0.34038259940149973
2023-12-24 00:00:00+00:00,24053.798828900868,9420.240306731292,0.34038259940149973
2023-12-25 00:00:00+00:00,24252.796707988964,9420.240306731292,0.34038259940149973
2023-12-26 00:00:00+00:00,23889.540397907687,9420.240306731292,0.34038259940149973
2023-12-27 00:00:00+00:00,24202.665158749114,9420.240306731292,0.34038259940149973
2023-12-28 00:00:00+00:00,23445.730090595825,-12081.808126167109,0.834689844524143
2023-12-29 00:00:00+00:00,23123.899123732663,-2905.6334574436155,0.6187644357667071
2023-12-30 00:00:00+00:00,23141.014628104458,5793.879777288692,0.41165210223604987
2023-12-31 00:00:00+00:00,23200.00437435489,5793.879777288692,0.41165210223604987
2024-01-01 00:00:00+00:00,23980.48441063137,5793.879777288692,0.41165210223604987
2024-01-02 00:00:00+00:00,24434.589972728027,-2970.9316647941096,0.6097309389571415
2024-01-03 00:00:00+00:00,23152.47948983597,-2971.582827898722,0.6097309389571415
2024-01-04 00:00:00+00:00,23445.968922210064,12725.88665969382,0.242804420784901
2024-01-05 00:00:00+00:00,23444.514523729562,12725.88665969382,0.242804420784901
2024-01-06 00:00:00+00:00,23401.589130178996,12725.88665969382,0.242804420784901
2024-01-07 00:00:00+00:00,23392.046916442152,12725.88665969382,0.242804420784901
2024-01-08 00:00:00+00:00,24125.80673214254,12725.88665969382,0.242804420784901
2024-01-09 00:00:00+00:00,23921.598502085606,12725.88665969382,0.242804420784901
2024-01-10 00:00:00+00:00,24053.681678948386,12725.88665969382,0.242804420784901
2024-01-11 00:00:00+00:00,23977.239563152674,12725.88665969382,0.242804420784901
2024-01-12 00:00:00+00:00,23113.722636940627,12725.88665969382,0.242804420784901
2024-01-13 00:00:00+00:00,23129.56805344105,12725.88665969382,0.242804420784901
2024-01-14 00:00:00+00:00,22858.685729436584,12725.88665969382,0.242804420784901
2024-01-15 00:00:00+00:00,23047.769672122828,12725.88665969382,0.242804420784901
2024-01-16 00:00:00+00:00,23199.97162329184,12725.88665969382,0.242804420784901
2024-01-17 00:00:00+00:00,23112.112843630824,12725.88665969382,0.242804420784901
2024-01-18 00:00:00+00:00,22760.38635968182,12725.88665969382,0.242804420784901
2024-01-19 00:00:00+00:00,22840.883309304634,12725.88665969382,0.242804420784901
2024-01-20 00:00:00+00:00,22849.869500917885,12725.88665969382,0.242804420784901
2024-01-21 00:00:00+00:00,22821.77460138886,12725.88665969382,0.242804420784901
2024-01-22 00:00:00+00:00,22333.176837399198,12725.88665969382,0.242804420784901
2024-01-23 00:00:00+00:00,22413.200318401487,12725.88665969382,0.242804420784901
2024-01-24 00:00:00+00:00,22458.67273032608,12725.88665969382,0.242804420784901
2024-01-25 00:00:00+00:00,22428.615971077117,12725.88665969382,0.242804420784901
2024-01-26 00:00:00+00:00,22880.819780435333,12725.88665969382,0.242804420784901
2024-01-27 00:00:00+00:00,22952.961829938944,12725.88665969382,0.242804420784901
2024-01-28 00:00:00+00:00,22931.21383796924,12725.88665969382,0.242804420784901
2024-01-29 00:00:00+00:00,23239.97365161615,12725.88665969382,0.242804420784901
2024-01-30 00:00:00+00:00,23092.46988854328,6655.764299747198,0.38277327755451274
2024-01-31 00:00:00+00:00,22954.250458018352,6655.764299747198,0.38277327755451274
2024-02-01 00:00:00+00:00,23146.762450231618,6655.764299747198,0.38277327755451274
2024-02-02 00:00:00+00:00,23191.569890102146,6655.764299747198,0.38277327755451274
2024-02-03 00:00:00+00:00,23119.26019023932,6655.764299747198,0.38277327755451274
2024-02-04 00:00:00+00:00,22955.352845057707,6655.764299747198,0.38277327755451274
2024-02-05 00:00:00+00:00,23003.513378839612,6655.764299747198,0.38277327755451274
2024-02-06 00:00:00+00:00,23152.890650405265,6655.764299747198,0.38277327755451274
2024-02-07 00:00:00+00:00,23631.606049978815,6655.764299747198,0.38277327755451274
2024-02-08 00:00:00+00:00,24121.29719683135,25.463762625350682,0.5320501590178996
2024-02-09 00:00:00+00:00,25102.461536079438,25.463762625350682,0.5320501590178996
2024-02-10 00:00:00+00:00,25574.162834415627,-12516.360634427363,0.7976890887484034
2024-02-11 00:00:00+00:00,25848.863530916446,19.471780004789252,0.5347701262652779
2024-02-12 00:00:00+00:00,27123.050873577333,-12888.514604558171,0.8015575667125928
2024-02-13 00:00:00+00:00,26945.742942542005,-12891.339484471499,0.8015575667125928
2024-02-14 00:00:00+00:00,28622.645449128497,-12894.164983536588,0.8015575667125928
2024-02-15 00:00:00+00:00,28687.81545916017,-12896.991101889143,0.8015575667125928
2024-02-16 00:00:00+00:00,28880.656938994623,-12899.8178396649,0.8015575667125928
2024-02-17 00:00:00+00:00,28491.903660014796,-12902.645196999621,0.8015575667125928
2024-02-18 00:00:00+00:00,28885.870725235043,-12905.4731740291,0.8015575667125928
2024-02-19 00:00:00+00:00,28592.124825112318,-12908.301770889162,0.8015575667125928
2024-02-20 00:00:00+00:00,28977.321610755716,-12911.130987715658,0.8015575667125928
2024-02-21 00:00:00+00:00,28646.31005928777,-12913.960824644473,0.8015575667125928
2024-02-22 00:00:00+00:00,28424.02810009092,11447.666537689227,0.3309979438321885
2024-02-23 00:00:00+00:00,28243.875849201377,11447.666537689227,0.3309979438321885
2024-02-24 00:00:00+00:00,28889.504754512483,-14099.83330786315,0.833640138487922
2024-02-25 00:00:00+00:00,29020.32199553415,-14102.923682286792,0.833640138487922
2024-02-26 00:00:00+00:00,31307.75726108035,-14106.014734052773,0.833640138487922
2024-02-27 00:00:00+00:00,33439.509553273136,-14109.106463309552,0.833640138487922
2024-02-28 00:00:00+00:00,35293.08432712411,13364.585200070658,0.35123757052947846
2024-02-29 00:00:00+00:00,34141.18208884579,-17617.51169207367,0.8466851632497868
2024-03-01 00:00:00+00:00,35201.536231812046,-17621.37306449933,0.8466851632497868
2024-03-02 00:00:00+00:00,34858.47500295706,-17625.235283253194,0.8466851632497868
2024-03-03 00:00:00+00:00,35808.56364427139,-17629.098348520758,0.8466851632497868
2024-03-04 00:00:00+00:00,40149.667851960054,-17632.96226048756,0.8466851632497868
2024-03-05 00:00:00+00:00,36317.34679044188,-17636.827019339173,0.8466851632497868
2024-03-06 00:00:00+00:00,37280.19703038264,9079.997079710069,0.42679696822946755
2024-03-07 00:00:00+00:00,37599.923443192376,9079.997079710069,0.42679696822946755
2024-03-08 00:00:00+00:00,38155.19483479828,9079.997079710069,0.42679696822946755
2024-03-09 00:00:00+00:00,38235.89360555111,9079.997079710069,0.42679696822946755
2024-03-10 00:00:00+00:00,38728.249412963414,-19078.39573545145,0.8383135005805866
2024-03-11 00:00:00+00:00,39726.90145147023,15474.196236747157,0.3364781426636255
2024-03-12 00:00:00+00:00,39516.23585112995,15474.196236747157,0.3364781426636255
2024-03-13 00:00:00+00:00,40061.4650335021,15474.196236747157,0.3364781426636255
2024-03-14 00:00:00+00:00,39495.014174672164,15474.196236747157,0.3364781426636255
2024-03-15 00:00:00+00:00,38859.37668014773,15474.196236747157,0.3364781426636255
2024-03-16 00:00:00+00:00,38138.44107240476,27201.40460954071,0.16748745705614254
2024-03-17 00:00:00+00:00,38656.45465396086,27201.40460954071,0.16748745705614254
2024-03-18 00:00:00+00:00,38525.229906231936,27201.40460954071,0.16748745705614254
2024-03-19 00:00:00+00:00,37575.14223220984,27201.40460954071,0.16748745705614254
2024-03-20 00:00:00+00:00,38563.83911483252,27201.40460954071,0.16748745705614254
2024-03-21 00:00:00+00:00,38172.04575578851,27201.40460954071,0.16748745705614254
2024-03-22 00:00:00+00:00,37886.541611866895,27201.40460954071,0.16748745705614254
2024-03-23 00:00:00+00:00,37918.92866143784,27201.40460954071,0.16748745705614254
2024-03-24 00:00:00+00:00,38458.23492340948,27201.40460954071,0.16748745705614254
2024-03-25 00:00:00+00:00,38905.42978349852,27201.40460954071,0.16748745705614254
2024-03-26 00:00:00+00:00,38923.51675398601,27201.40460954071,0.16748745705614254
2024-03-27 00:00:00+00:00,38836.75657635636,27201.40460954071,0.16748745705614254
2024-03-28 00:00:00+00:00,39056.26731244871,27201.40460954071,0.16748745705614254
2024-03-29 00:00:00+00:00,38900.493928139076,27201.40460954071,0.16748745705614254
2024-03-30 00:00:00+00:00,38855.54699416349,27201.40460954071,0.16748745705614254
2024-03-31 00:00:00+00:00,39139.91222337712,27201.40460954071,0.16748745705614254
2024-04-01 00:00:00+00:00,38866.87249600963,27201.40460954071,0.16748745705614254
2024-04-02 00:00:00+00:00,38165.801823389455,27201.40460954071,0.16748745705614254
2024-04-03 00:00:00+00:00,38249.426635823016,27201.40460954071,0.16748745705614254
2024-04-04 00:00:00+00:00,38672.250396035815,27201.40460954071,0.16748745705614254
2024-04-05 00:00:00+00:00,38560.50778931167,27201.40460954071,0.16748745705614254
2024-04-06 00:00:00+00:00,38740.620450880706,27201.40460954071,0.16748745705614254
2024-04-07 00:00:00+00:00,38818.39995106301,27201.40460954071,0.16748745705614254
2024-04-08 00:00:00+00:00,39196.85628390164,27201.40460954071,0.16748745705614254
2024-04-09 00:00:00+00:00,38782.492315144744,27201.40460954071,0.16748745705614254
2024-04-10 00:00:00+00:00,39031.22458786968,27201.40460954071,0.16748745705614254
2024-04-11 00:00:00+00:00,38926.57005032815,27201.40460954071,0.16748745705614254
2024-04-12 00:00:00+00:00,38442.57987079844,27201.40460954071,0.16748745705614254
2024-04-13 00:00:00+00:00,37907.95823300067,27201.40460954071,0.16748745705614254
2024-04-14 00:00:00+00:00,38198.93921676801,27201.40460954071,0.16748745705614254
2024-04-15 00:00:00+00:00,37823.4574611667,27201.40460954071,0.16748745705614254
2024-04-16 00:00:00+00:00,37885.99727763146,27201.40460954071,0.16748745705614254
2024-04-17 00:00:00+00:00,37464.595485929065,27201.40460954071,0.16748745705614254
2024-04-18 00:00:00+00:00,37831.84690789064,27201.40460954071,0.16748745705614254
2024-04-19 00:00:00+00:00,37890.12081882419,27201.40460954071,0.16748745705614254
2024-04-20 00:00:00+00:00,38078.13888836627,27201.40460954071,0.16748745705614254
2024-04-21 00:00:00+00:00,38078.232681342226,27201.40460954071,0.16748745705614254
2024-04-22 00:00:00+00:00,38392.80259856136,27201.40460954071,0.16748745705614254
2024-04-23 00:00:00+00:00,38324.91658246736,27201.40460954071,0.16748745705614254
2024-04-24 00:00:00+00:00,37969.10455382272,27201.40460954071,0.16748745705614254
2024-04-25 00:00:00+00:00,38004.06756048319,27201.40460954071,0.16748745705614254
2024-04-26 00:00:00+00:00,37882.08142088549,27201.40460954071,0.16748745705614254
2024-04-27 00:00:00+00:00,37830.49025948849,27201.40460954071,0.16748745705614254
2024-04-28 00:00:00+00:00,37772.981766233686,27201.40460954071,0.16748745705614254
2024-04-29 00:00:00+00:00,37898.15854188831,27201.40460954071,0.16748745705614254
2024-04-30 00:00:00+00:00,37363.20360405099,27201.40460954071,0.16748745705614254
2024-05-01 00:00:00+00:00,36976.80501599876,27201.40460954071,0.16748745705614254
2024-05-02 00:00:00+00:00,37093.31599062529,27201.40460954071,0.16748745705614254
2024-05-03 00:00:00+00:00,37733.35255901964,27201.40460954071,0.16748745705614254
2024-05-04 00:00:00+00:00,37902.51991527005,27201.40460954071,0.16748745705614254
2024-05-05 00:00:00+00:00,37922.611710618505,27201.40460954071,0.16748745705614254
2024-05-06 00:00:00+00:00,37780.7816571088,27201.40460954071,0.16748745705614254
2024-05-07 00:00:00+00:00,37637.89643261963,27201.40460954071,0.16748745705614254
2024-05-08 00:00:00+00:00,37450.46959380095,27201.40460954071,0.16748745705614254
2024-05-09 00:00:00+00:00,37765.51015077442,27201.40460954071,0.16748745705614254
2024-05-10 00:00:00+00:00,37384.6403236796,27201.40460954071,0.16748745705614254
2024-05-11 00:00:00+00:00,37388.994997563066,27201.40460954071,0.16748745705614254
2024-05-12 00:00:00+00:00,37499.201744306,27201.40460954071,0.16748745705614254
2024-05-13 00:00:00+00:00,37743.078555650885,27201.40460954071,0.16748745705614254
2024-05-14 00:00:00+00:00,37514.861821540755,27201.40460954071,0.16748745705614254
2024-05-15 00:00:00+00:00,38290.16293512821,27201.40460954071,0.16748745705614254
2024-05-16 00:00:00+00:00,38127.48404296415,27201.40460954071,0.16748745705614254
2024-05-17 00:00:00+00:00,38427.083931271605,27201.40460954071,0.16748745705614254
2024-05-18 00:00:00+00:00,38408.8612959439,27201.40460954071,0.16748745705614254
2024-05-19 00:00:00+00:00,38301.47001335407,27201.40460954071,0.16748745705614254
2024-05-20 00:00:00+00:00,39167.817308597245,27201.40460954071,0.16748745705614254
2024-05-21 00:00:00+00:00,38724.16952394319,15685.076542487486,0.3284339013789307
2024-05-22 00:00:00+00:00,38401.73939428146,15685.076542487486,0.3284339013789307
2024-05-23 00:00:00+00:00,38008.61386734792,15685.076542487486,0.3284339013789307
2024-05-24 00:00:00+00:00,38199.217197674174,15685.076542487486,0.3284339013789307
2024-05-25 00:00:00+00:00,38442.448776357385,15685.076542487486,0.3284339013789307
2024-05-26 00:00:00+00:00,38185.31787496781,15685.076542487486,0.3284339013789307
2024-05-27 00:00:00+00:00,38490.35414521251,15685.076542487486,0.3284339013789307
2024-05-28 00:00:00+00:00,38149.42661822512,15685.076542487486,0.3284339013789307
2024-05-29 00:00:00+00:00,37904.42478081348,15685.076542487486,0.3284339013789307
2024-05-30 00:00:00+00:00,38272.45469478864,33.32901743097682,0.5594427459634078
2024-05-31 00:00:00+00:00,37558.53977474027,-19083.05032872133,0.8386375735428763
2024-06-01 00:00:00+00:00,37744.59373554932,-19087.232915094748,0.8386375735428763
2024-06-02 00:00:00+00:00,37739.38709460492,-19091.416418199427,0.8386375735428763
2024-06-03 00:00:00+00:00,38291.356143257835,27.802370590128703,0.5560762880438384
2024-06-04 00:00:00+00:00,39252.22260442031,27.802370590128703,0.5560762880438384
2024-06-05 00:00:00+00:00,39569.275060811386,27.802370590128703,0.5560762880438384
2024-06-06 00:00:00+00:00,39397.48085238312,27.802370590128703,0.5560762880438384
2024-06-07 00:00:00+00:00,38594.80697364337,27.802370590128703,0.5560762880438384
2024-06-08 00:00:00+00:00,38569.70569000107,27.802370590128703,0.5560762880438384
2024-06-09 00:00:00+00:00,38757.481530947705,27.802370590128703,0.5560762880438384
2024-06-10 00:00:00+00:00,38697.34744115865,27.802370590128703,0.5560762880438384
2024-06-11 00:00:00+00:00,37459.655082282196,27.802370590128703,0.5560762880438384
2024-06-12 00:00:00+00:00,37987.78853685183,27.802370590128703,0.5560762880438384
2024-06-13 00:00:00+00:00,37158.68991290422,27.802370590128703,0.5560762880438384
2024-06-14 00:00:00+00:00,36915.79781611035,17256.182435077564,0.2976745557170727
2024-06-15 00:00:00+00:00,36970.64732974678,17256.182435077564,0.2976745557170727
2024-06-16 00:00:00+00:00,37104.19008893258,17256.182435077564,0.2976745557170727
2024-06-17 00:00:00+00:00,37052.82932108916,17256.182435077564,0.2976745557170727
2024-06-18 00:00:00+00:00,36657.216859795604,17256.182435077564,0.2976745557170727
2024-06-19 00:00:00+00:00,36597.39915782426,17256.182435077564,0.2976745557170727
2024-06-20 00:00:00+00:00,36529.10915798507,5257.211704773308,0.4820703294884393
2024-06-21 00:00:00+00:00,36178.918808534785,5257.211704773308,0.4820703294884393
2024-06-22 00:00:00+00:00,36184.34900629042,20673.73141356405,0.2413652730863283
2024-06-23 00:00:00+00:00,35930.43273900359,20673.73141356405,0.2413652730863283
2024-06-24 00:00:00+00:00,35226.44023333997,20673.73141356405,0.2413652730863283
2024-06-25 00:00:00+00:00,35591.55589559039,20673.73141356405,0.2413652730863283
2024-06-26 00:00:00+00:00,35364.42634631069,20673.73141356405,0.2413652730863283
2024-06-27 00:00:00+00:00,35567.530396307375,20673.73141356405,0.2413652730863283
2024-06-28 00:00:00+00:00,35258.913517181005,20673.73141356405,0.2413652730863283
2024-06-29 00:00:00+00:00,35393.79808639257,20673.73141356405,0.2413652730863283
2024-06-30 00:00:00+00:00,35824.71474939179,20673.73141356405,0.2413652730863283
2024-07-01 00:00:00+00:00,35820.072112015194,30699.502335115852,0.0814081175036648
2024-07-02 00:00:00+00:00,35757.83397802129,30699.502335115852,0.0814081175036648
2024-07-03 00:00:00+00:00,35600.969490484655,30699.502335115852,0.0814081175036648
2024-07-04 00:00:00+00:00,35343.836252781104,30699.502335115852,0.0814081175036648
2024-07-05 00:00:00+00:00,35336.87056476466,35336.87056476466,0.0
2024-07-06 00:00:00+00:00,35336.87056476466,35336.87056476466,0.0
2024-07-07 00:00:00+00:00,35336.87056476466,35336.87056476466,0.0
2024-07-08 00:00:00+00:00,35336.87056476466,35336.87056476466,0.0
2024-07-09 00:00:00+00:00,35336.87056476466,35336.87056476466,0.0
2024-07-10 00:00:00+00:00,35336.87056476466,35336.87056476466,0.0
2024-07-11 00:00:00+00:00,35336.87056476466,35336.87056476466,0.0
2024-07-12 00:00:00+00:00,35336.87056476466,35336.87056476466,0.0
2024-07-13 00:00:00+00:00,35336.87056476466,35336.87056476466,0.0
2024-07-14 00:00:00+00:00,35336.87056476466,35336.87056476466,0.0
2024-07-15 00:00:00+00:00,35527.64088686166,32307.995944927687,0.04974411312276964
2024-07-16 00:00:00+00:00,35543.55154144399,32307.995944927687,0.04974411312276964
2024-07-17 00:00:00+00:00,35495.99616929862,32307.995944927687,0.04974411312276964
2024-07-18 00:00:00+00:00,35491.01827589842,32307.995944927687,0.04974411312276964
2024-07-19 00:00:00+00:00,35623.93852569151,32307.995944927687,0.04974411312276964
2024-07-20 00:00:00+00:00,35750.56366873105,14254.54952387037,0.3201672170323109
2024-07-21 00:00:00+00:00,36078.85672973163,14254.54952387037,0.3201672170323109
2024-07-22 00:00:00+00:00,35524.52145961722,-18010.640172638552,0.7927375718900678
2024-07-23 00:00:00+00:00,34973.1569768608,14193.351034169573,0.31515109790069534
2024-07-24 00:00:00+00:00,34796.66921052543,14193.351034169573,0.31515109790069534
2024-07-25 00:00:00+00:00,35000.76650403226,30.90498199180547,0.5314572658799962
2024-07-26 00:00:00+00:00,36121.09967879793,30.90498199180547,0.5314572658799962
2024-07-27 00:00:00+00:00,36080.98117559853,-18010.363808656522,0.7966735396412931
2024-07-28 00:00:00+00:00,36144.76897859929,14416.100757076343,0.318369324920761
2024-07-29 00:00:00+00:00,34930.01231469984,-18043.745413868623,0.7932021205544034
2024-07-30 00:00:00+00:00,34591.24962116257,25.172438857887755,0.5222408470161461
2024-07-31 00:00:00+00:00,33776.55389981738,25.172438857887755,0.5222408470161461
2024-08-01 00:00:00+00:00,34155.71119956804,25.172438857887755,0.5222408470161461
2024-08-02 00:00:00+00:00,32142.11238813636,25.172438857887755,0.5222408470161461
2024-08-03 00:00:00+00:00,31988.36059833527,22937.989141184982,0.14910496141882607
2024-08-04 00:00:00+00:00,31610.082802265322,22937.989141184982,0.14910496141882607
2024-08-05 00:00:00+00:00,31597.074661773702,31597.074661773702,0.0
2024-08-06 00:00:00+00:00,31597.074661773702,31597.074661773702,0.0
2024-08-07 00:00:00+00:00,31597.074661773702,31597.074661773702,0.0
2024-08-08 00:00:00+00:00,31597.074661773702,31597.074661773702,0.0
2024-08-09 00:00:00+00:00,31597.074661773702,31597.074661773702,0.0
2024-08-10 00:00:00+00:00,31597.074661773702,31597.074661773702,0.0
2024-08-11 00:00:00+00:00,31597.074661773702,31597.074661773702,0.0
2024-08-12 00:00:00+00:00,31597.074661773702,31597.074661773702,0.0
2024-08-13 00:00:00+00:00,31597.074661773702,31597.074661773702,0.0
2024-08-14 00:00:00+00:00,31597.074661773702,31597.074661773702,0.0
2024-08-15 00:00:00+00:00,31597.074661773702,31597.074661773702,0.0
2024-08-16 00:00:00+00:00,31597.074661773702,31597.074661773702,0.0
2024-08-17 00:00:00+00:00,31597.074661773702,31597.074661773702,0.0
2024-08-18 00:00:00+00:00,31597.074661773702,31597.074661773702,0.0
2024-08-19 00:00:00+00:00,31597.074661773702,31597.074661773702,0.0
2024-08-20 00:00:00+00:00,31597.074661773702,31597.074661773702,0.0
2024-08-21 00:00:00+00:00,31597.074661773702,31597.074661773702,0.0
2024-08-22 00:00:00+00:00,31577.796815766585,30242.91431912626,0.02210954740572267
2024-08-23 00:00:00+00:00,31658.7487126379,30242.91431912626,0.02210954740572267
2024-08-24 00:00:00+00:00,31661.396773130684,30242.91431912626,0.02210954740572267
2024-08-25 00:00:00+00:00,31662.78945352177,30242.91431912626,0.02210954740572267
2024-08-26 00:00:00+00:00,31632.14562081744,30242.91431912626,0.02210954740572267
2024-08-27 00:00:00+00:00,31556.553078237273,30242.91431912626,0.02210954740572267
2024-08-28 00:00:00+00:00,31548.149239268358,30242.91431912626,0.02210954740572267
2024-08-29 00:00:00+00:00,31555.315164678024,30242.91431912626,0.02210954740572267
2024-08-30 00:00:00+00:00,31550.11897884673,30242.91431912626,0.02210954740572267
2024-08-31 00:00:00+00:00,31546.802546735875,30242.91431912626,0.02210954740572267
2024-09-01 00:00:00+00:00,31509.832509232343,30242.91431912626,0.02210954740572267
2024-09-02 00:00:00+00:00,31507.930145072707,31507.930145072707,0.0
2024-09-03 00:00:00+00:00,31507.930145072707,31507.930145072707,0.0
2024-09-04 00:00:00+00:00,31507.930145072707,31507.930145072707,0.0
2024-09-05 00:00:00+00:00,31507.930145072707,31507.930145072707,0.0
2024-09-06 00:00:00+00:00,31507.930145072707,31507.930145072707,0.0
2024-09-07 00:00:00+00:00,31507.930145072707,31507.930145072707,0.0
2024-09-08 00:00:00+00:00,31507.930145072707,31507.930145072707,0.0
2024-09-09 00:00:00+00:00,31507.930145072707,31507.930145072707,0.0
2024-09-10 00:00:00+00:00,31507.930145072707,31507.930145072707,0.0
2024-09-11 00:00:00+00:00,31507.930145072707,31507.930145072707,0.0
2024-09-12 00:00:00+00:00,31507.930145072707,31507.930145072707,0.0
2024-09-13 00:00:00+00:00,31507.930145072707,31507.930145072707,0.0
2024-09-14 00:00:00+00:00,31494.65363645483,30157.590281712448,0.022286978249679696
2024-09-15 00:00:00+00:00,31475.463879572508,30157.590281712448,0.022286978249679696
2024-09-16 00:00:00+00:00,31455.00421066952,30157.590281712448,0.022286978249679696
2024-09-17 00:00:00+00:00,31501.806864993847,30157.590281712448,0.022286978249679696
2024-09-18 00:00:00+00:00,31534.033835542883,30157.590281712448,0.022286978249679696
2024-09-19 00:00:00+00:00,31560.510765703504,30157.590281712448,0.022286978249679696
2024-09-20 00:00:00+00:00,31566.150708419365,30157.590281712448,0.022286978249679696
2024-09-21 00:00:00+00:00,31577.722691583454,20294.638296052515,0.17811001783661387
2024-09-22 00:00:00+00:00,31618.652373682307,20294.638296052515,0.17811001783661387
2024-09-23 00:00:00+00:00,31576.12504472346,20294.638296052515,0.17811001783661387
2024-09-24 00:00:00+00:00,31740.468939281483,20294.638296052515,0.17811001783661387
2024-09-25 00:00:00+00:00,31542.643923570533,20294.638296052515,0.17811001783661387
2024-09-26 00:00:00+00:00,31902.778817435807,20294.638296052515,0.17811001783661387
2024-09-27 00:00:00+00:00,32076.72931915957,11411.261788437725,0.3142083509371962
2024-09-28 00:00:00+00:00,32096.472468293163,-16010.874922164965,0.7304708219268445
2024-09-29 00:00:00+00:00,31905.970009728455,-16014.384155024618,0.7304708219268445
2024-09-30 00:00:00+00:00,30241.06256091502,-16017.894157031198,0.7304708219268445
2024-10-01 00:00:00+00:00,29014.524456676314,21.19888256999002,0.476818578334269
2024-10-02 00:00:00+00:00,28961.853852212585,20705.71004300985,0.13612929632804766
2024-10-03 00:00:00+00:00,28975.933705331794,20705.71004300985,0.13612929632804766
2024-10-04 00:00:00+00:00,29157.433534833017,20705.71004300985,0.13612929632804766
2024-10-05 00:00:00+00:00,29153.621914535834,20705.71004300985,0.13612929632804766
2024-10-06 00:00:00+00:00,29257.340186701134,20705.71004300985,0.13612929632804766
2024-10-07 00:00:00+00:00,29176.219377726287,20705.71004300985,0.13612929632804766
2024-10-08 00:00:00+00:00,29167.573806116496,20705.71004300985,0.13612929632804766
2024-10-09 00:00:00+00:00,28960.048777743275,20705.71004300985,0.13612929632804766
2024-10-10 00:00:00+00:00,28917.89906372122,20705.71004300985,0.13612929632804766
2024-10-11 00:00:00+00:00,29219.236235365952,20705.71004300985,0.13612929632804766
2024-10-12 00:00:00+00:00,29309.92829516562,20705.71004300985,0.13612929632804766
2024-10-13 00:00:00+00:00,29264.161625740133,20705.71004300985,0.13612929632804766
2024-10-14 00:00:00+00:00,29701.67710025959,20705.71004300985,0.13612929632804766
2024-10-15 00:00:00+00:00,30311.724594131287,-14840.59729903134,0.6731703439382544
2024-10-16 00:00:00+00:00,30675.935356122274,-14843.850032685923,0.6731703439382544
2024-10-17 00:00:00+00:00,30539.23935226089,-14847.10347926843,0.6731703439382544
2024-10-18 00:00:00+00:00,31213.342656071753,-14850.357638935118,0.6731703439382544
2024-10-19 00:00:00+00:00,31176.429265967676,-14853.612511842282,0.6731703439382544
2024-10-20 00:00:00+00:00,31613.420352895897,-14856.868098146248,0.6731703439382544
2024-10-21 00:00:00+00:00,30496.410450696356,-14860.124398003376,0.6731703439382544
2024-10-22 00:00:00+00:00,30525.802198810674,-14863.381411570062,0.6731703439382544
2024-10-23 00:00:00+00:00,30012.71891139636,-14866.639139002735,0.6731703439382544
2024-10-24 00:00:00+00:00,31039.162023139514,-14869.897580457859,0.6731703439382544
2024-10-25 00:00:00+00:00,30335.133803543205,24.114419568155427,0.4544494499933514
2024-10-26 00:00:00+00:00,30514.38230010408,24.114419568155427,0.4544494499933514
2024-10-27 00:00:00+00:00,30936.538572180907,24.114419568155427,0.4544494499933514
2024-10-28 00:00:00+00:00,31818.402274387507,24.114419568155427,0.4544494499933514
2024-10-29 00:00:00+00:00,33079.14048305356,24.114419568155427,0.4544494499933514
2024-10-30 00:00:00+00:00,32784.001724745845,-16493.5996803845,0.6811497477927261
2024-10-31 00:00:00+00:00,31382.170167412885,-16497.214715930888,0.6811497477927261
2024-11-01 00:00:00+00:00,30836.35914028694,-16500.83054381383,0.6811497477927261
2024-11-02 00:00:00+00:00,30750.139489978956,-16504.447164206995,0.6811497477927261
2024-11-03 00:00:00+00:00,30338.683665410972,-16508.06457728408,0.6811497477927261
2024-11-04 00:00:00+00:00,29704.33441601511,-16511.68278321883,0.6811497477927261
2024-11-05 00:00:00+00:00,30737.425333189454,-16515.30178218501,0.6811497477927261
2024-11-06 00:00:00+00:00,34956.92035433797,-16518.92157435645,0.6811497477927261
2024-11-07 00:00:00+00:00,34990.35017005603,13968.382593158483,0.27712302012219886
2024-11-08 00:00:00+00:00,35389.80753240072,-17467.469781253603,0.6908564802258526
2024-11-09 00:00:00+00:00,35501.821860477605,-17471.298267781,0.6908564802258526
2024-11-10 00:00:00+00:00,38049.01463088783,-17475.127593428733,0.6908564802258526
2024-11-11 00:00:00+00:00,43764.08059211586,-17478.95775838072,0.6908564802258526
2024-11-12 00:00:00+00:00,43279.42729456807,-17482.78876282091,0.6908564802258526
2024-11-13 00:00:00+00:00,44949.671964774156,-17486.62060693331,0.6908564802258526
2024-11-14 00:00:00+00:00,42838.99645014395,-17490.45329090195,0.6908564802258526
2024-11-15 00:00:00+00:00,45395.808652962514,-17494.286814910916,0.6908564802258526
2024-11-16 00:00:00+00:00,45084.43952655657,-17498.12117914432,0.6908564802258526
2024-11-17 00:00:00+00:00,44575.63659482308,-17501.956383786324,0.6908564802258526
2024-11-18 00:00:00+00:00,44991.903466648815,-17505.792429021127,0.6908564802258526
2024-11-19 00:00:00+00:00,46263.87815123486,-17509.629315032966,0.6908564802258526
2024-11-20 00:00:00+00:00,47625.01393219754,-17513.467042006123,0.6908564802258526
2024-11-21 00:00:00+00:00,48789.79887583469,19037.894481550466,0.30261163461952734
2024-11-22 00:00:00+00:00,49146.76180012654,-24355.60862715197,0.7432590141495622
2024-11-23 00:00:00+00:00,48234.944890880215,-24360.946842741483,0.7432590141495622
2024-11-24 00:00:00+00:00,48398.80098725185,-24366.28622835085,0.7432590141495622
2024-11-25 00:00:00+00:00,46884.83467748267,19337.36310005909,0.29617749291096285
2024-11-26 00:00:00+00:00,46575.37362401465,19337.36310005909,0.29617749291096285
2024-11-27 00:00:00+00:00,47729.85868250694,19337.36310005909,0.29617749291096285
2024-11-28 00:00:00+00:00,47496.58394755991,-23827.56193280535,0.745725406662973
2024-11-29 00:00:00+00:00,48845.61372124027,-23832.78441213309,0.745725406662973
2024-11-30 00:00:00+00:00,48055.87951219601,-23838.00803611383,0.745725406662973
2024-12-01 00:00:00+00:00,48630.22507211576,-23843.23280499846,0.745725406662973
2024-12-02 00:00:00+00:00,47622.32660529355,-23848.458719037913,0.745725406662973
2024-12-03 00:00:00+00:00,47623.86327528673,-23853.68577848318,0.745725406662973
2024-12-04 00:00:00+00:00,49660.15531522734,-23858.913983585313,0.745725406662973
2024-12-05 00:00:00+00:00,48430.676021352716,-23864.143334595414,0.745725406662973
2024-12-06 00:00:00+00:00,49202.33525872521,19350.872829370797,0.29929026494417343
2024-12-07 00:00:00+00:00,49229.61556637487,19350.872829370797,0.29929026494417343
2024-12-08 00:00:00+00:00,49611.98880886754,19350.872829370797,0.29929026494417343
2024-12-09 00:00:00+00:00,48464.77330850474,19350.872829370797,0.29929026494417343
2024-12-10 00:00:00+00:00,48260.21739112334,19350.872829370797,0.29929026494417343
2024-12-11 00:00:00+00:00,49616.600871850336,19350.872829370797,0.29929026494417343
2024-12-12 00:00:00+00:00,49281.18327902475,19350.872829370797,0.29929026494417343
2024-12-13 00:00:00+00:00,49706.16348363488,19350.872829370797,0.29929026494417343
2024-12-14 00:00:00+00:00,49704.89150000887,19350.872829370797,0.29929026494417343
2024-12-15 00:00:00+00:00,50615.92807359628,19350.872829370797,0.29929026494417343
2024-12-16 00:00:00+00:00,51093.19728039481,19350.872829370797,0.29929026494417343
2024-12-17 00:00:00+00:00,51115.667993486815,19350.872829370797,0.29929026494417343
2024-12-18 00:00:00+00:00,49340.9575307394,19350.872829370797,0.29929026494417343
2024-12-19 00:00:00+00:00,48520.25873072274,19350.872829370797,0.29929026494417343
2024-12-20 00:00:00+00:00,48623.08887995225,19350.872829370797,0.29929026494417343
2024-12-21 00:00:00+00:00,48469.418293416675,19350.872829370797,0.29929026494417343
2024-12-22 00:00:00+00:00,47839.196796718425,19350.872829370797,0.29929026494417343
2024-12-23 00:00:00+00:00,47747.97312396344,19350.872829370797,0.29929026494417343
2024-12-24 00:00:00+00:00,48879.92182791145,19350.872829370797,0.29929026494417343
2024-12-25 00:00:00+00:00,49109.184156663985,19350.872829370797,0.29929026494417343
2024-12-26 00:00:00+00:00,48020.36617279708,19350.872829370797,0.29929026494417343
2024-12-27 00:00:00+00:00,47573.65450204936,19350.872829370797,0.29929026494417343
2024-12-28 00:00:00+00:00,47873.235078550526,19350.872829370797,0.29929026494417343
2024-12-29 00:00:00+00:00,47405.80354276071,19350.872829370797,0.29929026494417343
2024-12-30 00:00:00+00:00,47122.63005858379,19350.872829370797,0.29929026494417343
2024-12-31 00:00:00+00:00,47315.24908303814,47315.24908303814,0.0
