entry_time,exit_time,side,qty,entry_price,exit_price,gross_pnl,fees,net_pnl,return_pct,bars_held,duration,exit_reason,mae_pct,mfe_pct
2021-01-09 08:00:00+00:00,2021-01-10 20:00:00+00:00,long,0.251897615171961,39639.21,36540.35125,-780.595128879764,28.784174705582,-809.3793035853461,-8.105933725407242,36,1 days 12:00:00,stop_loss,-11.423285176470465,4.39158600789471
2021-01-12 08:00:00+00:00,2021-01-12 09:00:00+00:00,long,0.2520172521611352,36413.6,35773.23,-161.38428776642496,27.2884898082345,-188.67277757465945,-2.055963280202988,1,0 days 01:00:00,signal,-2.2676692224883,0.23721906101017431
2021-01-13 22:00:00+00:00,2021-01-15 15:00:00+00:00,long,0.2410341627327719,37291.25,36940.11,-84.63673590198539,26.83844055917246,-111.47517646115786,-1.2402025676264525,41,1 days 17:00:00,signal,-1.7437066335936668,7.531927731036103
2021-01-16 09:00:00+00:00,2021-01-16 13:00:00+00:00,long,0.23696070522840615,37462.57,37357.15,-24.980397545178164,26.594000424287827,-51.57439796946599,-0.580978774280564,4,0 days 04:00:00,signal,-2.003519779876284,1.3011120166075196
2021-01-16 16:00:00+00:00,2021-01-16 17:00:00+00:00,long,0.23558047907554266,37463.46,37231.42,-54.66409436468913,26.394983422335255,-81.05907778702439,-0.9184477888587999,1,0 days 01:00:00,signal,-1.4479709028477283,0.6685981487027703
2021-01-18 10:00:00+00:00,2021-01-18 11:00:00+00:00,long,0.2390925672617146,36574.63,36216.63,-85.59513907969382,26.105773841422433,-111.70091292111626,-1.2773523341179391,1,0 days 01:00:00,signal,-1.233368594569506,0.16095856608802084
2021-01-18 12:00:00+00:00,2021-01-18 17:00:00+00:00,long,0.236889745662443,36443.91,36184.31,-61.49657797397158,25.807320845573933,-87.30389881954552,-1.0112590279144191,5,0 days 05:00:00,signal,-1.679375237179559,2.815065672152084
2021-01-18 22:00:00+00:00,2021-01-20 00:00:00+00:00,long,0.2360907528268566,36198.01,35901.94,-69.89938918944736,25.53319721141808,-95.43258640086545,-1.1166910142297868,26,1 days 02:00:00,signal,-0.9778161838178479,4.563759167976356
2021-01-20 01:00:00+00:00,2021-01-20 02:00:00+00:00,long,0.23271299616100874,36313.94,36105.27,-48.56022090891898,25.27933700806993,-73.83955791698891,-0.8737658733808711,1,0 days 01:00:00,signal,-0.8645164914630632,0.27914899897945045
2021-01-25 13:00:00+00:00,2021-01-25 17:00:00+00:00,long,0.24508468006126438,34180.01,33910.95,-65.94248401728501,25.032076719996525,-90.97456073728154,-1.0860044803965971,4,0 days 04:00:00,signal,-1.6074892897924853,2.033322986154773
2021-01-28 17:00:00+00:00,2021-01-28 18:00:00+00:00,long,0.25554285510042685,32425.71,32281.5,-36.851835134032335,24.80319778347434,-61.655032917506674,-0.7440725738927508,1,0 days 01:00:00,signal,-0.8192573115592516,0.1982685961232633
2021-01-28 19:00:00+00:00,2021-01-31 18:00:00+00:00,long,0.2520277609787394,32633.69,32302.32,-83.51443915552463,24.54851581078955,-108.06295496631418,-1.3138998838317058,71,2 days 23:00:00,signal,-2.2010688953654878,18.07399040684643
2021-01-31 21:00:00+00:00,2021-01-31 22:00:00+00:00,long,0.24705550084763372,32853.73,32561.35,-72.23408733783229,24.241733028582043,-96.47582036641434,-1.1886096951548717,1,0 days 01:00:00,signal,-1.0310244833691695,0.13897965314744187
2021-01-31 23:00:00+00:00,2021-02-01 01:00:00+00:00,long,0.243232215480683,32974.1,32546.32,-104.0498771383263,23.905015373737278,-127.95489251206357,-1.5953752490591064,2,0 days 02:00:00,signal,-2.0559772670065257,0.8533667332845996
2021-02-01 02:00:00+00:00,2021-02-22 14:00:00+00:00,long,0.23612730844135774,33425.19,52066.99,4401.838058502101,30.280557534276113,4371.557500967825,55.388052334182674,516,21 days 12:00:00,signal,-0.8733832178665302,74.5773172867529
2021-02-22 15:00:00+00:00,2021-02-22 18:00:00+00:00,long,0.22923122316887048,53472.69,52100.0,-314.66340773167735,36.300835292891975,-350.9642430245693,-2.8632354852542528,3,0 days 03:00:00,signal,-2.8370369996347677,0.973038760533651
2021-02-22 19:00:00+00:00,2021-02-23 03:00:00+00:00,long,0.22370451270304653,53227.23,51218.75,-449.30603967381563,35.04755558953822,-484.35359526335384,-4.067746846867672,8,0 days 08:00:00,signal,-4.370375839584373,3.3107678156462317
2021-03-01 23:00:00+00:00,2021-03-02 06:00:00+00:00,long,0.23248007990294173,49137.73,48673.88,-107.83588506298088,34.10887636235306,-141.94476142533392,-1.2425633316801685,7,0 days 07:00:00,signal,-1.2067712529658992,2.1618214760836363
2021-03-02 09:00:00+00:00,2021-03-02 17:00:00+00:00,long,0.2308949495022662,48861.23,47519.58,-309.7802089997158,33.38076338690627,-343.16097238662206,-3.041718792179406,8,0 days 08:00:00,signal,-3.2652473136677074,1.7166166304040997
2021-03-03 00:00:00+00:00,2021-03-04 19:00:00+00:00,long,0.22584495966139703,48436.61,47600.0,-188.9441517023215,32.534076467200975,-221.4782281695225,-2.024635735242414,43,1 days 19:00:00,signal,-1.7509276557546083,8.678125905177914
2021-03-04 21:00:00+00:00,2021-03-04 22:00:00+00:00,long,0.22226867388021626,48221.0,47955.78,-58.950097686511214,32.06562802300396,-91.01572570951517,-0.8491843180357129,1,0 days 01:00:00,signal,-0.8730636029945504,0.44312643868853474
2021-03-04 23:00:00+00:00,2021-03-05 01:00:00+00:00,long,0.220251616976051,48249.99,46829.84,-312.79033384853915,31.412229448962062,-344.20256329750123,-3.238901697181703,2,0 days 02:00:00,signal,-3.6001872746502017,0.9553369855620719
2021-03-05 14:00:00+00:00,2021-03-05 17:00:00+00:00,long,0.21396571754705956,48061.21,47656.65,-86.56197069083792,30.720510895453486,-117.28248158629142,-1.1404972742051185,3,0 days 03:00:00,signal,-2.4473166613990793,1.3878135818885973
2021-03-05 18:00:00+00:00,2021-03-06 13:00:00+00:00,long,0.21137609078666944,48096.0,47660.75,-92.00144351489787,30.361031222154615,-122.3624747370525,-1.2036034701430471,19,0 days 19:00:00,signal,-1.4433216899534251,2.8129782102461753
2021-03-06 18:00:00+00:00,2021-03-16 00:00:00+00:00,long,0.2081662080870846,48250.7,55605.2,1530.9583773764637,32.42893333570717,1498.5294440407565,14.919402516440176,222,9 days 06:00:00,signal,-0.2920372139678773,28.172233770701773
2021-03-17 00:00:00+00:00,2021-03-17 01:00:00+00:00,long,0.20281722650818737,56900.74,56518.57,-77.51065945463361,34.505084830008485,-112.0157442846421,-0.9706358212564515,1,0 days 01:00:00,signal,-1.1282278578450877,0.507357197815006
2021-03-17 19:00:00+00:00,2021-03-18 20:00:00+00:00,long,0.1984976303420903,57575.51,57294.12,-55.85524820196068,34.20202402990903,-90.0572722318697,-0.7879990033957135,25,1 days 01:00:00,signal,-0.6522043834262248,4.436712762075401
2021-03-18 21:00:00+00:00,2021-03-19 01:00:00+00:00,long,0.1971733442786281,57506.15,56880.0,-123.46008952006326,33.83084960198519,-157.29093912204846,-1.3872068030984537,4,0 days 04:00:00,signal,-2.1483093547385868,1.113706968732897
2021-03-19 04:00:00+00:00,2021-03-21 03:00:00+00:00,long,0.1935212100968177,57779.84,57615.33,-31.836174273026465,33.49711940659199,-65.33329367961845,-0.5842916058611355,47,1 days 23:00:00,signal,-0.5189353241545791,3.6347625746281143
2021-03-21 22:00:00+00:00,2021-03-21 23:00:00+00:00,long,0.19138005766821084,58085.41,57588.25,-95.14650947032837,33.20644758223952,-128.3529570525679,-1.154628141559134,1,0 days 01:00:00,signal,-0.9547836539330667,0.04749901911684784
2021-03-22 11:00:00+00:00,2021-03-22 13:00:00+00:00,long,0.18975051467985485,57908.82,57267.75,-121.64336244581449,32.782220154840495,-154.42558260065496,-1.4053728862028263,2,0 days 02:00:00,signal,-1.814680388928669,0.4347006207344739
2021-03-24 13:00:00+00:00,2021-03-24 14:00:00+00:00,long,0.19040481736975678,56900.0,56761.86,-26.302521471458093,32.4626485428103,-58.76517001426839,-0.5424126362038654,1,0 days 01:00:00,signal,-0.9342355008787329,0.5272407732864748
2021-03-27 17:00:00+00:00,2021-03-28 19:00:00+00:00,long,0.19185686641535854,56163.52,55192.08,-186.37743431053494,32.04650471070315,-218.42393902123808,-2.027069172302582,26,1 days 02:00:00,signal,-1.7882604224236598,0.9558517699745472
2021-03-28 23:00:00+00:00,2021-03-29 06:00:00+00:00,long,0.18987874570932317,55600.01,55048.8,-104.66306342243585,31.514785885543823,-136.17784930797967,-1.2898976367090564,7,0 days 07:00:00,signal,-1.3507731383501476,0.7441545424182516
2021-03-29 07:00:00+00:00,2021-04-03 23:00:00+00:00,long,0.18810558228730825,55401.26,57556.76,405.4615826202929,31.87205118918212,373.5895314311108,3.5848696762492405,136,5 days 16:00:00,signal,-0.07638815434883872,8.661788558599559
2021-04-04 14:00:00+00:00,2021-04-05 01:00:00+00:00,long,0.18569860314154146,58128.15,57908.14,-40.85554967717091,32.32166545009022,-73.17721512726114,-0.6779235791952815,11,0 days 11:00:00,signal,-0.7635887259443197,0.6274068588110859
2021-04-05 14:00:00+00:00,2021-04-06 11:00:00+00:00,long,0.18448945554752644,58113.07,58365.0,46.47842853608839,32.233463576290006,14.244964959798377,0.13286665977206208,21,0 days 21:00:00,signal,-1.7207832936350087e-05,2.3784150450148367
2021-04-06 12:00:00+00:00,2021-04-06 14:00:00+00:00,long,0.183382756083322,58541.34,58414.29,-23.29877916038526,32.17146865329188,-55.47024781367715,-0.516700582870149,2,0 days 02:00:00,signal,-0.34051150861936774,0.7800641392902818
2021-04-09 01:00:00+00:00,2021-04-09 02:00:00+00:00,long,0.18318644984998275,58301.72,57978.34,-59.23883415248827,31.951397069614476,-91.19023122210274,-0.8538343122638656,1,0 days 01:00:00,signal,-0.6314736512061825,0.20193229290661474
2021-04-09 05:00:00+00:00,2021-04-09 06:00:00+00:00,long,0.18196475740627793,58192.76,57947.67,-44.59774239270535,31.700197755016205,-76.29794014772156,-0.7205374775143916,1,0 days 01:00:00,signal,-0.42118641562970405,0.20834206866970906
2021-04-09 11:00:00+00:00,2021-04-09 23:00:00+00:00,long,0.1792991012837307,58633.02,58086.37,-98.01385371675035,31.391522594077898,-129.40537631082825,-1.2309259952838765,12,0 days 12:00:00,signal,-1.300376477281906,0.4466425232744431
2021-04-10 00:00:00+00:00,2021-04-10 01:00:00+00:00,long,0.17858928156021084,58142.55,58109.08,-5.977383253820465,31.141942622855183,-37.119325876675646,-0.35747906653561146,1,0 days 01:00:00,signal,-0.4171471667479332,0.31878546778563166
2021-04-10 02:00:00+00:00,2021-04-16 11:00:00+00:00,long,0.17712190438646702,58414.98,60247.53,324.5847458834194,31.526594625717284,293.0581512577021,2.832417703472629,153,6 days 09:00:00,signal,-0.1372250748010284,11.022891730853956
2021-04-16 12:00:00+00:00,2021-04-16 14:00:00+00:00,long,0.17483200268054663,60853.8,60546.67,-53.6961529832771,31.83703094468943,-85.53318392796653,-0.8039443798086637,2,0 days 02:00:00,signal,-0.9922141263158601,0.5248973769920617
2021-04-16 15:00:00+00:00,2021-04-17 12:00:00+00:00,long,0.1722880714856164,61256.63,60886.93,-63.69490002823188,31.565817595181514,-95.26071762341338,-0.9026212183073034,21,0 days 21:00:00,signal,-0.9077874509257122,2.039648606199851
2021-04-26 10:00:00+00:00,2021-05-04 14:00:00+00:00,long,0.195671857455025,53450.04,55461.35,393.55676361786584,31.966340968962953,361.59042264890286,3.4573274687914126,196,8 days 04:00:00,signal,-2.0937308933725696,10.348729392905987
2021-05-05 14:00:00+00:00,2021-05-06 19:00:00+00:00,long,0.19236024462782164,56247.16,55752.54,-95.14522419781365,32.31643453536395,-127.4616587331776,-1.1780497895360451,29,1 days 05:00:00,signal,-1.4172448884530398,3.756349653920288
2021-05-06 20:00:00+00:00,2021-05-06 21:00:00+00:00,long,0.1904996916823234,56128.42,55913.76,-40.89266381652682,32.01600111812307,-72.90866493464989,-0.6818707350037579,1,0 days 01:00:00,signal,-0.8093760700906949,0.2504613527336108
2021-05-06 22:00:00+00:00,2021-05-07 03:00:00+00:00,long,0.1886377211038961,56296.52,55829.28,-88.13908880858402,31.72673308342685,-119.86582189201087,-1.1287175477276357,5,0 days 05:00:00,signal,-1.414865430403156,1.4666093037367212
2021-05-07 10:00:00+00:00,2021-05-09 13:00:00+00:00,long,0.18672751777077418,56231.46,56433.54,37.73389679111837,31.556483684466414,6.177413106651956,0.058832724599364325,51,2 days 03:00:00,signal,-0.025323902313756363,5.8126536284137
2021-05-09 14:00:00+00:00,2021-05-10 15:00:00+00:00,long,0.18360935461723843,57220.01,56831.59,-71.31754552042877,31.41141100359515,-102.72895652402391,-0.9778002485494243,25,1 days 01:00:00,signal,-0.7078118301622194,3.9846025891991266
2021-05-10 16:00:00+00:00,2021-05-10 18:00:00+00:00,long,0.1784597837327505,58296.35,56985.3,-233.96969946282178,30.85970749103196,-264.8294069538537,-2.545566703575774,2,0 days 02:00:00,signal,-2.481458959265881,0.5100662391384736
2021-05-12 01:00:00+00:00,2021-05-12 10:00:00+00:00,long,0.17681076287711742,57344.48,56855.42,-86.47107169268392,30.287657159235785,-116.7587288519197,-1.1515665500846897,9,0 days 09:00:00,signal,-1.333136162364723,1.1431440306024276
2021-05-26 03:00:00+00:00,2021-05-27 02:00:00+00:00,long,0.2555978174748762,39212.14,37624.6,-405.7717591540652,29.45895456882678,-435.230713722892,-4.342520224603914,23,0 days 23:00:00,signal,-4.361251387963017,4.15396864338442
2021-05-27 06:00:00+00:00,2021-05-28 01:00:00+00:00,long,0.2513967698748538,38138.75,37998.94,-35.14778239620273,28.71115399759944,-63.85893639380217,-0.6660326701845175,19,0 days 19:00:00,signal,-0.8198223591491582,5.958218347481226
2021-05-28 02:00:00+00:00,2021-05-28 05:00:00+00:00,long,0.2496475220582016,38150.57,37324.65,-206.18888141830942,28.263302474696427,-234.45218389300584,-2.4616482270120685,3,0 days 03:00:00,signal,-2.4413265647144966,0.6976828917628186
2021-05-31 11:00:00+00:00,2021-05-31 13:00:00+00:00,long,0.2518749919209265,36883.75,36777.01,-26.88513663763918,27.82995499483396,-54.71509163247314,-0.5889616429999606,2,0 days 02:00:00,signal,-0.7557528721998219,1.0689802419764804
2021-05-31 16:00:00+00:00,2021-05-31 19:00:00+00:00,long,0.2498693518099507,36961.16,36694.27,-66.68763130455942,27.606351827074796,-94.29398313163422,-1.0209991921249404,3,0 days 03:00:00,signal,-0.976592725985892,1.341705725686082
2021-05-31 20:00:00+00:00,2021-05-31 21:00:00+00:00,long,0.24796208777369902,36865.75,36677.85,-46.592076292678406,27.354036897590717,-73.94611319026913,-0.8089226450024792,1,0 days 01:00:00,signal,-0.8366844564399178,0.31196978225047634
2021-05-31 22:00:00+00:00,2021-05-31 23:00:00+00:00,long,0.24551440334320807,36932.55,36879.23,-13.090827986259782,27.18278268960021,-40.27361067585999,-0.44415473613384315,1,0 days 01:00:00,signal,-0.2618286579182949,0.85953989096339
2021-06-01 00:00:00+00:00,2021-06-01 03:00:00+00:00,long,0.24231769215756802,37253.82,36850.0,-97.85273044706905,26.934999963689748,-124.7877304107588,-1.3823434214263122,3,0 days 03:00:00,signal,-1.7013557267415824,1.7206020751697304
2021-06-01 06:00:00+00:00,2021-06-01 07:00:00+00:00,long,0.2389035310475513,37264.66,36917.6,-82.91385948536434,26.583605782631288,-109.49746526799564,-1.2299411560443727,1,0 days 01:00:00,signal,-1.4879244839480665,0.4805088789217482
2021-06-02 08:00:00+00:00,2021-06-04 06:00:00+00:00,long,0.23625276074002313,37219.99,36718.38,-118.50674731480314,26.202216055675954,-144.70896337047907,-1.645668241716348,46,1 days 22:00:00,signal,-1.9344174998434882,6.061285884278855
2021-06-04 10:00:00+00:00,2021-06-04 11:00:00+00:00,long,0.23467197161586864,36854.99,36630.31,-52.726098582653435,25.86741035367539,-78.59350893632882,-0.9087180596168939,1,0 days 01:00:00,signal,-0.8613758950958839,0.4711980657164938
2021-06-04 13:00:00+00:00,2021-06-04 14:00:00+00:00,long,0.23238722970017228,36879.64,36729.32,-34.93244836852983,25.65867344326619,-60.59112181179602,-0.7069847753394549,1,0 days 01:00:00,signal,-0.7410321792729047,0.2944171906233306
2021-06-04 16:00:00+00:00,2021-06-05 10:00:00+00:00,long,0.23031446709545972,36948.86,36325.56,-143.55500734060072,25.31423849104334,-168.86924583164406,-1.984395810858584,18,0 days 18:00:00,signal,-2.6986488893026794,2.6418677057965967
2021-06-07 02:00:00+00:00,2021-06-07 03:00:00+00:00,long,0.22741139307024946,36679.08,36641.4,-8.568861290887066,25.010868746069047,-33.579730036956114,-0.4025747646887553,1,0 days 01:00:00,signal,-0.33828547499010764,0.21922578210793464
2021-06-09 16:00:00+00:00,2021-06-09 19:00:00+00:00,long,0.22850740648974777,36356.42,35886.37,-107.40990642050494,24.76201887072523,-132.17192529123017,-1.590954733716894,3,0 days 03:00:00,signal,-1.486449985999716,1.770196295454829
2021-06-09 20:00:00+00:00,2021-06-12 03:00:00+00:00,long,0.22547258181041,36260.45,35528.73,-164.98279756231182,24.279737640978375,-189.26253520329018,-2.3149292686659813,55,2 days 07:00:00,signal,-2.3729711021236555,6.1514680595524895
2021-06-12 13:00:00+00:00,2021-06-12 15:00:00+00:00,long,0.22158135731925593,36044.36,35660.38,-85.08280958344861,23.832650423136513,-108.91546000658514,-1.3637004790763472,2,0 days 02:00:00,signal,-1.5839926135462035,0.13427898289775086
2021-06-12 19:00:00+00:00,2021-06-12 20:00:00+00:00,long,0.21948812001223023,35892.63,35730.01,-35.69315807638786,23.580477905869138,-59.273635982257,-0.7523939037066812,1,0 days 01:00:00,signal,-0.5784753025899647,0.15267758311385826
2021-06-12 21:00:00+00:00,2021-06-12 23:00:00+00:00,long,0.21722265963689896,35994.5,35693.62,-65.3579538315496,23.358426136153753,-88.71637996770335,-1.1346516273319462,2,0 days 02:00:00,signal,-1.2920862909611253,0.13240911805971756
2021-06-13 02:00:00+00:00,2021-06-13 03:00:00+00:00,long,0.21601869154232387,35785.04,35464.49,-69.24479157389254,23.086845365408326,-92.33163693930086,-1.1944217332158993,1,0 days 01:00:00,signal,-1.0640759378779507,0.18147248123796533
2021-06-13 10:00:00+00:00,2021-06-17 18:00:00+00:00,long,0.21314111966447905,35835.62,37695.12,396.3359120160988,23.50863638003655,372.82727563606227,4.881187740019567,104,4 days 08:00:00,signal,-0.4621658562067643,15.332175081664555
2021-06-17 23:00:00+00:00,2021-06-18 01:00:00+00:00,long,0.21105041676213285,37954.5,37675.51,-58.88095577246701,23.942617695336416,-82.82357346780343,-1.033961756840422,2,0 days 02:00:00,signal,-1.0322359667496617,0.7996416762175773
2021-06-25 03:00:00+00:00,2021-06-25 05:00:00+00:00,long,0.22545333940079726,35162.99,34775.62,-87.33386008368578,23.65183976632499,-110.98569985001076,-1.3999887808175453,2,0 days 02:00:00,signal,-1.5432703532890613,0.15121012177863324
2021-06-27 23:00:00+00:00,2021-07-01 07:00:00+00:00,long,0.22719024925530662,34406.38,33507.15,-204.29628783784844,23.143937712761613,-227.44022555061008,-2.9096356402504306,80,3 days 08:00:00,signal,-2.888592173893334,6.3756198705007705
2021-07-02 01:00:00+00:00,2021-07-02 02:00:00+00:00,long,0.224715510908955,33774.68,33264.04,-114.74872849054866,22.59696032322357,-137.34568881377223,-1.8096339624831368,1,0 days 01:00:00,signal,-1.61268737409207,0.1237317422400519
2021-07-03 00:00:00+00:00,2021-07-03 01:00:00+00:00,long,0.22057761739263507,33786.54,33526.82,-57.288418789215434,22.27173085123906,-79.5601496404545,-1.0675554229583768,1,0 days 01:00:00,signal,-1.0239580614055166,0.37902667748752616
2021-07-03 08:00:00+00:00,2021-07-05 05:00:00+00:00,long,0.2137163464250888,34499.53,34200.15,-63.98239979274253,22.023366915259118,-86.00576670800164,-1.1664782679648025,45,1 days 21:00:00,signal,-1.4479327689391641,4.2560579810797305
2021-07-05 06:00:00+00:00,2021-07-05 07:00:00+00:00,long,0.21216391885515168,34347.2,34311.99,-7.470291582889705,21.85050422373066,-29.320795806620367,-0.4023582271626192,1,0 days 01:00:00,signal,-0.38597032654772434,0.18257674570272275
2021-07-05 11:00:00+00:00,2021-07-05 11:00:00+00:00,long,0.21051488762177686,34477.18,33610.6325,-182.42114958143182,21.500247295275173,-203.92139687670698,-2.809624275390274,0,0 days 00:00:00,stop_loss,-3.414374377486795,0.05519592959748465
2021-07-06 05:00:00+00:00,2021-07-06 10:00:00+00:00,long,0.2035601289833813,34654.84,34204.56,-91.6590548786367,21.025542518577367,-112.68459739721406,-1.5973788942612313,5,0 days 05:00:00,signal,-1.8030093343382791,1.3390337395873253
2021-07-07 04:00:00+00:00,2021-07-07 22:00:00+00:00,long,0.20153046987598455,34445.55,34241.15,-41.192828042651534,20.763694387846183,-61.956522430497714,-0.8925102081400977,18,0 days 18:00:00,signal,-0.9668883208426182,1.781187990901567
2021-07-09 23:00:00+00:00,2021-07-10 00:00:00+00:00,long,0.20248767260976425,33977.2,33815.81,-32.67948548248973,20.590873221165708,-53.27035870365545,-0.77428250414984,1,0 days 01:00:00,signal,-0.6392522044194271,0.1567816064890648
2021-07-10 01:00:00+00:00,2021-07-10 02:00:00+00:00,long,0.20055180976917103,34039.95,33765.42,-55.05748833593029,20.397734498352385,-75.45522283428267,-1.1052838062335544,1,0 days 01:00:00,signal,-0.8077273909039118,0.16971235269147567
2021-07-10 17:00:00+00:00,2021-07-10 17:00:00+00:00,long,0.19846556521833458,34018.15,33226.195,-157.1757967024865,20.018530407242537,-177.19432710972904,-2.624544596046527,0,0 days 00:00:00,stop_loss,-2.336517417907802,0.009906476395671326
2021-07-11 17:00:00+00:00,2021-07-11 18:00:00+00:00,long,0.1933211509851869,34008.19,33892.82,-22.30346118916152,19.69005210938503,-41.99351329854655,-0.638732949327802,1,0 days 01:00:00,signal,-0.3902295300043823,0.09330105483413842
2021-07-11 22:00:00+00:00,2021-07-12 10:00:00+00:00,long,0.18940310528813561,34490.31,33744.375,-141.282405343105,19.38579184103665,-160.66819718414166,-2.459493775208161,12,0 days 12:00:00,stop_loss,-2.4891628982169123,0.5454285566004025
2021-07-21 15:00:00+00:00,2021-08-02 20:00:00+00:00,long,0.20022693948174292,31824.61,39177.85,1472.316740474731,21.32490789221231,1450.9918325825186,22.770856610654455,293,12 days 05:00:00,signal,-0.9687785647648162,33.85552878731271
2021-08-04 22:00:00+00:00,2021-08-04 23:00:00+00:00,long,0.1963217760860711,39837.47,39716.28,-23.792236043871412,23.427200241460916,-47.21943628533233,-0.6037547690654108,1,0 days 01:00:00,signal,-0.8039667177659582,0.3050645535471963
2021-08-05 18:00:00+00:00,2021-08-17 00:00:00+00:00,long,0.19096995976023945,40707.0,45901.3,991.9552619826123,24.80937534885412,967.1458866337582,12.441072911292904,270,11 days 06:00:00,signal,-2.0958066180263857,18.269585083646554
2021-08-17 02:00:00+00:00,2021-08-17 07:00:00+00:00,long,0.1888176844469027,46285.45,45755.66,-100.03372104312336,26.06848389618399,-126.10220493930736,-1.4428976384587244,5,0 days 05:00:00,signal,-1.1892506176346962,0.7227973369601015
2021-08-17 09:00:00+00:00,2021-08-17 15:00:00+00:00,long,0.18648999789005735,46187.99,45948.45,-44.6718140945845,25.773786751796095,-70.44560084638059,-0.8178417376465199,6,0 days 06:00:00,signal,-0.6923011804583767,2.104464818668239
2021-08-19 19:00:00+00:00,2021-08-25 09:00:00+00:00,long,0.18347806752587154,46562.83,47274.52,130.5795058774866,25.82564345962326,104.75386241786335,1.2261582360865846,134,5 days 14:00:00,signal,-0.47829996587406276,8.455607187106096
2021-08-25 13:00:00+00:00,2021-08-26 06:00:00+00:00,long,0.18103104926926095,47770.01,47042.36,-131.727243000778,25.745974237208095,-157.47321723798612,-1.8209511678980215,17,0 days 17:00:00,signal,-1.9522290240257423,3.3134387034878143
2021-08-27 19:00:00+00:00,2021-08-27 20:00:00+00:00,long,0.1756964631441274,48325.49,48293.68,-5.588904492614284,25.463469661381772,-31.052374153996055,-0.36572573811460096,1,0 days 01:00:00,signal,-0.11747423564664183,0.4571707395000013
2021-08-27 21:00:00+00:00,2021-08-29 03:00:00+00:00,long,0.17301503801496698,48895.24,48580.07,-54.52914953117684,25.297041697756036,-79.82619122893288,-0.9436152987489137,30,1 days 06:00:00,signal,-1.1214997615309752,1.5073655431489863
2021-08-29 17:00:00+00:00,2021-08-30 01:00:00+00:00,long,0.17221342326487724,48660.0,48398.8,-44.98214615678543,25.072242308971603,-70.05438846575703,-0.8359806822852385,8,0 days 08:00:00,signal,-0.6720098643649863,1.490793259350598
2021-08-30 19:00:00+00:00,2021-08-30 22:00:00+00:00,long,0.17134992732125381,48496.99,48391.73,-18.036293349834278,24.902812695373967,-42.93910604520825,-0.5167188314161246,3,0 days 03:00:00,signal,-0.6412562924008269,0.41214929008996926
2021-09-01 17:00:00+00:00,2021-09-07 15:00:00+00:00,long,0.17054800554332633,48473.63,47300.0,-200.16025574581363,24.501002370216728,-224.66125811603035,-2.7175403306911354,142,5 days 22:00:00,signal,-2.421172088824375,9.17276052979734
2021-09-14 16:00:00+00:00,2021-09-14 17:00:00+00:00,long,0.17202126401681206,46754.43,46587.81,-28.662183010481677,24.08527516644095,-52.74745817692263,-0.6558380884977159,1,0 days 01:00:00,signal,-0.5164858174936615,0.28756633328648196
2021-09-14 18:00:00+00:00,2021-09-14 19:00:00+00:00,long,0.1709484473385475,46739.75,46507.9,-39.63439751544199,23.91081147820246,-63.54520899364445,-0.7953005204349585,1,0 days 01:00:00,signal,-0.8745018961376472,0.0
2021-09-14 21:00:00+00:00,2021-09-20 03:00:00+00:00,long,0.16939616296089788,46793.49,45946.06,-143.55139037795374,23.564585887080504,-167.11597626503425,-2.108283278293627,126,5 days 06:00:00,signal,-2.0996296707084694,4.380331537570714
2021-09-27 02:00:00+00:00,2021-09-27 07:00:00+00:00,long,0.17526939380758497,44273.4,43728.35,-95.53058309482469,23.13602006475996,-118.66660315958465,-1.5292537392655698,5,0 days 05:00:00,signal,-1.3435155194767012,0.17301585150450993
2021-09-27 09:00:00+00:00,2021-09-27 10:00:00+00:00,long,0.17431441061957523,43836.21,43556.97,-48.67555602140983,22.850835995805674,-71.52639201721551,-0.9360521130818518,1,0 days 01:00:00,signal,-1.069070524116933,0.6685568848219248
2021-09-27 11:00:00+00:00,2021-09-27 13:00:00+00:00,long,0.1729377453315312,43772.19,43544.33,-39.4055946512428,22.650483148493326,-62.05607779973612,-0.8197779914598757,2,0 days 02:00:00,signal,-1.168413095163856,0.20940236255027056
2021-09-30 02:00:00+00:00,2021-09-30 11:00:00+00:00,long,0.17474290862634176,42965.41,42826.78,-24.22460942287057,22.487365227035628,-46.711974649906196,-0.6221709160927468,9,0 days 09:00:00,signal,-0.6246885576094874,2.012293144648214
2021-09-30 12:00:00+00:00,2021-10-22 15:00:00+00:00,long,0.1732264224189346,43072.29,61571.99,3204.6368468235637,27.190731376507905,3177.446115447056,42.58592607915668,531,22 days 03:00:00,signal,-0.5860612472659343,55.55244450666541
2021-10-25 08:00:00+00:00,2021-10-26 05:00:00+00:00,long,0.16970691792872686,62660.65,62459.33,-34.16539671741124,31.85058926565592,-66.01598598306715,-0.620804236789755,21,0 days 21:00:00,signal,-0.6121066410897491,1.6756608812707796
2021-10-26 09:00:00+00:00,2021-10-26 13:00:00+00:00,long,0.16822630573763625,62820.31,62484.01,-56.574506619566336,31.619224269849916,-88.19373088941624,-0.8345334176160475,4,0 days 04:00:00,signal,-0.8505211133150947,0.40163762324636476
2021-10-29 16:00:00+00:00,2021-10-30 15:00:00+00:00,long,0.16821779647414584,62299.99,61178.19,-188.70672408469608,31.156841028356922,-219.863565113053,-2.0979413800868922,23,0 days 23:00:00,signal,-2.611541350167146,1.0915090034524955
2021-10-30 16:00:00+00:00,2021-10-31 09:00:00+00:00,long,0.16717010183657519,61377.2,60792.61,-97.7259698326429,30.634709368582563,-128.36067920122548,-1.2510259754436448,17,0 days 17:00:00,signal,-1.388463468519252,1.6750519736970837
2021-10-31 22:00:00+00:00,2021-11-01 02:00:00+00:00,long,0.16490150838763118,61444.34,60009.3175,-236.6373748201893,30.0418369814171,-266.6792118016064,-2.6319804008798844,4,0 days 04:00:00,stop_loss,-2.350647756978097,0.47353425881051514
2021-11-01 08:00:00+00:00,2021-11-01 17:00:00+00:00,long,0.15867760131344316,62176.29,61034.82,-181.12572157125615,29.326265084950183,-210.45198665620634,-2.133106791994185,9,0 days 09:00:00,signal,-1.8580877051364797,0.42049791005542847
2021-11-01 20:00:00+00:00,2021-11-01 21:00:00+00:00,long,0.15716928981971057,61435.97,60687.89,-117.57520232832935,28.79118051936264,-146.36638284769197,-1.5158315071773125,1,0 days 01:00:00,signal,-1.4143994145449423,0.0305846884162575
2021-11-02 02:00:00+00:00,2021-11-02 03:00:00+00:00,long,0.1550831802377774,61320.0,60909.42,-63.674052142026916,28.43359075832849,-92.1076429003554,-0.9685651174168326,1,0 days 01:00:00,signal,-0.7901174168297498,0.17199934768428182
2021-11-02 05:00:00+00:00,2021-11-04 16:00:00+00:00,long,0.15335324350746224,61412.01,61035.01,-57.814172802313266,28.16647151223465,-85.98064431454793,-0.9129656072159177,59,2 days 11:00:00,signal,-1.6759751064978956,4.653796545659383
2021-11-05 02:00:00+00:00,2021-11-05 11:00:00+00:00,long,0.15104038355072397,61784.0,61573.0,-31.869520929202757,27.94783289049998,-59.817353819702745,-0.6410000971125211,9,0 days 09:00:00,signal,-0.5477955457723671,1.3138029263239703
2021-11-05 14:00:00+00:00,2021-11-05 15:00:00+00:00,long,0.1500997809751226,61773.25,61256.39,-77.58057279480195,27.70008302617228,-105.28065582097422,-1.1354501503482501,1,0 days 01:00:00,signal,-0.9284277579696631,0.124244717575972
2021-11-07 01:00:00+00:00,2021-11-07 09:00:00+00:00,long,0.14804586878298603,61920.19,61685.41,-34.75820907286929,27.44894765766339,-62.20715673053268,-0.6785967549518159,8,0 days 08:00:00,signal,-0.48641646609934863,0.6587027591484995
2021-11-07 10:00:00+00:00,2021-11-12 10:00:00+00:00,long,0.14692277143661583,61970.75,63801.48,268.9759253521562,27.718206902045218,241.25771845011099,2.6497527543236177,120,5 days 00:00:00,signal,-0.6364292831698815,11.342851264507846
2021-11-12 21:00:00+00:00,2021-11-12 22:00:00+00:00,long,0.1457562974576495,64119.43,64070.56,-7.123110256755713,28.026747470299675,-35.14985772705539,-0.3761028209389925,1,0 days 01:00:00,signal,-0.2662063589773056,0.5978842918597405
2021-11-13 00:00:00+00:00,2021-11-13 02:00:00+00:00,long,0.14520260683403885,64122.22,63846.57,-40.02509857380302,27.872102852096525,-67.89720142589954,-0.7292373610894967,2,0 days 02:00:00,signal,-0.4918731759443129,0.5189776648406808
2021-11-13 15:00:00+00:00,2021-11-13 19:00:00+00:00,long,0.1428012056376014,64725.77,64134.68,-84.40836464032931,27.60214142850578,-112.0105060688351,-1.2118522112598995,4,0 days 04:00:00,signal,-1.2448982839447065,0.4236797800937664
2021-11-13 21:00:00+00:00,2021-11-13 22:00:00+00:00,long,0.14187654697714536,64359.3,64365.82,0.9250350862905335,27.39461330222801,-26.469578215937478,-0.2898845699067628,1,0 days 01:00:00,signal,-0.3826952748087753,0.04992285497200655
2021-11-14 01:00:00+00:00,2021-11-14 09:00:00+00:00,long,0.14012740958198278,64974.05,64301.7,-94.21466383244693,27.172613953902015,-121.38727778634896,-1.3332455418740343,8,0 days 08:00:00,signal,-1.4129487079841963,0.35040142949376296
2021-11-15 00:00:00+00:00,2021-11-15 15:00:00+00:00,long,0.1371117502507017,65519.11,64851.0,-91.6057314599964,26.812910943714762,-118.41864240371117,-1.3181881820433774,15,0 days 15:00:00,signal,-1.1433458116265616,1.3472557853731582
2021-11-25 13:00:00+00:00,2021-11-26 04:00:00+00:00,long,0.15114160187219194,58654.92,57900.9,-113.96379064366968,26.4246500134903,-140.38844065715998,-1.5835904814122952,15,0 days 15:00:00,signal,-1.3603632909225616,1.2684016958850242
2021-11-29 00:00:00+00:00,2021-11-30 06:00:00+00:00,long,0.15233587341832,57274.89,56297.88,-148.83367168843313,25.951810671731955,-174.78548236016508,-2.003267321857802,30,1 days 06:00:00,signal,-1.736397922370514,2.7779712889889563
2021-11-30 07:00:00+00:00,2021-12-02 04:00:00+00:00,long,0.15124467483882784,56534.2,56300.12,-35.40335348627198,25.598385058590374,-61.001738544862356,-0.7134291809205658,45,1 days 21:00:00,signal,-1.338004252293301,4.674674798617473
2021-12-02 06:00:00+00:00,2021-12-02 12:00:00+00:00,long,0.14918092034682434,56907.99,56309.51,-89.28179720916683,25.334836274049877,-114.61663348321672,-1.3500850232102664,6,0 days 06:00:00,signal,-1.5285024124028879,0.47033817219690466
2021-12-02 13:00:00+00:00,2021-12-02 14:00:00+00:00,long,0.14817717475311817,56521.13,56450.66,-10.442045504851333,25.109761003503852,-35.551806508355185,-0.42449201741011533,1,0 days 01:00:00,signal,-0.8123156773404916,0.19091974983516113
2021-12-02 15:00:00+00:00,2021-12-02 17:00:00+00:00,long,0.14605899317229662,57097.77,56329.0,-112.28577218106601,24.850499737478486,-137.1362719185445,-1.6443902362561569,2,0 days 02:00:00,signal,-1.9208631090145811,0.47269797051618934
2021-12-02 18:00:00+00:00,2021-12-03 00:00:00+00:00,long,0.14498374373401354,56576.77,56484.26,-13.412446132832834,24.588017099735424,-38.00046323256826,-0.46326707056623195,6,0 days 06:00:00,signal,-0.7842441341207707,1.1386828905220359
2021-12-03 01:00:00+00:00,2021-12-03 02:00:00+00:00,long,0.14447480767526313,56513.44,56494.53,-2.7320186131397306,24.49020709728286,-27.22222571042259,-0.33341087535992053,1,0 days 01:00:00,signal,-0.2809243252578586,0.3782109176153403
2021-12-03 05:00:00+00:00,2021-12-03 15:00:00+00:00,long,0.14380563379016165,56587.4,56239.08,-50.090378361789064,24.3376251970695,-74.42800355885856,-0.9146200744335307,10,0 days 10:00:00,signal,-0.7517044430385589,1.7894442932525623
2021-12-12 04:00:00+00:00,2021-12-12 05:00:00+00:00,long,0.1635362393680506,49305.71,48865.16,-72.04589025359397,24.081742342934668,-96.12763259652864,-1.192166799747931,1,0 days 01:00:00,signal,-0.9768037008289765,0.08481776248632222
2021-12-12 08:00:00+00:00,2021-12-12 09:00:00+00:00,long,0.16160431664261363,49301.2,48965.01,-54.329755212079476,23.82036557416435,-78.15012078624382,-0.9808875138941751,1,0 days 01:00:00,signal,-0.7258038343894158,0.15332284001201568
2021-12-12 12:00:00+00:00,2021-12-13 02:00:00+00:00,long,0.16059768478229317,49124.33,48597.51,-84.60607229700764,23.54085188499853,-108.14692418200617,-1.3708131184689942,14,0 days 14:00:00,signal,-1.1533999547678309,3.3642596245078593
2021-12-15 21:00:00+00:00,2021-12-16 06:00:00+00:00,long,0.1581178492594054,49211.83,48519.31,-109.49977296912407,23.179556493704766,-132.67932946282883,-1.7051117790173704,9,0 days 09:00:00,signal,-1.441868753915465,0.2985461016182356
2021-12-16 07:00:00+00:00,2021-12-16 15:00:00+00:00,long,0.15643404972056207,48894.65,48536.65,-56.00338979996122,22.862359242808502,-78.86574904276972,-1.0310881660877007,8,0 days 08:00:00,signal,-1.0553301843862273,1.1080557893348164
2021-12-16 16:00:00+00:00,2021-12-16 17:00:00+00:00,long,0.15583073458808544,48578.61,48506.57,-11.226046119725812,22.693282375524753,-33.91932849525056,-0.4480732775186463,1,0 days 01:00:00,signal,-0.5683983135787551,0.28576363135957017
2021-12-21 04:00:00+00:00,2021-12-28 05:00:00+00:00,long,0.1572378668353643,47928.48,49050.58,176.43661037596206,22.87317078314821,153.56343959281384,2.037684921366165,169,7 days 01:00:00,signal,-0.016816723584822668,8.678597777354913
2022-01-12 13:00:00+00:00,2022-01-14 10:00:00+00:00,long,0.17764613652082928,43285.52,42077.282499999994,-214.638723874586,22.74655810007338,-237.38528197465936,-3.0871333040471804,45,1 days 21:00:00,stop_loss,-3.1622353156436467,2.8057419663665817
2022-01-14 15:00:00+00:00,2022-01-17 05:00:00+00:00,long,0.17341061832405283,42975.89,42622.99,-61.1966072065585,22.265632062969598,-83.4622392695281,-1.119926358709503,62,2 days 14:00:00,signal,-0.9793630800897901,1.917610083235033
2022-01-17 06:00:00+00:00,2022-01-17 08:00:00+00:00,long,0.1727222242029491,42664.68,42656.03,-1.4940472393557611,22.105174202662205,-23.599221442017964,-0.3202439699536044,2,0 days 02:00:00,signal,-0.050814866067205866,0.7109159145222588
2022-01-17 09:00:00+00:00,2022-01-17 12:00:00+00:00,long,0.1716642782514867,42790.35,42671.3,-20.43663232583874,22.006068698146755,-42.44270102398549,-0.5777996090239871,3,0 days 03:00:00,signal,-0.37576229219905555,0.2562493646347974
2022-01-20 15:00:00+00:00,2022-01-20 21:00:00+00:00,long,0.16996163611573017,42969.67,42044.22624999999,-157.28993388307777,21.673651348834404,-178.96358523191216,-2.450483316197229,6,0 days 06:00:00,stop_loss,-3.864749252205102,1.2458322346901918
2022-01-26 15:00:00+00:00,2022-01-26 16:00:00+00:00,long,0.18639051920229127,38223.51,37985.01,-44.45413882974647,21.306818415657297,-65.76095724540377,-0.9230255934109662,1,0 days 01:00:00,signal,-1.0557376860471535,0.38070810346824135
2022-01-26 17:00:00+00:00,2022-01-26 18:00:00+00:00,long,0.18447314992960628,38264.85,38040.9,-41.312761926734794,21.114543090361583,-62.42730501709637,-0.8843850818701683,1,0 days 01:00:00,signal,-0.673777631429362,0.30095505405092204
2022-01-28 04:00:00+00:00,2022-01-28 07:00:00+00:00,long,0.18731354278420267,37351.83,36907.14,-83.29645934070753,20.864566131308734,-104.16102547201626,-1.4887582616434116,3,0 days 03:00:00,signal,-1.1908653471597086,0.39668739122018515
2022-01-28 16:00:00+00:00,2022-01-28 18:00:00+00:00,long,0.18533707392505597,37188.99,36843.59,-64.0154253337146,20.58147262848393,-84.59689796219853,-1.2273763552062087,2,0 days 02:00:00,signal,-1.1147385287957445,0.5047461627755823
2022-01-28 19:00:00+00:00,2022-02-02 16:00:00+00:00,long,0.183749676014478,37050.56,37429.78,69.68155213821056,20.52860751667225,49.15294462153832,0.721985011832483,117,4 days 21:00:00,signal,-1.1280531252429005,5.977345551592195
2022-02-02 20:00:00+00:00,2022-02-02 21:00:00+00:00,long,0.18253222338665204,37566.56,36647.9525,-167.67546939465365,20.31980996127222,-187.99527935592587,-2.74161187170185,1,0 days 01:00:00,stop_loss,-2.6076649019766585,0.25442840654028576
2022-02-04 06:00:00+00:00,2022-02-04 14:00:00+00:00,long,0.17762783276205824,37547.01,37421.41,-22.310055794914256,19.974716955293616,-42.28477275020787,-0.6340122156198283,8,0 days 08:00:00,signal,-0.4908247021533807,1.8352193689990193
2022-02-04 15:00:00+00:00,2022-02-11 23:00:00+00:00,long,0.17461432955339745,37953.2,42155.0,733.694489917466,20.98205945209421,712.7124304653718,10.754396730710463,176,7 days 08:00:00,signal,-0.1746888272925462,20.730267803505377
2022-02-12 00:00:00+00:00,2022-02-12 01:00:00+00:00,long,0.17319262513417732,42373.73,42311.0,-10.864373374667498,22.00015604621853,-32.86452942088603,-0.4478177753056037,1,0 days 01:00:00,signal,-0.3595387991569443,0.09845722809862512
2022-02-12 02:00:00+00:00,2022-02-12 04:00:00+00:00,long,0.17211721374133027,42447.83,42288.45,-27.432041526094018,21.876858624607813,-49.30890015070183,-0.6749094594470545,2,0 days 02:00:00,signal,-0.6851704786793644,0.07708285676795157
2022-02-12 19:00:00+00:00,2022-02-12 20:00:00+00:00,long,0.16943211177476122,42829.94,42662.47,-28.374795758919458,21.727739350520572,-50.102535109440026,-0.6904250040976034,1,0 days 01:00:00,signal,-0.5168814151969459,0.12309146358833178
2022-02-15 02:00:00+00:00,2022-02-17 10:00:00+00:00,long,0.1658018833473101,43465.97,43216.33,-41.3907821588224,21.55813288931481,-62.94891504813721,-0.8734728570419558,56,2 days 08:00:00,signal,-1.3020990903918617,2.957325006206002
2022-02-25 13:00:00+00:00,2022-02-25 19:00:00+00:00,long,0.18148380780746529,39363.76,38655.33,-128.56857396504267,21.238802302310006,-149.80737626735268,-2.0970014932516614,6,0 days 06:00:00,signal,-2.097995719921064,0.8123461783122288
2022-02-25 21:00:00+00:00,2022-02-27 02:00:00+00:00,long,0.17884096556282572,39109.06,38240.04,-155.41637589340624,20.749781594123345,-176.16615748752957,-2.5187096033502128,29,1 days 05:00:00,signal,-2.280929278279753,3.1690610820101606
2022-02-27 03:00:00+00:00,2022-02-27 20:00:00+00:00,long,0.17696238818836238,38530.22,37604.4,-163.8353182325496,20.20944626852019,-184.04476450106978,-2.699236936617542,17,0 days 17:00:00,signal,-2.6737973466022247,3.4401049358140146
2022-02-28 08:00:00+00:00,2022-02-28 10:00:00+00:00,long,0.17301302032066135,38347.58,38105.83,-41.82589766251988,19.84115306687078,-61.66705072939066,-0.9294722509217008,2,0 days 02:00:00,signal,-0.6442388281085898,0.8485020436752366
2022-02-28 11:00:00+00:00,2022-02-28 14:00:00+00:00,long,0.17127114388742945,38378.07,38002.49,-64.32601622124105,19.622678822943655,-83.9486950441847,-1.2771638594645371,3,0 days 03:00:00,signal,-1.1547740675859952,0.6986802619308286
2022-02-28 15:00:00+00:00,2022-03-04 19:00:00+00:00,long,0.16293809826224587,39826.37,40605.88,127.01187697640242,19.65821678093029,107.35366019547214,1.6543351176619783,100,4 days 04:00:00,signal,-0.5432832567969448,13.994823028059034
2022-03-09 04:00:00+00:00,2022-03-10 04:00:00+00:00,long,0.16003855281156187,41217.73,39600.04625000001,-258.8917662567799,19.400939928747924,-278.29270618552783,-4.21884081043521,24,1 days 00:00:00,stop_loss,-4.531375211589772,3.339169818425214
2022-03-11 12:00:00+00:00,2022-03-11 14:00:00+00:00,long,0.15838314775101195,39894.08,39259.07,-100.57488265337042,18.804787577112016,-119.37967023048245,-1.8893523174365772,2,0 days 02:00:00,signal,-1.7833974364116156,0.8577212458590333
2022-03-14 23:00:00+00:00,2022-03-15 02:00:00+00:00,long,0.15763947976824563,39326.12,38826.87,-78.70151027429664,18.47999502889936,-97.181505303196,-1.5676082079798366,3,0 days 03:00:00,signal,-1.4022995403563887,1.216901133394277
2022-03-15 18:00:00+00:00,2022-03-16 01:00:00+00:00,long,0.15529015901607457,39296.2,39169.82,-19.625570296451098,18.27750108473773,-37.90307138118883,-0.6211262921096631,7,0 days 07:00:00,signal,-0.4493564263211014,1.5050055730579714
2022-03-16 02:00:00+00:00,2022-03-16 04:00:00+00:00,long,0.15348227471362025,39512.49,39160.0,-54.10096701380369,18.11224908387681,-72.2132160976805,-1.1907595168008849,2,0 days 02:00:00,signal,-1.7311235004424996,5.581804639495003
2022-03-16 06:00:00+00:00,2022-04-01 00:00:00+00:00,long,0.15239503602351445,39321.24,45510.35,943.1896414034936,19.391869820973014,923.7977715825207,15.416254968052893,378,15 days 18:00:00,signal,-0.16110885618052517,22.554222603356354
2022-04-01 15:00:00+00:00,2022-04-02 19:00:00+00:00,long,0.14990110188242523,46128.92,45831.61,-44.5670966006635,20.677477165037732,-65.24457376570123,-0.9435529706743573,28,1 days 04:00:00,signal,-1.1032558316995011,2.3501092156503978
2022-04-02 21:00:00+00:00,2022-04-02 23:00:00+00:00,long,0.14832117502631534,46181.06,46110.77,-10.425495392599835,20.53324900639341,-30.958744398993247,-0.45197694682625494,2,0 days 02:00:00,signal,-0.5890293553244441,0.32957233982937595
2022-04-03 05:00:00+00:00,2022-04-03 11:00:00+00:00,long,0.1470686359022316,46364.18,46180.0,-27.08710136047306,20.415519469935877,-47.50262083040894,-0.6966504530005713,6,0 days 06:00:00,signal,-0.521005655659168,0.44392028501312186
2022-04-03 13:00:00+00:00,2022-04-03 17:00:00+00:00,long,0.1459859801088316,46383.12,46293.49,-13.084723397155257,20.294228616020916,-33.378952013176175,-0.49294854464297505,4,0 days 04:00:00,signal,-0.35133470969611613,0.73276657542658
2022-04-03 18:00:00+00:00,2022-04-03 21:00:00+00:00,long,0.14523034991581493,46394.96,46365.01,-4.349648979978235,20.207344351920746,-24.55699333189898,-0.36445759410073225,3,0 days 03:00:00,signal,-0.09251004850526767,0.8097646813360893
2022-04-03 22:00:00+00:00,2022-04-04 00:00:00+00:00,long,0.14289987360829834,46980.0,46407.36,-81.83018362305587,20.017562910918983,-101.84774653397486,-1.517073307790548,2,0 days 02:00:00,signal,-1.5563218390804656,0.9878884631758122
2022-04-04 23:00:00+00:00,2022-04-05 00:00:00+00:00,long,0.1416801511311922,46666.67,46580.5,-12.208578622974585,19.816909707233958,-32.02548833020854,-0.4843730118304954,1,0 days 01:00:00,signal,-0.25589998172143025,0.4800856799938913
2022-04-05 02:00:00+00:00,2022-04-05 07:00:00+00:00,long,0.1410990496560498,46632.23,46609.29,-3.236812199110111,19.734434790728344,-22.971246989838455,-0.34911965393892236,5,0 days 05:00:00,signal,-0.17672326629030177,0.5409563299889175
2022-04-05 08:00:00+00:00,2022-04-05 10:00:00+00:00,long,0.14037307845461547,46710.0,46571.42,-19.452901212240857,19.641300132026906,-39.09420134426776,-0.5962366302718941,2,0 days 02:00:00,signal,-0.32369942196530666,0.05970884178976288
2022-04-05 11:00:00+00:00,2022-04-05 14:00:00+00:00,long,0.1397207092488223,46648.71,46423.91,-31.40921543913464,19.506258717069187,-50.91547415620383,-0.7811768642691206,3,0 days 03:00:00,signal,-0.6767818445568952,1.181790450368303
2022-04-18 19:00:00+00:00,2022-04-21 21:00:00+00:00,long,0.15910421789025356,40646.01,40609.26,-5.847080007466818,19.392084274217076,-25.239164281683898,-0.39027915655189777,74,3 days 02:00:00,signal,-0.551936094096328,5.732395381490085
2022-04-21 22:00:00+00:00,2022-04-21 23:00:00+00:00,long,0.158171131720535,40726.46,40412.0,-49.7384940808393,19.250643066392044,-68.98913714723135,-1.0709688246903835,1,0 days 01:00:00,signal,-2.3951504746545615,0.21887490344114635
2022-04-22 07:00:00+00:00,2022-04-22 09:00:00+00:00,long,0.15666573563505967,40678.1,40407.33,-42.42038123790461,19.054962810352706,-61.475344048257305,-0.9646422645108714,2,0 days 02:00:00,signal,-0.9467010504423667,0.27063702581979765
2022-04-25 23:00:00+00:00,2022-04-26 13:00:00+00:00,long,0.15643011585732408,40346.97,40286.36,-9.481229322112503,18.92022173079277,-28.401451052905273,-0.44999660445381795,14,0 days 14:00:00,signal,-0.39512260771997765,1.1161680790403805
2022-04-28 18:00:00+00:00,2022-04-28 21:00:00+00:00,long,0.15597178807284884,40283.71,39870.0,-64.52708844361815,18.752576204058876,-83.27966464767704,-1.3254503247094152,3,0 days 03:00:00,signal,-1.3632805915840485,0.22073438618239738
2022-05-04 09:00:00+00:00,2022-05-04 14:00:00+00:00,long,0.15910190470769103,38968.53,38712.05,-40.80645651942795,18.538692355197256,-59.3451488746252,-0.9571848617332908,5,0 days 05:00:00,signal,-0.7109069805815049,0.5478010076336082
2022-05-04 15:00:00+00:00,2022-05-05 15:00:00+00:00,long,0.15832197832583045,38786.22,38209.01,-91.38502910945246,18.285055702878495,-109.67008481233096,-1.785950899572062,24,1 days 00:00:00,signal,-1.7942712643820413,3.190695045817815
2022-05-16 00:00:00+00:00,2022-05-16 02:00:00+00:00,long,0.19251257405250136,31328.89,30776.05,-106.42865143918488,17.93397279116423,-124.36262423034911,-2.0619862689038784,2,0 days 02:00:00,signal,-2.050312028290824,3.19194200626427e-05
2022-05-17 06:00:00+00:00,2022-05-17 15:00:00+00:00,long,0.19388813547672246,30466.17,30066.01,-77.58627629236523,17.60470727481202,-95.19098356717726,-1.6114866752204164,9,0 days 09:00:00,signal,-1.7123583305679646,1.0575664745519298
2022-05-17 22:00:00+00:00,2022-05-18 04:00:00+00:00,long,0.1902336518786489,30551.8,29831.4,-137.04432281337824,17.230374972178247,-154.2746977855565,-2.6544255984917347,6,0 days 06:00:00,signal,-2.6817077880844864,0.5177763666952551
2022-05-19 15:00:00+00:00,2022-05-20 15:00:00+00:00,long,0.18943329593939456,29867.7,29489.32,-71.67777051754831,16.866293903610842,-88.54406442115916,-1.5649532103242,24,1 days 00:00:00,signal,-1.5659056438895536,3.0455307907873763
2022-05-22 10:00:00+00:00,2022-05-23 19:00:00+00:00,long,0.18478365715957581,30140.79,29627.647500000003,-94.82034779400729,16.5663456959453,-111.38669348995259,-1.9999315089285918,33,1 days 09:00:00,stop_loss,-3.5250900855617995,1.7574854540972407
2022-05-25 02:00:00+00:00,2022-05-25 08:00:00+00:00,long,0.18322800748125811,29789.69,29701.47,-16.164374819996137,16.350670064323083,-32.515044884319224,-0.5956985118005509,6,0 days 06:00:00,signal,-0.4129616655963897,1.4570477235580581
2022-05-25 09:00:00+00:00,2022-05-25 11:00:00+00:00,long,0.18194667915062954,29821.04,29724.27,-17.6069801414065,16.25110712024216,-33.85808726164866,-0.6240156781923114,2,0 days 02:00:00,signal,-0.4622239868227296,0.18681441022847523
2022-05-25 15:00:00+00:00,2022-05-25 16:00:00+00:00,long,0.18104181768070882,29783.35,29629.35,-27.880439922829158,16.134274801977973,-44.01471472480713,-0.8162918207656291,1,0 days 01:00:00,signal,-0.6156124143187336,0.15125900880861298
2022-05-25 18:00:00+00:00,2022-05-25 20:00:00+00:00,long,0.17999959036536647,29711.64,29599.1,-20.2571538997185,16.013863356400137,-36.27101725611864,-0.6782059489143005,2,0 days 02:00:00,signal,-0.5944471594297673,1.0862072911491882
2022-05-25 21:00:00+00:00,2022-05-26 00:00:00+00:00,long,0.17829691738171655,29792.25,29542.14,-44.59384200634123,15.868708247586824,-60.46255025392805,-1.1382543614530642,3,0 days 03:00:00,signal,-0.8557259018704522,0.29453968733479385
2022-05-26 01:00:00+00:00,2022-05-26 02:00:00+00:00,long,0.1763027362657256,29786.8,29677.28,-19.308675675822343,15.725520020286012,-35.034195696108355,-0.6671281238669492,1,0 days 01:00:00,signal,-0.42139471175151044,0.11112304779299365
2022-05-26 03:00:00+00:00,2022-05-26 08:00:00+00:00,long,0.17499461989672022,29809.56,29028.55625,-136.6714543691631,15.444530682911681,-152.11598505207476,-2.91604748401184,5,0 days 05:00:00,stop_loss,-3.1283923680859527,0.22529685107730568
2022-05-26 18:00:00+00:00,2022-05-26 19:00:00+00:00,long,0.1708792844423418,29638.61,29605.21,-5.707368100374465,15.185312353846346,-20.89268045422081,-0.412521808546357,1,0 days 01:00:00,signal,-0.5351802935427807,0.024225157657520313
2022-05-29 23:00:00+00:00,2022-05-30 01:00:00+00:00,long,0.17140026663759925,29426.81,29322.45,-17.887331826299956,15.104458243142467,-32.99179006944242,-0.654110622252295,2,0 days 02:00:00,signal,-0.4322248996748268,0.24803911806954293
2022-05-30 02:00:00+00:00,2022-06-01 20:00:00+00:00,long,0.1683177932075676,29770.0,29309.24,-77.55410639831858,14.916130951770384,-92.47023735008896,-1.8454110178031524,66,2 days 18:00:00,stop_loss,-1.5754114880752401,8.831037957675502
2022-06-02 08:00:00+00:00,2022-06-02 09:00:00+00:00,long,0.16412321979376218,29968.27,29938.47,-4.890871949853993,14.748130584221647,-19.63900253407564,-0.3992893483674542,1,0 days 01:00:00,signal,-0.1806243737126012,0.17541886802274753
2022-06-02 11:00:00+00:00,2022-06-02 14:00:00+00:00,long,0.16310911052560656,30034.37,29895.29,-22.685215091901053,14.662610305053033,-37.347825396954086,-0.7623748725210422,3,0 days 03:00:00,signal,-1.4561983487584418,0.7244699988713021
2022-06-02 15:00:00+00:00,2022-06-03 11:00:00+00:00,long,0.16177207994692402,30052.08,29821.3,-37.33376061015153,14.528761824078844,-51.86252243423037,-1.0667816337504838,20,0 days 20:00:00,signal,-1.0205949138961556,2.1526629770717953
2022-06-06 01:00:00+00:00,2022-06-07 01:00:00+00:00,long,0.1587305078748042,30301.69,30197.77,-16.495274378349375,14.404665017927101,-30.899939396276476,-0.642436741977092,24,1 days 00:00:00,signal,-0.5632689133840407,4.831248686129386
2022-06-07 20:00:00+00:00,2022-06-08 03:00:00+00:00,long,0.15386328411491806,31059.71,30051.161249999997,-155.17862286499573,14.104079018473392,-169.28270188346912,-3.5422579826888327,7,0 days 07:00:00,stop_loss,-3.91449244052825,1.7060365341466488
2022-06-08 06:00:00+00:00,2022-06-08 11:00:00+00:00,long,0.15090302220835886,30548.89,30382.79,-25.064991988808185,13.792161990348923,-38.85715397915711,-0.8429030318286477,5,0 days 05:00:00,signal,-0.7674255922228257,0.45088381279974055
2022-06-08 14:00:00+00:00,2022-06-08 17:00:00+00:00,long,0.14857461429037666,30766.5,30331.51,-64.62847147017118,13.616419904489366,-78.24489137466054,-1.7117222140965063,3,0 days 03:00:00,signal,-1.7960443989404107,0.09913379812458434
2022-06-08 22:00:00+00:00,2022-06-08 23:00:00+00:00,long,0.1476780741520561,30424.24,30310.55,-16.789520250347604,13.453795231844335,-30.24331548219194,-0.6731217772407867,1,0 days 01:00:00,signal,-0.4631833038393096,0.1084332755723727
2022-06-09 06:00:00+00:00,2022-06-09 13:00:00+00:00,long,0.14721268219058573,30315.29,30112.87,-29.798791129018642,13.343687270162796,-43.142478399181435,-0.966714288400348,7,0 days 07:00:00,signal,-1.0243015983023795,1.2690295886992997
2022-06-09 16:00:00+00:00,2022-06-09 19:00:00+00:00,long,0.14585452261033824,30302.23,30148.23,-22.46159648199209,13.225459477313022,-35.68705595930511,-0.8074511017835981,3,0 days 03:00:00,signal,-0.5290699727379833,0.48765387893894285
2022-06-21 07:00:00+00:00,2022-06-21 12:00:00+00:00,long,0.20687368512801438,21192.08,20962.42,-47.51061052650051,13.080985139593324,-60.59159566609383,-1.3820811831590076,5,0 days 05:00:00,signal,-1.3257311221928192,1.4530428348703772
2022-06-21 13:00:00+00:00,2022-06-22 00:00:00+00:00,long,0.20484904384581948,21106.19,20723.51,-78.39163209891825,12.853161074036212,-91.24479317295446,-2.1103977079709804,11,0 days 11:00:00,signal,-2.6304605426180627,2.9224128087542045
2022-06-22 14:00:00+00:00,2022-06-22 16:00:00+00:00,long,0.20423108093542527,20723.95,20080.85,-131.34100814957245,12.500412617030761,-143.84142076660322,-3.398518139640379,2,0 days 02:00:00,signal,-3.3218088250550726,0.8495002159337295
2022-06-23 07:00:00+00:00,2022-06-23 08:00:00+00:00,long,0.19898507181820363,20548.52,20461.83,-17.25001587591981,12.240671160059502,-29.490687035979313,-0.7212467126586182,1,0 days 01:00:00,signal,-0.601211182119199,0.366693075705693
2022-06-23 09:00:00+00:00,2022-06-23 16:00:00+00:00,long,0.19728197790688498,20576.65,20351.91,-44.33715171479365,12.111700904520925,-56.44885261931458,-1.3905705739272507,7,0 days 07:00:00,signal,-1.405670991147745,1.2274106815249208
2022-06-23 19:00:00+00:00,2022-06-27 14:00:00+00:00,long,0.19592078984929617,20431.92,20737.82,59.93216961489998,12.099011968035244,47.83315764686474,1.1949214268654216,91,3 days 19:00:00,signal,-0.20115583851150198,7.126496188317111
2022-06-27 15:00:00+00:00,2022-06-27 16:00:00+00:00,long,0.19455822001928072,20820.5,20754.74,-12.79414854846759,12.133207036911601,-24.927355585379193,-0.615368795177822,1,0 days 01:00:00,signal,-0.6983021541269396,0.1489397468840803
2022-06-27 19:00:00+00:00,2022-06-27 22:00:00+00:00,long,0.19335765484242567,20821.05,20803.25,-3.441766256195036,12.072565548686368,-15.514331804881405,-0.38536216953515445,3,0 days 03:00:00,signal,-0.4692846902533687,0.6996765292816676
2022-06-28 08:00:00+00:00,2022-06-28 15:00:00+00:00,long,0.19207545355466557,20879.39,20845.09,-6.588188056924889,12.021372630498858,-18.609560687423745,-0.46403041468165146,7,0 days 07:00:00,signal,-0.7793331127010972,1.5934852502874852
2022-07-04 22:00:00+00:00,2022-07-05 10:00:00+00:00,long,0.20000423954391747,19958.76,19770.3,-37.69279898444651,11.918970649642006,-49.61176963408852,-1.2428306668350093,12,0 days 12:00:00,signal,-1.6128256464830404,2.603568558367364
2022-07-05 19:00:00+00:00,2022-07-11 06:00:00+00:00,long,0.19596376847214178,20117.49,20504.4,75.82034165955635,11.940627970291217,63.879713689265124,1.6203669791808013,131,5 days 11:00:00,signal,-1.770797450377759,11.979029193005664
2022-07-11 10:00:00+00:00,2022-07-11 11:00:00+00:00,long,0.19495100000260077,20549.18,20533.0,-3.154307180042137,12.013518109930267,-15.167825289972406,-0.37861982813912914,1,0 days 01:00:00,signal,-0.18487355699838837,0.40590427452580347
2022-07-11 13:00:00+00:00,2022-07-11 14:00:00+00:00,long,0.1938507924450406,20587.68,20377.32,-40.77845269873885,11.911646568766633,-52.69009926750549,-1.3202434659951998,1,0 days 01:00:00,signal,-1.537715760105085,0.8468171255819001
2022-07-11 18:00:00+00:00,2022-07-11 19:00:00+00:00,long,0.19103041148217448,20616.23,20568.7,-9.07967545774753,11.801361187146828,-20.88103664489436,-0.5302006962475624,1,0 days 01:00:00,signal,-0.3031592100010472,0.4853457688432927
2022-07-14 18:00:00+00:00,2022-07-14 20:00:00+00:00,long,0.1889017757164329,20738.17,20608.36,-24.521339505749715,11.715649405069147,-36.236988910818866,-0.9250083059401948,2,0 days 02:00:00,signal,-0.726872236074827,0.780348507124784
2022-07-14 21:00:00+00:00,2022-07-14 22:00:00+00:00,long,0.18766233897586473,20682.33,20475.9,-38.73913663478781,11.585774564859909,-50.32491119964772,-1.2966012291651874,1,0 days 01:00:00,signal,-1.1807663836714832,0.1821361519712683
2022-07-15 08:00:00+00:00,2022-07-16 01:00:00+00:00,long,0.1838720909518516,20835.38,20681.21,-28.34756026204731,11.4506133187361,-39.798173580783406,-1.0388333930074798,17,0 days 17:00:00,signal,-0.95357032125164,1.750004079599221
2022-07-16 02:00:00+00:00,2022-07-16 06:00:00+00:00,long,0.1830024810565599,20717.24,20595.04,-22.36290318511175,11.340374607154947,-33.7032777922667,-0.8889621397444867,4,0 days 04:00:00,signal,-0.7697453907953067,0.2498884986610106
2022-07-16 13:00:00+00:00,2022-07-23 15:00:00+00:00,long,0.18155441539933237,20697.12,22147.7,263.35920388996385,11.667999371984436,251.69120451797943,6.698095048973006,170,7 days 02:00:00,signal,-0.07498627828412818,17.29525653810773
2022-07-23 16:00:00+00:00,2022-07-23 17:00:00+00:00,long,0.180446765985266,22216.9,22189.54,-4.937023517356982,12.019497730378133,-16.956521247735115,-0.4229647700624326,1,0 days 01:00:00,signal,-0.19210600938924793,0.33159441686283486
2022-07-23 20:00:00+00:00,2022-07-23 22:00:00+00:00,long,0.17923612664304245,22272.5,22244.84,-4.957671262946528,11.968673385077068,-16.926344648023594,-0.42400273880345646,2,0 days 02:00:00,signal,-0.22880233471769262,0.4857559771018094
2022-07-23 23:00:00+00:00,2022-07-25 01:00:00+00:00,long,0.1769158166466485,22469.08,22322.47,-25.937627878565237,11.886500470678783,-37.82412834924402,-0.9515179304181594,26,1 days 02:00:00,signal,-0.9432072875257935,2.42804778833845
2022-07-27 19:00:00+00:00,2022-08-02 04:00:00+00:00,long,0.17457167700233583,22554.45,22851.34,51.82858518522338,11.889847358873835,39.938737826349545,1.0143511147467545,129,5 days 09:00:00,signal,0.0,9.370878030721208
2022-08-02 05:00:00+00:00,2022-08-02 06:00:00+00:00,long,0.17397649515842215,22860.83,22852.71,-1.4126891406868436,11.929622205726506,-13.34231134641335,-0.335465991392275,1,0 days 01:00:00,signal,-0.11491271314296725,0.21070975988184415
2022-08-02 07:00:00+00:00,2022-08-02 09:00:00+00:00,long,0.1732988281977883,22873.35,22809.74,-11.023538461660785,11.875238948181151,-22.898777409841934,-0.577679417313148,2,0 days 02:00:00,signal,-0.68962351382722,0.20394913731482944
2022-08-02 12:00:00+00:00,2022-08-02 13:00:00+00:00,long,0.17222949092210513,22882.61,22737.06,-25.068002403712278,11.785578810201647,-36.85358121391393,-0.935118437101359,1,0 days 01:00:00,signal,-0.946395537921596,0.1212274299129179
2022-08-02 15:00:00+00:00,2022-08-03 01:00:00+00:00,long,0.1695617135715673,23025.61,22793.57,-39.34510001714662,11.653768012866127,-50.998868030012744,-1.3062358391373816,10,0 days 10:00:00,signal,-1.2968603220500974,1.886073810856681
2022-08-03 07:00:00+00:00,2022-08-03 23:00:00+00:00,long,0.16720941963207878,23044.99,22932.21,-18.857878346106258,11.531731392462019,-30.38960973856828,-0.7886564498400844,16,0 days 16:00:00,signal,-0.7296162853618227,2.6152755978631204
2022-08-05 12:00:00+00:00,2022-08-05 13:00:00+00:00,long,0.1633502484750848,23403.67,23018.93,-62.847374598303794,11.374714867289207,-74.222089465593,-1.9414643088028416,1,0 days 01:00:00,signal,-2.061300642164232,0.295637393622461
2022-08-07 18:00:00+00:00,2022-08-07 19:00:00+00:00,long,0.16132331310588655,23238.33,23214.59,-3.829815453134005,11.24090843676405,-15.070723889898055,-0.40200556580443425,1,0 days 01:00:00,signal,-0.23224560456797105,0.21055729908301402
2022-08-07 21:00:00+00:00,2022-08-08 00:00:00+00:00,long,0.160498393655501,23264.01,23174.39,-14.383866039405836,11.179932905897425,-25.56379894530326,-0.6846523879589073,3,0 days 03:00:00,signal,-0.9125683835245924,0.5931479568655584
2022-08-08 01:00:00+00:00,2022-08-09 14:00:00+00:00,long,0.15940885781200131,23262.89,23068.42,-31.00024057870008,11.078431812050631,-42.07867239075071,-1.1347126904696756,37,1 days 13:00:00,signal,-1.0748449569249585,4.221788436432439
2022-08-09 22:00:00+00:00,2022-08-09 23:00:00+00:00,long,0.15808719861453516,23191.6,23170.32,-3.364095586517124,10.993839082786783,-14.357934669303908,-0.3916197243829613,1,0 days 01:00:00,signal,-0.317701236654655,0.316493902964865
2022-08-10 13:00:00+00:00,2022-08-15 20:00:00+00:00,long,0.15226696242168025,23983.92,23983.54,-0.05786144571983966,10.955789143925177,-11.013650589645016,-0.30158201828557374,127,5 days 07:00:00,signal,-2.1202539034486323,5.117595455621937
2022-08-15 21:00:00+00:00,2022-08-16 05:00:00+00:00,long,0.15127584474003325,24068.36,23959.0,-16.543526380770125,10.898069181950525,-27.44159556272065,-0.7536909037425091,8,0 days 08:00:00,signal,-1.22625721071149,0.7442551133521436
2022-08-16 08:00:00+00:00,2022-08-16 09:00:00+00:00,long,0.15014108061057324,24067.77,23992.82,-11.253073991762573,10.823803376072565,-22.076877367835138,-0.6109451976647637,1,0 days 01:00:00,signal,-0.41129693361703357,0.05596696328742379
2022-08-16 10:00:00+00:00,2022-08-16 11:00:00+00:00,long,0.1491286999243617,24083.34,24010.1,-10.92218598246049,10.758168273135443,-21.68035425559593,-0.6036544764970373,1,0 days 01:00:00,signal,-0.36680958704232713,0.07926641404389922
2022-08-17 05:00:00+00:00,2022-08-17 08:00:00+00:00,long,0.14832251487764309,24068.29,23788.32,-41.52585449029391,10.647319123077844,-52.17317361337175,-1.4614869398698502,3,0 days 03:00:00,signal,-1.2838053721307197,1.5722762190417239
2022-08-26 13:00:00+00:00,2022-08-26 14:00:00+00:00,long,0.16256729879446885,21638.88,21214.99125,-68.91044907686421,10.449957137997671,-79.36040621486188,-2.2559834745375076,1,0 days 01:00:00,stop_loss,-2.3194361260841623,1.1455768505578723
2022-09-02 15:00:00+00:00,2022-09-02 17:00:00+00:00,long,0.16885781441279407,20363.48,20128.56,-39.66807776185329,10.256096063273151,-49.924173825126445,-1.4519034074725847,2,0 days 02:00:00,signal,-1.3346932842520087,0.18533178022617225
2022-09-05 00:00:00+00:00,2022-09-05 01:00:00+00:00,long,0.16943162487128222,20000.3,19914.13,-14.599923115158093,10.144150096066578,-24.74407321122467,-0.7301972720409106,1,0 days 01:00:00,signal,-0.6113908291375592,0.28484572731408697
2022-09-06 01:00:00+00:00,2022-09-06 02:00:00+00:00,long,0.1673598408289703,20100.26,19771.81,-54.9693397202748,10.009474933082341,-64.97881465335715,-1.9316073772179918,1,0 days 01:00:00,signal,-1.7174404709192737,0.3967112863216826
2022-09-06 09:00:00+00:00,2022-09-06 10:00:00+00:00,long,0.16480797958448917,20017.81,19915.05,-16.935667982102444,9.871880963445397,-26.807548945547843,-0.8125728538736358,1,0 days 01:00:00,signal,-0.7030239571661379,0.06499212451311909
2022-09-09 04:00:00+00:00,2022-09-13 19:00:00+00:00,long,0.1640298083297656,19949.59,20248.52,49.03343060401688,9.890532417778251,39.14289818623863,1.196179144533799,111,4 days 15:00:00,signal,-0.10586683736356628,14.283050428605293
2022-09-21 18:00:00+00:00,2022-09-21 18:00:00+00:00,long,0.16667136582237285,19867.91,19301.29625,-94.43828760623659,9.792577655798585,-104.23086526203518,-3.1476262947386036,0,0 days 00:00:00,stop_loss,-6.049503948830049,0.4433782919290419
2022-09-26 09:00:00+00:00,2022-09-26 10:00:00+00:00,long,0.166411322387606,19273.55,19082.72,-31.75627265122654,9.574376418834092,-41.33064907006063,-1.2886282236536504,1,0 days 01:00:00,signal,-1.0891091677454279,0.23560786673963996
2022-09-26 14:00:00+00:00,2022-09-26 17:00:00+00:00,long,0.1649814463262982,19190.45,19085.07,-17.38574481386547,9.47212597273673,-26.8578707866022,-0.8483036093473629,3,0 days 03:00:00,signal,-1.161306795828132,0.46663835397293685
2022-09-26 18:00:00+00:00,2022-09-27 17:00:00+00:00,long,0.16423647916039363,19114.21,19110.79,-0.5616887587282594,9.416909123859071,-9.97859788258733,-0.3178656088846898,23,0 days 23:00:00,signal,-1.0224853655997235,6.652903782055342
2022-09-28 14:00:00+00:00,2022-09-29 14:00:00+00:00,long,0.16364038497869868,19122.95,18993.22,-21.229067143286507,9.35601709907029,-30.585084242356796,-0.9773819154471437,24,1 days 00:00:00,signal,-1.0769781858970595,3.4882170376432375
2022-09-29 15:00:00+00:00,2022-10-02 10:00:00+00:00,long,0.1614153000516239,19197.36,19262.28,10.479081279351142,9.311961495716155,1.1671197836349867,0.03766424133317421,67,2 days 19:00:00,signal,-0.4159946992711494,5.14466572487049
2022-10-03 15:00:00+00:00,2022-10-07 13:00:00+00:00,long,0.1596555975703387,19416.25,19617.91,32.19614780603448,9.348033210684319,22.848114595350165,0.7370566407004436,94,3 days 22:00:00,signal,-0.5472220433914932,5.452906714736372
2022-10-14 02:00:00+00:00,2022-10-14 16:00:00+00:00,long,0.15723154080144278,19860.69,19358.59,-78.94595663640419,9.249761735284814,-88.195718371689,-2.8243173827293946,14,0 days 14:00:00,signal,-2.8180793315841446,0.19289360037340053
2022-10-16 20:00:00+00:00,2022-10-16 21:00:00+00:00,long,0.15662462882773062,19375.39,19199.845,-27.494670467563697,9.062747795726224,-36.55741826328992,-1.2046614416535524,1,0 days 01:00:00,stop_loss,-1.4161779453213508,0.2603818555394266
2022-10-16 23:00:00+00:00,2022-10-17 01:00:00+00:00,long,0.1553342436086405,19301.35,19230.44,-11.014751214288676,8.977959681805466,-19.992710896094145,-0.6668325531633791,2,0 days 02:00:00,signal,-0.4805881453887828,0.08911293769606754
2022-10-17 06:00:00+00:00,2022-10-18 19:00:00+00:00,long,0.15453336080622132,19272.2,19220.87,-7.93219741018361,8.922695212273702,-16.85489262245731,-0.5659426790921728,37,1 days 13:00:00,signal,-0.49397577858262265,2.254335260115603
2022-10-18 21:00:00+00:00,2022-10-19 01:00:00+00:00,long,0.15292579130829675,19364.74,19233.04,-20.140326715302795,8.853894073865327,-28.99422078916812,-0.9790819293210274,4,0 days 04:00:00,signal,-0.7629330422200487,0.07498164189136958
2022-10-19 02:00:00+00:00,2022-10-19 07:00:00+00:00,long,0.15184848141452484,19311.47,19189.25,-18.558921398483402,8.769413798048738,-27.32833519653214,-0.9319387907808216,5,0 days 05:00:00,signal,-0.8527056718105941,0.04660442731703185
2022-10-19 10:00:00+00:00,2022-10-19 11:00:00+00:00,long,0.15077360730302,19268.16,19217.58,-7.626129057386467,8.703950774289194,-16.33007983167566,-0.5621118466942258,1,0 days 01:00:00,signal,-0.4559854184312373,0.04214206234534057
2022-10-19 16:00:00+00:00,2022-10-19 17:00:00+00:00,long,0.14992907222527066,19267.94,19178.38,-13.427647708494892,8.646331632113803,-22.073979340608695,-0.7641163507878771,1,0 days 01:00:00,signal,-0.5082017070843992,0.059009940865517585
2022-10-20 15:00:00+00:00,2022-10-20 16:00:00+00:00,long,0.14834116231924985,19325.61,19253.88,-10.640511573159726,8.584389582425814,-19.224901155585542,-0.6706087673299811,1,0 days 01:00:00,signal,-0.4027815939574464,0.06752697586258627
2022-10-23 18:00:00+00:00,2022-10-24 04:00:00+00:00,long,0.14621945559934915,19474.75,19332.16,-20.849432173911218,8.511487880539407,-29.360920054450627,-1.0310805786980586,10,0 days 10:00:00,stop_loss,-1.1027099192544187,1.1309516168371836
2022-11-02 09:00:00+00:00,2022-11-02 10:00:00+00:00,long,0.13744583033827698,20504.59,20468.06,-5.020896182257098,8.447279850614407,-13.468176032871506,-0.4778879997112785,1,0 days 01:00:00,signal,-0.41244423809497777,0.17220534524222675
2022-11-02 17:00:00+00:00,2022-11-02 18:00:00+00:00,long,0.13667060028111094,20522.5,20438.28,-11.510397955675323,8.397201585873784,-19.90759954154911,-0.7097632842002738,1,0 days 01:00:00,signal,-0.8143744670483621,0.04862955292970206
2022-11-04 07:00:00+00:00,2022-11-07 08:00:00+00:00,long,0.1351515965871166,20606.08,20635.1,3.922099332957691,8.360716983204991,-4.4386176502473,-0.15937902793740097,73,3 days 01:00:00,signal,-1.242740006832943,4.24423277013386
2022-11-07 09:00:00+00:00,2022-11-07 10:00:00+00:00,long,0.13421496509153164,20716.86,20682.15,-4.658601438326946,8.334550022960954,-12.993151461287901,-0.4672933784366894,1,0 days 01:00:00,signal,-0.1753161434696171,0.1976650901729382
2022-11-07 11:00:00+00:00,2022-11-07 15:00:00+00:00,long,0.1333264740392197,20757.61,20655.04,-13.675296442202727,8.282103907680439,-21.957400349883166,-0.7933908335304484,4,0 days 04:00:00,signal,-0.6328281531448043,0.19814419868182664
2022-11-07 16:00:00+00:00,2022-11-07 17:00:00+00:00,long,0.132223503413287,20764.95,20662.98,-13.48283064305303,8.216619065640623,-21.699449708693653,-0.7903312793914801,1,0 days 01:00:00,signal,-0.5054189872838677,0.18521595284362036
2022-11-07 19:00:00+00:00,2022-11-07 22:00:00+00:00,long,0.13151726670163727,20711.71,20681.97,-3.9113235117064247,8.165975478483343,-12.077298990189767,-0.44337488309752293,3,0 days 03:00:00,signal,-0.4604641528874187,0.8706668836131914
2022-11-18 01:00:00+00:00,2022-11-18 08:00:00+00:00,long,0.15998642405830305,16950.74,16745.84,-32.78121828954653,8.0864930057918,-40.867711295338324,-1.5069835889170704,7,0 days 07:00:00,signal,-1.3357528933840124,0.35550070380407917
2022-11-19 23:00:00+00:00,2022-11-20 02:00:00+00:00,long,0.15957998925804548,16738.2,16684.3,-8.601361421008884,8.000343286465538,-16.601704707474422,-0.621534872327977,3,0 days 03:00:00,signal,-0.40792916801091206,0.2228435554599617
2022-11-20 08:00:00+00:00,2022-11-20 08:00:00+00:00,long,0.15874136996033505,16722.2,16586.1,-21.604700451601946,7.931107759574743,-29.535808211176686,-1.1126672925811325,0,0 days 00:00:00,stop_loss,-0.9639879920106287,0.08497685711210679
2022-11-23 03:00:00+00:00,2022-11-23 05:00:00+00:00,long,0.1589718639944079,16512.44,16508.13,-0.6851687338155279,7.874012344586739,-8.559181078402267,-0.32606238084739547,2,0 days 02:00:00,signal,-0.3042554583089996,0.4927194285035963
2022-11-23 08:00:00+00:00,2022-11-23 14:00:00+00:00,long,0.1577720844122786,16583.84,16395.48,-29.71794981989689,7.8048240883493225,-37.522773908246215,-1.4341007872724325,6,0 days 06:00:00,signal,-1.2116614728555075,0.56325917278508
2022-11-23 19:00:00+00:00,2022-11-23 20:00:00+00:00,long,0.15604005795762096,16527.81,16473.32,-8.502622758111016,7.7242473568004755,-16.226870114911492,-0.6291922220790389,1,0 days 01:00:00,signal,-0.8025866705873352,1.078122267862458
2022-11-23 21:00:00+00:00,2022-11-23 22:00:00+00:00,long,0.15422310761187077,16617.47,16488.41,-19.904034268388244,7.658537540738521,-27.562571809126766,-1.075487544132779,1,0 days 01:00:00,signal,-0.8358673131349192,0.01979844103823236
2022-11-23 23:00:00+00:00,2022-11-25 05:00:00+00:00,long,0.15354527178622526,16511.59,16391.93,-18.373227221939693,7.578269881685248,-25.95149710362494,-1.0236160175973352,30,1 days 06:00:00,signal,-0.9529669765298232,1.8232041856659498
2022-11-25 08:00:00+00:00,2022-11-25 09:00:00+00:00,long,0.1524316857636051,16462.22,16449.37,-1.9587471620626584,7.525153717290912,-9.483900879353572,-0.3779404296625983,1,0 days 01:00:00,signal,-0.25464366288387996,0.20270656084051542
2022-11-25 11:00:00+00:00,2022-11-26 23:00:00+00:00,long,0.15171166825423366,16477.93,16425.29,-7.986102216902771,7.487703595704099,-15.473805812606871,-0.6189784153713448,36,1 days 12:00:00,signal,-0.563966469089261,1.359758173508463
2022-11-27 00:00:00+00:00,2022-11-28 01:00:00+00:00,long,0.1509601709974097,16457.61,16265.868750000001,-28.94529188725695,7.409912921595154,-36.3552048088521,-1.4633137382949233,25,1 days 01:00:00,stop_loss,-2.2336779155661124,0.8651924550405532
2022-11-29 05:00:00+00:00,2022-11-29 15:00:00+00:00,long,0.1489843043806829,16432.22,16362.64,-10.366327898808178,7.328879106542825,-17.695207005351,-0.7228012404897313,10,0 days 10:00:00,signal,-0.6291298436851611,0.7089121250810848
2022-11-29 16:00:00+00:00,2022-12-07 08:00:00+00:00,long,0.14825080864377085,16394.34,16763.03,54.65859063887168,7.373410372501063,47.28518026637062,1.9455125671420663,184,7 days 16:00:00,signal,-0.31565772089635624,6.282107117456381
2022-12-08 19:00:00+00:00,2022-12-12 00:00:00+00:00,long,0.1436505224601996,17248.03,17047.58125,-28.794567663993874,7.3898737112315995,-36.184441375225475,-1.460411228847582,77,3 days 05:00:00,stop_loss,-1.8458919656331618,0.6491755870090765
2022-12-12 21:00:00+00:00,2022-12-16 09:00:00+00:00,long,0.14258465231858664,17123.57,17221.25,13.927668838479583,7.345566327966661,6.582102510512922,0.2695861318638595,84,3 days 12:00:00,signal,-0.2536270181977218,7.383857454958287
2022-12-23 13:00:00+00:00,2022-12-23 14:00:00+00:00,long,0.14509684277374318,16872.39,16842.48,-4.339846567362637,7.337881787290787,-11.677728354653425,-0.4770059546987704,1,0 days 01:00:00,signal,-0.8372257872180433,0.49044622605334265
2022-12-23 20:00:00+00:00,2022-12-23 21:00:00+00:00,long,0.1446423660401596,16844.79,16812.26,-4.705216167286749,7.30235301889793,-12.00756918618468,-0.4928264169514875,1,0 days 01:00:00,signal,-0.34473567197929045,0.040249833924899114
2022-12-24 03:00:00+00:00,2022-12-25 21:00:00+00:00,long,0.14407600143813587,16827.79,16769.01,-8.468787364533982,7.260738907675145,-15.729526272209128,-0.6487791920388979,42,1 days 18:00:00,signal,-0.6346050194351194,0.25077565146700564
2022-12-25 22:00:00+00:00,2022-12-27 15:00:00+00:00,long,0.14312131862886704,16830.3,16771.85,-8.365441073857383,7.213776025147476,-15.57921709900486,-0.6467693683416262,41,1 days 17:00:00,signal,-0.5768762291818885,0.8468654747687321
2023-01-02 08:00:00+00:00,2023-01-03 17:00:00+00:00,long,0.14312422714574471,16721.27,16621.93,-14.217960724658301,7.158329595848993,-21.376290320507294,-0.8932024900022556,33,1 days 09:00:00,signal,-0.6576653567581969,0.4662325289885194
2023-01-03 21:00:00+00:00,2023-01-30 20:00:00+00:00,long,0.14235771558615432,16661.37,22784.86,871.7260478146603,8.423212786929042,863.3028350277314,36.39749105265655,647,26 days 23:00:00,signal,-0.08198605516833712,43.808942481920774
2023-01-31 14:00:00+00:00,2023-01-31 22:00:00+00:00,long,0.1398319186210095,23126.94,22947.66,-25.06906637037442,9.664049576543345,-34.73311594691776,-1.0740370321365422,8,0 days 08:00:00,signal,-1.35880492620295,0.4073171807424725
2023-01-31 23:00:00+00:00,2023-02-01 09:00:00+00:00,long,0.13800489684487574,23181.81,22982.15,-27.55405770404787,9.556278806626455,-37.11033651067432,-1.1599868172502485,10,0 days 10:00:00,signal,-1.0510395866414335,0.029721579117425456
2023-02-01 12:00:00+00:00,2023-02-01 16:00:00+00:00,long,0.13701748963635757,23078.43,22979.73,-13.523626227108592,9.466160190704548,-22.989786417813143,-0.727030564904115,4,0 days 04:00:00,signal,-0.6069303674470006,0.28780120658120634
2023-02-01 19:00:00+00:00,2023-02-05 01:00:00+00:00,long,0.13603991717462924,23075.53,23290.99,29.31116055444599,9.461546310713686,19.849614243732304,0.632315790796583,78,3 days 06:00:00,signal,-1.3663824839559413,5.111345221539887
2023-02-05 02:00:00+00:00,2023-02-05 03:00:00+00:00,long,0.135464495686414,23319.86,23292.22,-3.744238660772404,9.471422865142177,-13.215661525914582,-0.4183477945407881,1,0 days 01:00:00,signal,-0.11946898480522661,0.11891152005201189
2023-02-05 04:00:00+00:00,2023-02-05 12:00:00+00:00,long,0.13475607376346627,23344.53,23111.577499999996,-31.391764273384286,9.390363973550278,-40.78212824693456,-1.2963921794527584,8,0 days 08:00:00,stop_loss,-1.475806109611122,0.3803888962425228
2023-02-07 18:00:00+00:00,2023-02-07 18:00:00+00:00,long,0.13336369149473226,23282.92,22943.26375,-45.297811339257656,9.247341762920708,-54.54515310217836,-1.756633298679891,0,0 days 00:00:00,stop_loss,-2.207068529205092,0.28918194109675
2023-02-07 23:00:00+00:00,2023-02-08 06:00:00+00:00,long,0.1313334338748986,23228.15,23223.74,-0.5791804433882837,9.151029335518595,-9.730209778906879,-0.3189571059253528,7,0 days 07:00:00,signal,-0.19364434963612398,0.9637013709658193
2023-02-14 21:00:00+00:00,2023-02-14 23:00:00+00:00,long,0.13666754301085798,22250.47,22188.07,-8.528054683877738,9.1099591151846,-17.638013799062335,-0.5800228489555566,2,0 days 02:00:00,signal,-0.5742350611020797,0.15518773311304912
2023-02-15 11:00:00+00:00,2023-02-22 07:00:00+00:00,long,0.13597215300616738,22234.74,23950.15,233.24799098830957,9.419788394479514,223.82820259383007,7.403426642272407,164,6 days 20:00:00,signal,-0.05365477626453341,13.561031071197593
2023-02-22 08:00:00+00:00,2023-02-22 09:00:00+00:00,long,0.13494741763442303,24059.73,23965.78,-12.67830988675414,9.721377832614237,-22.39968771936838,-0.6899007802664483,1,0 days 01:00:00,signal,-0.8276069598453506,0.04675862946093012
2023-02-22 10:00:00+00:00,2023-02-22 15:00:00+00:00,long,0.1337520250498332,24107.54,23939.75,-22.44225228311163,9.6396335034849,-32.08188578659653,-0.9949623022506688,5,0 days 05:00:00,signal,-0.7931958217221702,0.5302490424157646
2023-02-23 00:00:00+00:00,2023-02-23 01:00:00+00:00,long,0.13201433859584422,24182.21,24129.96,-6.89774919163286,9.56684875301998,-16.46459794465284,-0.5157438257297411,1,0 days 01:00:00,signal,-0.239349505276798,0.2640370751887611
2023-02-23 02:00:00+00:00,2023-02-23 11:00:00+00:00,long,0.13129530215876165,24189.43,24255.93,8.73113759355765,9.540972269084978,-0.8098346755273287,-0.02549890592709296,9,0 days 09:00:00,signal,-0.09781131676107613,1.6956166391684402
2023-03-01 05:00:00+00:00,2023-03-01 06:00:00+00:00,long,0.13344060887883663,23794.48,23695.14,-13.255990086023651,9.505565712336868,-22.76155579836052,-0.7168655503293208,1,0 days 01:00:00,signal,-0.68297352999519,0.11380790838884103
2023-03-01 07:00:00+00:00,2023-03-01 20:00:00+00:00,long,0.1327182088201931,23752.75,23354.03,-52.91740422078755,9.377891197330346,-62.295295418117895,-1.9761087453031803,13,0 days 13:00:00,signal,-1.787540390060094,1.0409321025986573
2023-03-02 00:00:00+00:00,2023-03-02 02:00:00+00:00,long,0.13077663260754105,23629.76,23514.29,-15.100777767192442,9.24801015972232,-24.34878792691476,-0.7879304529542304,2,0 days 02:00:00,signal,-0.7792292431239134,0.7074553444470055
2023-03-12 23:00:00+00:00,2023-03-22 20:00:00+00:00,long,0.1412602451384067,21703.97,26668.8,701.3331028705155,10.249724022335648,691.0833788481799,22.540903092844296,237,9 days 21:00:00,signal,-0.46982188051311047,33.00815472929606
2023-03-22 21:00:00+00:00,2023-03-24 22:00:00+00:00,long,0.13752399847481414,27311.28,27335.13,3.2799473636246175,11.272789208241104,-7.9928418446164855,-0.21280443465116913,49,2 days 01:00:00,signal,-1.2358263691778615,5.267860019742754
2023-03-25 01:00:00+00:00,2023-03-25 02:00:00+00:00,long,0.13601137010671277,27556.34,27498.54,-7.861457192167899,11.232134489790988,-19.093591681958888,-0.5094374652076411,1,0 days 01:00:00,signal,-0.4947681731318432,0.0354909251373714
2023-03-25 03:00:00+00:00,2023-03-25 05:00:00+00:00,long,0.13510711959262328,27599.66,27535.26,-8.700898501765137,11.173680345254576,-19.874578847019713,-0.5329862034532362,2,0 days 02:00:00,signal,-0.3880120262351072,0.14594382684423035
2023-03-26 12:00:00+00:00,2023-03-26 17:00:00+00:00,long,0.13310382103132876,27865.96,27699.27,-22.187075927712016,11.09391664422693,-33.280992571938945,-0.8972877482060503,5,0 days 05:00:00,signal,-0.8281788964026315,1.178642329207391
2023-03-26 18:00:00+00:00,2023-03-27 06:00:00+00:00,long,0.13204467617434723,27837.81,27715.19,-16.1913181924988,11.003216843270268,-27.194535035769068,-0.7398193320523511,12,0 days 12:00:00,signal,-0.6002627361850754,1.0963146885476949
2023-03-27 07:00:00+00:00,2023-03-27 13:00:00+00:00,long,0.131314301681637,27785.86,27749.99,-4.710244001320185,10.93897704156921,-15.649221042889394,-0.42890079702409417,6,0 days 06:00:00,signal,-0.343699997048863,0.7572916584190681
2023-03-29 07:00:00+00:00,2023-03-31 08:00:00+00:00,long,0.12951005871726723,28052.3,27738.48,-40.64284662665276,10.838200790523207,-51.48104741717597,-1.4170181054672868,49,2 days 01:00:00,signal,-1.9270790630358303,4.036674354687508
2023-03-31 09:00:00+00:00,2023-04-03 02:00:00+00:00,long,0.12884883748281672,27797.31,27709.85,-11.269119326247507,10.728049556959057,-21.997168883206562,-0.6141628092790372,65,2 days 17:00:00,signal,-0.853715701267499,3.6780537397323565
2023-04-03 08:00:00+00:00,2023-04-03 17:00:00+00:00,long,0.12731933303480145,27958.73,27930.83,-3.5522093916706825,10.673732254212776,-14.22594164588346,-0.39964025547654636,9,0 days 09:00:00,signal,-0.14406949099619037,1.9395015438827157
2023-04-03 19:00:00+00:00,2023-04-03 20:00:00+00:00,long,0.125940687034891,28152.0,27488.62875,-83.54543098419445,10.511128517742463,-94.05655950193692,-2.6528566109867864,1,0 days 01:00:00,stop_loss,-2.4580846831486203,0.3073671497584529
2023-04-04 07:00:00+00:00,2023-04-05 15:00:00+00:00,long,0.12292722255482376,28078.13,28105.19,3.326410642333245,10.35968922226332,-7.0332785799300765,-0.20377062147658098,32,1 days 08:00:00,signal,-0.5232898344725956,2.4818960521943545
2023-04-05 20:00:00+00:00,2023-04-05 21:00:00+00:00,long,0.12197116605608227,28240.64,28150.61,-10.981064080028945,10.317159776790074,-21.298223856819018,-0.6183176974742741,1,0 days 01:00:00,signal,-0.38179021438607963,0.210193536690384
2023-04-05 22:00:00+00:00,2023-04-05 23:00:00+00:00,long,0.1214744039649245,28181.06,28175.28,-0.7021220549175641,10.26877921671695,-10.970901271634514,-0.32047946386687537,1,0 days 01:00:00,signal,-0.17352079730145187,0.1954859043627133
2023-04-09 20:00:00+00:00,2023-04-17 12:00:00+00:00,long,0.12126059986448284,28140.41,29570.8,173.44994944015755,10.49714391525771,162.95280552489984,4.775421484619448,184,7 days 16:00:00,signal,-0.1631461659584943,10.161863313292162
2023-04-18 12:00:00+00:00,2023-04-18 18:00:00+00:00,long,0.1176748621222884,30380.59,30025.51,-41.78399004238237,10.662419233267748,-52.44640927565012,-1.4670194028489958,6,0 days 06:00:00,signal,-1.206197772985973,0.3436733782984369
2023-04-18 19:00:00+00:00,2023-04-19 07:00:00+00:00,long,0.1168592573091064,30144.5,30008.13,-15.93609691924272,10.54408750048421,-26.480184419726932,-0.7517090845759559,12,0 days 12:00:00,signal,-0.45945363167410047,1.013451873476101
2023-04-26 02:00:00+00:00,2023-04-26 19:00:00+00:00,long,0.12314105718156307,28392.02,27844.87,-67.37662943689242,10.387605130804907,-77.76423456769733,-2.224235313302828,17,0 days 17:00:00,stop_loss,-2.458296380461833,5.790288961475798
2023-04-26 21:00:00+00:00,2023-05-01 02:00:00+00:00,long,0.12031569617542054,28413.38,28504.36,10.946322038039709,10.272146269247372,0.6741757687923373,0.019720955409034634,101,4 days 05:00:00,signal,-1.142067575205763,5.476328405842601
2023-05-01 04:00:00+00:00,2023-05-01 05:00:00+00:00,long,0.119717110087841,28561.07,28555.01,-0.7254856871324733,10.256658055718901,-10.982143742851374,-0.3211858659356996,1,0 days 01:00:00,signal,-0.26182492462641926,0.10073152021266019
2023-05-01 07:00:00+00:00,2023-05-01 09:00:00+00:00,long,0.1191943253880482,28594.34,28574.45,-2.3707751319682093,10.221293035951494,-12.592068167919704,-0.36945488163041856,2,0 days 02:00:00,signal,-0.15471593329309252,0.418264593622375
2023-05-01 13:00:00+00:00,2023-05-01 14:00:00+00:00,long,0.1187463931674109,28596.32,28457.84,-16.44400052582301,10.162463572794552,-26.60646409861756,-0.7835317271592974,1,0 days 01:00:00,signal,-0.5376216240411291,0.11574915933239005
2023-05-02 19:00:00+00:00,2023-05-02 20:00:00+00:00,long,0.11731449476420558,28718.9,28686.13,-3.8443959934230683,10.101663137061095,-13.946059130484166,-0.4139348826034439,1,0 days 01:00:00,signal,-0.22020342004742677,0.5605367893616986
2023-05-02 23:00:00+00:00,2023-05-03 00:00:00+00:00,long,0.11675639699293765,28736.91,28669.85,-7.829683982346552,10.05390969095744,-17.88359367330399,-0.5330083853831233,1,0 days 01:00:00,signal,-0.38876831225069797,0.11577445174169032
2023-05-03 22:00:00+00:00,2023-05-04 14:00:00+00:00,long,0.11538568300099286,28923.53,28761.52,-18.69363450299067,9.984043339794635,-28.677677842785307,-0.8592919847611907,16,0 days 16:00:00,signal,-0.8985417755025038,1.5776082656577595
2023-05-05 01:00:00+00:00,2023-05-06 14:00:00+00:00,long,0.11433996776844649,28937.62,28935.84,-0.20352514262770163,9.925874326572714,-10.129399469200417,-0.30614193565330816,37,1 days 13:00:00,signal,-0.47557470172046035,3.049248694260287
2023-05-07 01:00:00+00:00,2023-05-07 02:00:00+00:00,long,0.11397032380734445,28942.73,28887.78,-6.26266929321366,9.886442925965806,-16.149112219179468,-0.48957290829165295,1,0 days 01:00:00,signal,-0.44311645791533794,0.6756791774652937
2023-05-07 07:00:00+00:00,2023-05-07 09:00:00+00:00,long,0.11352368443914107,28914.56,28857.06,-6.527611855250612,9.837670737626958,-16.36528259287757,-0.49856345730317186,2,0 days 02:00:00,signal,-0.24485933730273857,0.1572564133778931
2023-05-07 13:00:00+00:00,2023-05-07 19:00:00+00:00,long,0.11294096743465684,28919.06,28857.5,-6.952645955277623,9.788010872169746,-16.740656827447367,-0.5125506845658236,6,0 days 06:00:00,signal,-0.38749530586402736,0.6114306619924736
2023-05-07 20:00:00+00:00,2023-05-07 22:00:00+00:00,long,0.11240699391645827,28907.73,28772.84,-15.16257940939099,9.72554922163177,-24.88812863102276,-0.7659226615164851,2,0 days 02:00:00,signal,-0.5456326041512027,0.1561520050173515
2023-05-15 07:00:00+00:00,2023-05-15 08:00:00+00:00,long,0.11736142189576382,27475.64,27407.47,-8.000528130634015,9.661739741492422,-17.662267872126435,-0.5477385240161767,1,0 days 01:00:00,signal,-0.3206840677778544,0.08145397159082801
2023-05-15 09:00:00+00:00,2023-05-15 10:00:00+00:00,long,0.11689385597658819,27434.67,27390.51,-5.162032679926117,9.613090042215784,-14.775122722141901,-0.46072276429787506,1,0 days 01:00:00,signal,-0.36329943097547224,0.18527651325859207
2023-05-15 11:00:00+00:00,2023-05-15 12:00:00+00:00,long,0.11643275264567468,27416.61,27336.12,-9.371672260450541,9.562516603148119,-18.93418886359866,-0.5931407821754827,1,0 days 01:00:00,signal,-0.36860866460149966,0.13878448137825128
2023-05-15 15:00:00+00:00,2023-05-15 23:00:00+00:00,long,0.11579343625218111,27404.71,27310.16,-10.948269397643639,9.503434217087065,-20.451703614730704,-0.644496165075271,8,0 days 08:00:00,signal,-0.5635892516286489,0.944655134099226
2023-05-16 08:00:00+00:00,2023-05-16 09:00:00+00:00,long,0.11569049493250874,27252.58,27202.21,-5.8273302297507685,9.449852409818742,-15.27718263956951,-0.484549297717877,1,0 days 01:00:00,signal,-0.5767527331357214,0.12292414149412956
2023-05-17 02:00:00+00:00,2023-05-17 03:00:00+00:00,long,0.11547736823160769,27170.78,27065.15,-12.197874406304418,9.394533689990547,-21.592408096294967,-0.6881800780102647,1,0 days 01:00:00,signal,-0.3979274794466692,0.07655282623466597
2023-05-17 20:00:00+00:00,2023-05-18 17:00:00+00:00,long,0.11378637423523888,27385.09,26926.165,-52.21941179590692,9.269821179923234,-61.489232975830156,-1.9733069436689794,21,0 days 21:00:00,stop_loss,-3.738859357409452,0.41960789612156546
2023-05-20 18:00:00+00:00,2023-05-21 10:00:00+00:00,long,0.11255393297935083,27139.46,26966.688749999998,-19.44608369325885,9.13478976026743,-28.58087345352628,-0.9356504260770171,16,0 days 16:00:00,stop_loss,-0.9177411783432676,0.5088163139576052
2023-05-23 03:00:00+00:00,2023-05-24 03:00:00+00:00,long,0.1115478163144017,27128.41,26754.37125,-41.72320577946839,9.015759878076132,-50.73896565754452,-1.6767032121491816,24,1 days 00:00:00,stop_loss,-1.7639441456391958,1.3543735147028668
2023-05-27 23:00:00+00:00,2023-05-31 11:00:00+00:00,long,0.11101073914763546,26803.28,27056.52,28.11235958174738,8.968524312515724,19.14383526923166,0.6433925250939498,84,3 days 12:00:00,signal,-0.14520610910305765,6.133055357404027
2023-05-31 12:00:00+00:00,2023-05-31 15:00:00+00:00,long,0.11051213029940674,27097.18,27033.87,-6.996522969255585,8.973206476265553,-15.969729445521136,-0.5332900877508335,3,0 days 03:00:00,signal,-0.908507822585225,0.4951068708994866
2023-05-31 18:00:00+00:00,2023-05-31 19:00:00+00:00,long,0.11009345184737869,27055.39,27037.06,-2.0180129723622433,8.932836809072608,-10.950849781434853,-0.36764827636932274,1,0 days 01:00:00,signal,-0.13043611642634678,0.1401938763403443
2023-05-31 21:00:00+00:00,2023-06-01 02:00:00+00:00,long,0.10945142849805878,27114.19,26667.42125,-48.89947789579202,8.829711267359652,-57.729189163151666,-1.945258799451502,5,0 days 05:00:00,stop_loss,-1.748862864795142,0.8696922165109866
2023-06-01 17:00:00+00:00,2023-06-01 18:00:00+00:00,long,0.10741313244031339,27092.07,26956.93,-14.51581071798389,8.70835859289975,-23.224169310883635,-0.798069324344723,1,0 days 01:00:00,signal,-0.6488245453374342,0.1673921557119762
2023-06-02 05:00:00+00:00,2023-06-02 07:00:00+00:00,long,0.10665087638623402,27068.27,27071.05,0.2964894363536064,8.66100888743215,-8.364519451078543,-0.2897450779085666,2,0 days 02:00:00,signal,-0.012228339675945943,0.5346850759210042
2023-06-02 09:00:00+00:00,2023-06-02 10:00:00+00:00,long,0.10595924875185843,27166.13,27080.68,-9.05421780584638,8.621926852177204,-17.67614465802358,-0.6140742718966622,1,0 days 01:00:00,signal,-0.35949176419313167,0.06235706005970343
2023-06-02 11:00:00+00:00,2023-06-02 13:00:00+00:00,long,0.10557829898913197,27096.98,27095.43,-0.16364636343307773,8.582313698882437,-8.745960062315515,-0.30571161435702154,2,0 days 02:00:00,signal,-0.4058754887075966,0.5278078959352728
2023-06-02 19:00:00+00:00,2023-06-03 02:00:00+00:00,long,0.10488585668574553,27192.61,27130.41,-6.523900285853448,8.546574735685333,-15.07047502153878,-0.5283955089268766,7,0 days 07:00:00,signal,-0.3699902289629464,0.39492347369376457
2023-06-03 07:00:00+00:00,2023-06-03 08:00:00+00:00,long,0.10437185497959457,27182.35,27174.42,-0.8276688099882153,8.509975373398767,-9.337644183386981,-0.32912958224730493,1,0 days 01:00:00,signal,-0.06298204533455865,0.06496862854021845
2023-06-03 16:00:00+00:00,2023-06-03 18:00:00+00:00,long,0.10356054466808927,27305.27,27160.91,-14.950000228285427,8.460820900185286,-23.410821128470715,-0.8278961167569505,2,0 days 02:00:00,signal,-0.7085811640024087,0.04892828380749226
2023-06-06 20:00:00+00:00,2023-06-06 21:00:00+00:00,long,0.1035583622235428,27080.12,26944.99,-13.993841487267067,8.392127865820115,-22.38596935308718,-0.798252241865979,1,0 days 01:00:00,signal,-0.8205281217365412,0.5239267772816358
2023-06-06 22:00:00+00:00,2023-06-07 03:00:00+00:00,long,0.10282061391530986,27057.03,26943.68,-11.654716587300223,8.328579231093919,-19.98329581839414,-0.7183015467699098,5,0 days 05:00:00,signal,-0.5334657942871024,1.2371646111934753
2023-06-16 17:00:00+00:00,2023-06-28 20:00:00+00:00,long,0.10639797924077203,25959.77,30099.99,440.5110416122293,8.946967771083994,431.56407384114533,15.624677568406813,291,12 days 03:00:00,signal,-0.029083462603862742,21.079424047285467
2023-06-29 08:00:00+00:00,2023-06-30 02:00:00+00:00,long,0.10523909846776083,30340.29,30384.54,4.656830107198417,9.585939545712055,-4.929109438513639,-0.15437309597238524,18,0 days 18:00:00,signal,-0.2975910909223334,1.6601357468897016
2023-06-30 03:00:00+00:00,2023-06-30 13:00:00+00:00,long,0.10397497605335942,30661.83,30165.48125,-51.60784939536499,9.486777345913486,-61.094626741278475,-1.9163556672090378,10,0 days 10:00:00,stop_loss,-3.7891737055485653,2.0226124794247458
2023-06-30 18:00:00+00:00,2023-06-30 19:00:00+00:00,long,0.10267538349666802,30455.79,30359.99,-9.836301738980723,9.36642530122349,-19.202727040204213,-0.6140824782414093,1,0 days 01:00:00,signal,-0.5508968902136591,0.2633981912798733
2023-06-30 22:00:00+00:00,2023-07-01 02:00:00+00:00,long,0.10196620069944948,30479.57,30447.77,-3.242525182242419,9.318794067785394,-12.561319250027815,-0.40417568226848105,4,0 days 04:00:00,signal,-0.3250045850384464,0.21283108652778715
2023-07-01 11:00:00+00:00,2023-07-02 06:00:00+00:00,long,0.1015866582899342,30469.98,30481.27,1.1469133720934457,9.287750709141527,-8.140837337048083,-0.2630027161159907,19,0 days 19:00:00,signal,-0.022382686171762423,0.628881279213167
2023-07-02 08:00:00+00:00,2023-07-02 15:00:00+00:00,long,0.10117699964672895,30513.01,30306.876249999998,-20.855994350929002,9.230360414445517,-30.086354765374516,-0.9745468551775157,7,0 days 07:00:00,stop_loss,-1.1733027977246402,0.37685564288807427
2023-07-02 19:00:00+00:00,2023-07-05 11:00:00+00:00,long,0.10015943708036253,30523.07,30430.21,-9.300805327282523,9.157569319502578,-18.458374646785103,-0.6037725562992209,64,2 days 16:00:00,signal,-0.4292163271911953,2.807482995648858
2023-07-06 07:00:00+00:00,2023-07-06 14:00:00+00:00,long,0.09900581087248632,30692.57,30373.48,-31.591764191301674,9.06884069554469,-40.660604886846365,-1.33807326985,7,0 days 07:00:00,signal,-1.2464580189928687,2.6307018278365124
2023-07-10 19:00:00+00:00,2023-07-10 22:00:00+00:00,long,0.09820642855468505,30528.99,30302.22,-22.27027180334597,8.961023818140063,-31.231295621486034,-1.041687966093868,3,0 days 03:00:00,signal,-1.0776314578372914,1.6927844648643608
2023-07-11 02:00:00+00:00,2023-07-11 03:00:00+00:00,long,0.09700301790636229,30586.25,30483.7,-9.947659486297383,8.885954180085974,-18.833613666383357,-0.6347784543708342,1,0 days 01:00:00,signal,-0.42584494666720873,0.04495484081898926
2023-07-11 07:00:00+00:00,2023-07-11 10:00:00+00:00,long,0.09623608969078505,30634.59,30449.83,-17.78057993126929,8.817788582744377,-26.598368514013668,-0.9022044362271484,3,0 days 03:00:00,signal,-0.9476542692427148,0.056113040846961226
2023-07-11 15:00:00+00:00,2023-07-12 20:00:00+00:00,long,0.09570391677787782,30527.43,30287.48,-22.964154830851854,8.730337628241195,-31.69449245909305,-1.084835392301287,29,1 days 05:00:00,signal,-1.0398189431602978,1.4931489483392513
2023-07-13 09:00:00+00:00,2023-07-14 19:00:00+00:00,long,0.09502658649553308,30411.99,30091.82,-30.42466219827501,8.624205801411449,-39.04886799968646,-1.3511964031291668,34,1 days 10:00:00,signal,-1.1902871203101184,4.577832624566813
2023-07-23 18:00:00+00:00,2023-07-23 21:00:00+00:00,long,0.09465800806183042,30118.5,29924.33125,-18.379627102855604,8.525302206776434,-26.90492930963204,-0.9437156461145166,3,0 days 03:00:00,stop_loss,-0.6578348855354688,0.7686305758918932
2023-07-24 00:00:00+00:00,2023-07-24 01:00:00+00:00,long,0.09387435354465946,30083.75,30010.01,-6.922294830383339,8.461894308101872,-15.384189138485212,-0.5447480450409328,1,0 days 01:00:00,signal,-0.2517970665226188,0.05261976980928118
2023-07-31 01:00:00+00:00,2023-07-31 06:00:00+00:00,long,0.09533549443365302,29461.55,29380.02,-7.77270286117562,8.414535253803606,-16.187238114979227,-0.5763184727212208,5,0 days 05:00:00,signal,-0.3424463410784506,0.11917227708657663
2023-07-31 07:00:00+00:00,2023-07-31 08:00:00+00:00,long,0.09494908549890985,29411.22,29373.62,-3.5700856147592175,8.372350198799603,-11.94243581355882,-0.42765060408919514,1,0 days 01:00:00,signal,-0.13277245894595113,0.0077521435696947805
2023-07-31 09:00:00+00:00,2023-07-31 14:00:00+00:00,long,0.09460772042805778,29391.3,29364.0,-2.5827907676859083,8.338057494099996,-10.920848261785903,-0.39274530218125525,5,0 days 05:00:00,signal,-0.26780033547342263,0.2812737102475982
2023-08-01 19:00:00+00:00,2023-08-01 21:00:00+00:00,long,0.09462080992418605,29271.99,29229.75,-3.99678301119777,8.303223031161227,-12.300006042358998,-0.44408531842215576,2,0 days 02:00:00,signal,-0.31425946783939507,0.21525697432938085
2023-08-01 23:00:00+00:00,2023-08-02 15:00:00+00:00,long,0.09425920423934706,29253.99,29275.13,1.9926395776197419,8.27536241404388,-6.282722836424137,-0.22784474869923924,16,0 days 16:00:00,signal,-0.002256102500886037,2.7124846901225963
2023-08-02 16:00:00+00:00,2023-08-02 17:00:00+00:00,long,0.093828584025474,29321.39,29025.91,-27.724470007847017,8.21196681106431,-35.936436818911325,-1.3062168949016386,1,0 days 01:00:00,signal,-1.3433537768843817,0.14532053221214536
2023-08-03 15:00:00+00:00,2023-08-03 16:00:00+00:00,long,0.0923805223107033,29392.58,29259.07,-12.333723533702186,8.127405092076842,-20.46112862577903,-0.7535489399025265,1,0 days 01:00:00,signal,-0.6413523413051903,0.1386404323812318
2023-08-03 17:00:00+00:00,2023-08-03 18:00:00+00:00,long,0.09196712946681108,29302.55,29230.24,-6.650143131744896,8.0746390139755,-14.724782145720393,-0.546400176776416,1,0 days 01:00:00,signal,-0.25441471817299055,0.22629429861906747
2023-08-03 21:00:00+00:00,2023-08-03 22:00:00+00:00,long,0.09146084771717393,29304.0,29253.91,-4.581273862153256,8.033634133718966,-12.614907995872219,-0.470675897488398,1,0 days 01:00:00,signal,-0.2500341250341265,0.11602511602510912
2023-08-04 16:00:00+00:00,2023-08-04 17:00:00+00:00,long,0.09112342532520544,29274.28,29265.39,-0.8100872511410233,8.001502871710752,-8.811590122851776,-0.3303224024638673,1,0 days 01:00:00,signal,-0.08054852245724664,0.042426320988941946
2023-08-07 21:00:00+00:00,2023-08-07 23:00:00+00:00,long,0.09105703191873367,29199.0,29181.19,-1.621725738472766,7.9738902363776045,-9.59561597485037,-0.3609037467036587,2,0 days 02:00:00,signal,-0.21637727319429034,0.2663789855816834
2023-08-08 00:00:00+00:00,2023-08-08 02:00:00+00:00,long,0.09069143779398683,29211.06,29151.85,-5.3698400317822115,7.939524332611578,-13.30936436439379,-0.5023931517719753,2,0 days 02:00:00,signal,-0.21799962069161127,0.16788161744214491
2023-08-08 04:00:00+00:00,2023-08-13 17:00:00+00:00,long,0.09028585288373327,29195.09,29353.59,14.310307682071723,7.929176263525164,6.381131418546559,0.24208515884006523,133,5 days 13:00:00,signal,-0.08090401502444111,3.5927616595804235
2023-08-13 18:00:00+00:00,2023-08-13 22:00:00+00:00,long,0.08987324412448741,29400.02,29367.2,-2.9496398721656507,7.9224010643661895,-10.872040936531839,-0.41146512825501375,4,0 days 04:00:00,signal,-0.11163257712069052,0.2538433647323979
2023-08-14 04:00:00+00:00,2023-08-14 13:00:00+00:00,long,0.08950433581001545,29399.91,29384.0,-1.4240139827373328,7.892122231298588,-9.316136214035922,-0.35403463820127296,9,0 days 09:00:00,signal,-0.1765311526463864,0.3260214061879818
2023-08-14 15:00:00+00:00,2023-08-14 18:00:00+00:00,long,0.0887830338699446,29533.99,29317.728750000002,-19.20032988350652,7.837551208628557,-27.037881092135077,-1.0311469196170229,3,0 days 03:00:00,stop_loss,-0.9378685372345652,0.546251962569233
2023-08-14 23:00:00+00:00,2023-08-15 02:00:00+00:00,long,0.08815547017544309,29437.99,29411.08,-2.3722637024211606,7.781801152856344,-10.154064855277506,-0.39127537240144405,3,0 days 03:00:00,signal,-0.19699035158311506,0.055166809962226004
2023-08-15 15:00:00+00:00,2023-08-15 16:00:00+00:00,long,0.08775808170964083,29455.76,29332.67,-10.802142277639703,7.738739765282251,-18.540882042921954,-0.7172540956335879,1,0 days 01:00:00,signal,-0.4778691841595628,0.14767909570148063
2023-08-27 15:00:00+00:00,2023-08-27 17:00:00+00:00,long,0.09816184267843513,26145.27,26056.15375,-8.747815312592008,7.686281918606741,-16.43409723119875,-0.6403390962304046,2,0 days 02:00:00,stop_loss,-0.38618840042577984,0.12900995093949597
2023-08-27 19:00:00+00:00,2023-08-27 21:00:00+00:00,long,0.09768792897976375,26104.13,26091.5,-1.2337985430145157,7.64832449474104,-8.882123037755555,-0.3483105738440661,2,0 days 02:00:00,signal,-0.08201767306552643,0.23046161661008924
2023-08-28 00:00:00+00:00,2023-08-28 01:00:00+00:00,long,0.09735694568379924,26101.78,26023.51,-7.620128138671009,7.612138540923426,-15.232266679594435,-0.5994148100244522,1,0 days 01:00:00,signal,-0.4420005072450994,0.012336323423167705
2023-08-28 13:00:00+00:00,2023-08-28 20:00:00+00:00,long,0.09664554394765465,26136.54,25996.27,-13.55647044953756,7.5576056699545955,-21.114076119492154,-0.8358765735632967,7,0 days 07:00:00,signal,-0.8361474013010128,0.21138987792568287
2023-08-29 00:00:00+00:00,2023-08-29 04:00:00+00:00,long,0.09589960462361422,26120.0,26083.18,-3.5310234422414477,7.509396483143048,-11.040419925384496,-0.4407533307810097,4,0 days 04:00:00,signal,-0.20535987748850904,0.3301684532925009
2023-08-29 15:00:00+00:00,2023-08-30 14:00:00+00:00,long,0.09071260975161047,27492.03,27060.08875,-39.1825180468728,7.422847588938393,-46.6053656358112,-1.8687940764105082,23,0 days 23:00:00,stop_loss,-1.7270096096941412,2.367304269637427
2023-09-07 22:00:00+00:00,2023-09-08 10:00:00+00:00,long,0.09355272025628428,26159.99,25871.600000000002,-26.97966899470977,7.301545175639518,-34.28121417034929,-1.4007550652733407,12,0 days 12:00:00,stop_loss,-1.959977813447189,1.0913994997704402
2023-09-08 20:00:00+00:00,2023-09-09 01:00:00+00:00,long,0.09318592971134104,25895.63,25860.65,-3.259643821302669,7.23443560530073,-10.494079426603399,-0.4348780856074927,5,0 days 05:00:00,signal,-0.175705321708719,0.14956191450063994
2023-09-09 02:00:00+00:00,2023-09-09 06:00:00+00:00,long,0.09289037538157867,25865.22,25844.92,-1.8856746202463173,7.205061473450979,-9.090736093697295,-0.3783660452143956,4,0 days 04:00:00,signal,-0.11107579985787375,0.10991594117506498
2023-09-09 07:00:00+00:00,2023-09-09 13:00:00+00:00,long,0.09248204878331083,25881.27,25852.74,-2.6385128517877505,7.176700854864436,-9.815213706652187,-0.4100688065152863,6,0 days 06:00:00,signal,-0.12449157247693687,0.10231337179358313
2023-09-09 16:00:00+00:00,2023-09-10 05:00:00+00:00,long,0.09205774140737824,25894.1,25832.82,-5.641298393444031,7.142795137740212,-12.784093531184244,-0.5363012423679481,13,0 days 13:00:00,signal,-0.5551457667962945,0.19691744451439952
2023-09-10 09:00:00+00:00,2023-09-10 10:00:00+00:00,long,0.09167448986857252,25863.11,25830.0,-3.0353423595484896,7.108409233455006,-10.143751593003497,-0.42782814982421136,1,0 days 01:00:00,signal,-0.15013662316714083,0.010478244882383692
2023-09-10 22:00:00+00:00,2023-09-10 23:00:00+00:00,long,0.09114292794799583,25902.82,25852.34,-4.60089500281479,7.075675228225495,-11.676570231040284,-0.49458993267914286,1,0 days 01:00:00,signal,-0.1967739419877934,0.5051187476884822
2023-09-11 06:00:00+00:00,2023-09-11 07:00:00+00:00,long,0.0907273550533148,25892.96,25839.55,-4.8457480333975305,7.040330703853738,-11.886078737251268,-0.505962875623335,1,0 days 01:00:00,signal,-0.2817754323955257,0.029853674512292372
2023-09-12 04:00:00+00:00,2023-09-12 05:00:00+00:00,long,0.09060133773956375,25797.98,25760.8,-3.3685577371570066,7.006941660329797,-10.375499397486804,-0.4439036312145381,1,0 days 01:00:00,signal,-0.21381519018155437,0.7443218422527709
2023-09-12 08:00:00+00:00,2023-09-12 09:00:00+00:00,long,0.0901133746039905,25822.71,25766.93,-5.026524035410485,6.973374832507519,-11.999898867918006,-0.5156873929963154,1,0 days 01:00:00,signal,-0.3385392160621392,0.18723828753837157
2023-09-12 10:00:00+00:00,2023-09-21 11:00:00+00:00,long,0.08948562786882013,25869.96,26649.9,69.79342060000778,7.049658971523797,62.74376162848399,2.7103258373805077,217,9 days 01:00:00,signal,-0.40892989397741664,6.237388847914738
2023-09-21 12:00:00+00:00,2023-09-21 13:00:00+00:00,long,0.08894765846585502,26730.77,26642.33,-7.8665309147201015,7.12111840509589,-14.987649319815993,-0.6303583847378833,1,0 days 01:00:00,signal,-0.6425553771926551,0.17287193747130836
2023-09-27 12:00:00+00:00,2023-09-27 14:00:00+00:00,long,0.08826919574186362,26766.69,26472.274999999998,-25.987775264340854,7.049040934018839,-33.036816198359695,-1.3982806521837436,2,0 days 02:00:00,stop_loss,-2.231542263910846,0.31124505869049024
2023-09-28 11:00:00+00:00,2023-09-28 12:00:00+00:00,long,0.08767902243101564,26570.63,26476.93,-8.21552440178623,6.976737304725972,-15.192261706512202,-0.652116039401402,1,0 days 01:00:00,signal,-0.48850930519900304,0.07282476930354775
2023-09-28 14:00:00+00:00,2023-10-06 13:00:00+00:00,long,0.087075109245839,26580.7,27252.99,58.53972519488518,7.031361656784946,51.508363538100234,2.2254472794170237,191,7 days 23:00:00,signal,-0.09634810219445455,7.521622831603381
2023-10-06 14:00:00+00:00,2023-10-09 10:00:00+00:00,long,0.08595291643363585,27526.1,27542.98,1.4508852293998609,7.100022046975811,-5.64913681757595,-0.23876836892984832,68,2 days 20:00:00,signal,-0.3309586174576107,2.793348857992961
2023-10-16 04:00:00+00:00,2023-11-01 15:00:00+00:00,long,0.08666158136901687,27235.92,34183.97,602.129000430998,7.9841171923665994,594.1448832386313,25.172346537219976,395,16 days 11:00:00,signal,-0.15398782196451855,29.534820193332934
2023-11-01 16:00:00+00:00,2023-11-03 05:00:00+00:00,long,0.08612994476187578,34291.94,34404.26,9.674115395653864,8.875199867026158,0.7989155286277061,0.027049213313681604,37,1 days 13:00:00,signal,-0.034760354765595025,4.937165992941761
2023-11-03 06:00:00+00:00,2023-11-03 10:00:00+00:00,long,0.08553268770679251,34540.72,34258.95,-24.100545415143273,8.826931032660571,-32.92747644780385,-1.1145381595983062,4,0 days 04:00:00,signal,-1.0009055977987735,0.24724441181307455
2023-11-03 14:00:00+00:00,2023-11-07 11:00:00+00:00,long,0.08450722742079358,34570.8,34643.32,6.12846413255568,8.773640069355146,-2.6451759367994665,-0.09054224952851309,93,3 days 21:00:00,signal,-0.7157196246543318,2.3407037152741506
2023-11-07 14:00:00+00:00,2023-11-07 16:00:00+00:00,long,0.0839229799770887,34780.0,34721.23,-4.932153533253234,8.749125500509555,-13.681279033762788,-0.4687229585968855,2,0 days 02:00:00,signal,-0.44321449108684075,0.17504312823461987
2023-11-07 18:00:00+00:00,2023-11-14 12:00:00+00:00,long,0.08336242340749384,34850.0,36259.17,117.47182619313794,8.891749106543188,108.58007708659476,3.737464117647054,162,6 days 18:00:00,signal,-0.031018651362979544,8.959081779053069
2023-11-14 13:00:00+00:00,2023-11-14 16:00:00+00:00,long,0.08290849869544448,36348.48,36147.09,-16.69694255227612,9.015748306155757,-25.712690858431877,-0.8532223493252172,3,0 days 03:00:00,signal,-1.264096875577747,0.9478525649490699
2023-11-15 18:00:00+00:00,2023-11-16 16:00:00+00:00,long,0.08188100169965899,36491.05,36406.0,-6.963979194556235,8.95332521242519,-15.917304406981426,-0.5327212426060716,22,0 days 22:00:00,signal,-0.6437194873811558,4.080315584232297
2023-11-18 19:00:00+00:00,2023-11-18 20:00:00+00:00,long,0.08096591083438377,36707.18,36679.09,-2.2743324353381467,8.912679289932019,-11.187011725270168,-0.37640975144373334,1,0 days 01:00:00,signal,-0.1462111772138286,0.16568965526635449
2023-11-19 19:00:00+00:00,2023-11-21 14:00:00+00:00,long,0.08037954203269457,36835.99,36504.36749999999,-26.65566467773765,8.842596522546144,-35.49826120028379,-1.198917244385192,43,1 days 19:00:00,stop_loss,-1.0478610728257842,2.4812961454273363
2023-11-21 16:00:00+00:00,2023-11-21 23:00:00+00:00,long,0.07911866232322118,36975.03,36377.58,-47.26944480500826,8.705340571675405,-55.97478537668367,-1.9133964597188888,7,0 days 07:00:00,signal,-1.8607963266020322,1.4197960082791061
2023-11-22 10:00:00+00:00,2023-11-22 12:00:00+00:00,long,0.07820788553502028,36690.98,36463.94,-17.756318331871075,8.581937414525349,-26.338255746396424,-0.9178615016551775,2,0 days 02:00:00,signal,-0.6931948942219712,0.22498717668482104
2023-11-22 19:00:00+00:00,2023-11-27 11:00:00+00:00,long,0.07643491372712947,37197.99,37105.58,-7.063350377523745,8.519080443851589,-15.582430821375334,-0.5480547604857043,112,4 days 16:00:00,signal,-0.8817411908546569,3.2690207185925857
2023-11-28 14:00:00+00:00,2023-12-11 03:00:00+00:00,long,0.07558120778732133,37412.29,41952.99,343.19159019988973,8.997785578168408,334.19380462172137,11.818715400741299,301,12 days 13:00:00,signal,-0.2947961752675421,19.479454478728787
2023-12-14 12:00:00+00:00,2023-12-14 13:00:00+00:00,long,0.07306617547742794,43267.07,42358.119999999995,-66.41350020020845,9.384457736742162,-75.79795793695061,-2.397638169166538,1,0 days 01:00:00,stop_loss,-4.315221714805273,0.23287918502454819
2023-12-14 18:00:00+00:00,2023-12-14 19:00:00+00:00,long,0.07142407193259373,43202.17,42855.35,-24.771296627662135,9.219867748230936,-33.99116437589307,-1.1015795734334635,1,0 days 01:00:00,signal,-0.8391708101699535,0.015068687521946345
2023-12-14 20:00:00+00:00,2023-12-14 21:00:00+00:00,long,0.07081555292401173,43094.13,42920.77,-12.276584254906716,9.136789054805366,-21.41337330971208,-0.7016787437175332,1,0 days 01:00:00,signal,-0.5630697266657769,0.030607416833805523
2023-12-14 22:00:00+00:00,2023-12-15 01:00:00+00:00,long,0.070514428696621,42974.94,42889.0,-6.060010002187773,9.081970012111416,-15.141980014299188,-0.499677044342592,3,0 days 03:00:00,signal,-0.2598491120639257,0.4764637251384096
2023-12-15 02:00:00+00:00,2023-12-15 03:00:00+00:00,long,0.07016261200850685,42974.94,42876.68,-6.894178255956025,9.03536085654265,-15.929539112498677,-0.5283019126961016,1,0 days 01:00:00,signal,-0.3495758225607881,0.07032005163940536
2023-12-15 09:00:00+00:00,2023-12-15 10:00:00+00:00,long,0.06996239287448992,42870.58,42834.9,-2.496258177761821,8.994240694885107,-11.490498872646928,-0.38310239796149315,1,0 days 01:00:00,signal,-0.17382549991160623,0.3633027591415816
2023-12-18 22:00:00+00:00,2023-12-19 18:00:00+00:00,long,0.07010454652331012,42619.99,41854.07,-53.694474273133565,8.883023503924335,-62.5774977770579,-2.094395352978727,20,0 days 20:00:00,signal,-1.8421402726748526,2.0577433265470013
2023-12-19 19:00:00+00:00,2023-12-24 23:00:00+00:00,long,0.06929464868422332,42216.41,42977.29,52.724912290851655,8.855201267413676,43.86971102343798,1.4996288173248205,124,5 days 04:00:00,signal,-0.22571791395810115,5.168250924225903
2023-12-25 00:00:00+00:00,2023-12-25 01:00:00+00:00,long,0.06906424071444463,42991.5,42921.66,-4.8234465714965715,8.900290744167894,-13.723737315664465,-0.4622070409266867,1,0 days 01:00:00,signal,-0.6305199865089595,0.2516776572113022
2023-12-25 02:00:00+00:00,2023-12-26 06:00:00+00:00,long,0.06865543086034845,43047.9,42764.85,-19.432919705021828,8.83726698684205,-28.270186691863877,-0.9565370784637645,28,1 days 04:00:00,signal,-0.924319188624767,1.7525128984224425
2023-12-27 21:00:00+00:00,2023-12-28 05:00:00+00:00,long,0.06737766639096493,43445.32,43314.01,-8.847361373797447,8.768461789565453,-17.6158231633629,-0.6017886276358366,8,0 days 08:00:00,signal,-0.44331587383865667,0.787771847462504
