timestamp,trend_votes,gate,vol_percentile,stormy,efficiency,efficient,choppiness,calm_trend,risk_forecast,storm,squeeze,state,target
2021-01-01 00:00:00+00:00,0.0,0.0,,False,,False,,False,,False,False,Downtrend,0.0
2021-01-02 00:00:00+00:00,0.0,0.0,,False,,False,,False,,False,False,Downtrend,0.0
2021-01-03 00:00:00+00:00,0.0,0.0,,False,,False,,False,,False,False,Downtrend,0.0
2021-01-04 00:00:00+00:00,0.0,0.0,,False,,False,,False,,False,False,Downtrend,0.0
2021-01-05 00:00:00+00:00,0.0,0.0,,False,,False,,False,,False,False,Downtrend,0.0
2021-01-06 00:00:00+00:00,0.0,0.0,,False,,False,,False,,False,False,Downtrend,0.0
2021-01-07 00:00:00+00:00,0.0,0.0,,False,,False,,False,,False,False,Downtrend,0.0
2021-01-08 00:00:00+00:00,0.0,0.0,,False,,False,,False,,False,False,Downtrend,0.0
2021-01-09 00:00:00+00:00,0.0,0.0,,False,,False,,False,,False,False,Downtrend,0.0
2021-01-10 00:00:00+00:00,0.0,0.0,,False,,False,,False,1.6456092738554238,False,False,Downtrend,0.0
2021-01-11 00:00:00+00:00,0.0,0.0,,False,,False,,False,1.9401092634097146,False,False,Downtrend,0.0
2021-01-12 00:00:00+00:00,0.0,0.0,,False,,False,,False,1.9439764249772948,False,False,Downtrend,0.0
2021-01-13 00:00:00+00:00,0.0,0.0,,False,,False,,False,1.923332759757251,False,False,Downtrend,0.0
2021-01-14 00:00:00+00:00,0.0,0.0,,False,,False,50.698693451967266,False,1.8549143220953492,False,False,Downtrend,0.0
2021-01-15 00:00:00+00:00,0.0,0.0,,False,,False,53.05979505242369,False,1.8381877362260524,False,False,Downtrend,0.0
2021-01-16 00:00:00+00:00,0.0,0.0,,False,,False,57.49118408988583,False,1.7882273010797636,False,False,Downtrend,0.0
2021-01-17 00:00:00+00:00,0.0,0.0,,False,,False,64.35036278108664,False,1.736502084723705,False,False,Downtrend,0.0
2021-01-18 00:00:00+00:00,0.0,0.0,,False,,False,63.40750369252658,False,1.674637784502987,False,False,Downtrend,0.0
2021-01-19 00:00:00+00:00,0.0,0.0,,False,,False,56.693792549558104,False,1.6710049906376294,False,False,Downtrend,0.0
2021-01-20 00:00:00+00:00,0.0,0.0,,False,,False,56.96480923371377,False,1.688052803654118,False,False,Downtrend,0.0
2021-01-21 00:00:00+00:00,0.0,0.0,,False,,False,59.24581535674775,False,1.719048246807838,False,False,Downtrend,0.0
2021-01-22 00:00:00+00:00,0.0,0.0,,False,,False,59.58889852097454,False,1.7135006492753642,False,False,Downtrend,0.0
2021-01-23 00:00:00+00:00,0.0,0.0,,False,,False,58.73075168419545,False,1.6618481559633373,False,False,Downtrend,0.0
2021-01-24 00:00:00+00:00,1.0,1.0,,False,,False,58.738435851257314,False,1.6190199117760873,False,False,Uptrend,1.0
2021-01-25 00:00:00+00:00,1.0,1.0,,False,,False,58.81934063066178,False,1.6014516302836632,False,False,Uptrend,1.0
2021-01-26 00:00:00+00:00,1.0,1.0,,False,,False,58.65835547789326,False,1.6026144756585285,False,False,Uptrend,1.0
2021-01-27 00:00:00+00:00,1.0,1.0,,False,,False,63.45481338237537,False,1.612940896493867,False,False,Uptrend,1.0
2021-01-28 00:00:00+00:00,1.0,1.0,,False,,False,63.15695822822264,False,1.5635642062819235,False,False,Uptrend,1.0
2021-01-29 00:00:00+00:00,1.0,1.0,,False,,False,62.55665118942746,False,1.5409203401247498,False,False,Uptrend,1.0
2021-01-30 00:00:00+00:00,1.0,1.0,,False,,False,61.41999937911689,False,1.4924698661762874,False,False,Uptrend,1.0
2021-01-31 00:00:00+00:00,1.0,1.0,,False,0.2598020013532283,False,61.34373668878872,False,1.4537261725521045,False,False,Uptrend,1.0
2021-02-01 00:00:00+00:00,1.0,1.0,,False,0.265026851422131,False,61.8577811358987,False,1.4194272051323502,False,True,Uptrend,0.75
2021-02-02 00:00:00+00:00,1.0,1.0,,False,0.24293512654625918,False,55.97163713412283,False,1.3939160681348173,False,True,Uptrend,0.75
2021-02-03 00:00:00+00:00,1.0,1.0,,False,0.272566603963428,False,47.61588124159456,False,1.362690475869305,False,False,Uptrend,1.0
2021-02-04 00:00:00+00:00,1.0,1.0,,False,0.21602027353598174,False,43.16798208412964,False,1.3516077516053056,False,False,Uptrend,1.0
2021-02-05 00:00:00+00:00,1.0,1.0,,False,0.22099296917252576,False,47.50468923101551,False,1.3299101357600882,False,False,Uptrend,1.0
2021-02-06 00:00:00+00:00,1.0,1.0,,False,0.1931349566229189,False,48.71770801983038,False,1.3059317506841444,False,False,Uptrend,1.0
2021-02-07 00:00:00+00:00,1.0,1.0,,False,0.1648367252331452,False,49.16382279689574,False,1.2917459890353973,False,False,Uptrend,1.0
2021-02-08 00:00:00+00:00,1.0,1.0,,False,0.19166171495094775,False,48.70910785300088,False,1.278373156231104,False,False,Uptrend,1.0
2021-02-09 00:00:00+00:00,1.0,1.0,,False,0.20835896273754417,False,45.36160523927188,False,1.2652859075958232,False,False,Uptrend,1.0
2021-02-10 00:00:00+00:00,1.0,1.0,,False,0.28031969402674695,False,44.84025219485615,False,1.2422245029064152,False,False,Uptrend,1.0
2021-02-11 00:00:00+00:00,1.0,1.0,,False,0.31426959858474834,False,47.69448822907534,False,1.213503747679024,False,False,Uptrend,1.0
2021-02-12 00:00:00+00:00,1.0,1.0,0.0,False,0.30683806092962373,False,45.426546989037924,False,1.1892277536456488,False,False,Uptrend,1.0
2021-02-13 00:00:00+00:00,1.0,1.0,0.023255813953488372,False,0.26057086702103904,False,45.510895338817,False,1.1643145249054323,False,False,Uptrend,1.0
2021-02-14 00:00:00+00:00,1.0,1.0,0.0,False,0.28851448530922535,False,44.866368453937845,False,1.133789531303645,False,False,Uptrend,1.0
2021-02-15 00:00:00+00:00,1.0,1.0,0.022222222222222223,False,0.25623367812566794,False,52.39054807824568,False,1.1302005942897992,False,False,Uptrend,1.0
2021-02-16 00:00:00+00:00,1.0,1.0,0.0,False,0.2555833573627763,False,61.92007262415023,False,1.1037970697774655,False,False,Uptrend,1.0
2021-02-17 00:00:00+00:00,1.0,1.0,0.0,False,0.26980926355934903,False,61.156686303615736,False,1.0796715146720457,False,False,Uptrend,1.0
2021-02-18 00:00:00+00:00,1.0,1.0,0.0,False,0.264041198243557,False,53.24041835185948,False,1.052673671105042,False,False,Uptrend,1.0
2021-02-19 00:00:00+00:00,1.0,1.0,0.0,False,0.26531136825774226,False,49.63067047704138,False,1.022993137231664,False,False,Uptrend,1.0
2021-02-20 00:00:00+00:00,1.0,1.0,0.04,False,0.41033879401201273,False,47.35633844634428,False,1.0364760180909305,False,False,Uptrend,1.0
2021-02-21 00:00:00+00:00,1.0,1.0,0.0,False,0.3781650435674013,False,50.55375832675522,False,1.0171576822809434,False,False,Uptrend,1.0
2021-02-22 00:00:00+00:00,1.0,1.0,0.1346153846153846,False,0.27084972266756946,False,53.005061628968114,False,1.0655730905895033,False,False,Uptrend,1.0
2021-02-23 00:00:00+00:00,0.8571428571428571,1.0,0.3584905660377358,False,0.09046457154011325,False,45.83615426204546,False,1.2931039245264835,False,False,Uptrend,0.8571428571428571
2021-02-24 00:00:00+00:00,0.8571428571428571,1.0,0.37037037037037035,False,0.15123733335973505,False,46.72423009178477,False,1.2875697100820644,False,False,Uptrend,0.8571428571428571
2021-02-25 00:00:00+00:00,0.7142857142857143,1.0,0.38181818181818183,False,0.05477805849679693,False,48.24926787101116,False,1.2916525483935257,False,False,Uptrend,0.7142857142857143
2021-02-26 00:00:00+00:00,0.7142857142857143,1.0,0.39285714285714285,False,0.10156929401533712,False,48.81973966674335,False,1.3130654231565697,False,False,Uptrend,0.7142857142857143
2021-02-27 00:00:00+00:00,0.7142857142857143,1.0,0.40350877192982454,False,0.06597764444809731,False,48.778373167178515,False,1.2928194348180424,False,False,Uptrend,0.7142857142857143
2021-02-28 00:00:00+00:00,0.7142857142857143,1.0,0.41379310344827586,False,0.02049735001498045,False,47.14819857354307,False,1.320745060254512,False,False,Uptrend,0.7142857142857143
2021-03-01 00:00:00+00:00,0.7142857142857143,1.0,0.4406779661016949,False,0.0919912329923408,False,46.885529709647386,False,1.292520184860139,False,False,Uptrend,0.7142857142857143
2021-03-02 00:00:00+00:00,0.7142857142857143,1.0,0.45,False,0.08286131442404181,False,47.52727718503838,False,1.2791027138498747,False,False,Uptrend,0.7142857142857143
2021-03-03 00:00:00+00:00,0.7142857142857143,1.0,0.5245901639344263,True,0.09119870308582628,False,48.37597183498789,False,1.2671488844217615,False,False,Volatile uptrend,0.42857142857142855
2021-03-04 00:00:00+00:00,0.7142857142857143,1.0,0.532258064516129,True,0.013593545053460053,False,48.62489882800338,False,1.2730028636973036,False,False,Volatile uptrend,0.42857142857142855
2021-03-05 00:00:00+00:00,0.7142857142857143,1.0,0.5555555555555556,True,0.07278382914132399,False,48.9803939231019,False,1.2619556868568094,False,False,Volatile uptrend,0.42857142857142855
2021-03-06 00:00:00+00:00,0.7142857142857143,1.0,0.515625,True,0.028416413752962114,False,51.33977397477383,False,1.2364185909671481,False,False,Volatile uptrend,0.42857142857142855
2021-03-07 00:00:00+00:00,0.7142857142857143,1.0,0.5230769230769231,True,0.003714302462523927,False,53.77740681425697,False,1.2137669372582394,False,False,Volatile uptrend,0.42857142857142855
2021-03-08 00:00:00+00:00,1.0,1.0,0.3333333333333333,False,0.08081063116076082,False,56.60911130628868,False,1.1928979494866576,False,False,Uptrend,1.0
2021-03-09 00:00:00+00:00,1.0,1.0,0.19402985074626866,False,0.13531001249144156,False,48.85939209871257,False,1.1703717456706342,False,False,Uptrend,1.0
2021-03-10 00:00:00+00:00,1.0,1.0,0.17647058823529413,False,0.024305874595307343,False,46.711760180712645,False,1.1618357385730114,False,False,Uptrend,1.0
2021-03-11 00:00:00+00:00,1.0,1.0,0.10144927536231885,False,0.03042672610575495,False,44.957277537503046,False,1.141821043057951,False,False,Uptrend,1.0
2021-03-12 00:00:00+00:00,1.0,1.0,0.08571428571428572,False,0.013374322568376978,False,44.15538797527348,False,1.1161404404099786,False,False,Uptrend,1.0
2021-03-13 00:00:00+00:00,1.0,1.0,0.1267605633802817,False,0.06820846158067234,False,42.275596196304,False,1.0883846768182843,False,False,Uptrend,1.0
2021-03-14 00:00:00+00:00,1.0,1.0,0.06944444444444445,False,0.0038731350657049282,False,48.23510986787429,False,1.0672101744908047,False,False,Uptrend,1.0
2021-03-15 00:00:00+00:00,1.0,1.0,0.0547945205479452,False,0.010460088043944063,False,50.54952630684096,False,1.0544058042009625,False,False,Uptrend,1.0
2021-03-16 00:00:00+00:00,1.0,1.0,0.02702702702702703,False,0.0022919897396883955,False,49.755692938984865,False,1.0459902089249105,False,False,Uptrend,1.0
2021-03-17 00:00:00+00:00,1.0,1.0,0.0,False,0.02164645907290844,False,48.01773098121082,False,1.0221062083524455,False,False,Uptrend,1.0
2021-03-18 00:00:00+00:00,1.0,1.0,0.0,False,0.0028241433193002623,False,47.42828422331339,False,1.002586118288204,False,False,Uptrend,1.0
2021-03-19 00:00:00+00:00,1.0,1.0,0.0,False,0.01981728059092244,False,53.227658468890084,False,0.975684656665485,False,False,Uptrend,1.0
2021-03-20 00:00:00+00:00,1.0,1.0,0.0,False,0.06773478364543113,False,63.2530087318445,False,0.9499943482590741,False,False,Uptrend,1.0
2021-03-21 00:00:00+00:00,1.0,1.0,0.0,False,0.08693147362037597,False,66.90606075401311,False,0.9295131183010333,False,False,Uptrend,1.0
2021-03-22 00:00:00+00:00,1.0,1.0,0.0,False,0.11380658325199502,False,64.9836105066431,False,0.936866965083413,False,False,Uptrend,1.0
2021-03-23 00:00:00+00:00,0.8571428571428571,1.0,0.012345679012345678,False,0.13068822402851557,False,64.28162370020914,False,0.9251898117258337,False,False,Uptrend,0.8571428571428571
2021-03-24 00:00:00+00:00,0.5714285714285714,1.0,0.04878048780487805,False,0.09979301132829627,False,53.87694653882459,False,0.9238225397069575,False,False,Uptrend,0.5714285714285714
2021-03-25 00:00:00+00:00,0.5714285714285714,1.0,0.04819277108433735,False,0.004445904387569539,False,52.75872842916642,False,0.9270399837132951,False,False,Uptrend,0.5714285714285714
2021-03-26 00:00:00+00:00,0.5714285714285714,1.0,0.05952380952380952,False,0.04115596720613974,False,52.5740632401006,False,0.9050674459842925,False,False,Uptrend,0.5714285714285714
2021-03-27 00:00:00+00:00,0.5714285714285714,1.0,0.0,False,0.1353801409623436,False,49.96829438719412,False,0.8798993665188426,False,False,Uptrend,0.5714285714285714
2021-03-28 00:00:00+00:00,0.5714285714285714,1.0,0.0,False,0.14311521477318345,False,53.29447866480439,False,0.859742064683664,False,False,Uptrend,0.5714285714285714
2021-03-29 00:00:00+00:00,0.8571428571428571,1.0,0.011494252873563218,False,0.19811940974658432,False,55.862154149932365,False,0.8424252925186705,False,False,Uptrend,0.8571428571428571
2021-03-30 00:00:00+00:00,0.8571428571428571,1.0,0.0,False,0.23471730070646957,False,54.936353246470425,False,0.8220898470032867,False,False,Uptrend,0.8571428571428571
2021-03-31 00:00:00+00:00,1.0,1.0,0.056179775280898875,False,0.20284143998792845,False,49.01666389997759,False,0.8200381920703752,False,False,Uptrend,1.0
2021-04-01 00:00:00+00:00,1.0,1.0,0.06666666666666667,False,0.2849994374270875,False,45.926878931404424,False,0.8005140984049327,False,False,Uptrend,1.0
2021-04-02 00:00:00+00:00,1.0,1.0,0.10989010989010989,False,0.31916093379948113,False,36.48528027524109,True,0.780683836186309,False,False,Calm uptrend,1.5
2021-04-03 00:00:00+00:00,1.0,1.0,0.14130434782608695,False,0.2509424579302821,False,38.200010303451286,False,0.7969927986330325,False,False,Uptrend,1.0
2021-04-04 00:00:00+00:00,1.0,1.0,0.15053763440860216,False,0.28415249486077365,False,39.23965050899968,False,0.7769986386632087,False,False,Uptrend,1.0
2021-04-05 00:00:00+00:00,1.0,1.0,0.11702127659574468,False,0.24892565944629932,False,38.70872743995083,False,0.7609495212067765,False,False,Uptrend,1.0
2021-04-06 00:00:00+00:00,1.0,1.0,0.12631578947368421,False,0.21872149481878483,False,39.178844560455175,False,0.75646403640154,False,False,Uptrend,1.0
2021-04-07 00:00:00+00:00,1.0,1.0,0.08333333333333333,False,0.07211290992112906,False,39.848314931421385,False,0.7763216061037402,False,False,Uptrend,1.0
2021-04-08 00:00:00+00:00,1.0,1.0,0.10309278350515463,False,0.11129605971130346,False,43.60943174878628,False,0.7605445893269387,False,False,Uptrend,1.0
2021-04-09 00:00:00+00:00,1.0,1.0,0.08163265306122448,False,0.148935936994755,False,47.71804779808472,False,0.7403452602194995,False,False,Uptrend,1.0
2021-04-10 00:00:00+00:00,1.0,1.0,0.1111111111111111,False,0.16538480143181913,False,45.73210570431548,False,0.7379130110038988,False,False,Uptrend,1.0
2021-04-11 00:00:00+00:00,1.0,1.0,0.1,False,0.211825639446656,False,46.64052100719331,False,0.7211516047221952,False,False,Uptrend,1.0
2021-04-12 00:00:00+00:00,1.0,1.0,0.0297029702970297,False,0.12847068930544456,False,52.20250659936762,False,0.7124585921887825,False,False,Uptrend,1.0
2021-04-13 00:00:00+00:00,1.0,1.0,0.09803921568627451,False,0.25580261195511017,False,45.684668391989206,False,0.7110118276223053,False,False,Uptrend,1.0
2021-04-14 00:00:00+00:00,1.0,1.0,0.04854368932038835,False,0.34692924840681333,False,44.56526939121393,False,0.7242410891773347,False,False,Uptrend,1.0
2021-04-15 00:00:00+00:00,1.0,1.0,0.057692307692307696,False,0.37077018022824015,False,42.16176273523763,False,0.7225268772626019,False,False,Uptrend,1.0
2021-04-16 00:00:00+00:00,1.0,1.0,0.06666666666666667,False,0.3018192077302474,False,42.88216255205995,False,0.7448412015678835,False,False,Uptrend,1.0
2021-04-17 00:00:00+00:00,1.0,1.0,0.07547169811320754,False,0.26512607099143193,False,43.7261165109551,False,0.7555952393613163,False,False,Uptrend,1.0
2021-04-18 00:00:00+00:00,1.0,1.0,0.3364485981308411,False,0.20394560685460725,False,48.727608823620635,False,0.8406989385607744,False,False,Uptrend,1.0
2021-04-19 00:00:00+00:00,1.0,1.0,0.37037037037037035,False,0.16413618374819683,False,50.24682157748642,False,0.8680966252286472,False,False,Uptrend,1.0
2021-04-20 00:00:00+00:00,1.0,1.0,0.43119266055045874,False,0.2369463995668651,False,53.14782025963136,False,0.9059540398610154,False,False,Uptrend,1.0
2021-04-21 00:00:00+00:00,1.0,1.0,0.43636363636363634,False,0.30266768736261995,False,54.72064762449467,False,0.9147346900255285,False,False,Uptrend,1.0
2021-04-22 00:00:00+00:00,1.0,1.0,0.4954954954954955,False,0.3226955998868137,False,52.0138327807755,False,0.9590825444021847,False,False,Uptrend,1.0
2021-04-23 00:00:00+00:00,1.0,1.0,0.5446428571428571,True,0.35608570897568953,False,55.72741299183991,False,1.053461994190336,False,False,Volatile uptrend,0.6
2021-04-24 00:00:00+00:00,1.0,1.0,0.5663716814159292,True,0.2663642035302454,False,56.61471068071688,False,1.0861415601547644,False,False,Volatile uptrend,0.6
2021-04-25 00:00:00+00:00,1.0,1.0,0.5701754385964912,True,0.2645037761940217,False,58.24929427327476,False,1.085047906327895,False,False,Volatile uptrend,0.6
2021-04-26 00:00:00+00:00,1.0,1.0,0.5739130434782609,True,0.3217372879693316,False,59.82388935391466,False,1.079008785136354,False,False,Volatile uptrend,0.6
2021-04-27 00:00:00+00:00,1.0,1.0,0.5689655172413793,True,0.3685779678371377,False,58.134299240201806,False,1.060994028322514,False,False,Volatile uptrend,0.6
2021-04-28 00:00:00+00:00,1.0,1.0,0.5811965811965812,True,0.35705250569214114,False,54.59385375723844,False,1.0605048993622468,False,False,Volatile uptrend,0.6
2021-04-29 00:00:00+00:00,1.0,1.0,0.559322033898305,True,0.35335435669290716,False,52.71442247057352,False,1.0461261680731404,False,False,Volatile uptrend,0.6
2021-04-30 00:00:00+00:00,1.0,1.0,0.5462184873949579,True,0.33711928106512373,True,50.734020078996444,False,1.019656447602375,False,False,Volatile uptrend,0.6
2021-05-01 00:00:00+00:00,1.0,1.0,0.5416666666666666,True,0.36800699300699286,True,44.660812854012654,False,0.9953696933598508,False,False,Volatile uptrend,0.6
2021-05-02 00:00:00+00:00,1.0,1.0,0.4462809917355372,False,0.32723415007841217,True,44.5521145052006,True,0.9737226205229371,False,False,Calm uptrend,1.5
2021-05-03 00:00:00+00:00,1.0,1.0,0.48360655737704916,False,0.4992103988713966,True,32.499820764781546,True,0.9657171954121562,False,False,Calm uptrend,1.5
2021-05-04 00:00:00+00:00,1.0,1.0,0.4715447154471545,False,0.3911108122646584,True,32.791473994599045,True,1.0667296780611306,False,False,Calm uptrend,1.5
2021-05-05 00:00:00+00:00,1.0,1.0,0.47580645161290325,False,0.43893976381367794,True,33.46712123159559,True,1.0752972494376694,False,False,Calm uptrend,1.5
2021-05-06 00:00:00+00:00,1.0,1.0,0.424,False,0.42285566940687475,True,30.78462975131804,True,1.0671158922931232,False,False,Calm uptrend,1.5
2021-05-07 00:00:00+00:00,1.0,1.0,0.3412698412698413,False,0.4860537587524686,True,30.84938477301313,True,1.041570267116757,False,False,Calm uptrend,1.5
2021-05-08 00:00:00+00:00,1.0,1.0,0.3700787401574803,False,0.5330249413025873,True,26.146031486174554,True,1.029099250597849,False,False,Calm uptrend,1.5
2021-05-09 00:00:00+00:00,1.0,1.0,0.3515625,False,0.5409559097688292,True,29.280759637447947,True,1.033498794583156,False,False,Calm uptrend,1.5
2021-05-10 00:00:00+00:00,1.0,1.0,0.4418604651162791,False,0.5349012918096846,True,31.402970673627788,True,1.0695886353791197,False,False,Calm uptrend,1.5
2021-05-11 00:00:00+00:00,1.0,1.0,0.46153846153846156,False,0.5620085770587303,True,35.12895895559997,True,1.0719923044213369,False,False,Calm uptrend,1.5
2021-05-12 00:00:00+00:00,1.0,1.0,0.5343511450381679,True,0.428390612371459,True,37.91480366294404,True,1.210362377494016,False,False,Calm uptrend,1.5
2021-05-13 00:00:00+00:00,1.0,1.0,0.5984848484848485,True,0.3658059891603108,True,42.330977016665564,False,1.2899514694726002,False,False,Volatile uptrend,0.6
2021-05-14 00:00:00+00:00,1.0,1.0,0.631578947368421,True,0.4003895632162613,True,45.74055575256377,False,1.2741994798117269,False,False,Volatile uptrend,0.6
2021-05-15 00:00:00+00:00,1.0,1.0,0.6492537313432836,True,0.25458763025633185,True,50.333486249810186,False,1.278796309320123,False,False,Volatile uptrend,0.6
2021-05-16 00:00:00+00:00,1.0,1.0,0.6666666666666666,True,0.2621881310590145,True,55.40570555685085,False,1.3118018715160602,False,False,Volatile uptrend,0.6
2021-05-17 00:00:00+00:00,1.0,1.0,0.6544117647058824,True,0.20900653070949718,False,59.58391987563097,False,1.403105929291416,False,False,Volatile uptrend,0.6
2021-05-18 00:00:00+00:00,1.0,1.0,0.6496350364963503,True,0.24624344913285434,True,59.3275265878066,False,1.4015932049289228,False,False,Volatile uptrend,0.6
2021-05-19 00:00:00+00:00,0.5714285714285714,1.0,0.9057971014492754,True,0.050611417994199215,False,40.76560401746136,False,1.853233153448134,True,False,Storm,0.1714285714285714
2021-05-20 00:00:00+00:00,0.5714285714285714,1.0,0.9064748201438849,True,0.07763108287740694,False,43.79348689473687,False,1.9792409438310878,True,False,Storm,0.1714285714285714
2021-05-21 00:00:00+00:00,0.5714285714285714,1.0,0.9071428571428571,True,0.012402101914675162,False,46.58674045312213,False,2.0775261134475596,True,False,Storm,0.1714285714285714
2021-05-22 00:00:00+00:00,0.5714285714285714,1.0,0.9078014184397163,True,0.017020861991805837,False,45.825138502757824,False,2.067241484054394,True,False,Storm,0.1714285714285714
2021-05-23 00:00:00+00:00,0.42857142857142855,1.0,0.9084507042253521,True,0.043545049040402094,False,45.228310617011125,False,2.1398219831130825,True,False,Storm,0.12857142857142856
2021-05-24 00:00:00+00:00,0.42857142857142855,1.0,0.9090909090909091,True,0.06570776145370191,False,45.38896888347686,False,2.1179798156472853,True,False,Storm,0.12857142857142856
2021-05-25 00:00:00+00:00,0.42857142857142855,1.0,0.9097222222222222,True,0.05853312595685885,False,45.228049958802835,False,2.117281820298347,True,False,Storm,0.12857142857142856
2021-05-26 00:00:00+00:00,0.5714285714285714,1.0,0.896551724137931,True,0.053885328888005284,False,46.40219407309639,False,2.0837585528164086,True,False,Storm,0.1714285714285714
2021-05-27 00:00:00+00:00,0.5714285714285714,1.0,0.8904109589041096,True,0.011622082261739665,False,45.11080383735469,False,2.0570214500450037,True,False,Storm,0.1714285714285714
2021-05-28 00:00:00+00:00,0.5714285714285714,1.0,0.8979591836734694,True,0.04946217572359803,False,45.50232016962752,False,2.0487747151463718,True,False,Storm,0.1714285714285714
2021-05-29 00:00:00+00:00,0.42857142857142855,1.0,0.9054054054054054,True,0.06911390283304869,False,49.11921908957657,False,2.02652436674499,True,False,Storm,0.12857142857142856
2021-05-30 00:00:00+00:00,0.42857142857142855,1.0,0.8926174496644296,True,0.055108722933351596,False,53.473116095118456,False,1.9879910042126008,True,False,Storm,0.12857142857142856
2021-05-31 00:00:00+00:00,0.42857142857142855,1.0,0.9066666666666666,True,0.03332616401355279,False,53.729049957301086,False,1.9423640251520768,True,False,Storm,0.12857142857142856
2021-06-01 00:00:00+00:00,0.42857142857142855,1.0,0.9006622516556292,True,0.043585588901511395,False,55.82602965269096,False,1.9156894998645002,True,False,Storm,0.12857142857142856
2021-06-02 00:00:00+00:00,0.42857142857142855,1.0,0.8289473684210527,True,0.10632380337680249,False,60.1800622756385,False,1.865044068383779,True,False,Storm,0.12857142857142856
2021-06-03 00:00:00+00:00,0.5714285714285714,1.0,0.803921568627451,True,0.05633919216068243,False,57.84868214402767,False,1.8206291818532452,True,False,Storm,0.1714285714285714
2021-06-04 00:00:00+00:00,0.5714285714285714,1.0,0.7597402597402597,True,0.12536437894509198,False,54.966829352933836,False,1.7849890593016828,True,False,Storm,0.1714285714285714
2021-06-05 00:00:00+00:00,0.5714285714285714,1.0,0.7548387096774194,True,0.12892919962188745,False,54.39584484719995,False,1.7592072423945981,True,False,Storm,0.1714285714285714
2021-06-06 00:00:00+00:00,0.5714285714285714,1.0,0.6794871794871795,True,0.1135546308117216,False,63.55666132216613,False,1.7105414626615394,False,False,Volatile uptrend,0.3428571428571428
2021-06-07 00:00:00+00:00,0.5714285714285714,1.0,0.5668789808917197,True,0.20440628503466446,True,65.64120748976173,False,1.6830909273387393,False,False,Volatile uptrend,0.3428571428571428
2021-06-08 00:00:00+00:00,0.5714285714285714,1.0,0.5569620253164557,True,0.21728501096608943,True,65.1289400863789,False,1.6737023844395351,False,True,Volatile uptrend,0.2571428571428571
2021-06-09 00:00:00+00:00,0.5714285714285714,1.0,0.5534591194968553,True,0.20234445063867953,False,65.65080780695509,False,1.6497424776172627,False,True,Volatile uptrend,0.2571428571428571
2021-06-10 00:00:00+00:00,0.5714285714285714,1.0,0.54375,True,0.26139322916666663,True,65.1128831591681,False,1.6074170480275867,False,True,Volatile uptrend,0.2571428571428571
2021-06-11 00:00:00+00:00,0.42857142857142855,1.0,0.4906832298136646,False,0.23396841776707622,True,62.55974935930618,True,1.5753028936604472,False,True,Fading uptrend,0.4821428571428571
2021-06-12 00:00:00+00:00,0.42857142857142855,1.0,0.4444444444444444,False,0.2176045201755477,True,60.761501956761855,True,1.5394943387024171,False,True,Fading uptrend,0.4821428571428571
2021-06-13 00:00:00+00:00,0.42857142857142855,1.0,0.4233128834355828,False,0.26215256848168245,True,64.4202882083132,True,1.5061458139532224,False,True,Fading uptrend,0.4821428571428571
2021-06-14 00:00:00+00:00,0.42857142857142855,1.0,0.2926829268292683,False,0.18981535069833372,False,60.99987413951158,False,1.4638257831876234,False,True,Fading uptrend,0.3214285714285714
2021-06-15 00:00:00+00:00,0.42857142857142855,1.0,0.2727272727272727,False,0.1858500830326977,False,59.985935199439126,False,1.4288256191386641,False,True,Fading uptrend,0.3214285714285714
2021-06-16 00:00:00+00:00,0.42857142857142855,1.0,0.2710843373493976,False,0.1673834508859454,False,59.3940869784546,False,1.3950265344178676,False,True,Fading uptrend,0.3214285714285714
2021-06-17 00:00:00+00:00,0.42857142857142855,1.0,0.2634730538922156,False,0.1863084776968784,False,60.403256414787826,False,1.3701394076311078,False,True,Fading uptrend,0.3214285714285714
2021-06-18 00:00:00+00:00,0.2857142857142857,1.0,0.25,False,0.0447218286103548,False,53.450238032972635,False,1.3569345567576592,False,True,Fading uptrend,0.21428571428571427
2021-06-19 00:00:00+00:00,0.2857142857142857,1.0,0.21893491124260356,False,0.13980938976482757,False,51.47506604122021,False,1.3279719981473384,False,True,Fading uptrend,0.21428571428571427
2021-06-20 00:00:00+00:00,0.2857142857142857,1.0,0.2823529411764706,False,0.04617369741711961,False,48.01196677616177,False,1.3093027044884868,False,True,Fading uptrend,0.21428571428571427
2021-06-21 00:00:00+00:00,0.0,0.0,0.4093567251461988,False,0.09558610641536922,False,51.08312892188614,False,1.353186433182559,False,False,Downtrend,0.0
2021-06-22 00:00:00+00:00,0.0,0.0,0.4476744186046512,False,0.05307573272184559,False,43.52561989292199,False,1.419966772370349,False,False,Downtrend,0.0
2021-06-23 00:00:00+00:00,0.0,0.0,0.45664739884393063,False,0.18754255814786933,False,43.547352417905486,False,1.4041749633773373,False,False,Downtrend,0.0
2021-06-24 00:00:00+00:00,0.0,0.0,0.4540229885057471,False,0.19921271460347603,True,42.934989262672076,True,1.3733160589477449,False,False,Downtrend,0.0
2021-06-25 00:00:00+00:00,0.0,0.0,0.5085714285714286,True,0.2995079266120414,True,43.60635086269159,False,1.3573450156102238,False,False,Downtrend,0.0
2021-06-26 00:00:00+00:00,0.0,0.0,0.5056818181818182,True,0.26291316510470836,True,42.79601877042389,False,1.3505802783959249,False,False,Downtrend,0.0
2021-06-27 00:00:00+00:00,0.0,0.0,0.4971751412429379,False,0.1305023712798839,False,42.00886120643153,False,1.3278984820516826,False,False,Downtrend,0.0
2021-06-28 00:00:00+00:00,0.0,0.0,0.5280898876404494,True,0.05956748969301269,False,42.48908224044102,False,1.3104581764261167,False,False,Downtrend,0.0
2021-06-29 00:00:00+00:00,0.0,0.0,0.5363128491620112,True,0.06818540001174282,False,46.54044184654898,False,1.2897779400428777,False,False,Downtrend,0.0
2021-06-30 00:00:00+00:00,0.14285714285714285,1.0,0.5388888888888889,True,0.14224723333806985,False,50.966226136127915,False,1.2767400599041594,False,False,Fading uptrend,0.0857142857142857
2021-07-01 00:00:00+00:00,0.14285714285714285,1.0,0.56353591160221,True,0.16907071289093775,False,55.942645503739705,False,1.273206680445374,False,False,Fading uptrend,0.0857142857142857
2021-07-02 00:00:00+00:00,0.14285714285714285,1.0,0.5274725274725275,True,0.17809527188972787,False,60.09081101189278,False,1.257447823618493,False,False,Fading uptrend,0.0857142857142857
2021-07-03 00:00:00+00:00,0.14285714285714285,1.0,0.5300546448087432,True,0.20857105036733084,True,60.23376075317677,False,1.2234514105087901,False,False,Fading uptrend,0.0857142857142857
2021-07-04 00:00:00+00:00,0.2857142857142857,1.0,0.5054347826086957,True,0.1243558798003906,False,53.64083298552708,False,1.2035460630995858,False,False,Fading uptrend,0.1714285714285714
2021-07-05 00:00:00+00:00,0.2857142857142857,1.0,0.372972972972973,False,0.1430590483521004,False,50.479686121573174,False,1.2107290372617692,False,False,Fading uptrend,0.2857142857142857
2021-07-06 00:00:00+00:00,0.2857142857142857,1.0,0.25806451612903225,False,0.12743134637032388,False,49.321751102039066,False,1.1932007927522836,False,False,Fading uptrend,0.2857142857142857
2021-07-07 00:00:00+00:00,0.2857142857142857,1.0,0.19786096256684493,False,0.09363761820270705,False,46.60249027512371,False,1.1615894941114715,False,False,Fading uptrend,0.2857142857142857
2021-07-08 00:00:00+00:00,0.2857142857142857,1.0,0.22872340425531915,False,0.12785373192909014,False,48.00150106347919,False,1.1461443734380128,False,False,Fading uptrend,0.2857142857142857
2021-07-09 00:00:00+00:00,0.2857142857142857,1.0,0.17989417989417988,False,0.15516681127328646,False,46.65226362551337,False,1.1310510409172287,False,False,Fading uptrend,0.2857142857142857
2021-07-10 00:00:00+00:00,0.2857142857142857,1.0,0.17894736842105263,False,0.12503816370146278,False,51.504369605396214,False,1.1163875435886603,False,False,Fading uptrend,0.2857142857142857
2021-07-11 00:00:00+00:00,0.2857142857142857,1.0,0.16230366492146597,False,0.07640787119856904,False,61.40060187424018,False,1.0855692362903873,False,False,Fading uptrend,0.2857142857142857
2021-07-12 00:00:00+00:00,0.2857142857142857,1.0,0.16145833333333334,False,0.11747265459936128,False,65.12436889757123,False,1.063534799250045,False,False,Fading uptrend,0.2857142857142857
2021-07-13 00:00:00+00:00,0.0,0.0,0.15544041450777202,False,0.2004169043443968,True,56.85897474017233,True,1.0562690903438152,False,False,Downtrend,0.0
2021-07-14 00:00:00+00:00,0.0,0.0,0.14948453608247422,False,0.20765009900919965,True,52.1816033633786,True,1.0443873562540749,False,False,Downtrend,0.0
2021-07-15 00:00:00+00:00,0.0,0.0,0.13846153846153847,False,0.2181305294654312,True,51.45536160365577,True,1.0252161232129184,False,True,Downtrend,0.0
2021-07-16 00:00:00+00:00,0.0,0.0,0.1326530612244898,False,0.18018919443925221,False,49.94694518618445,False,1.0105694288822202,False,False,Downtrend,0.0
2021-07-17 00:00:00+00:00,0.0,0.0,0.116751269035533,False,0.17247983687439716,False,48.59400300884705,False,0.9931387674760613,False,False,Downtrend,0.0
2021-07-18 00:00:00+00:00,0.0,0.0,0.09090909090909091,False,0.13095051450990602,False,47.00362957081768,False,0.9783758873471073,False,False,Downtrend,0.0
2021-07-19 00:00:00+00:00,0.0,0.0,0.07537688442211055,False,0.1321087604063241,False,43.39459764635439,False,0.9621220773761305,False,False,Downtrend,0.0
2021-07-20 00:00:00+00:00,0.0,0.0,0.085,False,0.17781924198250734,False,37.20838461092526,True,0.9663016020368436,False,False,Downtrend,0.0
2021-07-21 00:00:00+00:00,0.0,0.0,0.21890547263681592,False,0.04538385059344306,False,45.28993860856559,False,0.9503269251412175,False,False,Downtrend,0.0
2021-07-22 00:00:00+00:00,0.0,0.0,0.18316831683168316,False,0.05937454022330845,False,51.541167867544424,False,0.9369485148780609,False,False,Downtrend,0.0
2021-07-23 00:00:00+00:00,0.0,0.0,0.18226600985221675,False,0.06351951238368048,False,51.43738952323158,False,0.9223048802667245,False,False,Downtrend,0.0
2021-07-24 00:00:00+00:00,0.2857142857142857,0.0,0.17647058823529413,False,0.07819239904036789,False,50.539175916721454,False,0.9045076270937799,False,False,Downtrend,0.14285714285714285
2021-07-25 00:00:00+00:00,0.2857142857142857,0.0,0.17560975609756097,False,0.16413126365175593,False,50.50881704848274,False,0.8887428191118104,False,False,Downtrend,0.14285714285714285
2021-07-26 00:00:00+00:00,0.2857142857142857,0.0,0.22330097087378642,False,0.1703754382964167,False,37.78569642274551,True,0.9200916130919551,False,False,Downtrend,0.21428571428571427
2021-07-27 00:00:00+00:00,0.5714285714285714,1.0,0.2318840579710145,False,0.14052193481795186,False,38.535348155920495,False,0.9227127615940479,False,False,Uptrend,0.5714285714285714
2021-07-28 00:00:00+00:00,0.5714285714285714,1.0,0.21153846153846154,False,0.10038253773213102,False,37.536670250634636,True,0.9344656425638005,False,False,Calm uptrend,0.8571428571428571
2021-07-29 00:00:00+00:00,0.5714285714285714,1.0,0.18181818181818182,False,0.10084115397984024,False,36.99130189752507,True,0.9112358373782852,False,False,Calm uptrend,0.8571428571428571
2021-07-30 00:00:00+00:00,0.8571428571428571,1.0,0.18571428571428572,False,0.0875374478551845,False,35.851624501553566,True,0.900131763745599,False,False,Calm uptrend,1.2857142857142856
2021-07-31 00:00:00+00:00,0.8571428571428571,1.0,0.20853080568720378,False,0.2095683673368672,True,33.09592037120677,True,0.8781171107355278,False,False,Calm uptrend,1.2857142857142856
2021-08-01 00:00:00+00:00,0.8571428571428571,1.0,0.22169811320754718,False,0.20046126658612817,True,28.439839729067856,True,0.8757944362587228,False,False,Calm uptrend,1.2857142857142856
2021-08-02 00:00:00+00:00,0.8571428571428571,1.0,0.22535211267605634,False,0.19173782272552956,True,29.243096706039328,True,0.8714476447448388,False,False,Calm uptrend,1.2857142857142856
2021-08-03 00:00:00+00:00,0.8571428571428571,1.0,0.21495327102803738,False,0.0939382482671708,False,31.820461573758752,True,0.8697372589716569,False,False,Calm uptrend,1.2857142857142856
2021-08-04 00:00:00+00:00,1.0,1.0,0.12558139534883722,False,0.2547833678189195,True,37.632648833881426,True,0.8586977351453275,False,False,Calm uptrend,1.5
2021-08-05 00:00:00+00:00,1.0,1.0,0.25,False,0.2461443131974025,True,39.97388972871689,True,0.8815054794804311,False,False,Calm uptrend,1.5
2021-08-06 00:00:00+00:00,1.0,1.0,0.2626728110599078,False,0.27274538356820655,True,41.759378471693,True,0.8767593448243023,False,False,Calm uptrend,1.5
2021-08-07 00:00:00+00:00,1.0,1.0,0.29357798165137616,False,0.479611525598148,True,35.85748748246358,True,0.8636327598269855,False,False,Calm uptrend,1.5
2021-08-08 00:00:00+00:00,1.0,1.0,0.3105022831050228,False,0.37692414971323007,True,38.788742124554375,True,0.8699218903381479,False,False,Calm uptrend,1.5
2021-08-09 00:00:00+00:00,1.0,1.0,0.29545454545454547,False,0.4361769752668383,True,39.18856335698239,True,0.8883110442989759,False,False,Calm uptrend,1.5
2021-08-10 00:00:00+00:00,1.0,1.0,0.28054298642533937,False,0.417869022825638,True,41.21106778558384,True,0.8802479710758286,False,False,Calm uptrend,1.5
2021-08-11 00:00:00+00:00,1.0,1.0,0.28378378378378377,False,0.48956616766986427,True,41.1905765234904,True,0.865012498272116,False,False,Calm uptrend,1.5
2021-08-12 00:00:00+00:00,1.0,1.0,0.31390134529147984,False,0.47478607341127577,True,44.67328590360188,True,0.8701040212623906,False,False,Calm uptrend,1.5
2021-08-13 00:00:00+00:00,1.0,1.0,0.34375,False,0.5204782438259506,True,48.388742853134275,True,0.8509170551607332,False,False,Calm uptrend,1.5
2021-08-14 00:00:00+00:00,1.0,1.0,0.3377777777777778,False,0.5300206304312666,True,49.14342773052434,True,0.8408000773553689,False,False,Calm uptrend,1.5
2021-08-15 00:00:00+00:00,1.0,1.0,0.3230088495575221,False,0.5642585881211623,True,49.404795956393535,True,0.8268889712029963,False,False,Calm uptrend,1.5
2021-08-16 00:00:00+00:00,1.0,1.0,0.32599118942731276,False,0.4664945753834642,True,49.70293916166243,True,0.8243562014186455,False,False,Calm uptrend,1.5
2021-08-17 00:00:00+00:00,1.0,1.0,0.35964912280701755,False,0.40004857385726394,True,51.57567269752176,True,0.832643121615631,False,False,Calm uptrend,1.5
2021-08-18 00:00:00+00:00,1.0,1.0,0.27074235807860264,False,0.4380646059389399,True,53.25745907021368,True,0.831166776597028,False,False,Calm uptrend,1.5
2021-08-19 00:00:00+00:00,1.0,1.0,0.22608695652173913,False,0.487708649468892,True,62.47981491735253,True,0.8193367145848484,False,False,Calm uptrend,1.5
2021-08-20 00:00:00+00:00,1.0,1.0,0.16883116883116883,False,0.46750402483066683,True,71.45453899183715,True,0.8032821800756386,False,False,Calm uptrend,1.5
2021-08-21 00:00:00+00:00,1.0,1.0,0.09051724137931035,False,0.42967016819522513,True,71.18593120750371,True,0.7974676244476551,False,False,Calm uptrend,1.5
2021-08-22 00:00:00+00:00,1.0,1.0,0.034334763948497854,False,0.4117238243459549,True,69.91478806625605,True,0.7897865655348192,False,False,Calm uptrend,1.5
2021-08-23 00:00:00+00:00,1.0,1.0,0.0,False,0.4166364232899659,True,69.10785358363322,True,0.7743279445591954,False,False,Calm uptrend,1.5
2021-08-24 00:00:00+00:00,1.0,1.0,0.00425531914893617,False,0.3413375372804496,True,69.51673575256297,True,0.7719862461039084,False,False,Calm uptrend,1.5
2021-08-25 00:00:00+00:00,1.0,1.0,0.00847457627118644,False,0.34542876411489015,True,69.71798691847415,True,0.7692561559700447,False,False,Calm uptrend,1.5
2021-08-26 00:00:00+00:00,1.0,1.0,0.0,False,0.26871629239160216,True,68.82117725060917,True,0.7666485763292702,False,False,Calm uptrend,1.5
2021-08-27 00:00:00+00:00,1.0,1.0,0.0,False,0.31046591435092785,True,67.7369985093078,True,0.7470544256605459,False,True,Calm uptrend,1.125
2021-08-28 00:00:00+00:00,1.0,1.0,0.0,False,0.2797726903718134,True,66.92372165829431,True,0.7268410796598614,False,True,Calm uptrend,1.125
2021-08-29 00:00:00+00:00,1.0,1.0,0.0,False,0.25207008161185035,True,65.75180154669688,True,0.7171091879423175,False,True,Calm uptrend,1.125
2021-08-30 00:00:00+00:00,1.0,1.0,0.004149377593360996,False,0.2361258048706289,True,65.83245954613415,True,0.7210170501181288,False,True,Calm uptrend,1.125
2021-08-31 00:00:00+00:00,1.0,1.0,0.0,False,0.2787676282204709,True,57.84021598295734,True,0.7145083446583751,False,True,Calm uptrend,1.125
2021-09-01 00:00:00+00:00,1.0,1.0,0.0411522633744856,False,0.35055821371610824,True,42.38577659665075,True,0.7180599089326444,False,False,Calm uptrend,1.5
2021-09-02 00:00:00+00:00,1.0,1.0,0.020491803278688523,False,0.3730046509453803,True,45.12194180183218,True,0.7098179859364626,False,False,Calm uptrend,1.5
2021-09-03 00:00:00+00:00,1.0,1.0,0.04897959183673469,False,0.36116278862095924,True,39.916787968908466,True,0.7097208438771635,False,False,Calm uptrend,1.5
2021-09-04 00:00:00+00:00,1.0,1.0,0.056910569105691054,False,0.3198082111490107,True,40.39296786354743,True,0.6947878876956761,False,False,Calm uptrend,1.5
2021-09-05 00:00:00+00:00,1.0,1.0,0.048582995951417005,False,0.3198451996483455,True,40.452105216591036,True,0.6791876689510346,False,False,Calm uptrend,1.5
2021-09-06 00:00:00+00:00,1.0,1.0,0.04032258064516129,False,0.250079938398491,True,39.88409603912062,True,0.6630056566118512,False,False,Calm uptrend,1.5
2021-09-07 00:00:00+00:00,1.0,1.0,0.5301204819277109,True,0.1240157249310567,False,46.86935927025406,False,0.8852349972989698,False,False,Volatile uptrend,0.6
2021-09-08 00:00:00+00:00,1.0,1.0,0.548,True,0.10181809430988212,False,48.72480330230303,False,0.9133358989241999,False,False,Volatile uptrend,0.6
2021-09-09 00:00:00+00:00,1.0,1.0,0.545816733067729,True,0.08381835558961635,False,48.5190465203407,False,0.9020022513036903,False,False,Volatile uptrend,0.6
2021-09-10 00:00:00+00:00,0.8571428571428571,1.0,0.5634920634920635,True,0.013520465220308682,False,49.97616658284058,False,0.9155582291160929,False,False,Volatile uptrend,0.5142857142857142
2021-09-11 00:00:00+00:00,0.8571428571428571,1.0,0.5731225296442688,True,0.06284422301817011,False,50.679717595619216,False,0.8968381051188914,False,False,Volatile uptrend,0.5142857142857142
2021-09-12 00:00:00+00:00,0.8571428571428571,1.0,0.5826771653543307,True,0.02421885397412194,False,51.73838644531534,False,0.8914649202750498,False,False,Volatile uptrend,0.5142857142857142
2021-09-13 00:00:00+00:00,0.8571428571428571,1.0,0.611764705882353,True,0.006448800476612575,False,52.82768489688126,False,0.9300414592758804,False,False,Volatile uptrend,0.5142857142857142
2021-09-14 00:00:00+00:00,0.8571428571428571,1.0,0.58203125,True,0.03589356014032546,False,51.70745050228603,False,0.9116296660820227,False,False,Volatile uptrend,0.5142857142857142
2021-09-15 00:00:00+00:00,0.8571428571428571,1.0,0.5408560311284046,True,0.1310138975386151,False,49.75170732479079,False,0.888715122043349,False,False,Volatile uptrend,0.5142857142857142
2021-09-16 00:00:00+00:00,0.8571428571428571,1.0,0.5503875968992248,True,0.160055475309459,False,50.4955730612285,False,0.8950298215262599,False,False,Volatile uptrend,0.5142857142857142
2021-09-17 00:00:00+00:00,0.8571428571428571,1.0,0.5366795366795367,True,0.10581856535448632,False,51.53486468568398,False,0.8931542407748377,False,False,Volatile uptrend,0.5142857142857142
2021-09-18 00:00:00+00:00,0.8571428571428571,1.0,0.55,True,0.07171900930134412,False,51.88810568229307,False,0.8741403378987728,False,False,Volatile uptrend,0.5142857142857142
2021-09-19 00:00:00+00:00,0.8571428571428571,1.0,0.5555555555555556,True,0.01246676951277124,False,52.56219007186249,False,0.8675850346849286,False,False,Volatile uptrend,0.5142857142857142
2021-09-20 00:00:00+00:00,0.5714285714285714,1.0,0.6412213740458015,True,0.06472028165088636,False,53.04849051445608,False,0.9149483989012966,False,False,Volatile uptrend,0.3428571428571428
2021-09-21 00:00:00+00:00,0.5714285714285714,1.0,0.42585551330798477,False,0.11802204944876374,False,48.7046029208677,False,1.0117509592931337,False,False,Uptrend,0.5714285714285714
2021-09-22 00:00:00+00:00,0.5714285714285714,1.0,0.4356060606060606,False,0.05779783530124132,False,48.77104571918043,False,0.998656885174303,False,False,Uptrend,0.5714285714285714
2021-09-23 00:00:00+00:00,0.5714285714285714,1.0,0.4339622641509434,False,0.004363363160885746,False,48.40147878311573,False,0.9806907315106295,False,False,Uptrend,0.5714285714285714
2021-09-24 00:00:00+00:00,0.5714285714285714,1.0,0.4849624060150376,False,0.06905251268377581,False,49.02957230193884,False,1.0330304196982418,False,False,Uptrend,0.5714285714285714
2021-09-25 00:00:00+00:00,0.5714285714285714,1.0,0.4868913857677903,False,0.04088839925505706,False,49.20747796269672,False,1.016815174421745,False,False,Uptrend,0.5714285714285714
2021-09-26 00:00:00+00:00,0.5714285714285714,1.0,0.5223880597014925,True,0.05157311491206936,False,50.539487958668154,False,1.0165944728185168,False,False,Volatile uptrend,0.3428571428571428
2021-09-27 00:00:00+00:00,0.5714285714285714,1.0,0.516728624535316,True,0.0749305067660445,False,49.75574658239346,False,1.0111226750978797,False,False,Volatile uptrend,0.3428571428571428
2021-09-28 00:00:00+00:00,0.42857142857142855,1.0,0.5222222222222223,True,0.0960996262180058,False,49.90194331323064,False,1.0012147260510607,False,False,Fading uptrend,0.2571428571428571
2021-09-29 00:00:00+00:00,0.42857142857142855,1.0,0.5129151291512916,True,0.08628053289645836,False,48.99527151692879,False,0.9838372192551528,False,False,Fading uptrend,0.2571428571428571
2021-09-30 00:00:00+00:00,0.42857142857142855,1.0,0.5257352941176471,True,0.09862960107698851,False,52.3245406545575,False,0.973596719908796,False,False,Fading uptrend,0.2571428571428571
2021-10-01 00:00:00+00:00,0.5714285714285714,1.0,0.5714285714285714,True,0.12142217879181524,False,55.64777424495545,False,0.9567755175030265,False,False,Volatile uptrend,0.3428571428571428
2021-10-02 00:00:00+00:00,0.7142857142857143,1.0,0.5802919708029197,True,0.09270187564916464,False,59.26863368426223,False,0.93725075794721,False,False,Volatile uptrend,0.42857142857142855
2021-10-03 00:00:00+00:00,0.7142857142857143,1.0,0.5709090909090909,True,0.12474170953529294,False,58.07291561608449,False,0.9169179838124876,False,False,Volatile uptrend,0.42857142857142855
2021-10-04 00:00:00+00:00,0.7142857142857143,1.0,0.48188405797101447,False,0.12027736484125973,False,55.36210960740894,False,0.9125621177150456,False,False,Uptrend,0.7142857142857143
2021-10-05 00:00:00+00:00,1.0,1.0,0.37184115523465705,False,0.10321542798029745,False,53.48502523662584,False,0.8907947406905512,False,False,Uptrend,1.0
2021-10-06 00:00:00+00:00,1.0,1.0,0.31654676258992803,False,0.08278010153430668,False,48.92057478726856,False,0.8896917399647175,False,False,Uptrend,1.0
2021-10-07 00:00:00+00:00,1.0,1.0,0.31899641577060933,False,0.040544553930355554,False,48.49961326857069,False,0.882695589274883,False,False,Uptrend,1.0
2021-10-08 00:00:00+00:00,1.0,1.0,0.18571428571428572,False,0.01718809885636027,False,43.92361904622528,False,0.8698511848096386,False,False,Uptrend,1.0
2021-10-09 00:00:00+00:00,1.0,1.0,0.16370106761565836,False,0.040856545524424345,False,43.05619421268959,False,0.84637563448376,False,False,Uptrend,1.0
2021-10-10 00:00:00+00:00,1.0,1.0,0.04964539007092199,False,0.05683573101001314,False,42.49512126172925,False,0.8377119244288415,False,False,Uptrend,1.0
2021-10-11 00:00:00+00:00,1.0,1.0,0.04240282685512368,False,0.07464761578920211,False,42.63777695922025,False,0.822449243076411,False,False,Uptrend,1.0
2021-10-12 00:00:00+00:00,1.0,1.0,0.02464788732394366,False,0.02426016911214732,False,42.123485756728655,False,0.8177701096546071,False,False,Uptrend,1.0
2021-10-13 00:00:00+00:00,1.0,1.0,0.02456140350877193,False,0.08962496486741453,False,44.92470394493103,False,0.8034614064761387,False,False,Uptrend,1.0
2021-10-14 00:00:00+00:00,1.0,1.0,0.024475524475524476,False,0.09825216171294222,False,45.411228514711254,False,0.7843263929374155,False,False,Uptrend,1.0
2021-10-15 00:00:00+00:00,1.0,1.0,0.0,False,0.07242620998610667,False,53.16032578408929,False,0.7755772363785096,False,False,Uptrend,1.0
2021-10-16 00:00:00+00:00,1.0,1.0,0.0,False,0.07441852537808635,False,49.69959445013105,False,0.7626629086345293,False,False,Uptrend,1.0
2021-10-17 00:00:00+00:00,1.0,1.0,0.006920415224913495,False,0.13268904270602067,False,51.59812827634852,False,0.765524772458247,False,False,Uptrend,1.0
2021-10-18 00:00:00+00:00,1.0,1.0,0.013793103448275862,False,0.09004582054879867,False,56.39034246368277,False,0.7535975060793844,False,False,Uptrend,1.0
2021-10-19 00:00:00+00:00,1.0,1.0,0.006872852233676976,False,0.15849129672070045,False,56.0305050376841,False,0.734436217781504,False,False,Uptrend,1.0
2021-10-20 00:00:00+00:00,1.0,1.0,0.0136986301369863,False,0.3489184991320288,True,47.704750410454906,True,0.7226330582525199,False,False,Calm uptrend,1.5
2021-10-21 00:00:00+00:00,1.0,1.0,0.034129692832764506,False,0.3912424956303671,True,41.339012688440135,True,0.7309513772026279,False,False,Calm uptrend,1.5
2021-10-22 00:00:00+00:00,1.0,1.0,0.04081632653061224,False,0.2926210647421818,True,42.78674049554558,True,0.7310058905313674,False,False,Calm uptrend,1.5
2021-10-23 00:00:00+00:00,1.0,1.0,0.05423728813559322,False,0.31917731513813136,True,44.42911779360349,True,0.7183737646562193,False,False,Calm uptrend,1.5
2021-10-24 00:00:00+00:00,1.0,1.0,0.05405405405405406,False,0.37957942941362255,True,44.73250979587061,True,0.7100354857708063,False,False,Calm uptrend,1.5
2021-10-25 00:00:00+00:00,1.0,1.0,0.04040404040404041,False,0.4095467561464813,True,44.975636034399336,True,0.696845861711895,False,False,Calm uptrend,1.5
2021-10-26 00:00:00+00:00,1.0,1.0,0.0436241610738255,False,0.34340338166572215,True,46.08850915401721,True,0.6986748202309067,False,False,Calm uptrend,1.5
2021-10-27 00:00:00+00:00,1.0,1.0,0.09698996655518395,False,0.31158552411448875,True,55.85365605643192,True,0.7219394788303451,False,False,Calm uptrend,1.5
2021-10-28 00:00:00+00:00,1.0,1.0,0.15,False,0.43040384050958846,True,60.33043326002713,True,0.7141006800162235,False,False,Calm uptrend,1.5
2021-10-29 00:00:00+00:00,1.0,1.0,0.1461794019933555,False,0.4445011251112361,True,56.379910066589076,True,0.7057511126395171,False,False,Calm uptrend,1.5
2021-10-30 00:00:00+00:00,1.0,1.0,0.16225165562913907,False,0.38049669169599887,True,56.737235612802586,True,0.6922392463093294,False,False,Calm uptrend,1.5
2021-10-31 00:00:00+00:00,1.0,1.0,0.132013201320132,False,0.305333733238356,True,57.97586209781829,True,0.6820278367715653,False,False,Calm uptrend,1.5
2021-11-01 00:00:00+00:00,1.0,1.0,0.13157894736842105,False,0.29528735741475004,True,61.02349419754519,True,0.6877739164029014,False,False,Calm uptrend,1.5
2021-11-02 00:00:00+00:00,1.0,1.0,0.1737704918032787,False,0.34519763695584327,True,60.47657135877338,True,0.6764110795512631,False,False,Calm uptrend,1.5
2021-11-03 00:00:00+00:00,1.0,1.0,0.11764705882352941,False,0.3603204585423046,True,58.84983614474688,True,0.676698927722541,False,False,Calm uptrend,1.5
2021-11-04 00:00:00+00:00,1.0,1.0,0.05537459283387622,False,0.3063652766941889,True,56.99844554714568,True,0.6709520781714956,False,False,Calm uptrend,1.5
2021-11-05 00:00:00+00:00,1.0,1.0,0.03571428571428571,False,0.27103631799264055,True,55.465764320071735,True,0.6662337518147429,False,False,Calm uptrend,1.5
2021-11-06 00:00:00+00:00,1.0,1.0,0.02912621359223301,False,0.27782239645067586,True,55.117656151236076,True,0.6552703598797054,False,False,Calm uptrend,1.5
2021-11-07 00:00:00+00:00,1.0,1.0,0.025806451612903226,False,0.30689374842818784,True,54.083272702184466,True,0.6365983018765078,False,False,Calm uptrend,1.5
2021-11-08 00:00:00+00:00,1.0,1.0,0.03215434083601286,False,0.34222883340918914,True,47.59199519953553,True,0.6200725978528411,False,False,Calm uptrend,1.5
2021-11-09 00:00:00+00:00,1.0,1.0,0.019230769230769232,False,0.3746365504480769,True,46.009633617608124,True,0.6102035843956384,False,False,Calm uptrend,1.5
2021-11-10 00:00:00+00:00,1.0,1.0,0.006389776357827476,False,0.3110056611009668,True,44.935726550485896,True,0.635657725170389,False,False,Calm uptrend,1.5
2021-11-11 00:00:00+00:00,1.0,1.0,0.0,False,0.34739272918683034,True,53.970834568658205,True,0.6227702467699986,False,False,Calm uptrend,1.5
2021-11-12 00:00:00+00:00,1.0,1.0,0.0031746031746031746,False,0.3048087670980306,True,55.30374596252868,True,0.6226036698687601,False,False,Calm uptrend,1.5
2021-11-13 00:00:00+00:00,1.0,1.0,0.0031645569620253164,False,0.25792549880021987,True,54.33577668107495,True,0.6124523656530486,False,False,Calm uptrend,1.5
2021-11-14 00:00:00+00:00,1.0,1.0,0.0,False,0.23318403595450282,True,53.6683815303391,True,0.6007079317607764,False,False,Calm uptrend,1.5
2021-11-15 00:00:00+00:00,1.0,1.0,0.0,False,0.2242561670293131,True,61.61293370326011,True,0.59655069942653,False,False,Calm uptrend,1.5
2021-11-16 00:00:00+00:00,0.8571428571428571,1.0,0.01567398119122257,False,0.10054663279187234,False,53.17073213400685,False,0.6521957568050765,False,False,Uptrend,0.8571428571428571
2021-11-17 00:00:00+00:00,0.8571428571428571,1.0,0.021875,False,0.15139784466409337,False,51.572029905616105,False,0.6572439855970537,False,False,Uptrend,0.8571428571428571
2021-11-18 00:00:00+00:00,0.7142857142857143,1.0,0.06230529595015576,False,0.032013567107775684,False,49.20067155303422,False,0.6790655938541487,False,False,Uptrend,0.7142857142857143
2021-11-19 00:00:00+00:00,0.7142857142857143,1.0,0.09937888198757763,False,0.035552634449946795,False,51.4550115949378,False,0.6789409101707533,False,False,Uptrend,0.7142857142857143
2021-11-20 00:00:00+00:00,0.7142857142857143,1.0,0.11145510835913312,False,0.09534047895862868,False,51.79760721557504,False,0.6722650779908871,False,False,Uptrend,0.7142857142857143
2021-11-21 00:00:00+00:00,0.7142857142857143,1.0,0.12654320987654322,False,0.07449985808806886,False,52.56304351242382,False,0.670543542619265,False,False,Uptrend,0.7142857142857143
2021-11-22 00:00:00+00:00,0.7142857142857143,1.0,0.16615384615384615,False,0.021255529973833318,False,53.44857107611093,False,0.6793424890434118,False,False,Uptrend,0.7142857142857143
2021-11-23 00:00:00+00:00,0.7142857142857143,1.0,0.23006134969325154,False,0.06449500941926638,False,55.43998814500116,False,0.6814108178800664,False,False,Uptrend,0.7142857142857143
2021-11-24 00:00:00+00:00,0.7142857142857143,1.0,0.16819571865443425,False,0.012502073471054285,False,55.97080158047894,False,0.6804113060504698,False,False,Uptrend,0.7142857142857143
2021-11-25 00:00:00+00:00,0.7142857142857143,1.0,0.1951219512195122,False,0.0962819354791331,False,56.96341150818817,False,0.6660348294587953,False,False,Uptrend,0.7142857142857143
2021-11-26 00:00:00+00:00,0.7142857142857143,1.0,0.3617021276595745,False,0.027343714157253826,False,59.89170261388962,False,0.7507889343086164,False,False,Uptrend,0.7142857142857143
2021-11-27 00:00:00+00:00,0.7142857142857143,1.0,0.36666666666666664,False,0.04710092137334274,False,60.17937283256577,False,0.742430719246288,False,False,Uptrend,0.7142857142857143
2021-11-28 00:00:00+00:00,0.7142857142857143,1.0,0.39274924471299094,False,0.030152987966501666,False,61.530059494778904,False,0.7367077734906918,False,False,Uptrend,0.7142857142857143
2021-11-29 00:00:00+00:00,0.7142857142857143,1.0,0.39156626506024095,False,0.029223777146214675,False,71.61272897323417,False,0.728514521815457,False,False,Uptrend,0.7142857142857143
2021-11-30 00:00:00+00:00,0.8571428571428571,1.0,0.37537537537537535,False,0.07941321493306419,False,61.46157569953499,False,0.7376677296809205,False,False,Uptrend,0.8571428571428571
2021-12-01 00:00:00+00:00,0.8571428571428571,1.0,0.37425149700598803,False,0.060790329650049456,False,60.480400552096036,False,0.7409719041353516,False,False,Uptrend,0.8571428571428571
2021-12-02 00:00:00+00:00,0.8571428571428571,1.0,0.3074626865671642,False,0.019022382971727595,False,58.78837017046938,False,0.739266237983091,False,False,Uptrend,0.8571428571428571
2021-12-03 00:00:00+00:00,0.8571428571428571,1.0,0.4107142857142857,False,0.08773256077135498,False,61.356242176248955,False,0.7578062417620407,False,True,Uptrend,0.6428571428571428
2021-12-04 00:00:00+00:00,0.5714285714285714,1.0,0.5727002967359051,True,0.09336542462856941,False,50.78093668178881,False,0.8145031499047455,False,True,Volatile uptrend,0.2571428571428571
2021-12-05 00:00:00+00:00,0.5714285714285714,1.0,0.5769230769230769,True,0.06219273030115791,False,50.844760084150245,False,0.8079531423372056,False,True,Volatile uptrend,0.2571428571428571
2021-12-06 00:00:00+00:00,0.5714285714285714,1.0,0.6047197640117994,True,0.037255009127378814,False,52.05171415482486,False,0.8123107229905272,False,True,Volatile uptrend,0.2571428571428571
2021-12-07 00:00:00+00:00,0.5714285714285714,1.0,0.5794117647058824,True,0.06772991207211201,False,50.85252660637984,False,0.7964483858510035,False,True,Volatile uptrend,0.2571428571428571
2021-12-08 00:00:00+00:00,0.5714285714285714,1.0,0.5806451612903226,True,0.08327666650957041,False,51.017189995282244,False,0.7815452375668988,False,True,Volatile uptrend,0.2571428571428571
2021-12-09 00:00:00+00:00,0.5714285714285714,1.0,0.6081871345029239,True,0.13301312323702252,False,51.85914276564824,False,0.77640855861306,False,True,Volatile uptrend,0.2571428571428571
2021-12-10 00:00:00+00:00,0.42857142857142855,1.0,0.5306122448979592,True,0.15176383616715522,False,49.56565002831348,False,0.810049563554298,False,True,Fading uptrend,0.19285714285714284
2021-12-11 00:00:00+00:00,0.42857142857142855,1.0,0.5523255813953488,True,0.1280555640298158,False,50.46702302347252,False,0.799763438933617,False,True,Fading uptrend,0.19285714285714284
2021-12-12 00:00:00+00:00,0.42857142857142855,1.0,0.5217391304347826,True,0.10918975354510858,False,49.29482273477391,False,0.7870021077680738,False,True,Fading uptrend,0.19285714285714284
2021-12-13 00:00:00+00:00,0.42857142857142855,1.0,0.5867052023121387,True,0.16485911413676216,True,51.56603766780462,False,0.8114758825158321,False,False,Fading uptrend,0.2571428571428571
2021-12-14 00:00:00+00:00,0.42857142857142855,1.0,0.5590778097982709,True,0.14508393965342872,False,49.93962854524262,False,0.8058464520329472,False,False,Fading uptrend,0.2571428571428571
2021-12-15 00:00:00+00:00,0.42857142857142855,1.0,0.6206896551724138,True,0.10110478368365165,False,55.3227034293883,False,0.8367775390616665,False,False,Fading uptrend,0.2571428571428571
2021-12-16 00:00:00+00:00,0.42857142857142855,1.0,0.6189111747851003,True,0.04939708662205585,False,55.0887585455114,False,0.8233377370407633,False,False,Fading uptrend,0.2571428571428571
2021-12-17 00:00:00+00:00,0.42857142857142855,1.0,0.5371428571428571,True,0.08087341245871803,False,58.410004448672225,False,0.8386772402450389,False,False,Fading uptrend,0.2571428571428571
2021-12-18 00:00:00+00:00,0.42857142857142855,1.0,0.37606837606837606,False,0.0075561705319569065,False,59.81746974759295,False,0.8268426787062931,False,False,Fading uptrend,0.42857142857142855
2021-12-19 00:00:00+00:00,0.42857142857142855,1.0,0.3664772727272727,False,0.08003679852805892,False,59.17920162106751,False,0.8151673994480804,False,False,Fading uptrend,0.42857142857142855
2021-12-20 00:00:00+00:00,0.42857142857142855,1.0,0.2804532577903683,False,0.10310115135206667,False,57.00160555789427,False,0.815692277762039,False,False,Fading uptrend,0.42857142857142855
2021-12-21 00:00:00+00:00,0.42857142857142855,1.0,0.2796610169491525,False,0.054875307909452185,False,56.808766373195006,False,0.7943739059667563,False,False,Fading uptrend,0.42857142857142855
2021-12-22 00:00:00+00:00,0.42857142857142855,1.0,0.27605633802816903,False,0.024691186225258836,False,55.93617414886772,False,0.77840204334082,False,True,Fading uptrend,0.3214285714285714
2021-12-23 00:00:00+00:00,0.42857142857142855,1.0,0.24157303370786518,False,0.05442126541434662,False,68.06075096425887,False,0.7666985246395716,False,True,Fading uptrend,0.3214285714285714
2021-12-24 00:00:00+00:00,0.42857142857142855,1.0,0.17086834733893558,False,0.05328477966863067,False,69.46060543789164,False,0.7471293003472134,False,True,Fading uptrend,0.3214285714285714
2021-12-25 00:00:00+00:00,0.42857142857142855,1.0,0.12569832402234637,False,0.10809846054841087,False,67.71041468032288,False,0.727686616481808,False,True,Fading uptrend,0.3214285714285714
2021-12-26 00:00:00+00:00,0.42857142857142855,1.0,0.11142061281337047,False,0.006342074959014801,False,68.43934566094929,False,0.7106854077612225,False,True,Fading uptrend,0.3214285714285714
2021-12-27 00:00:00+00:00,0.42857142857142855,1.0,0.022222222222222223,False,0.016598530546899554,False,63.52494318721454,False,0.693054891409066,False,True,Fading uptrend,0.3214285714285714
2021-12-28 00:00:00+00:00,0.2857142857142857,1.0,0.0332409972299169,False,0.14170070196929616,False,64.63038691617547,False,0.6881183820438919,False,True,Fading uptrend,0.21428571428571427
2021-12-29 00:00:00+00:00,0.2857142857142857,1.0,0.0027624309392265192,False,0.22902382090727555,True,58.59313738699617,True,0.6916158589067295,False,True,Fading uptrend,0.3214285714285714
2021-12-30 00:00:00+00:00,0.2857142857142857,1.0,0.008264462809917356,False,0.2670271524042853,True,57.47162668938945,True,0.6800745922949372,False,True,Fading uptrend,0.3214285714285714
2021-12-31 00:00:00+00:00,0.2857142857142857,1.0,0.0,False,0.26398197264453616,True,55.949349132038165,True,0.6788854287346096,False,True,Fading uptrend,0.3214285714285714
2022-01-01 00:00:00+00:00,0.2857142857142857,1.0,0.0,False,0.21598910886787268,True,53.953144106028624,True,0.6625104402990161,False,True,Fading uptrend,0.3214285714285714
2022-01-02 00:00:00+00:00,0.2857142857142857,1.0,0.0,False,0.12034414212945699,False,53.81903648975718,False,0.6491929624816838,False,True,Fading uptrend,0.21428571428571427
2022-01-03 00:00:00+00:00,0.2857142857142857,1.0,0.0,False,0.11036909062352762,False,52.87921511640266,False,0.6395437378051105,False,True,Fading uptrend,0.21428571428571427
2022-01-04 00:00:00+00:00,0.2857142857142857,1.0,0.0027472527472527475,False,0.13168754582155429,False,53.50251743391701,False,0.63605657712785,False,True,Fading uptrend,0.21428571428571427
2022-01-05 00:00:00+00:00,0.14285714285714285,1.0,0.04120879120879121,False,0.25085331658822585,True,48.022681880404406,True,0.6553517351470718,False,False,Fading uptrend,0.21428571428571427
2022-01-06 00:00:00+00:00,0.14285714285714285,1.0,0.04945054945054945,False,0.2718213380309352,True,42.9651183793766,True,0.6783473802359095,False,False,Fading uptrend,0.21428571428571427
2022-01-07 00:00:00+00:00,0.0,0.0,0.12362637362637363,False,0.3654663300408972,True,36.8466036983413,True,0.7543682913496672,False,False,Downtrend,0.0
2022-01-08 00:00:00+00:00,0.0,0.0,0.1978021978021978,False,0.3228824320875231,True,36.693747128037536,True,0.767673980616479,False,False,Downtrend,0.0
2022-01-09 00:00:00+00:00,0.0,0.0,0.21703296703296704,False,0.24563616067753538,True,37.318589067224934,True,0.7555089799737986,False,False,Downtrend,0.0
2022-01-10 00:00:00+00:00,0.0,0.0,0.2857142857142857,False,0.3453778197100953,True,39.918175551620116,True,0.7684301855121481,False,False,Downtrend,0.0
2022-01-11 00:00:00+00:00,0.0,0.0,0.28296703296703296,False,0.2937093389989312,True,44.101275253620514,True,0.7566339121707043,False,False,Downtrend,0.0
2022-01-12 00:00:00+00:00,0.0,0.0,0.2857142857142857,False,0.14590550090065113,False,43.87720095880124,False,0.7403700467119188,False,False,Downtrend,0.0
2022-01-13 00:00:00+00:00,0.0,0.0,0.29120879120879123,False,0.21559712992727187,True,43.784866310975445,True,0.7340408197786822,False,False,Downtrend,0.0
2022-01-14 00:00:00+00:00,0.0,0.0,0.2857142857142857,False,0.2564595991264676,True,43.316431719200494,True,0.72132300162808,False,False,Downtrend,0.0
2022-01-15 00:00:00+00:00,0.0,0.0,0.29395604395604397,False,0.23130802645109594,True,43.41140138498828,True,0.7051555615137238,False,False,Downtrend,0.0
2022-01-16 00:00:00+00:00,0.0,0.0,0.2967032967032967,False,0.19790020743314587,True,43.21050530521613,True,0.6891401160838595,False,False,Downtrend,0.0
2022-01-17 00:00:00+00:00,0.0,0.0,0.3131868131868132,False,0.2754824780424756,True,43.747402368407315,True,0.6855682998964236,False,False,Downtrend,0.0
2022-01-18 00:00:00+00:00,0.0,0.0,0.3159340659340659,False,0.27919575374342,True,45.54332606086301,True,0.6777118900514274,False,False,Downtrend,0.0
2022-01-19 00:00:00+00:00,0.0,0.0,0.18406593406593408,False,0.3081988462819269,True,57.0237173929891,True,0.6829716252015499,False,False,Downtrend,0.0
2022-01-20 00:00:00+00:00,0.0,0.0,0.22802197802197802,False,0.36091637768503443,True,66.67975530604636,True,0.7115804749676927,False,False,Downtrend,0.0
2022-01-21 00:00:00+00:00,0.0,0.0,0.554945054945055,True,0.44042789559746864,True,42.72458350575412,False,0.8268053811810163,False,False,Downtrend,0.0
2022-01-22 00:00:00+00:00,0.0,0.0,0.6098901098901099,True,0.5263071495606441,True,39.95312908096631,False,0.9162846860214168,False,False,Downtrend,0.0
2022-01-23 00:00:00+00:00,0.0,0.0,0.6291208791208791,True,0.45810957430319366,True,40.32675471839825,False,0.9265942667217114,False,False,Downtrend,0.0
2022-01-24 00:00:00+00:00,0.0,0.0,0.7362637362637363,True,0.49543036012472963,True,37.23862546580469,True,1.010412249804054,False,False,Downtrend,0.0
2022-01-25 00:00:00+00:00,0.0,0.0,0.7362637362637363,True,0.48191682007513736,True,36.620421573240066,True,1.0104369249137493,False,False,Downtrend,0.0
2022-01-26 00:00:00+00:00,0.0,0.0,0.7912087912087912,True,0.4759290387336291,True,37.96189124624116,True,1.041586229883705,False,False,Downtrend,0.0
2022-01-27 00:00:00+00:00,0.0,0.0,0.804945054945055,True,0.44116983346120847,True,38.77208274691335,False,1.05358203627036,False,False,Downtrend,0.0
2022-01-28 00:00:00+00:00,0.0,0.0,0.8296703296703297,True,0.3546219805500365,True,39.279553009778176,False,1.0502084204076647,False,False,Downtrend,0.0
2022-01-29 00:00:00+00:00,0.0,0.0,0.8351648351648352,True,0.3647185862150701,True,39.34491582972166,False,1.0328285206433494,False,False,Downtrend,0.0
2022-01-30 00:00:00+00:00,0.0,0.0,0.8379120879120879,True,0.35761948660944565,True,40.17836713500198,False,1.0126185696039185,False,False,Downtrend,0.0
2022-01-31 00:00:00+00:00,0.0,0.0,0.8516483516483516,True,0.35945185757894854,True,43.093933135588266,False,0.9988385343540807,False,False,Downtrend,0.0
2022-02-01 00:00:00+00:00,0.0,0.0,0.8489010989010989,True,0.3426457422718414,True,42.84898894791848,False,0.9775232203679404,False,False,Downtrend,0.0
2022-02-02 00:00:00+00:00,0.0,0.0,0.8598901098901099,True,0.35206753135523366,True,43.10374601333339,False,0.9849353488959695,False,False,Downtrend,0.0
2022-02-03 00:00:00+00:00,0.0,0.0,0.8406593406593407,True,0.3540134958203242,True,50.7534623887359,False,0.9713421482657597,False,False,Downtrend,0.0
2022-02-04 00:00:00+00:00,0.14285714285714285,0.0,0.6291208791208791,True,0.1741567295661722,False,48.826532820527405,False,0.9651386698342667,False,False,Downtrend,0.04285714285714285
2022-02-05 00:00:00+00:00,0.14285714285714285,0.0,0.5467032967032966,True,0.13065153403516205,False,43.06813078116988,False,0.9426858320378555,False,False,Downtrend,0.04285714285714285
2022-02-06 00:00:00+00:00,0.2857142857142857,0.0,0.5302197802197802,True,0.050584749180299114,False,41.63986340670488,False,0.9183097733196479,False,False,Downtrend,0.0857142857142857
2022-02-07 00:00:00+00:00,0.2857142857142857,0.0,0.38186813186813184,False,0.02087192261562596,False,40.928364806667325,False,0.8987036640724194,False,False,Downtrend,0.14285714285714285
2022-02-08 00:00:00+00:00,0.2857142857142857,0.0,0.3873626373626374,False,0.012735542560103869,False,39.6728077220637,False,0.8873216972608002,False,False,Downtrend,0.14285714285714285
2022-02-09 00:00:00+00:00,0.2857142857142857,0.0,0.2692307692307692,False,0.05701940484272466,False,36.62039498544414,True,0.8663686110663887,False,False,Downtrend,0.21428571428571427
2022-02-10 00:00:00+00:00,0.2857142857142857,0.0,0.23351648351648352,False,0.05883056529830399,False,38.06566867865045,True,0.8832300309732808,False,False,Downtrend,0.21428571428571427
2022-02-11 00:00:00+00:00,0.2857142857142857,0.0,0.260989010989011,False,0.15536523365009566,False,44.10821878848077,False,0.8925705680858248,False,False,Downtrend,0.14285714285714285
2022-02-12 00:00:00+00:00,0.2857142857142857,0.0,0.260989010989011,False,0.11767782618078339,False,44.269459517563845,False,0.8939411433096767,False,False,Downtrend,0.14285714285714285
2022-02-13 00:00:00+00:00,0.2857142857142857,0.0,0.2664835164835165,False,0.16070027588188274,False,44.5629836131082,False,0.8787373911529169,False,False,Downtrend,0.14285714285714285
2022-02-14 00:00:00+00:00,0.2857142857142857,0.0,0.17307692307692307,False,0.14384757507450277,False,48.17411685950761,False,0.8630570932713832,False,False,Downtrend,0.14285714285714285
2022-02-15 00:00:00+00:00,0.2857142857142857,0.0,0.27197802197802196,False,0.054674583146466074,False,50.28652061316868,False,0.8442219747339532,False,False,Downtrend,0.14285714285714285
2022-02-16 00:00:00+00:00,0.2857142857142857,0.0,0.21978021978021978,False,0.030004773564753884,False,49.49104580771276,False,0.8336222198623636,False,False,Downtrend,0.14285714285714285
2022-02-17 00:00:00+00:00,0.2857142857142857,0.0,0.33791208791208793,False,0.08665537044701987,False,57.19871725800351,False,0.8343945869846294,False,False,Downtrend,0.14285714285714285
2022-02-18 00:00:00+00:00,0.14285714285714285,0.0,0.2087912087912088,False,0.09732697568583334,False,60.589050896186926,False,0.8298180897132513,False,False,Downtrend,0.07142857142857142
2022-02-19 00:00:00+00:00,0.14285714285714285,0.0,0.23076923076923078,False,0.07766911032377093,False,57.322313652250585,False,0.817891027337069,False,False,Downtrend,0.07142857142857142
2022-02-20 00:00:00+00:00,0.0,0.0,0.29120879120879123,False,0.019432193051474984,False,51.28121277043098,False,0.8259914146402353,False,False,Downtrend,0.0
2022-02-21 00:00:00+00:00,0.0,0.0,0.31043956043956045,False,0.058396348729324886,False,50.43043873965225,False,0.8583690101033721,False,False,Downtrend,0.0
2022-02-22 00:00:00+00:00,0.0,0.0,0.31043956043956045,False,0.03727060265890187,False,46.93388118294738,False,0.8577231227578749,False,False,Downtrend,0.0
2022-02-23 00:00:00+00:00,0.0,0.0,0.3076923076923077,False,0.05470283915604455,False,46.41214073358801,False,0.8531664441762752,False,False,Downtrend,0.0
2022-02-24 00:00:00+00:00,0.0,0.0,0.5247252747252747,True,0.053578323732112264,False,44.240099672423405,False,0.9419934759779439,False,False,Downtrend,0.0
2022-02-25 00:00:00+00:00,0.0,0.0,0.5412087912087912,True,0.11182120320346704,False,44.28782358089411,False,0.9320720301844516,False,False,Downtrend,0.0
2022-02-26 00:00:00+00:00,0.0,0.0,0.5467032967032966,True,0.1313547413729347,False,44.58647115644526,False,0.9164206702619544,False,False,Downtrend,0.0
2022-02-27 00:00:00+00:00,0.0,0.0,0.5934065934065934,True,0.026145028439090896,False,46.62482844582041,False,0.9624196709720609,False,False,Downtrend,0.0
2022-02-28 00:00:00+00:00,0.0,0.0,0.6703296703296703,True,0.10672224560278432,False,49.559613043915235,False,0.9572590777651128,False,False,Downtrend,0.0
2022-03-01 00:00:00+00:00,0.14285714285714285,0.0,0.6538461538461539,True,0.12287353192940804,False,48.79587954314512,False,0.9538637376733891,False,False,Downtrend,0.04285714285714285
2022-03-02 00:00:00+00:00,0.14285714285714285,0.0,0.6538461538461539,True,0.08699429304607004,False,49.803361335365395,False,0.9515023698829735,False,False,Downtrend,0.04285714285714285
2022-03-03 00:00:00+00:00,0.14285714285714285,0.0,0.6208791208791209,True,0.015556280066270477,False,53.8199524922484,False,0.9398995734080418,False,False,Downtrend,0.04285714285714285
2022-03-04 00:00:00+00:00,0.0,0.0,0.6401098901098901,True,0.018825594065293404,False,54.66223071941677,False,0.9391587155406707,False,False,Downtrend,0.0
2022-03-05 00:00:00+00:00,0.0,0.0,0.6346153846153846,True,0.009654557326920304,False,54.16826134455588,False,0.9137059782408401,False,False,Downtrend,0.0
2022-03-06 00:00:00+00:00,0.0,0.0,0.6263736263736264,True,0.15021430167446453,False,53.586367870038806,False,0.9039543856835727,False,False,Downtrend,0.0
2022-03-07 00:00:00+00:00,0.0,0.0,0.6346153846153846,True,0.17405858578442016,True,53.61719159270714,False,0.9077627485963367,False,False,Downtrend,0.0
2022-03-08 00:00:00+00:00,0.0,0.0,0.6263736263736264,True,0.15763459260234303,True,53.34535259799494,False,0.8932692828479061,False,False,Downtrend,0.0
2022-03-09 00:00:00+00:00,0.0,0.0,0.6428571428571429,True,0.132942354824269,False,53.72271823236474,False,0.875025566132564,False,True,Downtrend,0.0
2022-03-10 00:00:00+00:00,0.0,0.0,0.5054945054945055,True,0.15926089006723446,True,58.62596088082453,False,0.864589051320618,False,True,Downtrend,0.0
2022-03-11 00:00:00+00:00,0.0,0.0,0.4642857142857143,False,0.21987826498806332,True,57.12834333052973,True,0.8602417905897128,False,False,Downtrend,0.0
2022-03-12 00:00:00+00:00,0.0,0.0,0.4478021978021978,False,0.16986082399479302,True,55.88802768717905,True,0.8360020101550277,False,False,Downtrend,0.0
2022-03-13 00:00:00+00:00,0.0,0.0,0.3598901098901099,False,0.14334037466373875,False,53.37408759476354,False,0.8267941478931187,False,False,Downtrend,0.0
2022-03-14 00:00:00+00:00,0.0,0.0,0.10714285714285714,False,0.11211763384729524,False,48.913258230009085,False,0.8080617712638227,False,False,Downtrend,0.0
2022-03-15 00:00:00+00:00,0.0,0.0,0.10989010989010989,False,0.08680519872018858,False,48.53111995147115,False,0.8007281467912886,False,False,Downtrend,0.0
2022-03-16 00:00:00+00:00,0.0,0.0,0.1401098901098901,False,0.05169327463668189,False,54.40536015485618,False,0.8084694123218706,False,False,Downtrend,0.0
2022-03-17 00:00:00+00:00,0.14285714285714285,0.0,0.10714285714285714,False,0.13266785196609754,False,63.93602828567648,False,0.787693862490745,False,False,Downtrend,0.07142857142857142
2022-03-18 00:00:00+00:00,0.42857142857142855,0.0,0.08516483516483517,False,0.06396768477305394,False,50.97794053072485,False,0.7746075817161749,False,False,Downtrend,0.21428571428571427
2022-03-19 00:00:00+00:00,0.42857142857142855,0.0,0.08516483516483517,False,0.02226753516473152,False,50.738850731037,False,0.7555689231571333,False,False,Downtrend,0.21428571428571427
2022-03-20 00:00:00+00:00,0.42857142857142855,0.0,0.08516483516483517,False,0.031196197035028142,False,50.842471847845665,False,0.7404325702409141,False,False,Downtrend,0.21428571428571427
2022-03-21 00:00:00+00:00,0.42857142857142855,0.0,0.04945054945054945,False,0.04791290767667888,False,52.01899498463293,False,0.7308497689677788,False,False,Downtrend,0.21428571428571427
2022-03-22 00:00:00+00:00,0.5714285714285714,0.0,0.04945054945054945,False,0.1349525831783828,False,48.727341128458455,False,0.7227386134562449,False,False,Bear rally,0.2857142857142857
2022-03-23 00:00:00+00:00,0.5714285714285714,0.0,0.03296703296703297,False,0.18079336135492646,True,47.13025539358739,True,0.7165613725245701,False,False,Bear rally,0.42857142857142855
2022-03-24 00:00:00+00:00,0.5714285714285714,0.0,0.027472527472527472,False,0.18284219085384426,True,41.243187517278535,True,0.7056097202270967,False,False,Bear rally,0.42857142857142855
2022-03-25 00:00:00+00:00,0.5714285714285714,0.0,0.013736263736263736,False,0.20511501721626524,True,36.853271260504854,True,0.6961687683661775,False,False,Bear rally,0.42857142857142855
2022-03-26 00:00:00+00:00,0.5714285714285714,0.0,0.013736263736263736,False,0.21326038128842223,True,36.95339014142602,True,0.6754976767782169,False,False,Bear rally,0.42857142857142855
2022-03-27 00:00:00+00:00,0.7142857142857143,0.0,0.024725274725274724,False,0.20658844553128455,True,33.14039866162149,True,0.6604708113411686,False,False,Bear rally,0.5357142857142857
2022-03-28 00:00:00+00:00,0.7142857142857143,0.0,0.03021978021978022,False,0.2146794257630827,True,28.588995935281826,True,0.6502647667098499,False,False,Bear rally,0.5357142857142857
2022-03-29 00:00:00+00:00,0.7142857142857143,0.0,0.013736263736263736,False,0.31564194060267253,True,30.319369025042317,True,0.6477254422804276,False,False,Bear rally,0.5357142857142857
2022-03-30 00:00:00+00:00,0.7142857142857143,0.0,0.01098901098901099,False,0.21191702758149067,True,35.68115238086246,True,0.642809333742978,False,False,Bear rally,0.5357142857142857
2022-03-31 00:00:00+00:00,0.7142857142857143,0.0,0.013736263736263736,False,0.1360952550838388,False,38.52321200292378,False,0.6494570466420614,False,False,Bear rally,0.35714285714285715
2022-04-01 00:00:00+00:00,0.7142857142857143,0.0,0.019230769230769232,False,0.21277549464406134,True,42.34355337605274,True,0.6492906353944465,False,False,Bear rally,0.5357142857142857
2022-04-02 00:00:00+00:00,0.7142857142857143,0.0,0.016483516483516484,False,0.26683878872746364,True,39.61905896976097,True,0.6387162601214915,False,False,Bear rally,0.5357142857142857
2022-04-03 00:00:00+00:00,0.7142857142857143,0.0,0.016483516483516484,False,0.4182342141346531,True,38.17502241623386,True,0.6285592477953829,False,False,Bear rally,0.5357142857142857
2022-04-04 00:00:00+00:00,0.7142857142857143,0.0,0.013736263736263736,False,0.40474983537125536,True,41.33605396375091,True,0.6246470771551642,False,False,Bear rally,0.5357142857142857
2022-04-05 00:00:00+00:00,0.7142857142857143,0.0,0.013736263736263736,False,0.40564883903937476,True,43.04228862779912,True,0.6156256065867499,False,False,Bear rally,0.5357142857142857
2022-04-06 00:00:00+00:00,0.7142857142857143,0.0,0.04120879120879121,False,0.2960918274127208,True,50.001332486529854,True,0.6328646156835728,False,False,Bear rally,0.5357142857142857
2022-04-07 00:00:00+00:00,0.7142857142857143,0.0,0.038461538461538464,False,0.2879465864874426,True,55.305373417138775,True,0.6252566188284597,False,False,Bear rally,0.5357142857142857
2022-04-08 00:00:00+00:00,0.7142857142857143,0.0,0.04945054945054945,False,0.21693491626231118,True,56.3832103802329,True,0.6213199202523881,False,False,Bear rally,0.5357142857142857
2022-04-09 00:00:00+00:00,0.7142857142857143,0.0,0.0521978021978022,False,0.31170712813622226,True,59.990037893333046,True,0.6088232517321568,False,False,Bear rally,0.5357142857142857
2022-04-10 00:00:00+00:00,0.7142857142857143,0.0,0.03296703296703297,False,0.3081479079438047,True,60.42002011568277,True,0.5997665360599204,False,False,Bear rally,0.5357142857142857
2022-04-11 00:00:00+00:00,0.42857142857142855,0.0,0.08241758241758242,False,0.17802403458762547,True,48.401149185654646,True,0.6156025713314573,False,False,Downtrend,0.3214285714285714
2022-04-12 00:00:00+00:00,0.42857142857142855,0.0,0.08516483516483517,False,0.2223124383985131,True,48.1119685684495,True,0.6146429795660564,False,False,Downtrend,0.3214285714285714
2022-04-13 00:00:00+00:00,0.42857142857142855,0.0,0.08791208791208792,False,0.22796415470889708,True,48.39880291208306,True,0.6032645941523415,False,False,Downtrend,0.3214285714285714
2022-04-14 00:00:00+00:00,0.42857142857142855,0.0,0.09065934065934066,False,0.16928746414288395,True,48.150282597341054,True,0.5983482719430373,False,False,Downtrend,0.3214285714285714
2022-04-15 00:00:00+00:00,0.42857142857142855,0.0,0.03296703296703297,False,0.11853184918571832,False,44.564274500315236,False,0.5836971146895114,False,False,Downtrend,0.21428571428571427
2022-04-16 00:00:00+00:00,0.42857142857142855,0.0,0.03296703296703297,False,0.11087903616185879,False,44.13552231864696,False,0.56840342334891,False,False,Downtrend,0.21428571428571427
2022-04-17 00:00:00+00:00,0.42857142857142855,0.0,0.016483516483516484,False,0.022589779894452232,False,44.41371436290529,False,0.563950873810678,False,False,Downtrend,0.21428571428571427
2022-04-18 00:00:00+00:00,0.42857142857142855,0.0,0.046703296703296704,False,0.046940696579855536,False,41.31594069809904,False,0.5748316248138158,False,False,Downtrend,0.21428571428571427
2022-04-19 00:00:00+00:00,0.42857142857142855,0.0,0.038461538461538464,False,0.10988503645464295,False,49.665200661159204,False,0.5628871423010505,False,False,Downtrend,0.21428571428571427
2022-04-20 00:00:00+00:00,0.42857142857142855,0.0,0.0027472527472527475,False,0.08514095563296133,False,54.79522920479432,False,0.5627407858417501,False,False,Downtrend,0.21428571428571427
2022-04-21 00:00:00+00:00,0.42857142857142855,0.0,0.0521978021978022,False,0.006343341311806642,False,57.04415581303966,False,0.5662288456535404,False,False,Downtrend,0.21428571428571427
2022-04-22 00:00:00+00:00,0.42857142857142855,0.0,0.04395604395604396,False,0.0341988747496992,False,56.92718655896596,False,0.5575851877534032,False,False,Downtrend,0.21428571428571427
2022-04-23 00:00:00+00:00,0.42857142857142855,0.0,0.038461538461538464,False,0.08435175912786361,False,56.46723718067867,False,0.543671953591635,False,False,Downtrend,0.21428571428571427
2022-04-24 00:00:00+00:00,0.42857142857142855,0.0,0.027472527472527472,False,0.08583125633760093,False,64.70523353444808,False,0.532771218449152,False,False,Downtrend,0.21428571428571427
2022-04-25 00:00:00+00:00,0.42857142857142855,0.0,0.019230769230769232,False,0.06426773423494554,False,58.374920269576876,False,0.5417704532938906,False,True,Downtrend,0.1607142857142857
2022-04-26 00:00:00+00:00,0.0,0.0,0.10989010989010989,False,0.22095222507138043,True,58.32532818743105,True,0.5558206223652995,False,False,Downtrend,0.0
2022-04-27 00:00:00+00:00,0.0,0.0,0.11263736263736264,False,0.1980637965648003,True,58.19321387537006,True,0.5661783085243502,False,False,Downtrend,0.0
2022-04-28 00:00:00+00:00,0.0,0.0,0.10714285714285714,False,0.2086431310421806,True,57.34366745113844,True,0.5670206850863224,False,True,Downtrend,0.0
2022-04-29 00:00:00+00:00,0.0,0.0,0.1346153846153846,False,0.24437893216901013,True,59.350848368951745,True,0.5698242214678243,False,True,Downtrend,0.0
2022-04-30 00:00:00+00:00,0.0,0.0,0.1401098901098901,False,0.23986771285908837,True,55.45588687601371,True,0.5737867296591065,False,True,Downtrend,0.0
2022-05-01 00:00:00+00:00,0.0,0.0,0.14835164835164835,False,0.2817304254558455,True,56.05597285393715,True,0.5676231246120308,False,False,Downtrend,0.0
2022-05-02 00:00:00+00:00,0.0,0.0,0.13736263736263737,False,0.260079100399045,True,54.732390614304826,True,0.5602519251529645,False,False,Downtrend,0.0
2022-05-03 00:00:00+00:00,0.0,0.0,0.1401098901098901,False,0.32831246479404225,True,54.838950149372835,True,0.5490088002194676,False,False,Downtrend,0.0
2022-05-04 00:00:00+00:00,0.0,0.0,0.1620879120879121,False,0.24007929924682297,True,56.03286286033956,True,0.543471743463074,False,True,Downtrend,0.0
2022-05-05 00:00:00+00:00,0.0,0.0,0.1978021978021978,False,0.2645306830223819,True,67.17959537624333,True,0.5860417967810599,False,False,Downtrend,0.0
2022-05-06 00:00:00+00:00,0.0,0.0,0.21153846153846154,False,0.20609899823217442,True,62.58391747502896,True,0.5867528997220965,False,False,Downtrend,0.0
2022-05-07 00:00:00+00:00,0.0,0.0,0.22527472527472528,False,0.2565731006827786,True,59.31727998461216,True,0.5878197876682659,False,False,Downtrend,0.0
2022-05-08 00:00:00+00:00,0.0,0.0,0.25,False,0.281741344792635,True,53.48778667759835,True,0.5960661419039129,False,False,Downtrend,0.0
2022-05-09 00:00:00+00:00,0.0,0.0,0.37362637362637363,False,0.3942569740025108,True,40.248373464337,True,0.6716349118709277,False,False,Downtrend,0.0
2022-05-10 00:00:00+00:00,0.0,0.0,0.41483516483516486,False,0.322404166963112,True,41.64499436166494,True,0.7443687983224065,False,False,Downtrend,0.0
2022-05-11 00:00:00+00:00,0.0,0.0,0.6675824175824175,True,0.33086318405200615,True,38.058163179699186,True,1.0822627577323507,False,False,Downtrend,0.0
2022-05-12 00:00:00+00:00,0.0,0.0,0.8379120879120879,True,0.38381383173806416,True,34.92982718289696,True,1.2455393440768108,True,False,Storm,0.0
2022-05-13 00:00:00+00:00,0.0,0.0,0.8598901098901099,True,0.40459636714002606,True,35.4113371220294,True,1.2420040751737729,True,False,Storm,0.0
2022-05-14 00:00:00+00:00,0.0,0.0,0.8626373626373627,True,0.35885789896226694,True,35.238348760923515,True,1.2210461542878275,False,False,Downtrend,0.0
2022-05-15 00:00:00+00:00,0.0,0.0,0.8736263736263736,True,0.3242897660384466,True,35.653495535250386,True,1.1899438578004873,False,False,Downtrend,0.0
2022-05-16 00:00:00+00:00,0.0,0.0,0.8901098901098901,True,0.3616566559575361,True,36.291578131694024,True,1.1858840567055415,False,False,Downtrend,0.0
2022-05-17 00:00:00+00:00,0.0,0.0,0.9065934065934066,True,0.3138188863475811,True,36.392970152945935,True,1.1605203272189948,False,False,Downtrend,0.0
2022-05-18 00:00:00+00:00,0.0,0.0,0.9313186813186813,True,0.38430950992913315,True,36.86570294279107,True,1.1479078878524824,False,False,Downtrend,0.0
2022-05-19 00:00:00+00:00,0.0,0.0,0.9120879120879121,True,0.35766881709058235,True,42.2278151485206,False,1.1275903130848846,False,False,Downtrend,0.0
2022-05-20 00:00:00+00:00,0.0,0.0,0.9285714285714286,True,0.36495997386048046,True,44.622370445565466,False,1.113564719074361,False,False,Downtrend,0.0
2022-05-21 00:00:00+00:00,0.0,0.0,0.9175824175824175,True,0.33796912229434706,True,46.46673630100673,False,1.0790493353790156,False,False,Downtrend,0.0
2022-05-22 00:00:00+00:00,0.0,0.0,0.9120879120879121,True,0.30327025100958116,True,50.9273230557606,False,1.047588142163538,False,False,Downtrend,0.0
2022-05-23 00:00:00+00:00,0.0,0.0,0.8626373626373627,True,0.3124595063601469,True,52.505544194248884,False,1.0311171047754688,False,False,Downtrend,0.0
2022-05-24 00:00:00+00:00,0.0,0.0,0.8186813186813187,True,0.3071540647131165,True,50.21606197933692,False,1.0069750584418484,False,False,Downtrend,0.0
2022-05-25 00:00:00+00:00,0.0,0.0,0.6510989010989011,True,0.35270113932820407,True,63.175173148116855,False,0.9867483059183204,False,False,Downtrend,0.0
2022-05-26 00:00:00+00:00,0.0,0.0,0.5054945054945055,True,0.34255624314005406,True,56.68983989014266,False,1.0050219920165477,False,False,Downtrend,0.0
2022-05-27 00:00:00+00:00,0.0,0.0,0.46703296703296704,False,0.39301917240959333,True,52.21130483485412,True,1.0098453298078598,False,False,Downtrend,0.0
2022-05-28 00:00:00+00:00,0.0,0.0,0.45879120879120877,False,0.3850625170294571,True,51.543953931191595,True,0.986090563122181,False,False,Downtrend,0.0
2022-05-29 00:00:00+00:00,0.0,0.0,0.3983516483516483,False,0.3491116437808106,True,51.22894336670795,True,0.9584636638227804,False,False,Downtrend,0.0
2022-05-30 00:00:00+00:00,0.0,0.0,0.46703296703296704,False,0.24515338084524496,True,54.19617481615567,True,0.9412154822640356,False,False,Downtrend,0.0
2022-05-31 00:00:00+00:00,0.0,0.0,0.46153846153846156,False,0.301559868980569,True,54.768464051813275,True,0.9257084933082464,False,False,Downtrend,0.0
2022-06-01 00:00:00+00:00,0.0,0.0,0.48626373626373626,False,0.34390055727923236,True,57.02551151962838,True,0.9313148317136464,False,False,Downtrend,0.0
2022-06-02 00:00:00+00:00,0.0,0.0,0.45879120879120877,False,0.3199991895506058,True,55.543852057162965,True,0.9109373214986817,False,False,Downtrend,0.0
2022-06-03 00:00:00+00:00,0.0,0.0,0.43131868131868134,False,0.40733362690208086,True,54.76218486078505,True,0.8973136086240965,False,False,Downtrend,0.0
2022-06-04 00:00:00+00:00,0.0,0.0,0.43956043956043955,False,0.3496458658404154,True,55.0867596529207,True,0.8719805603305392,False,False,Downtrend,0.0
2022-06-05 00:00:00+00:00,0.0,0.0,0.42857142857142855,False,0.3352491435572058,True,54.32200102518065,True,0.8513227684472169,False,False,Downtrend,0.0
2022-06-06 00:00:00+00:00,0.0,0.0,0.4230769230769231,False,0.29366545994334975,True,61.0860589508888,True,0.8370726439486218,False,False,Downtrend,0.0
2022-06-07 00:00:00+00:00,0.0,0.0,0.5,False,0.27468074847179236,True,62.685889120057276,True,0.8741685314866873,False,False,Downtrend,0.0
2022-06-08 00:00:00+00:00,0.0,0.0,0.5,False,0.18969734092696133,True,63.06681863132376,True,0.8713802773316993,False,False,Downtrend,0.0
2022-06-09 00:00:00+00:00,0.0,0.0,0.29945054945054944,False,0.25244809491216075,True,58.82534192338422,True,0.8490329290382599,False,False,Downtrend,0.0
2022-06-10 00:00:00+00:00,0.0,0.0,0.33516483516483514,False,0.20485939213916143,True,54.26228516820594,True,0.848111270443592,False,False,Downtrend,0.0
2022-06-11 00:00:00+00:00,0.0,0.0,0.4945054945054945,False,0.20688035863845197,True,42.805277678523645,True,0.9069977281643496,False,False,Downtrend,0.0
2022-06-12 00:00:00+00:00,0.0,0.0,0.5467032967032966,True,0.2719033947128189,True,39.087341233089816,False,0.9564361597630856,False,False,Downtrend,0.0
2022-06-13 00:00:00+00:00,0.0,0.0,0.760989010989011,True,0.36933344965974535,True,27.20126544271764,True,1.113261532250399,False,False,Downtrend,0.0
2022-06-14 00:00:00+00:00,0.0,0.0,0.8708791208791209,True,0.42476105801289177,True,27.352443361854675,True,1.216885795605632,False,False,Downtrend,0.0
2022-06-15 00:00:00+00:00,0.0,0.0,0.9972527472527473,True,0.3723135211934644,True,27.527204570487996,True,1.3609640470260778,True,False,Storm,0.0
2022-06-16 00:00:00+00:00,0.0,0.0,1.0,True,0.46181995608685034,True,30.177682014598183,True,1.3650198133803648,True,False,Storm,0.0
2022-06-17 00:00:00+00:00,0.0,0.0,1.0,True,0.40274961216559907,True,29.41493473084718,True,1.3537461960698087,True,False,Storm,0.0
2022-06-18 00:00:00+00:00,0.0,0.0,1.0,True,0.5012673340966697,True,26.98369054629615,True,1.3987244236206318,True,False,Storm,0.0
2022-06-19 00:00:00+00:00,0.0,0.0,1.0,True,0.3924000396864768,True,29.833859824775118,True,1.4238071229779057,True,False,Storm,0.0
2022-06-20 00:00:00+00:00,0.0,0.0,1.0,True,0.4030815511521307,True,31.535707737177162,True,1.4245112234904722,True,False,Storm,0.0
2022-06-21 00:00:00+00:00,0.0,0.0,0.9972527472527473,True,0.4507458873012442,True,31.846981088376232,True,1.399715421899269,True,False,Storm,0.0
2022-06-22 00:00:00+00:00,0.0,0.0,1.0,True,0.45230407408314754,True,32.24975096078575,True,1.3867291642987614,True,False,Storm,0.0
2022-06-23 00:00:00+00:00,0.0,0.0,1.0,True,0.3919854981943186,True,34.31729360754989,True,1.3591229879148816,True,False,Storm,0.0
2022-06-24 00:00:00+00:00,0.0,0.0,1.0,True,0.3302529787243836,True,39.1110570077425,False,1.3274833103921724,True,False,Storm,0.0
2022-06-25 00:00:00+00:00,0.0,0.0,0.9945054945054945,True,0.2695639385248917,True,44.24177301630533,False,1.2991386724359406,True,False,Storm,0.0
2022-06-26 00:00:00+00:00,0.0,0.0,0.989010989010989,True,0.2621889019836987,True,49.18986854167683,False,1.2813081425996489,True,False,Storm,0.0
2022-06-27 00:00:00+00:00,0.0,0.0,0.978021978021978,True,0.3060072762898067,True,58.73070761589055,False,1.2544698394659795,True,False,Storm,0.0
2022-06-28 00:00:00+00:00,0.0,0.0,0.9725274725274725,True,0.33701423876224956,True,56.8481482652773,False,1.2374276205392831,False,False,Downtrend,0.0
2022-06-29 00:00:00+00:00,0.0,0.0,0.9642857142857143,True,0.4868899448938789,True,53.14682277927349,False,1.2131528269053988,False,False,Downtrend,0.0
2022-06-30 00:00:00+00:00,0.0,0.0,0.9615384615384616,True,0.47907693154000625,True,50.79015434508814,False,1.207923629713619,False,False,Downtrend,0.0
2022-07-01 00:00:00+00:00,0.0,0.0,0.9615384615384616,True,0.4446568690695412,True,51.202856230362926,False,1.202611546190838,False,False,Downtrend,0.0
2022-07-02 00:00:00+00:00,0.0,0.0,0.8131868131868132,True,0.4521938537902414,True,52.476973985469414,False,1.1721977916363822,False,False,Downtrend,0.0
2022-07-03 00:00:00+00:00,0.0,0.0,0.6291208791208791,True,0.42615315392005454,True,54.82932755321964,False,1.1446235341331914,False,False,Downtrend,0.0
2022-07-04 00:00:00+00:00,0.0,0.0,0.6291208791208791,True,0.38629942668006395,True,54.78282556029137,False,1.124553573254965,False,False,Downtrend,0.0
2022-07-05 00:00:00+00:00,0.0,0.0,0.6456043956043956,True,0.3942823701536213,True,55.21683133273545,False,1.112985629475814,False,False,Downtrend,0.0
2022-07-06 00:00:00+00:00,0.14285714285714285,0.0,0.6483516483516484,True,0.3939071266842577,True,55.524751160065016,False,1.095005248205291,False,False,Downtrend,0.04285714285714285
2022-07-07 00:00:00+00:00,0.14285714285714285,0.0,0.6236263736263736,True,0.3360371610975596,True,54.943284751336876,False,1.0714889972582924,False,False,Downtrend,0.04285714285714285
2022-07-08 00:00:00+00:00,0.14285714285714285,0.0,0.5796703296703297,True,0.33681118196337206,True,53.98181678135005,False,1.0587024153283962,False,False,Downtrend,0.04285714285714285
2022-07-09 00:00:00+00:00,0.14285714285714285,0.0,0.5521978021978022,True,0.33330224478732534,True,52.46333545148756,False,1.0291416457444074,False,False,Downtrend,0.04285714285714285
2022-07-10 00:00:00+00:00,0.14285714285714285,0.0,0.532967032967033,True,0.3018696323605712,True,52.31600190586469,False,1.0057946765386165,False,False,Downtrend,0.04285714285714285
2022-07-11 00:00:00+00:00,0.14285714285714285,0.0,0.5686813186813187,True,0.2762192845345299,True,52.76290340136684,False,0.9956381157949044,False,False,Downtrend,0.04285714285714285
2022-07-12 00:00:00+00:00,0.0,0.0,0.5247252747252747,True,0.2573116883116884,True,51.4953249365898,False,0.9850651131584133,False,False,Downtrend,0.0
2022-07-13 00:00:00+00:00,0.0,0.0,0.6016483516483516,True,0.06814718988069568,False,52.98573756721229,False,1.0072317092828895,False,True,Downtrend,0.0
2022-07-14 00:00:00+00:00,0.0,0.0,0.6373626373626373,True,0.010538498195928942,False,55.258493977500514,False,0.9858332769092005,False,True,Downtrend,0.0
2022-07-15 00:00:00+00:00,0.2857142857142857,0.0,0.6510989010989011,True,0.004241903511917234,False,54.44752363276147,False,0.9817918245396722,False,True,Downtrend,0.06428571428571428
2022-07-16 00:00:00+00:00,0.2857142857142857,0.0,0.7664835164835165,True,0.20042687052291638,False,44.98586278376895,False,1.000399680566393,False,False,Downtrend,0.0857142857142857
2022-07-17 00:00:00+00:00,0.2857142857142857,0.0,0.771978021978022,True,0.17571992041607049,False,45.547754896503086,False,0.9914759063559981,False,False,Downtrend,0.0857142857142857
2022-07-18 00:00:00+00:00,0.42857142857142855,0.0,0.8543956043956044,True,0.3701193281239144,True,36.07862242050154,True,0.9977380609700773,False,False,Downtrend,0.3214285714285714
2022-07-19 00:00:00+00:00,0.42857142857142855,0.0,0.8543956043956044,True,0.2780192830987336,True,34.948737965201914,True,0.9935454969936192,False,False,Downtrend,0.3214285714285714
2022-07-20 00:00:00+00:00,0.42857142857142855,0.0,0.8708791208791209,True,0.2606972428419937,True,35.962705807515405,True,1.0076223646741584,False,False,Downtrend,0.3214285714285714
2022-07-21 00:00:00+00:00,0.42857142857142855,0.0,0.8818681318681318,True,0.2881534083626017,True,37.148754147170415,True,1.0044276427426122,False,False,Downtrend,0.3214285714285714
2022-07-22 00:00:00+00:00,0.42857142857142855,0.0,0.8873626373626373,True,0.3181269674711438,True,37.145507091213766,True,1.0077297087274697,False,False,Downtrend,0.3214285714285714
2022-07-23 00:00:00+00:00,0.42857142857142855,0.0,0.8956043956043956,True,0.27980771228881957,True,38.8255372374832,False,0.9949908919794062,False,False,Downtrend,0.12857142857142856
2022-07-24 00:00:00+00:00,0.42857142857142855,0.0,0.9038461538461539,True,0.2638629283489097,True,39.07085286216216,False,0.9898528841616291,False,False,Downtrend,0.12857142857142856
2022-07-25 00:00:00+00:00,0.42857142857142855,0.0,0.9203296703296703,True,0.12785685290308452,False,40.961270361301466,False,1.0064207757440906,False,False,Downtrend,0.12857142857142856
2022-07-26 00:00:00+00:00,0.42857142857142855,0.0,0.9258241758241759,True,0.16581449202694407,False,41.603236192194906,False,1.0000666211289249,False,False,Downtrend,0.12857142857142856
2022-07-27 00:00:00+00:00,0.5714285714285714,0.0,0.9560439560439561,True,0.26117366991343904,True,47.664556766125685,False,0.9842159803181968,False,False,Bear rally,0.1714285714285714
2022-07-28 00:00:00+00:00,0.5714285714285714,0.0,0.9505494505494505,True,0.33410460518363755,True,47.815679355986504,False,0.9884506212070666,False,False,Bear rally,0.1714285714285714
2022-07-29 00:00:00+00:00,0.5714285714285714,0.0,0.9395604395604396,True,0.3663485401352283,True,48.53460902090287,False,0.9865842749976987,False,False,Bear rally,0.1714285714285714
2022-07-30 00:00:00+00:00,0.5714285714285714,0.0,0.8104395604395604,True,0.36999887698227407,True,54.77678289282759,False,0.9703499784175503,False,False,Bear rally,0.1714285714285714
2022-07-31 00:00:00+00:00,0.5714285714285714,0.0,0.8104395604395604,True,0.3638722660594184,True,56.58356112668607,False,0.9480630844277157,False,False,Bear rally,0.1714285714285714
2022-08-01 00:00:00+00:00,0.5714285714285714,0.0,0.6840659340659341,True,0.32371280954926057,True,55.09791309043405,False,0.9354094054547903,False,False,Bear rally,0.1714285714285714
2022-08-02 00:00:00+00:00,0.5714285714285714,0.0,0.6758241758241759,True,0.3211300269411161,True,54.699909448167965,False,0.9313080878626839,False,False,Bear rally,0.1714285714285714
2022-08-03 00:00:00+00:00,0.5714285714285714,0.0,0.6593406593406593,True,0.2798337147033101,True,53.837582174362396,False,0.917514574094542,False,False,Bear rally,0.1714285714285714
2022-08-04 00:00:00+00:00,0.5714285714285714,0.0,0.6291208791208791,True,0.28622856867655555,True,52.53388504115953,False,0.9034065149032673,False,False,Bear rally,0.1714285714285714
2022-08-05 00:00:00+00:00,0.5714285714285714,0.0,0.6208791208791209,True,0.31697678437698024,True,52.58887170347346,False,0.8964580109033022,False,False,Bear rally,0.1714285714285714
2022-08-06 00:00:00+00:00,0.5714285714285714,0.0,0.6043956043956044,True,0.2617332586255696,True,51.60889151238586,False,0.8726532467171801,False,False,Bear rally,0.1714285714285714
2022-08-07 00:00:00+00:00,0.5714285714285714,0.0,0.5796703296703297,True,0.28308478859625114,True,50.29843544480759,False,0.8518947151344478,False,False,Bear rally,0.1714285714285714
2022-08-08 00:00:00+00:00,0.7142857142857143,0.0,0.5439560439560439,True,0.312654574282189,True,46.283939721862055,False,0.8380824785822082,False,False,Bear rally,0.21428571428571427
2022-08-09 00:00:00+00:00,0.7142857142857143,0.0,0.5467032967032966,True,0.2941370731599921,True,52.59829890530012,False,0.8294909599356503,False,False,Bear rally,0.21428571428571427
2022-08-10 00:00:00+00:00,0.7142857142857143,0.0,0.5054945054945055,True,0.39941657127483904,True,60.22293980420403,False,0.8256004470770699,False,False,Bear rally,0.21428571428571427
2022-08-11 00:00:00+00:00,0.7142857142857143,0.0,0.37362637362637363,False,0.4513888516430767,True,51.66467483600128,True,0.8195212116186137,False,False,Bear rally,0.5357142857142857
2022-08-12 00:00:00+00:00,0.7142857142857143,0.0,0.3626373626373626,False,0.45187979594461347,True,49.49760422004264,True,0.8001505828755389,False,False,Bear rally,0.5357142857142857
2022-08-13 00:00:00+00:00,0.7142857142857143,0.0,0.35714285714285715,False,0.43581116485843974,True,44.69535989468223,True,0.7825849387836923,False,False,Bear rally,0.5357142857142857
2022-08-14 00:00:00+00:00,0.7142857142857143,0.0,0.38186813186813184,False,0.38612058659003407,True,44.76412749171494,True,0.7757932741579551,False,False,Bear rally,0.5357142857142857
2022-08-15 00:00:00+00:00,0.7142857142857143,0.0,0.40384615384615385,False,0.31307670583895747,True,45.77804883507249,True,0.7905342779962197,False,False,Bear rally,0.5357142857142857
2022-08-16 00:00:00+00:00,0.7142857142857143,0.0,0.3516483516483517,False,0.3091607001252686,True,46.12738778187584,True,0.7735737837340059,False,False,Bear rally,0.5357142857142857
2022-08-17 00:00:00+00:00,0.7142857142857143,0.0,0.38186813186813184,False,0.16439112115251023,False,47.24270374343301,False,0.7888520675480302,False,False,Bear rally,0.35714285714285715
2022-08-18 00:00:00+00:00,0.7142857142857143,0.0,0.35714285714285715,False,0.20087731467718392,False,48.91378448818428,False,0.7747091665163504,False,False,Bear rally,0.35714285714285715
2022-08-19 00:00:00+00:00,0.42857142857142855,0.0,0.5357142857142857,True,0.05052734995810097,False,51.214058344574454,False,0.809697223274403,False,False,Downtrend,0.12857142857142856
2022-08-20 00:00:00+00:00,0.42857142857142855,0.0,0.5796703296703297,True,0.0003451402497878956,False,46.357554363109614,False,0.8181829069557167,False,False,Downtrend,0.12857142857142856
2022-08-21 00:00:00+00:00,0.42857142857142855,0.0,0.5879120879120879,True,0.0484176327599103,False,46.84738350916301,False,0.7993031301980136,False,False,Downtrend,0.12857142857142856
2022-08-22 00:00:00+00:00,0.42857142857142855,0.0,0.5769230769230769,True,0.0445822504092133,False,46.314813112089546,False,0.7977711216596244,False,False,Downtrend,0.12857142857142856
2022-08-23 00:00:00+00:00,0.42857142857142855,0.0,0.5741758241758241,True,0.03991840632940498,False,46.08064505132371,False,0.7910729947056224,False,False,Downtrend,0.12857142857142856
2022-08-24 00:00:00+00:00,0.42857142857142855,0.0,0.43956043956043955,False,0.1393727997933016,False,42.86461625783598,False,0.7862343703036039,False,False,Downtrend,0.21428571428571427
2022-08-25 00:00:00+00:00,0.42857142857142855,0.0,0.42857142857142855,False,0.15585065605656462,False,42.2963400339731,False,0.7670130529870938,False,False,Downtrend,0.21428571428571427
2022-08-26 00:00:00+00:00,0.42857142857142855,0.0,0.5824175824175825,True,0.08080168241822278,False,42.1940067640035,False,0.8174741872273045,False,False,Downtrend,0.12857142857142856
2022-08-27 00:00:00+00:00,0.2857142857142857,0.0,0.5906593406593407,True,0.154914997810248,False,39.48536627181824,False,0.8067440225531466,False,False,Downtrend,0.0857142857142857
2022-08-28 00:00:00+00:00,0.14285714285714285,0.0,0.5851648351648352,True,0.18802917474242578,False,38.23900789239881,False,0.8001233372113083,False,False,Downtrend,0.04285714285714285
2022-08-29 00:00:00+00:00,0.14285714285714285,0.0,0.6043956043956044,True,0.0870065434673186,False,41.62967155017141,False,0.7880632830169131,False,False,Downtrend,0.04285714285714285
2022-08-30 00:00:00+00:00,0.14285714285714285,0.0,0.6373626373626373,True,0.09154110793777609,False,43.252029087066454,False,0.8060093024225916,False,False,Downtrend,0.04285714285714285
2022-08-31 00:00:00+00:00,0.14285714285714285,0.0,0.6291208791208791,True,0.04592365749559937,False,48.07871822246662,False,0.8040787171847993,False,False,Downtrend,0.04285714285714285
2022-09-01 00:00:00+00:00,0.2857142857142857,0.0,0.6373626373626373,True,0.026475060197483236,False,51.596142711147714,False,0.8035031204718173,False,False,Downtrend,0.0857142857142857
2022-09-02 00:00:00+00:00,0.2857142857142857,0.0,0.5192307692307693,True,0.02535641728808951,False,61.501569482792895,False,0.7955654964670366,False,False,Downtrend,0.0857142857142857
2022-09-03 00:00:00+00:00,0.2857142857142857,0.0,0.46153846153846156,False,0.029775592268959084,False,59.321816681065634,False,0.7769224060896414,False,False,Downtrend,0.14285714285714285
2022-09-04 00:00:00+00:00,0.2857142857142857,0.0,0.42857142857142855,False,0.09913844643452753,False,58.21866676508393,False,0.7580899616496976,False,False,Downtrend,0.14285714285714285
2022-09-05 00:00:00+00:00,0.2857142857142857,0.0,0.3983516483516483,False,0.04603806994245237,False,57.55037683710505,False,0.7388925170017603,False,False,Downtrend,0.14285714285714285
2022-09-06 00:00:00+00:00,0.2857142857142857,0.0,0.42857142857142855,False,0.08658693652253911,False,58.10214780170696,False,0.7782295206140067,False,False,Downtrend,0.14285714285714285
2022-09-07 00:00:00+00:00,0.2857142857142857,0.0,0.521978021978022,True,0.0905129167872069,False,60.16179931242513,False,0.7756772605276075,False,True,Downtrend,0.06428571428571428
2022-09-08 00:00:00+00:00,0.2857142857142857,0.0,0.5247252747252747,True,0.04331784201425722,False,62.18381779819732,False,0.7637173579328902,False,True,Downtrend,0.06428571428571428
2022-09-09 00:00:00+00:00,0.42857142857142855,0.0,0.3241758241758242,False,0.09096897349034784,False,54.44960837791589,False,0.7524820854240157,False,False,Downtrend,0.21428571428571427
2022-09-10 00:00:00+00:00,0.7142857142857143,0.0,0.3241758241758242,False,0.06991951378680722,False,50.075579318196255,False,0.7391042813350704,False,False,Bear rally,0.35714285714285715
2022-09-11 00:00:00+00:00,0.7142857142857143,0.0,0.29945054945054944,False,0.13281039427761845,False,49.573697990133894,False,0.7261328550407921,False,False,Bear rally,0.35714285714285715
2022-09-12 00:00:00+00:00,0.7142857142857143,0.0,0.24725274725274726,False,0.1815796985225157,False,53.94662380186894,False,0.7345768861571974,False,False,Bear rally,0.35714285714285715
2022-09-13 00:00:00+00:00,0.5714285714285714,0.0,0.3269230769230769,False,0.23059131712615394,True,57.955526001500765,True,0.8258413717868827,False,False,Bear rally,0.42857142857142855
2022-09-14 00:00:00+00:00,0.5714285714285714,0.0,0.3269230769230769,False,0.16364595169785723,False,57.94011355772416,False,0.8080550097568495,False,False,Bear rally,0.2857142857142857
2022-09-15 00:00:00+00:00,0.14285714285714285,0.0,0.521978021978022,True,0.2326540486366307,True,56.94155635464194,False,0.8679803514212737,False,False,Downtrend,0.04285714285714285
2022-09-16 00:00:00+00:00,0.14285714285714285,0.0,0.510989010989011,True,0.23107291480286504,True,50.7030150605386,False,0.8671370317721725,False,False,Downtrend,0.04285714285714285
2022-09-17 00:00:00+00:00,0.14285714285714285,0.0,0.5247252747252747,True,0.21508978215294883,True,51.18163086315248,False,0.843748097231425,False,False,Downtrend,0.04285714285714285
2022-09-18 00:00:00+00:00,0.0,0.0,0.6208791208791209,True,0.16613205834291597,False,46.507313215219824,False,0.8547674102466827,False,False,Downtrend,0.0
2022-09-19 00:00:00+00:00,0.0,0.0,0.6565934065934066,True,0.12046001926782272,False,43.85282602775524,False,0.8685641020537632,False,False,Downtrend,0.0
2022-09-20 00:00:00+00:00,0.0,0.0,0.6263736263736264,True,0.17658037038809404,False,42.41410736540284,False,0.8699521549401693,False,False,Downtrend,0.0
2022-09-21 00:00:00+00:00,0.0,0.0,0.6895604395604396,True,0.2174496952444359,True,38.72410677733053,False,0.9252609482192925,False,False,Downtrend,0.0
2022-09-22 00:00:00+00:00,0.0,0.0,0.7060439560439561,True,0.19017454875975567,False,39.770303375964,False,0.917748670589047,False,False,Downtrend,0.0
2022-09-23 00:00:00+00:00,0.0,0.0,0.7115384615384616,True,0.185605185289559,False,39.35372877023037,False,0.9155143877502263,False,False,Downtrend,0.0
2022-09-24 00:00:00+00:00,0.0,0.0,0.7032967032967034,True,0.21650571078347136,True,38.39505526562923,False,0.8928890205992082,False,False,Downtrend,0.0
2022-09-25 00:00:00+00:00,0.0,0.0,0.7142857142857143,True,0.13503942733923954,False,38.768448028573864,False,0.8714914909593756,False,False,Downtrend,0.0
2022-09-26 00:00:00+00:00,0.0,0.0,0.7142857142857143,True,0.0964559941711659,False,39.64366466096559,False,0.8593484736427074,False,False,Downtrend,0.0
2022-09-27 00:00:00+00:00,0.0,0.0,0.6730769230769231,True,0.06371720248312536,False,45.210927911213865,False,0.8603339418614793,False,False,Downtrend,0.0
2022-09-28 00:00:00+00:00,0.0,0.0,0.6895604395604396,True,0.14967219974891893,False,45.418167986499085,False,0.864851453509919,False,False,Downtrend,0.0
2022-09-29 00:00:00+00:00,0.0,0.0,0.5796703296703297,True,0.13414625485586854,False,60.76773008772124,False,0.8528780062745508,False,False,Downtrend,0.0
2022-09-30 00:00:00+00:00,0.0,0.0,0.5796703296703297,True,0.1626634718092323,False,61.29679869486925,False,0.8347860865331512,False,False,Downtrend,0.0
2022-10-01 00:00:00+00:00,0.0,0.0,0.5714285714285714,True,0.20020723422575415,True,61.199364458771946,False,0.8098907692394851,False,False,Downtrend,0.0
2022-10-02 00:00:00+00:00,0.0,0.0,0.45604395604395603,False,0.2141192666470685,True,68.7425560462085,True,0.7928999843737565,False,False,Downtrend,0.0
2022-10-03 00:00:00+00:00,0.0,0.0,0.37637362637362637,False,0.16468166136160836,False,67.19138410374723,False,0.7736361068345855,False,False,Downtrend,0.0
2022-10-04 00:00:00+00:00,0.0,0.0,0.3598901098901099,False,0.15126931758985937,False,66.46307984906028,False,0.7514612106238633,False,False,Downtrend,0.0
2022-10-05 00:00:00+00:00,0.0,0.0,0.1620879120879121,False,0.18829935059410713,False,66.90676746489717,False,0.7346693212529132,False,True,Downtrend,0.0
2022-10-06 00:00:00+00:00,0.0,0.0,0.1043956043956044,False,0.15308424626628309,False,67.73872929179366,False,0.7191822193390076,False,True,Downtrend,0.0
2022-10-07 00:00:00+00:00,0.0,0.0,0.02197802197802198,False,0.22959810729429128,True,65.36065741204973,True,0.7042216839361739,False,True,Downtrend,0.0
2022-10-08 00:00:00+00:00,0.0,0.0,0.02197802197802198,False,0.24380187334710268,True,64.9458219759448,True,0.6865126682599547,False,True,Downtrend,0.0
2022-10-09 00:00:00+00:00,0.0,0.0,0.0027472527472527475,False,0.3194327663152448,True,62.74451773944671,True,0.6661833272225466,False,True,Downtrend,0.0
2022-10-10 00:00:00+00:00,0.0,0.0,0.0,False,0.398726618290242,True,62.11991723194029,True,0.6546979616806634,False,True,Downtrend,0.0
2022-10-11 00:00:00+00:00,0.0,0.0,0.0,False,0.3996710526315789,True,63.076280225850795,True,0.6429789095520971,False,True,Downtrend,0.0
2022-10-12 00:00:00+00:00,0.0,0.0,0.0,False,0.35738910205913976,True,61.93940459738378,True,0.6246699487695876,False,True,Downtrend,0.0
2022-10-13 00:00:00+00:00,0.0,0.0,0.005494505494505495,False,0.27468976462265055,True,46.86733136852058,True,0.6336940893900401,False,True,Downtrend,0.0
2022-10-14 00:00:00+00:00,0.0,0.0,0.008241758241758242,False,0.3451643495631469,True,46.86109343646779,True,0.6259666153919199,False,True,Downtrend,0.0
2022-10-15 00:00:00+00:00,0.0,0.0,0.01098901098901099,False,0.23359586250870815,True,47.25826516352214,True,0.6101017954402669,False,True,Downtrend,0.0
2022-10-16 00:00:00+00:00,0.0,0.0,0.008241758241758242,False,0.15249025707032784,False,46.84918180477031,False,0.5990816603133128,False,True,Downtrend,0.0
2022-10-17 00:00:00+00:00,0.0,0.0,0.0027472527472527475,False,0.16566014537301527,False,45.466693781005006,False,0.5840756403592317,False,True,Downtrend,0.0
2022-10-18 00:00:00+00:00,0.0,0.0,0.005494505494505495,False,0.03324208056315986,False,45.70833833403851,False,0.5802832907140558,False,True,Downtrend,0.0
2022-10-19 00:00:00+00:00,0.0,0.0,0.0027472527472527475,False,0.12982245647112595,False,44.803695587126,False,0.5685448765764815,False,True,Downtrend,0.0
2022-10-20 00:00:00+00:00,0.0,0.0,0.005494505494505495,False,0.06213245481695877,False,49.50921948021578,False,0.5581859872871547,False,True,Downtrend,0.0
2022-10-21 00:00:00+00:00,0.0,0.0,0.013736263736263736,False,0.09153508251216898,False,54.44261364916878,False,0.5469709824588931,False,True,Downtrend,0.0
2022-10-22 00:00:00+00:00,0.0,0.0,0.01098901098901099,False,0.024579659136556017,False,53.97147646235478,False,0.5305649929150206,False,True,Downtrend,0.0
2022-10-23 00:00:00+00:00,0.2857142857142857,0.0,0.03296703296703297,False,0.06453134005134563,False,50.40514915063159,False,0.5174032836914224,False,True,Downtrend,0.10714285714285714
2022-10-24 00:00:00+00:00,0.2857142857142857,0.0,0.03296703296703297,False,0.045415566150996026,False,50.20761276164808,False,0.5094853033249429,False,True,Downtrend,0.10714285714285714
2022-10-25 00:00:00+00:00,0.42857142857142855,0.0,0.20054945054945056,False,0.2439965124355312,True,34.91704083460618,True,0.5294343445587677,False,True,Downtrend,0.24107142857142855
2022-10-26 00:00:00+00:00,0.7142857142857143,0.0,0.26373626373626374,False,0.31008347830777666,True,32.23471196036872,True,0.539698902484421,False,False,Bear rally,0.5357142857142857
2022-10-27 00:00:00+00:00,0.7142857142857143,0.0,0.21978021978021978,False,0.23685718287263943,True,37.12782662350359,True,0.5558698065460445,False,False,Bear rally,0.5357142857142857
2022-10-28 00:00:00+00:00,0.7142857142857143,0.0,0.23626373626373626,False,0.2659963996620088,True,38.5688348097661,True,0.5638181191434745,False,False,Bear rally,0.5357142857142857
2022-10-29 00:00:00+00:00,0.8571428571428571,0.0,0.27197802197802196,False,0.3224725355872892,True,34.67104471376413,True,0.5593254381335113,False,False,Bear rally,0.6428571428571428
2022-10-30 00:00:00+00:00,0.8571428571428571,0.0,0.27472527472527475,False,0.2900394521033732,True,35.50565301267147,True,0.5588518839255662,False,False,Bear rally,0.6428571428571428
2022-10-31 00:00:00+00:00,0.8571428571428571,0.0,0.28296703296703296,False,0.2888682211740737,True,37.18400915599755,True,0.5803361325151607,False,False,Bear rally,0.6428571428571428
2022-11-01 00:00:00+00:00,0.8571428571428571,0.0,0.2802197802197802,False,0.34530266620894806,True,36.98345414042984,True,0.5775720507475527,False,False,Bear rally,0.6428571428571428
2022-11-02 00:00:00+00:00,0.8571428571428571,0.0,0.31868131868131866,False,0.21995786722543262,True,39.86863318900762,True,0.5904091886142528,False,False,Bear rally,0.6428571428571428
2022-11-03 00:00:00+00:00,0.8571428571428571,0.0,0.3159340659340659,False,0.1966726222242845,False,39.975838768992965,False,0.5825803494572581,False,False,Bear rally,0.42857142857142855
2022-11-04 00:00:00+00:00,0.8571428571428571,0.0,0.40384615384615385,False,0.3027462180004549,True,45.33581952390042,True,0.5986254152383512,False,False,Bear rally,0.6428571428571428
2022-11-05 00:00:00+00:00,0.8571428571428571,0.0,0.4065934065934066,False,0.27936753109503276,True,46.42190823856921,True,0.5846060195803381,False,False,Bear rally,0.6428571428571428
2022-11-06 00:00:00+00:00,0.8571428571428571,0.0,0.3956043956043956,False,0.23212730351043723,True,49.04155155926808,True,0.5808405508851632,False,False,Bear rally,0.6428571428571428
2022-11-07 00:00:00+00:00,0.8571428571428571,0.0,0.4010989010989011,False,0.25101850195751074,True,50.68706405950544,True,0.5951903414826651,False,False,Bear rally,0.6428571428571428
2022-11-08 00:00:00+00:00,0.14285714285714285,0.0,0.760989010989011,True,0.009447591838059724,False,45.14738531913849,False,0.9303898932212885,False,False,Downtrend,0.04285714285714285
2022-11-09 00:00:00+00:00,0.0,0.0,0.8791208791208791,True,0.13088749126484966,False,36.701646089318494,True,1.0661818871709479,False,False,Downtrend,0.0
2022-11-10 00:00:00+00:00,0.0,0.0,0.9615384615384616,True,0.011850670425251798,False,40.931981814102734,False,1.1241271863788487,False,False,Downtrend,0.0
2022-11-11 00:00:00+00:00,0.0,0.0,0.9642857142857143,True,0.0031984131903552227,False,41.2206535797611,False,1.1235706335337943,False,False,Downtrend,0.0
2022-11-12 00:00:00+00:00,0.0,0.0,0.9587912087912088,True,0.018211566756411852,False,39.893706348086084,False,1.0949910591790812,False,False,Downtrend,0.0
2022-11-13 00:00:00+00:00,0.0,0.0,0.9615384615384616,True,0.04492532471433547,False,40.11262522974339,False,1.0693677900286973,False,False,Downtrend,0.0
2022-11-14 00:00:00+00:00,0.0,0.0,0.9697802197802198,True,0.019003231270045343,False,40.751024942473904,False,1.064072820285617,False,False,Downtrend,0.0
2022-11-15 00:00:00+00:00,0.0,0.0,0.9697802197802198,True,0.032070077255307514,False,40.91606847243858,False,1.0443454146120328,False,False,Downtrend,0.0
2022-11-16 00:00:00+00:00,0.0,0.0,0.9642857142857143,True,0.06960392869870916,False,40.10633836909431,False,1.0204719291527637,False,False,Downtrend,0.0
2022-11-17 00:00:00+00:00,0.0,0.0,0.967032967032967,True,0.06681368747576577,False,40.178466170446235,False,0.995046186602343,False,False,Downtrend,0.0
2022-11-18 00:00:00+00:00,0.0,0.0,0.945054945054945,True,0.044292005937364466,False,38.3861969192393,False,0.9657582151832804,False,False,Downtrend,0.0
2022-11-19 00:00:00+00:00,0.0,0.0,0.945054945054945,True,0.03958137662686158,False,40.023188037736965,False,0.93587797134908,False,False,Downtrend,0.0
2022-11-20 00:00:00+00:00,0.0,0.0,0.9532967032967034,True,0.09278301942353673,False,42.61650350635216,False,0.9338139086174937,False,False,Downtrend,0.0
2022-11-21 00:00:00+00:00,0.0,0.0,0.9532967032967034,True,0.1199976729980511,False,44.756871913086265,False,0.919713716768199,False,False,Downtrend,0.0
2022-11-22 00:00:00+00:00,0.0,0.0,0.8406593406593407,True,0.13206948054239048,False,60.762371322626656,False,0.912420470421541,False,False,Downtrend,0.0
2022-11-23 00:00:00+00:00,0.0,0.0,0.6813186813186813,True,0.09222876025392035,False,54.960131994808535,False,0.8934960442796027,False,False,Downtrend,0.0
2022-11-24 00:00:00+00:00,0.0,0.0,0.24175824175824176,False,0.15725140200119161,False,52.76699848267345,False,0.869446658862573,False,False,Downtrend,0.0
2022-11-25 00:00:00+00:00,0.0,0.0,0.21153846153846154,False,0.240351222069327,True,52.75129792686682,True,0.8458587657622624,False,False,Downtrend,0.0
2022-11-26 00:00:00+00:00,0.0,0.0,0.20054945054945056,False,0.20836288715506468,True,52.30710472900588,True,0.8222405717118261,False,False,Downtrend,0.0
2022-11-27 00:00:00+00:00,0.0,0.0,0.1813186813186813,False,0.24834849935593198,True,50.553062489247026,True,0.8020698997111135,False,False,Downtrend,0.0
2022-11-28 00:00:00+00:00,0.0,0.0,0.0989010989010989,False,0.31980349406801256,True,47.11760377006798,True,0.7906431662750825,False,False,Downtrend,0.0
2022-11-29 00:00:00+00:00,0.0,0.0,0.12912087912087913,False,0.2610853947175502,True,51.91002132127393,True,0.7700121131805558,False,False,Downtrend,0.0
2022-11-30 00:00:00+00:00,0.14285714285714285,0.0,0.1510989010989011,False,0.18641751144045934,False,45.3883485490041,False,0.754556844401034,False,False,Downtrend,0.07142857142857142
2022-12-01 00:00:00+00:00,0.14285714285714285,0.0,0.14560439560439561,False,0.20074164157977625,True,44.896023442219246,True,0.7342384364489345,False,False,Downtrend,0.10714285714285714
2022-12-02 00:00:00+00:00,0.14285714285714285,0.0,0.1401098901098901,False,0.15217138836324387,False,44.75360998936856,False,0.7150951325329572,False,False,Downtrend,0.07142857142857142
2022-12-03 00:00:00+00:00,0.14285714285714285,0.0,0.16758241758241757,False,0.1928669118721037,False,46.46850030985246,False,0.7005669440153606,False,False,Downtrend,0.07142857142857142
2022-12-04 00:00:00+00:00,0.14285714285714285,0.0,0.08516483516483517,False,0.2552625144094735,True,44.15841738018637,True,0.6801075923442508,False,False,Downtrend,0.10714285714285714
2022-12-05 00:00:00+00:00,0.14285714285714285,0.0,0.06318681318681318,False,0.25640542708660313,True,43.7165002627397,True,0.6679060830871546,False,False,Downtrend,0.10714285714285714
2022-12-06 00:00:00+00:00,0.14285714285714285,0.0,0.038461538461538464,False,0.21414509976420032,True,51.3774753689121,True,0.649837656594775,False,False,Downtrend,0.10714285714285714
2022-12-07 00:00:00+00:00,0.14285714285714285,0.0,0.038461538461538464,False,0.23615005046540313,True,56.47628514297808,True,0.6435995150009308,False,False,Downtrend,0.10714285714285714
2022-12-08 00:00:00+00:00,0.2857142857142857,0.0,0.0521978021978022,False,0.04393950369851651,False,58.234050024277046,False,0.6271692190428575,False,False,Downtrend,0.14285714285714285
2022-12-09 00:00:00+00:00,0.2857142857142857,0.0,0.057692307692307696,False,0.1560884926467009,False,58.74748389018108,False,0.6109809921544732,False,False,Downtrend,0.14285714285714285
2022-12-10 00:00:00+00:00,0.2857142857142857,0.0,0.0521978021978022,False,0.039478258784602004,False,57.95686457714185,False,0.5936761281996581,False,False,Downtrend,0.14285714285714285
2022-12-11 00:00:00+00:00,0.2857142857142857,0.0,0.046703296703296704,False,0.031747374527173175,False,57.65679368483247,False,0.5771474986432975,False,False,Downtrend,0.14285714285714285
2022-12-12 00:00:00+00:00,0.2857142857142857,0.0,0.04395604395604396,False,0.02246759838084757,False,58.93704574536529,False,0.5649053610078061,False,True,Downtrend,0.10714285714285714
2022-12-13 00:00:00+00:00,0.2857142857142857,0.0,0.06868131868131869,False,0.12136635020064605,False,64.12401911957365,False,0.5581697064549367,False,True,Downtrend,0.10714285714285714
2022-12-14 00:00:00+00:00,0.2857142857142857,0.0,0.038461538461538464,False,0.07932543705645272,False,62.22173591036554,False,0.5515799641515268,False,True,Downtrend,0.10714285714285714
2022-12-15 00:00:00+00:00,0.2857142857142857,0.0,0.04120879120879121,False,0.015849577860604626,False,63.01597021660105,False,0.5457567638311638,False,True,Downtrend,0.10714285714285714
2022-12-16 00:00:00+00:00,0.0,0.0,0.18681318681318682,False,0.05467520666651907,False,53.18785309346596,False,0.5943051723690757,False,True,Downtrend,0.0
2022-12-17 00:00:00+00:00,0.0,0.0,0.1346153846153846,False,0.014630489189755326,False,51.022237976837815,False,0.5792995266344023,False,True,Downtrend,0.0
2022-12-18 00:00:00+00:00,0.0,0.0,0.11538461538461539,False,0.03283794607101536,False,50.1191850610794,False,0.5649388571087458,False,False,Downtrend,0.0
2022-12-19 00:00:00+00:00,0.0,0.0,0.10164835164835165,False,0.05483384848918186,False,48.48358747295419,False,0.5562020011952552,False,False,Downtrend,0.0
2022-12-20 00:00:00+00:00,0.0,0.0,0.1620879120879121,False,0.08465398688220033,False,50.22318240840422,False,0.5429277404035593,False,False,Downtrend,0.0
2022-12-21 00:00:00+00:00,0.0,0.0,0.10989010989010989,False,0.1250675628040326,False,48.16111553348755,False,0.5297551174587158,False,False,Downtrend,0.0
2022-12-22 00:00:00+00:00,0.0,0.0,0.09615384615384616,False,0.09494001677342516,False,47.3577597976158,False,0.5253331862990837,False,False,Downtrend,0.0
2022-12-23 00:00:00+00:00,0.0,0.0,0.07967032967032966,False,0.04546911253829688,False,46.010401016307924,False,0.5108171911604579,False,False,Downtrend,0.0
2022-12-24 00:00:00+00:00,0.0,0.0,0.07967032967032966,False,0.021909890975962243,False,45.40972872156574,False,0.49507114334961044,False,False,Downtrend,0.0
2022-12-25 00:00:00+00:00,0.0,0.0,0.08241758241758242,False,0.025317289824320972,False,45.57444385432722,False,0.4810427710165189,False,False,Downtrend,0.0
2022-12-26 00:00:00+00:00,0.0,0.0,0.06868131868131869,False,0.029537968952983294,False,44.46353782706814,False,0.466310991610417,False,False,Downtrend,0.0
2022-12-27 00:00:00+00:00,0.0,0.0,0.03571428571428571,False,0.023040513228409897,False,40.76787667992565,False,0.45511494766002536,False,False,Downtrend,0.0
2022-12-28 00:00:00+00:00,0.0,0.0,0.03296703296703297,False,0.029362372080818815,False,48.388644793570556,False,0.45285183994788264,False,False,Downtrend,0.0
2022-12-29 00:00:00+00:00,0.0,0.0,0.019230769230769232,False,0.022104943217927105,False,54.36614199309106,False,0.44005934572655975,False,False,Downtrend,0.0
2022-12-30 00:00:00+00:00,0.0,0.0,0.0,False,0.14615920167092133,False,61.23229107388146,False,0.4281459716464245,False,False,Downtrend,0.0
2022-12-31 00:00:00+00:00,0.0,0.0,0.0,False,0.12699316628701587,False,60.246139724528064,False,0.41574263760978597,False,False,Downtrend,0.0
2023-01-01 00:00:00+00:00,0.0,0.0,0.0,False,0.15432848879599473,False,58.886370077197725,False,0.4029065877309832,False,False,Downtrend,0.0
2023-01-02 00:00:00+00:00,0.0,0.0,0.0,False,0.046042690657727876,False,63.556218087092724,False,0.3922507435116183,False,False,Downtrend,0.0
2023-01-03 00:00:00+00:00,0.0,0.0,0.0,False,0.12068773026683063,False,68.62561998776594,False,0.3817825974349535,False,True,Downtrend,0.0
2023-01-04 00:00:00+00:00,0.14285714285714285,0.0,0.0027472527472527475,False,0.004483984493631295,False,54.701750511880135,False,0.3766998152641866,False,True,Downtrend,0.05357142857142857
2023-01-05 00:00:00+00:00,0.14285714285714285,0.0,0.0027472527472527475,False,0.03627691862985965,False,50.7599603716429,False,0.3670535948938432,False,True,Downtrend,0.05357142857142857
2023-01-06 00:00:00+00:00,0.2857142857142857,0.0,0.005494505494505495,False,0.07145008281885257,False,51.07605918865893,False,0.3599415436785669,False,True,Downtrend,0.10714285714285714
2023-01-07 00:00:00+00:00,0.2857142857142857,0.0,0.005494505494505495,False,0.03305632502308423,False,50.71306454093711,False,0.34919779337368656,False,False,Downtrend,0.14285714285714285
2023-01-08 00:00:00+00:00,0.42857142857142855,0.0,0.01098901098901099,False,0.05451688290756735,False,44.408035716677375,False,0.34267307560109384,False,False,Downtrend,0.21428571428571427
2023-01-09 00:00:00+00:00,0.42857142857142855,0.0,0.016483516483516484,False,0.10325983108495454,False,34.85750131767806,True,0.34273683094931584,False,False,Downtrend,0.3214285714285714
2023-01-10 00:00:00+00:00,0.5714285714285714,0.0,0.016483516483516484,False,0.13566130448592156,False,34.011104835994956,True,0.3371021252869323,False,False,Bear rally,0.42857142857142855
2023-01-11 00:00:00+00:00,0.7142857142857143,0.0,0.03296703296703297,False,0.19768994641091872,True,27.74241567040218,True,0.3358644720770062,False,False,Bear rally,0.5357142857142857
2023-01-12 00:00:00+00:00,0.8571428571428571,0.0,0.03571428571428571,False,0.17070897194586337,False,25.784804310261688,True,0.3731818234372586,False,False,Bear rally,0.6428571428571428
2023-01-13 00:00:00+00:00,1.0,1.0,0.038461538461538464,False,0.2479133613851138,True,26.43157723254089,True,0.37554489003075064,False,False,Calm uptrend,1.5
2023-01-14 00:00:00+00:00,1.0,1.0,0.09340659340659341,False,0.4443608079287414,True,19.40964039975691,True,0.4088644171786548,False,False,Calm uptrend,1.5
2023-01-15 00:00:00+00:00,1.0,1.0,0.10164835164835165,False,0.713461218298525,True,21.608659823618027,True,0.4105353043127641,False,False,Calm uptrend,1.5
2023-01-16 00:00:00+00:00,1.0,1.0,0.1346153846153846,False,0.715612836895057,True,24.94294949436579,True,0.41918045868830367,False,False,Calm uptrend,1.5
2023-01-17 00:00:00+00:00,1.0,1.0,0.15934065934065933,False,0.6930156717093934,True,27.767056296750884,True,0.42054083999047764,False,False,Calm uptrend,1.5
2023-01-18 00:00:00+00:00,1.0,1.0,0.22252747252747251,False,0.5815520013539814,True,32.13573971822392,True,0.4500367570250739,False,False,Calm uptrend,1.5
2023-01-19 00:00:00+00:00,1.0,1.0,0.25274725274725274,False,0.5747432876382459,True,33.75541772890672,True,0.4433447388131984,False,False,Calm uptrend,1.5
2023-01-20 00:00:00+00:00,1.0,1.0,0.30494505494505497,False,0.6486305165825628,True,33.53794365340461,True,0.43921253297770685,False,False,Calm uptrend,1.5
2023-01-21 00:00:00+00:00,1.0,1.0,0.31868131868131866,False,0.5730881878950098,True,34.65577608066182,True,0.453404006773583,False,False,Calm uptrend,1.5
2023-01-22 00:00:00+00:00,1.0,1.0,0.32142857142857145,False,0.5721889087053604,True,38.00105016086118,True,0.45734111171487896,False,False,Calm uptrend,1.5
2023-01-23 00:00:00+00:00,1.0,1.0,0.3159340659340659,False,0.5694004096405824,True,41.26269855490294,True,0.4617850294212791,False,False,Calm uptrend,1.5
2023-01-24 00:00:00+00:00,1.0,1.0,0.3516483516483517,False,0.4319543290154116,True,44.278415710537715,True,0.47871161347485774,False,False,Calm uptrend,1.5
2023-01-25 00:00:00+00:00,1.0,1.0,0.36538461538461536,False,0.4637812496224069,True,50.354242616550636,True,0.5068572521832564,False,False,Calm uptrend,1.5
2023-01-26 00:00:00+00:00,1.0,1.0,0.35714285714285715,False,0.4739506022630489,True,54.67885770006274,True,0.5058146284285253,False,False,Calm uptrend,1.5
2023-01-27 00:00:00+00:00,1.0,1.0,0.35714285714285715,False,0.5068223938704176,True,62.048813712313084,True,0.5080056854469559,False,False,Calm uptrend,1.5
2023-01-28 00:00:00+00:00,1.0,1.0,0.2857142857142857,False,0.4536531770737957,True,68.46234087035667,True,0.5007848538903008,False,False,Calm uptrend,1.5
2023-01-29 00:00:00+00:00,1.0,1.0,0.3076923076923077,False,0.4989845950161004,True,69.93861559669709,True,0.5008800060634694,False,False,Calm uptrend,1.5
2023-01-30 00:00:00+00:00,1.0,1.0,0.3324175824175824,False,0.38312300063151544,True,70.91299194411991,True,0.5086452558608374,False,False,Calm uptrend,1.5
2023-01-31 00:00:00+00:00,1.0,1.0,0.32142857142857145,False,0.39250649946474975,True,70.10778550464352,True,0.5020751902857296,False,False,Calm uptrend,1.5
2023-02-01 00:00:00+00:00,1.0,1.0,0.30494505494505497,False,0.41784395333841357,True,71.25771848849953,True,0.4959928388773688,False,False,Calm uptrend,1.5
2023-02-02 00:00:00+00:00,1.0,1.0,0.3241758241758242,False,0.4183497164276717,True,66.8482518634922,True,0.5341878982743913,False,False,Calm uptrend,1.5
2023-02-03 00:00:00+00:00,1.0,1.0,0.2664835164835165,False,0.4056140770888194,True,64.18867991207276,True,0.5247856281391361,False,False,Calm uptrend,1.5
2023-02-04 00:00:00+00:00,1.0,1.0,0.260989010989011,False,0.4152728873239436,True,63.71874080900843,True,0.5117837715013465,False,False,Calm uptrend,1.5
2023-02-05 00:00:00+00:00,1.0,1.0,0.26373626373626374,False,0.35312125910081016,True,63.884008198299185,True,0.5061628284867751,False,False,Calm uptrend,1.5
2023-02-06 00:00:00+00:00,1.0,1.0,0.25274725274725274,False,0.3404160186625193,True,63.552389368574104,True,0.499862391713077,False,False,Calm uptrend,1.5
2023-02-07 00:00:00+00:00,1.0,1.0,0.1813186813186813,False,0.35949785265939854,True,62.03791274940964,True,0.510447404837827,False,True,Calm uptrend,1.125
2023-02-08 00:00:00+00:00,1.0,1.0,0.1043956043956044,False,0.31437770284429706,True,63.32182010447641,True,0.5022833199014861,False,True,Calm uptrend,1.125
2023-02-09 00:00:00+00:00,0.8571428571428571,1.0,0.22252747252747251,False,0.1840269551712337,False,64.0630406768793,False,0.5277997248670585,False,True,Uptrend,0.6428571428571428
2023-02-10 00:00:00+00:00,0.7142857142857143,1.0,0.22252747252747251,False,0.1105983777354473,False,57.639177015593724,False,0.5272144199201789,False,False,Uptrend,0.7142857142857143
2023-02-11 00:00:00+00:00,0.7142857142857143,1.0,0.2032967032967033,False,0.10973852172122699,False,57.163120769868414,False,0.5120553068923251,False,False,Uptrend,0.7142857142857143
2023-02-12 00:00:00+00:00,0.7142857142857143,1.0,0.1565934065934066,False,0.057557145570822386,False,55.68983422102451,False,0.5055208650930789,False,False,Uptrend,0.7142857142857143
2023-02-13 00:00:00+00:00,0.7142857142857143,1.0,0.10714285714285714,False,0.04393939393939401,False,49.30514574946207,False,0.510511300813929,False,False,Uptrend,0.7142857142857143
2023-02-14 00:00:00+00:00,0.7142857142857143,1.0,0.1510989010989011,False,0.0029974160206718845,False,51.012336974553534,False,0.5039040214679675,False,False,Uptrend,0.7142857142857143
2023-02-15 00:00:00+00:00,1.0,1.0,0.25274725274725274,False,0.08453547763666482,False,52.723185035106276,False,0.5063898950054208,False,False,Uptrend,1.0
2023-02-16 00:00:00+00:00,1.0,1.0,0.2967032967032967,False,0.06100021101498203,False,49.49339192882757,False,0.5193119696875048,False,False,Uptrend,1.0
2023-02-17 00:00:00+00:00,1.0,1.0,0.31868131868131866,False,0.1537450279781566,False,50.97661994687845,False,0.5121539189209177,False,False,Uptrend,1.0
2023-02-18 00:00:00+00:00,1.0,1.0,0.3159340659340659,False,0.12228187569067975,False,50.39270233493932,False,0.49908634977105176,False,False,Uptrend,1.0
2023-02-19 00:00:00+00:00,1.0,1.0,0.3159340659340659,False,0.020148623383032645,False,50.24763312130626,False,0.4907799583848356,False,False,Uptrend,1.0
2023-02-20 00:00:00+00:00,1.0,1.0,0.3241758241758242,False,0.07328786124955741,False,50.80838456357026,False,0.4814423656143709,False,False,Uptrend,1.0
2023-02-21 00:00:00+00:00,1.0,1.0,0.33791208791208793,False,0.029704244251236068,False,51.33835569446566,False,0.49262573456192754,False,False,Uptrend,1.0
2023-02-22 00:00:00+00:00,1.0,1.0,0.34065934065934067,False,0.015269181626235924,False,51.492482853838354,False,0.4949895024328696,False,False,Uptrend,1.0
2023-02-23 00:00:00+00:00,1.0,1.0,0.2032967032967033,False,0.09087065154718424,False,48.55762203732608,False,0.49475544588063425,False,False,Uptrend,1.0
2023-02-24 00:00:00+00:00,1.0,1.0,0.2445054945054945,False,0.004029746145460305,False,49.44588675005962,False,0.4961299953210724,False,False,Uptrend,1.0
2023-02-25 00:00:00+00:00,1.0,1.0,0.260989010989011,False,0.006322045584764928,False,49.9417453313258,False,0.4864770241230527,False,False,Uptrend,1.0
2023-02-26 00:00:00+00:00,1.0,1.0,0.27197802197802196,False,0.04076269290986357,False,50.24942306996716,False,0.4754477130233359,False,False,Uptrend,1.0
2023-02-27 00:00:00+00:00,1.0,1.0,0.24725274725274726,False,0.05812796680026163,False,52.90325833352475,False,0.466752199289687,False,False,Uptrend,1.0
2023-02-28 00:00:00+00:00,1.0,1.0,0.17307692307692307,False,0.0390591772746605,False,61.50993161673228,False,0.4647837844902042,False,False,Uptrend,1.0
2023-03-01 00:00:00+00:00,1.0,1.0,0.09340659340659341,False,0.0997682619647355,False,61.997982211090786,False,0.46457826924752255,False,False,Uptrend,1.0
2023-03-02 00:00:00+00:00,1.0,1.0,0.06318681318681318,False,0.0631150767615798,False,63.432946355965825,False,0.45694080765943007,False,False,Uptrend,1.0
2023-03-03 00:00:00+00:00,0.7142857142857143,1.0,0.08791208791208792,False,0.07131784476544992,False,61.198526779752626,False,0.535191616385305,False,False,Uptrend,0.7142857142857143
2023-03-04 00:00:00+00:00,0.7142857142857143,1.0,0.08791208791208792,False,0.07533010541678568,False,60.99323552559929,False,0.5195111300175785,False,False,Uptrend,0.7142857142857143
2023-03-05 00:00:00+00:00,0.5714285714285714,1.0,0.07692307692307693,False,0.09935530517563419,False,61.37028332624624,False,0.5084258399781475,False,False,Uptrend,0.5714285714285714
2023-03-06 00:00:00+00:00,0.5714285714285714,1.0,0.06043956043956044,False,0.10112449960773288,False,60.31203155810078,False,0.494870515220481,False,False,Uptrend,0.5714285714285714
2023-03-07 00:00:00+00:00,0.5714285714285714,1.0,0.04395604395604396,False,0.0698003622207881,False,65.94415514016701,False,0.4824909770091977,False,False,Uptrend,0.5714285714285714
2023-03-08 00:00:00+00:00,0.5714285714285714,1.0,0.04395604395604396,False,0.083959450178866,False,61.59587324746952,False,0.47561087821307513,False,False,Uptrend,0.5714285714285714
2023-03-09 00:00:00+00:00,0.42857142857142855,1.0,0.13736263736263737,False,0.2305036936217219,True,44.693280478656966,True,0.5573155564642881,False,False,Fading uptrend,0.6428571428571428
2023-03-10 00:00:00+00:00,0.42857142857142855,1.0,0.12637362637362637,False,0.22305539788287082,True,38.71939442248797,True,0.5752491881263924,False,False,Fading uptrend,0.6428571428571428
2023-03-11 00:00:00+00:00,0.42857142857142855,1.0,0.1510989010989011,False,0.0776803861788617,False,39.50535673146699,False,0.5868077663544807,False,False,Fading uptrend,0.42857142857142855
2023-03-12 00:00:00+00:00,0.5714285714285714,1.0,0.3626373626373626,False,0.06590510526986118,False,42.90473065882383,False,0.5912072193412808,False,False,Uptrend,0.5714285714285714
2023-03-13 00:00:00+00:00,1.0,1.0,0.4340659340659341,False,0.12398243260625894,False,43.7507517537852,False,0.6029492434774524,False,False,Uptrend,1.0
2023-03-14 00:00:00+00:00,1.0,1.0,0.47802197802197804,False,0.1692293586393437,False,37.43111580687251,True,0.6024074235190098,False,False,Calm uptrend,1.5
2023-03-15 00:00:00+00:00,1.0,1.0,0.49175824175824173,False,0.12801415302963295,False,38.48515661278238,False,0.6015500125220983,False,False,Uptrend,1.0
2023-03-16 00:00:00+00:00,1.0,1.0,0.4945054945054945,False,0.10692154375792717,False,38.503821958785565,False,0.5954195598331565,False,False,Uptrend,1.0
2023-03-17 00:00:00+00:00,1.0,1.0,0.5164835164835165,True,0.10394226136911087,False,37.77529858136126,True,0.6006531855165729,False,False,Calm uptrend,1.5
2023-03-18 00:00:00+00:00,1.0,1.0,0.5247252747252747,True,0.11065588762483086,False,36.389704980399856,True,0.598162549489972,False,False,Calm uptrend,1.5
2023-03-19 00:00:00+00:00,1.0,1.0,0.5302197802197802,True,0.08195111820181461,False,37.797717190433225,True,0.5945840822732895,False,False,Calm uptrend,1.5
2023-03-20 00:00:00+00:00,1.0,1.0,0.532967032967033,True,0.037250891451119594,False,39.303808274611676,False,0.594546436644448,False,False,Volatile uptrend,0.6
2023-03-21 00:00:00+00:00,1.0,1.0,0.5412087912087912,True,0.10458709277498451,False,41.231383394990175,False,0.5899052814393151,False,False,Volatile uptrend,0.6
2023-03-22 00:00:00+00:00,1.0,1.0,0.5686813186813187,True,0.02577807286911772,False,42.88367091811769,False,0.6106196075821252,False,False,Volatile uptrend,0.6
2023-03-23 00:00:00+00:00,1.0,1.0,0.5357142857142857,True,0.1241326510053592,False,41.36263572142337,False,0.6117171985181336,False,False,Volatile uptrend,0.6
2023-03-24 00:00:00+00:00,1.0,1.0,0.5357142857142857,True,0.08260312778920394,False,45.15549639945262,False,0.6121936668077707,False,False,Volatile uptrend,0.6
2023-03-25 00:00:00+00:00,1.0,1.0,0.5302197802197802,True,0.07088263821532502,False,48.17967577133885,False,0.6014105269809821,False,False,Volatile uptrend,0.6
2023-03-26 00:00:00+00:00,1.0,1.0,0.4835164835164835,False,0.12995101798093936,False,58.660263288964295,False,0.5943504713744957,False,False,Uptrend,1.0
2023-03-27 00:00:00+00:00,1.0,1.0,0.45879120879120877,False,0.09115500279570223,False,64.19846078599981,False,0.5930660087382467,False,False,Uptrend,1.0
2023-03-28 00:00:00+00:00,1.0,1.0,0.4423076923076923,False,0.09863988909288476,False,63.335095441866116,False,0.5837060662763061,False,False,Uptrend,1.0
2023-03-29 00:00:00+00:00,1.0,1.0,0.3956043956043956,False,0.11853381057759416,False,65.25741750408297,False,0.5722619027014378,False,False,Uptrend,1.0
2023-03-30 00:00:00+00:00,1.0,1.0,0.3983516483516483,False,0.14282681547303125,False,70.99534471791401,False,0.5714929047086909,False,False,Uptrend,1.0
2023-03-31 00:00:00+00:00,1.0,1.0,0.3269230769230769,False,0.12145843370685228,False,73.77964746946049,False,0.5595795817195054,False,False,Uptrend,1.0
2023-04-01 00:00:00+00:00,1.0,1.0,0.25824175824175827,False,0.13614069892854053,False,71.88328297993424,False,0.5432735916773183,False,True,Uptrend,0.75
2023-04-02 00:00:00+00:00,1.0,1.0,0.21428571428571427,False,0.18476315573434027,True,70.86159424302302,True,0.5320107195349089,False,True,Calm uptrend,1.125
2023-04-03 00:00:00+00:00,1.0,1.0,0.2087912087912088,False,0.19797300589582412,True,70.7305965825418,True,0.544665042702839,False,True,Calm uptrend,1.125
2023-04-04 00:00:00+00:00,1.0,1.0,0.16758241758241757,False,0.2372138485288071,True,62.74684590497191,True,0.531832856279129,False,True,Calm uptrend,1.125
2023-04-05 00:00:00+00:00,1.0,1.0,0.12362637362637363,False,0.25853033216453647,True,53.224259587965584,True,0.5198284997729066,False,True,Calm uptrend,1.125
2023-04-06 00:00:00+00:00,1.0,1.0,0.07142857142857142,False,0.2285156968827058,True,50.53850289156913,True,0.5104944074687034,False,True,Calm uptrend,1.125
2023-04-07 00:00:00+00:00,1.0,1.0,0.046703296703296704,False,0.2477012095749292,True,48.48424169079793,True,0.5000122288719341,False,True,Calm uptrend,1.125
2023-04-08 00:00:00+00:00,1.0,1.0,0.046703296703296704,False,0.32723658051689847,True,47.74831665818148,True,0.4874631380262475,False,True,Calm uptrend,1.125
2023-04-09 00:00:00+00:00,1.0,1.0,0.04395604395604396,False,0.34413393596027736,True,47.255148805960374,True,0.4751956509656747,False,True,Calm uptrend,1.125
2023-04-10 00:00:00+00:00,1.0,1.0,0.04395604395604396,False,0.3471211197097751,True,48.59278469616867,True,0.46582741441075565,False,False,Calm uptrend,1.5
2023-04-11 00:00:00+00:00,1.0,1.0,0.038461538461538464,False,0.26355315253948636,True,58.03658829416299,True,0.4564844620986452,False,False,Calm uptrend,1.5
2023-04-12 00:00:00+00:00,1.0,1.0,0.04395604395604396,False,0.21999170319066413,True,59.14923804042682,True,0.45046947116526503,False,False,Calm uptrend,1.5
2023-04-13 00:00:00+00:00,1.0,1.0,0.0521978021978022,False,0.2654794357680906,True,47.6520848759734,True,0.44928901732470705,False,False,Calm uptrend,1.5
2023-04-14 00:00:00+00:00,1.0,1.0,0.07142857142857142,False,0.3700691572031211,True,36.751572891484415,True,0.467721049026549,False,False,Calm uptrend,1.5
2023-04-15 00:00:00+00:00,1.0,1.0,0.07417582417582418,False,0.3469031114513724,True,36.974651394475366,True,0.460319149178968,False,False,Calm uptrend,1.5
2023-04-16 00:00:00+00:00,1.0,1.0,0.07967032967032966,False,0.29563281937139874,True,36.28219104757328,True,0.45117223059877265,False,False,Calm uptrend,1.5
2023-04-17 00:00:00+00:00,1.0,1.0,0.06593406593406594,False,0.27928327100650435,True,39.92538898580097,True,0.45480090632368264,False,False,Calm uptrend,1.5
2023-04-18 00:00:00+00:00,1.0,1.0,0.054945054945054944,False,0.2841425201563213,True,41.839997691161024,True,0.44713283053170544,False,False,Calm uptrend,1.5
2023-04-19 00:00:00+00:00,1.0,1.0,0.1510989010989011,False,0.15973894864029123,False,45.71595397872244,False,0.4989672548758145,False,False,Uptrend,1.0
2023-04-20 00:00:00+00:00,1.0,1.0,0.1565934065934066,False,0.11824422959817812,False,46.15443901881349,False,0.4968089702915227,False,False,Uptrend,1.0
2023-04-21 00:00:00+00:00,0.8571428571428571,1.0,0.23626373626373626,False,0.09334551297213092,False,49.24173903478161,False,0.5054696435443118,False,False,Uptrend,0.8571428571428571
2023-04-22 00:00:00+00:00,0.8571428571428571,1.0,0.24175824175824176,False,0.051509799404442023,False,49.6717223528549,False,0.49297722104794917,False,False,Uptrend,0.8571428571428571
2023-04-23 00:00:00+00:00,0.8571428571428571,1.0,0.24175824175824176,False,0.1003884101968838,False,49.65016806122079,False,0.48361723480476976,False,False,Uptrend,0.8571428571428571
2023-04-24 00:00:00+00:00,0.8571428571428571,1.0,0.260989010989011,False,0.08827113615089785,False,47.814410386719366,False,0.4884610113747475,False,False,Uptrend,0.8571428571428571
2023-04-25 00:00:00+00:00,0.8571428571428571,1.0,0.2774725274725275,False,0.08199665682683051,False,47.95969039782196,False,0.4809359103051099,False,False,Uptrend,0.8571428571428571
2023-04-26 00:00:00+00:00,0.8571428571428571,1.0,0.3873626373626374,False,0.14143943870707515,False,49.14888837155442,False,0.5870950771181602,False,False,Uptrend,0.8571428571428571
2023-04-27 00:00:00+00:00,0.8571428571428571,1.0,0.3708791208791209,False,0.1291043853055632,False,47.85828937634933,False,0.591495032411135,False,False,Uptrend,0.8571428571428571
2023-04-28 00:00:00+00:00,0.8571428571428571,1.0,0.3324175824175824,False,0.09332773894552152,False,45.70645971445933,False,0.5752193669354975,False,False,Uptrend,0.8571428571428571
2023-04-29 00:00:00+00:00,0.8571428571428571,1.0,0.3269230769230769,False,0.10722166405318358,False,45.52245955838993,False,0.5584034709620467,False,False,Uptrend,0.8571428571428571
2023-04-30 00:00:00+00:00,0.8571428571428571,1.0,0.34615384615384615,False,0.04519022320639372,False,47.45066421914502,False,0.5486668135129997,False,False,Uptrend,0.8571428571428571
2023-05-01 00:00:00+00:00,0.7142857142857143,1.0,0.3626373626373626,False,0.008927448761473703,False,47.96046170757276,False,0.5598798930483572,False,False,Uptrend,0.7142857142857143
2023-05-02 00:00:00+00:00,0.7142857142857143,1.0,0.3598901098901099,False,0.06708448366163916,False,49.82838518607574,False,0.544975127515371,False,False,Uptrend,0.7142857142857143
2023-05-03 00:00:00+00:00,0.7142857142857143,1.0,0.21428571428571427,False,0.08259059125470294,False,64.38032250662982,False,0.5373247400697128,False,False,Uptrend,0.7142857142857143
2023-05-04 00:00:00+00:00,0.7142857142857143,1.0,0.2032967032967033,False,0.006015874726143055,False,67.44890249881905,False,0.5240758060057052,False,False,Uptrend,0.7142857142857143
2023-05-05 00:00:00+00:00,1.0,1.0,0.18681318681318682,False,0.07100358332703934,False,60.60586628170895,False,0.5144878601238291,False,False,Uptrend,1.0
2023-05-06 00:00:00+00:00,1.0,1.0,0.3269230769230769,False,0.01910054938034994,False,60.96913669174081,False,0.5182456560482412,False,False,Uptrend,1.0
2023-05-07 00:00:00+00:00,1.0,1.0,0.33516483516483514,False,0.005261665458899196,False,61.614852452837816,False,0.5149006017589804,False,False,Uptrend,1.0
2023-05-08 00:00:00+00:00,0.8571428571428571,1.0,0.32967032967032966,False,0.0009863013698630063,False,61.27055481507469,False,0.5230002181412251,False,True,Uptrend,0.6428571428571428
2023-05-09 00:00:00+00:00,0.8571428571428571,1.0,0.2967032967032967,False,0.009775787581596362,False,59.7853939446529,False,0.5102037317187136,False,True,Uptrend,0.6428571428571428
2023-05-10 00:00:00+00:00,0.8571428571428571,1.0,0.15934065934065933,False,0.056720421314317586,False,57.81557092014311,False,0.5140573492837646,False,True,Uptrend,0.6428571428571428
2023-05-11 00:00:00+00:00,0.5714285714285714,1.0,0.15384615384615385,False,0.0765067571895215,False,54.590377480675016,False,0.5082326378883318,False,True,Uptrend,0.42857142857142855
2023-05-12 00:00:00+00:00,0.5714285714285714,1.0,0.18406593406593408,False,0.08904475726110837,False,50.900568826088765,False,0.5044495497086584,False,True,Uptrend,0.42857142857142855
2023-05-13 00:00:00+00:00,0.5714285714285714,1.0,0.17857142857142858,False,0.18821916381749082,True,50.78875063342556,True,0.49051969538878526,False,True,Calm uptrend,0.6428571428571428
2023-05-14 00:00:00+00:00,0.5714285714285714,1.0,0.1565934065934066,False,0.281497426298549,True,49.388833152775376,True,0.47807312462535917,False,True,Calm uptrend,0.6428571428571428
2023-05-15 00:00:00+00:00,0.5714285714285714,1.0,0.14835164835164835,False,0.2549948889508407,True,48.691915903177396,True,0.4666392052842881,False,True,Calm uptrend,0.6428571428571428
2023-05-16 00:00:00+00:00,0.5714285714285714,1.0,0.14560439560439561,False,0.2788341350706412,True,47.83733572402991,True,0.4548972554259335,False,False,Calm uptrend,0.8571428571428571
2023-05-17 00:00:00+00:00,0.5714285714285714,1.0,0.12912087912087913,False,0.24853472263335502,True,47.05848096896974,True,0.44662506477688685,False,True,Calm uptrend,0.6428571428571428
2023-05-18 00:00:00+00:00,0.5714285714285714,1.0,0.14560439560439561,False,0.30127695122921466,True,47.419613901610056,True,0.44648642273426975,False,False,Calm uptrend,0.8571428571428571
2023-05-19 00:00:00+00:00,0.5714285714285714,1.0,0.07417582417582418,False,0.14325494684428505,False,43.75139588319384,False,0.4336120238282191,False,True,Uptrend,0.42857142857142855
2023-05-20 00:00:00+00:00,0.5714285714285714,1.0,0.03571428571428571,False,0.1461625816220307,False,51.26999309920007,False,0.4213294997646601,False,False,Uptrend,0.5714285714285714
2023-05-21 00:00:00+00:00,0.5714285714285714,1.0,0.03571428571428571,False,0.0572962242219231,False,59.76915353292121,False,0.41014685784433896,False,False,Uptrend,0.5714285714285714
2023-05-22 00:00:00+00:00,0.5714285714285714,1.0,0.03296703296703297,False,0.07547194877313267,False,57.75413258188868,False,0.3994082816163855,False,False,Uptrend,0.5714285714285714
2023-05-23 00:00:00+00:00,0.5714285714285714,1.0,0.038461538461538464,False,0.010228106063530104,False,59.20189826979421,False,0.3933167717255079,False,False,Uptrend,0.5714285714285714
2023-05-24 00:00:00+00:00,0.5714285714285714,1.0,0.03021978021978022,False,0.05170904877537665,False,62.13896578661966,False,0.39678959618082266,False,True,Uptrend,0.42857142857142855
2023-05-25 00:00:00+00:00,0.5714285714285714,1.0,0.027472527472527472,False,0.07631950751841762,False,61.47066545628176,False,0.39054961512813097,False,True,Uptrend,0.42857142857142855
2023-05-26 00:00:00+00:00,0.5714285714285714,1.0,0.019230769230769232,False,0.046906065143221855,False,65.97464566329822,False,0.38092135399336347,False,True,Uptrend,0.42857142857142855
2023-05-27 00:00:00+00:00,0.5714285714285714,1.0,0.016483516483516484,False,0.1017629964481756,False,65.50165500442486,False,0.37022530977228374,False,True,Uptrend,0.42857142857142855
2023-05-28 00:00:00+00:00,0.8571428571428571,1.0,0.04395604395604396,False,0.02119100639321893,False,55.85412095965237,False,0.3647548897811902,False,True,Uptrend,0.6428571428571428
2023-05-29 00:00:00+00:00,0.8571428571428571,1.0,0.038461538461538464,False,0.018215809405110063,False,53.32568649681255,False,0.3576754089733928,False,True,Uptrend,0.6428571428571428
2023-05-30 00:00:00+00:00,0.8571428571428571,1.0,0.038461538461538464,False,0.03790138184710209,False,53.290509763869366,False,0.3495642710101073,False,False,Uptrend,0.8571428571428571
2023-05-31 00:00:00+00:00,0.8571428571428571,1.0,0.04395604395604396,False,0.05414478998384502,False,53.64413689909636,False,0.34953246421374223,False,False,Uptrend,0.8571428571428571
2023-06-01 00:00:00+00:00,0.8571428571428571,1.0,0.03296703296703297,False,0.0108522266677126,False,52.99665636400282,False,0.3464869842509309,False,True,Uptrend,0.6428571428571428
2023-06-02 00:00:00+00:00,0.8571428571428571,1.0,0.057692307692307696,False,0.0020137347033616095,False,54.63607041143289,False,0.3411401661729471,False,False,Uptrend,0.8571428571428571
2023-06-03 00:00:00+00:00,0.8571428571428571,1.0,0.06318681318681318,False,0.019691297208538582,False,54.878441918238494,False,0.33230952614833303,False,False,Uptrend,0.8571428571428571
2023-06-04 00:00:00+00:00,0.8571428571428571,1.0,0.057692307692307696,False,0.15962724280216958,False,54.80551740097363,False,0.3245369448341871,False,False,Uptrend,0.8571428571428571
2023-06-05 00:00:00+00:00,0.7142857142857143,1.0,0.08241758241758242,False,0.13632248534807237,False,58.6975859221722,False,0.3472389838372103,False,False,Uptrend,0.7142857142857143
2023-06-06 00:00:00+00:00,0.7142857142857143,1.0,0.09615384615384616,False,0.021008527337641247,False,60.76400506415136,False,0.349232453695471,False,True,Uptrend,0.5357142857142857
2023-06-07 00:00:00+00:00,0.7142857142857143,1.0,0.09615384615384616,False,0.02180949554057276,False,60.76996676137338,False,0.3584498841641919,False,True,Uptrend,0.5357142857142857
2023-06-08 00:00:00+00:00,0.7142857142857143,1.0,0.09065934065934066,False,0.001222290127229125,False,63.617323384125704,False,0.34939961614601955,False,True,Uptrend,0.5357142857142857
2023-06-09 00:00:00+00:00,0.7142857142857143,1.0,0.08791208791208792,False,0.0006531860190397147,False,62.987918273152026,False,0.3411804168023888,False,True,Uptrend,0.5357142857142857
2023-06-10 00:00:00+00:00,0.2857142857142857,1.0,0.1510989010989011,False,0.05613966003806515,False,54.45677045075348,False,0.39825055306736656,False,True,Fading uptrend,0.21428571428571427
2023-06-11 00:00:00+00:00,0.2857142857142857,1.0,0.11813186813186813,False,0.07292680650194018,False,52.02932174153623,False,0.3909602896303052,False,False,Fading uptrend,0.2857142857142857
2023-06-12 00:00:00+00:00,0.2857142857142857,1.0,0.10989010989010989,False,0.07026130680146556,False,53.30428874818435,False,0.38544247154075517,False,False,Fading uptrend,0.2857142857142857
2023-06-13 00:00:00+00:00,0.2857142857142857,1.0,0.12362637362637363,False,0.07919531448943228,False,54.212884137335124,False,0.38128249395082087,False,False,Fading uptrend,0.2857142857142857
2023-06-14 00:00:00+00:00,0.14285714285714285,1.0,0.20054945054945056,False,0.20194058486392677,True,43.42903157517354,True,0.4682374906938633,False,False,Fading uptrend,0.21428571428571427
2023-06-15 00:00:00+00:00,0.14285714285714285,1.0,0.2032967032967033,False,0.19030388110999494,True,43.08505663104665,True,0.45770487999955134,False,False,Fading uptrend,0.21428571428571427
2023-06-16 00:00:00+00:00,0.14285714285714285,1.0,0.23076923076923078,False,0.11906122169153749,False,43.80049559686745,False,0.4497328197388685,False,False,Fading uptrend,0.14285714285714285
2023-06-17 00:00:00+00:00,0.14285714285714285,1.0,0.2445054945054945,False,0.08431195423065334,False,44.99718600846458,False,0.4437045122305952,False,False,Fading uptrend,0.14285714285714285
2023-06-18 00:00:00+00:00,0.14285714285714285,1.0,0.25,False,0.10642857974863411,False,47.4223486176074,False,0.4330109289301802,False,False,Fading uptrend,0.14285714285714285
2023-06-19 00:00:00+00:00,0.14285714285714285,1.0,0.19230769230769232,False,0.09487418882626207,False,45.0212386666484,False,0.4277356498260481,False,False,Fading uptrend,0.14285714285714285
2023-06-20 00:00:00+00:00,0.14285714285714285,1.0,0.17582417582417584,False,0.01423001519924232,False,44.28181881700401,False,0.42432728910519446,False,False,Fading uptrend,0.14285714285714285
2023-06-21 00:00:00+00:00,0.8571428571428571,1.0,0.23351648351648352,False,0.07229352622352964,False,45.408519447525165,False,0.4218878082951516,False,False,Uptrend,0.8571428571428571
2023-06-22 00:00:00+00:00,0.8571428571428571,1.0,0.24725274725274726,False,0.01845799675237923,False,42.61285820021063,False,0.42673879583555446,False,False,Uptrend,0.8571428571428571
2023-06-23 00:00:00+00:00,0.8571428571428571,1.0,0.2774725274725275,False,0.09871418231362028,False,44.06753709196034,False,0.42643751126618423,False,False,Uptrend,0.8571428571428571
2023-06-24 00:00:00+00:00,0.8571428571428571,1.0,0.16758241758241757,False,0.07290002522492232,False,40.521201419855004,False,0.42094845999479097,False,False,Uptrend,0.8571428571428571
2023-06-25 00:00:00+00:00,0.8571428571428571,1.0,0.1813186813186813,False,0.07450503100441717,False,41.417191423116684,False,0.415083639574091,False,False,Uptrend,0.8571428571428571
2023-06-26 00:00:00+00:00,0.8571428571428571,1.0,0.2087912087912088,False,0.029349427746714764,False,42.72780151216834,False,0.4287534285522949,False,False,Uptrend,0.8571428571428571
2023-06-27 00:00:00+00:00,0.8571428571428571,1.0,0.21703296703296704,False,0.02021895022701253,False,43.17692943547001,False,0.42437045447643634,False,False,Uptrend,0.8571428571428571
2023-06-28 00:00:00+00:00,0.8571428571428571,1.0,0.13186813186813187,False,0.06535114349321994,False,41.33731590324469,False,0.42062296591179354,False,False,Uptrend,0.8571428571428571
2023-06-29 00:00:00+00:00,0.8571428571428571,1.0,0.13186813186813187,False,0.04839769762393188,False,44.25413704971432,False,0.41108913096601896,False,False,Uptrend,0.8571428571428571
2023-06-30 00:00:00+00:00,1.0,1.0,0.17857142857142858,False,0.056807236879378914,False,51.10085621327552,False,0.4467733844465828,False,False,Uptrend,1.0
2023-07-01 00:00:00+00:00,1.0,1.0,0.15934065934065933,False,0.05936807829922575,False,50.28265920772707,False,0.4341081583268869,False,False,Uptrend,1.0
2023-07-02 00:00:00+00:00,1.0,1.0,0.18956043956043955,False,0.03006227184882968,False,50.19217158236149,False,0.4240382977282756,False,False,Uptrend,1.0
2023-07-03 00:00:00+00:00,1.0,1.0,0.17582417582417584,False,0.061752174166812626,False,49.70801263452493,False,0.4144078725361741,False,False,Uptrend,1.0
2023-07-04 00:00:00+00:00,1.0,1.0,0.1346153846153846,False,0.04418953954480668,False,60.17545737830176,False,0.4061138189408724,False,False,Uptrend,1.0
2023-07-05 00:00:00+00:00,1.0,1.0,0.0989010989010989,False,0.10070592981040735,False,63.74604430528804,False,0.398737398025847,False,False,Uptrend,1.0
2023-07-06 00:00:00+00:00,1.0,1.0,0.11263736263736264,False,0.03918912035857999,False,65.67438799028511,False,0.41178156449069014,False,False,Uptrend,1.0
2023-07-07 00:00:00+00:00,1.0,1.0,0.11263736263736264,False,0.04065500901580911,False,64.67921721650546,False,0.4010203958905954,False,False,Uptrend,1.0
2023-07-08 00:00:00+00:00,1.0,1.0,0.11263736263736264,False,0.020717940044818316,False,64.3317475529355,False,0.39209526793553057,False,False,Uptrend,1.0
2023-07-09 00:00:00+00:00,1.0,1.0,0.10164835164835165,False,0.023780494269568898,False,62.64460082035354,False,0.3815363706902397,False,False,Uptrend,1.0
2023-07-10 00:00:00+00:00,1.0,1.0,0.09615384615384616,False,0.14779178182735667,False,62.04679134535795,False,0.3781140278167358,False,True,Uptrend,0.75
2023-07-11 00:00:00+00:00,1.0,1.0,0.08791208791208792,False,0.1438293387104166,False,60.74429887233466,False,0.36851595601017656,False,True,Uptrend,0.75
2023-07-12 00:00:00+00:00,1.0,1.0,0.07967032967032966,False,0.14871193032112578,False,61.04495157245435,False,0.3618687079509803,False,True,Uptrend,0.75
2023-07-13 00:00:00+00:00,1.0,1.0,0.15934065934065933,False,0.26454195226897503,True,57.46265011910417,True,0.37484802084805374,False,False,Calm uptrend,1.5
2023-07-14 00:00:00+00:00,1.0,1.0,0.1620879120879121,False,0.2936816674173866,True,54.77143462996774,True,0.4053236147618103,False,True,Calm uptrend,1.125
2023-07-15 00:00:00+00:00,1.0,1.0,0.1565934065934066,False,0.2734039803566814,True,54.1071069078758,True,0.3941832032543293,False,True,Calm uptrend,1.125
2023-07-16 00:00:00+00:00,1.0,1.0,0.12912087912087913,False,0.22060523557946807,True,52.09034921743433,True,0.38466026364119893,False,False,Calm uptrend,1.5
2023-07-17 00:00:00+00:00,1.0,1.0,0.1401098901098901,False,0.19795825869250866,True,53.036745340816715,True,0.38075929085939786,False,True,Calm uptrend,1.125
2023-07-18 00:00:00+00:00,1.0,1.0,0.1510989010989011,False,0.188747537051315,True,53.31003929897847,True,0.37631886128361297,False,True,Calm uptrend,1.125
2023-07-19 00:00:00+00:00,1.0,1.0,0.1401098901098901,False,0.1635825794053508,True,52.9372105550851,True,0.37068023856750315,False,True,Calm uptrend,1.125
2023-07-20 00:00:00+00:00,1.0,1.0,0.0989010989010989,False,0.11391449550518098,False,50.01505326662579,False,0.3683122760302413,False,True,Uptrend,0.75
2023-07-21 00:00:00+00:00,1.0,1.0,0.09065934065934066,False,0.0033703818050840263,False,51.71426855663625,False,0.35900551278178877,False,True,Uptrend,0.75
2023-07-22 00:00:00+00:00,1.0,1.0,0.09615384615384616,False,0.006989445809515334,False,53.16924211983211,False,0.3518951224464462,False,True,Uptrend,0.75
2023-07-23 00:00:00+00:00,1.0,1.0,0.10989010989010989,False,0.004955149543872247,False,54.38579825652839,False,0.3486013424909124,False,True,Uptrend,0.75
2023-07-24 00:00:00+00:00,0.7142857142857143,1.0,0.10714285714285714,False,0.030886502004652823,False,51.633584592292856,False,0.3514141404766765,False,True,Uptrend,0.5357142857142857
2023-07-25 00:00:00+00:00,0.7142857142857143,1.0,0.1043956043956044,False,0.05194837992777214,False,51.31789009270719,False,0.34345891308388243,False,True,Uptrend,0.5357142857142857
2023-07-26 00:00:00+00:00,0.7142857142857143,1.0,0.10989010989010989,False,0.01700045665079258,False,51.418601294727715,False,0.3358244572635327,False,True,Uptrend,0.5357142857142857
2023-07-27 00:00:00+00:00,0.7142857142857143,1.0,0.03021978021978022,False,0.03790720102871832,False,44.989048936604895,False,0.3282910636835005,False,False,Uptrend,0.7142857142857143
2023-07-28 00:00:00+00:00,0.7142857142857143,1.0,0.0,False,0.06615466177587376,False,59.098408454138955,False,0.3198042914332441,False,False,Uptrend,0.7142857142857143
2023-07-29 00:00:00+00:00,0.7142857142857143,1.0,0.0,False,0.041854721336058005,False,59.8356940286465,False,0.3101389247930909,False,False,Uptrend,0.7142857142857143
2023-07-30 00:00:00+00:00,0.7142857142857143,1.0,0.005494505494505495,False,0.1166785505931159,False,62.98744655342283,False,0.3053733653128375,False,False,Uptrend,0.7142857142857143
2023-07-31 00:00:00+00:00,0.7142857142857143,1.0,0.0,False,0.11143714136671862,False,63.065675662659785,False,0.2992199827144154,False,False,Uptrend,0.7142857142857143
2023-08-01 00:00:00+00:00,0.7142857142857143,1.0,0.0027472527472527475,False,0.10361125948947049,False,57.57913681981281,False,0.30299265990126684,False,False,Uptrend,0.7142857142857143
2023-08-02 00:00:00+00:00,0.7142857142857143,1.0,0.013736263736263736,False,0.18259908416232407,True,58.89833328281382,True,0.2996775041172356,False,True,Calm uptrend,0.8035714285714286
2023-08-03 00:00:00+00:00,0.7142857142857143,1.0,0.01098901098901099,False,0.162430224091902,True,66.19404985346176,True,0.2937930699551353,False,True,Calm uptrend,0.8035714285714286
2023-08-04 00:00:00+00:00,0.5714285714285714,1.0,0.016483516483516484,False,0.13404372773047368,False,67.4220882277518,False,0.2893817034359387,False,True,Uptrend,0.42857142857142855
2023-08-05 00:00:00+00:00,0.5714285714285714,1.0,0.0027472527472527475,False,0.017949430397332683,False,64.91681216260599,False,0.2817373824827443,False,True,Uptrend,0.42857142857142855
2023-08-06 00:00:00+00:00,0.5714285714285714,1.0,0.0,False,0.07793827089447752,False,68.71835929567057,False,0.27370684649300836,False,True,Uptrend,0.42857142857142855
2023-08-07 00:00:00+00:00,0.5714285714285714,1.0,0.0,False,0.06992763437947462,False,63.52930572087158,False,0.27118962527049606,False,True,Uptrend,0.42857142857142855
2023-08-08 00:00:00+00:00,0.5714285714285714,1.0,0.008241758241758242,False,0.01200192030724915,False,65.68500653353514,False,0.26847270516650973,False,True,Uptrend,0.42857142857142855
2023-08-09 00:00:00+00:00,0.5714285714285714,1.0,0.0027472527472527475,False,0.04772064846741502,False,65.21492403837787,False,0.2650101753271285,False,True,Uptrend,0.42857142857142855
2023-08-10 00:00:00+00:00,0.5714285714285714,1.0,0.0027472527472527475,False,0.049133552719179636,False,64.34759959093387,False,0.26051214473352907,False,True,Uptrend,0.42857142857142855
2023-08-11 00:00:00+00:00,0.5714285714285714,1.0,0.0027472527472527475,False,0.04395057950503005,False,63.71426862673213,False,0.2549581835990688,False,True,Uptrend,0.42857142857142855
2023-08-12 00:00:00+00:00,0.5714285714285714,1.0,0.0,False,0.395011245144142,True,63.52483628842066,True,0.24769629170478902,False,True,Calm uptrend,0.6428571428571428
2023-08-13 00:00:00+00:00,0.5714285714285714,1.0,0.0,False,0.290875322029836,True,65.31320258574213,True,0.24337401201215414,False,True,Calm uptrend,0.6428571428571428
2023-08-14 00:00:00+00:00,0.5714285714285714,1.0,0.0,False,0.2586326278712707,True,64.88642959913808,True,0.23701011904192804,False,True,Calm uptrend,0.6428571428571428
2023-08-15 00:00:00+00:00,0.5714285714285714,1.0,0.0,False,0.27440407790447524,True,62.29693548937467,True,0.23323549773599372,False,True,Calm uptrend,0.6428571428571428
2023-08-16 00:00:00+00:00,0.14285714285714285,1.0,0.0,False,0.2956956956956957,True,59.55701362251275,True,0.23106963749515508,False,True,Fading uptrend,0.1607142857142857
2023-08-17 00:00:00+00:00,0.0,0.0,0.45604395604395603,False,0.46694662106584683,True,23.313099585678202,True,0.47132902135711446,False,False,Downtrend,0.0
2023-08-18 00:00:00+00:00,0.0,0.0,0.4725274725274725,False,0.4796957532220579,True,24.71755740984803,True,0.46792894452152056,False,False,Downtrend,0.0
2023-08-19 00:00:00+00:00,0.0,0.0,0.49175824175824173,False,0.4638602065131046,True,26.541308889953036,True,0.458691565468603,False,False,Downtrend,0.0
2023-08-20 00:00:00+00:00,0.0,0.0,0.5054945054945055,True,0.41812291181532807,True,27.676234042274796,True,0.4471607520725348,False,False,Downtrend,0.0
2023-08-21 00:00:00+00:00,0.0,0.0,0.5027472527472527,True,0.4091254909218016,True,27.350026664500234,True,0.4386772234015221,False,False,Downtrend,0.0
2023-08-22 00:00:00+00:00,0.0,0.0,0.5604395604395604,True,0.5108721913505673,True,30.026597956188265,True,0.4498981493676707,False,False,Downtrend,0.0
2023-08-23 00:00:00+00:00,0.0,0.0,0.6016483516483516,True,0.33903734803111996,True,33.18653028158432,True,0.44438959027932323,False,False,Downtrend,0.0
2023-08-24 00:00:00+00:00,0.0,0.0,0.6236263736263736,True,0.38277232351566143,True,35.01363639261538,True,0.4369573922775031,False,False,Downtrend,0.0
2023-08-25 00:00:00+00:00,0.0,0.0,0.6291208791208791,True,0.43090169437971465,True,36.08302439173427,True,0.42915487856268025,False,False,Downtrend,0.0
2023-08-26 00:00:00+00:00,0.0,0.0,0.6373626373626373,True,0.42641614585406606,True,36.25415942577314,True,0.41563910855992653,False,False,Downtrend,0.0
2023-08-27 00:00:00+00:00,0.0,0.0,0.6291208791208791,True,0.4310303514376998,True,36.28966434766011,True,0.4039835437152199,False,False,Downtrend,0.0
2023-08-28 00:00:00+00:00,0.0,0.0,0.6593406593406593,True,0.45496018248029135,True,38.42446616982282,False,0.39541201060290954,False,False,Downtrend,0.0
2023-08-29 00:00:00+00:00,0.0,0.0,0.717032967032967,True,0.23745627410530062,True,43.709139357586395,False,0.3905187670473631,False,False,Downtrend,0.0
2023-08-30 00:00:00+00:00,0.0,0.0,0.7197802197802198,True,0.26200107640757647,True,46.8612170756693,False,0.3827608684861397,False,False,Downtrend,0.0
2023-08-31 00:00:00+00:00,0.0,0.0,0.20054945054945056,False,0.3683852911199907,True,56.38853183828237,True,0.4002233415045423,False,False,Downtrend,0.0
2023-09-01 00:00:00+00:00,0.0,0.0,0.1978021978021978,False,0.35059880239520946,True,56.06834818598953,True,0.4012301790937215,False,False,Downtrend,0.0
2023-09-02 00:00:00+00:00,0.0,0.0,0.19230769230769232,False,0.3285511222769491,True,54.72105563772598,True,0.38873655821375863,False,False,Downtrend,0.0
2023-09-03 00:00:00+00:00,0.0,0.0,0.18681318681318682,False,0.32364350765030026,True,54.15836607099636,True,0.37835258974647484,False,False,Downtrend,0.0
2023-09-04 00:00:00+00:00,0.0,0.0,0.18681318681318682,False,0.34344933384469123,True,53.568858687218466,True,0.3688172224906572,False,False,Downtrend,0.0
2023-09-05 00:00:00+00:00,0.0,0.0,0.13736263736263737,False,0.3277763829609167,True,56.09976152182209,True,0.3598816662745098,False,False,Downtrend,0.0
2023-09-06 00:00:00+00:00,0.0,0.0,0.1346153846153846,False,0.3279113743996513,True,55.355989730743225,True,0.3592892291045153,False,True,Downtrend,0.0
2023-09-07 00:00:00+00:00,0.0,0.0,0.1346153846153846,False,0.355679702048417,True,54.645424170717085,True,0.3493663710704314,False,True,Downtrend,0.0
2023-09-08 00:00:00+00:00,0.0,0.0,0.13736263736263737,False,0.3672678466571593,True,54.70842159487975,True,0.3446315941757338,False,True,Downtrend,0.0
2023-09-09 00:00:00+00:00,0.0,0.0,0.13736263736263737,False,0.36515898799804725,True,54.47022819998005,True,0.33391787602617545,False,True,Downtrend,0.0
2023-09-10 00:00:00+00:00,0.0,0.0,0.14560439560439561,False,0.3802747469436042,True,55.20184328659166,True,0.32722635164228825,False,True,Downtrend,0.0
2023-09-11 00:00:00+00:00,0.0,0.0,0.17307692307692307,False,0.4428860097468205,True,43.177852376544436,True,0.34812702574084625,False,False,Downtrend,0.0
2023-09-12 00:00:00+00:00,0.0,0.0,0.15384615384615385,False,0.35145256468452096,True,44.20019570462178,True,0.3538259532791884,False,False,Downtrend,0.0
2023-09-13 00:00:00+00:00,0.0,0.0,0.15934065934065933,False,0.33277376755637633,True,44.61674685105427,True,0.34985775812742487,False,False,Downtrend,0.0
2023-09-14 00:00:00+00:00,0.0,0.0,0.11263736263736264,False,0.28237377469777025,True,54.19531728805857,True,0.3506996027180125,False,False,Downtrend,0.0
2023-09-15 00:00:00+00:00,0.0,0.0,0.10164835164835165,False,0.23426465209195008,True,53.56789660594842,True,0.34672089691755564,False,False,Downtrend,0.0
2023-09-16 00:00:00+00:00,0.0,0.0,0.10714285714285714,False,0.07962596594463875,False,53.89079661748657,False,0.33667430202344983,False,False,Downtrend,0.0
2023-09-17 00:00:00+00:00,0.0,0.0,0.10989010989010989,False,0.06703690372122503,False,53.932854656920256,False,0.3303332141241609,False,False,Downtrend,0.0
2023-09-18 00:00:00+00:00,0.0,0.0,0.14285714285714285,False,0.05599565741039167,False,56.29564592203528,False,0.33159170706223623,False,True,Downtrend,0.0
2023-09-19 00:00:00+00:00,0.0,0.0,0.14285714285714285,False,0.07257064093728485,False,56.072219573257236,False,0.32951821879844606,False,True,Downtrend,0.0
2023-09-20 00:00:00+00:00,0.0,0.0,0.1401098901098901,False,0.07760851311753515,False,55.20426233566262,False,0.32939589789874707,False,True,Downtrend,0.0
2023-09-21 00:00:00+00:00,0.0,0.0,0.1510989010989011,False,0.08662379312100178,False,56.515420309219,False,0.3326046658232709,False,True,Downtrend,0.0
2023-09-22 00:00:00+00:00,0.0,0.0,0.14285714285714285,False,0.1562336372664079,False,55.47799642582588,False,0.3240744808638351,False,True,Downtrend,0.0
2023-09-23 00:00:00+00:00,0.0,0.0,0.14560439560439561,False,0.12551755007646723,False,55.66799970204577,False,0.3145085223043786,False,True,Downtrend,0.0
2023-09-24 00:00:00+00:00,0.0,0.0,0.14285714285714285,False,0.13485986309205303,False,55.37787786608903,False,0.3085275996336813,False,True,Downtrend,0.0
2023-09-25 00:00:00+00:00,0.0,0.0,0.07967032967032966,False,0.10815540777038869,False,57.30544522418267,False,0.30268763069374216,False,True,Downtrend,0.0
2023-09-26 00:00:00+00:00,0.0,0.0,0.06043956043956044,False,0.11972748594616728,False,57.612176125285686,False,0.29607147307895004,False,True,Downtrend,0.0
2023-09-27 00:00:00+00:00,0.0,0.0,0.06868131868131869,False,0.10145359672008919,False,58.623844214819044,False,0.30458997425997303,False,True,Downtrend,0.0
2023-09-28 00:00:00+00:00,0.2857142857142857,0.0,0.07692307692307693,False,0.14852023862731029,False,61.03227390164432,False,0.30527242942191624,False,True,Downtrend,0.10714285714285714
2023-09-29 00:00:00+00:00,0.2857142857142857,0.0,0.07692307692307693,False,0.07482966249405802,False,54.746601683718936,False,0.30727785961066617,False,False,Downtrend,0.14285714285714285
2023-09-30 00:00:00+00:00,0.2857142857142857,0.0,0.07967032967032966,False,0.055987523671605526,False,53.323055068973446,False,0.29939052841926056,False,False,Downtrend,0.14285714285714285
2023-10-01 00:00:00+00:00,0.42857142857142855,0.0,0.12637362637362637,False,0.21140756599543584,True,43.74436887534801,True,0.2953416308648259,False,False,Downtrend,0.3214285714285714
2023-10-02 00:00:00+00:00,0.42857142857142855,0.0,0.1978021978021978,False,0.04541792728119043,False,46.29893604044971,False,0.32990843606602466,False,False,Downtrend,0.21428571428571427
2023-10-03 00:00:00+00:00,0.42857142857142855,0.0,0.19505494505494506,False,0.03737653663042747,False,45.876648287112374,False,0.32498357474768935,False,False,Downtrend,0.21428571428571427
2023-10-04 00:00:00+00:00,0.42857142857142855,0.0,0.18956043956043955,False,0.028297733716036486,False,45.13853182510209,False,0.3228260158477007,False,False,Downtrend,0.21428571428571427
2023-10-05 00:00:00+00:00,0.42857142857142855,0.0,0.1813186813186813,False,0.03784614356816,False,44.596326959832254,False,0.32460276862561094,False,False,Downtrend,0.21428571428571427
2023-10-06 00:00:00+00:00,0.42857142857142855,0.0,0.1978021978021978,False,0.01883681106107677,False,46.07195141864907,False,0.32673933424208024,False,False,Downtrend,0.21428571428571427
2023-10-07 00:00:00+00:00,0.42857142857142855,0.0,0.2032967032967033,False,0.023183137217385723,False,46.48144145981604,False,0.31772770201569983,False,False,Downtrend,0.21428571428571427
2023-10-08 00:00:00+00:00,0.42857142857142855,0.0,0.1978021978021978,False,0.005841879787096162,False,46.13225576591698,False,0.31124480430639073,False,False,Downtrend,0.21428571428571427
2023-10-09 00:00:00+00:00,0.0,0.0,0.25274725274725274,False,0.08294289349599568,False,46.02488890169876,False,0.3251222011708081,False,False,Downtrend,0.0
2023-10-10 00:00:00+00:00,0.0,0.0,0.2857142857142857,False,0.07516265869601318,False,47.352139744308616,False,0.3202880566865031,False,False,Downtrend,0.0
2023-10-11 00:00:00+00:00,0.0,0.0,0.26373626373626374,False,0.025133027676449912,False,46.151322246700445,False,0.3198529854998052,False,False,Downtrend,0.0
2023-10-12 00:00:00+00:00,0.0,0.0,0.23626373626373626,False,0.09140742771001814,False,40.87072310185042,False,0.32105332522692465,False,False,Downtrend,0.0
2023-10-13 00:00:00+00:00,0.0,0.0,0.23901098901098902,False,0.09534779768249466,False,40.756818533159695,False,0.3173238410857906,False,False,Downtrend,0.0
2023-10-14 00:00:00+00:00,0.0,0.0,0.23626373626373626,False,0.12646970420269107,False,40.13586057573087,False,0.30825525951657173,False,False,Downtrend,0.0
2023-10-15 00:00:00+00:00,0.0,0.0,0.18681318681318682,False,0.1508670520231215,False,37.537046428180716,True,0.30133799915788995,False,False,Downtrend,0.0
2023-10-16 00:00:00+00:00,0.0,0.0,0.1565934065934066,False,0.059453395880073485,False,51.181944124007956,False,0.30086543184217573,False,False,Downtrend,0.0
2023-10-17 00:00:00+00:00,0.0,0.0,0.17582417582417584,False,0.09408201686175012,False,54.841655243981606,False,0.30539418033321564,False,False,Downtrend,0.0
2023-10-18 00:00:00+00:00,0.0,0.0,0.17582417582417584,False,0.12239235089596162,False,54.64392929244429,False,0.3008426961600697,False,False,Downtrend,0.0
2023-10-19 00:00:00+00:00,0.0,0.0,0.16483516483516483,False,0.1286749256190012,False,53.6199417265605,False,0.2981170075596051,False,False,Downtrend,0.0
2023-10-20 00:00:00+00:00,0.0,0.0,0.1978021978021978,False,0.030047270883425577,False,58.88256789286339,False,0.2949964391060959,False,False,Downtrend,0.0
2023-10-21 00:00:00+00:00,0.14285714285714285,0.0,0.23626373626373626,False,0.07523825447249625,False,61.96578212822202,False,0.29368259141128306,False,False,Downtrend,0.07142857142857142
2023-10-22 00:00:00+00:00,0.42857142857142855,0.0,0.24175824175824176,False,0.1132238825113835,False,56.68832098288972,False,0.29654091157153234,False,False,Downtrend,0.21428571428571427
2023-10-23 00:00:00+00:00,0.7142857142857143,0.0,0.3489010989010989,False,0.23678763626328153,True,35.29939372773081,True,0.32298085999109405,False,False,Bear rally,0.5357142857142857
2023-10-24 00:00:00+00:00,0.7142857142857143,0.0,0.40934065934065933,False,0.27941236817267834,True,31.327182738764908,True,0.3730283689347541,False,False,Bear rally,0.5357142857142857
2023-10-25 00:00:00+00:00,0.8571428571428571,0.0,0.4175824175824176,False,0.2740001653758166,True,32.47899575102203,True,0.3797335456877328,False,False,Bear rally,0.6428571428571428
2023-10-26 00:00:00+00:00,0.8571428571428571,0.0,0.46703296703296704,False,0.28440441745792416,True,35.71976563026025,True,0.4012854483548036,False,False,Bear rally,0.6428571428571428
2023-10-27 00:00:00+00:00,0.8571428571428571,0.0,0.4835164835164835,False,0.23925243540872504,True,37.130199371557424,True,0.4095652031611535,False,False,Bear rally,0.6428571428571428
2023-10-28 00:00:00+00:00,0.8571428571428571,0.0,0.4945054945054945,False,0.17492227096554364,True,37.82887550302808,True,0.399472994332215,False,False,Bear rally,0.6428571428571428
2023-10-29 00:00:00+00:00,0.8571428571428571,0.0,0.510989010989011,True,0.18013684136277067,True,39.03621758555198,False,0.3920980824080466,False,False,Bear rally,0.2571428571428571
2023-10-30 00:00:00+00:00,0.8571428571428571,0.0,0.45879120879120877,False,0.19205905659590417,True,37.66298780646416,True,0.38644303013738074,False,False,Bear rally,0.6428571428571428
2023-10-31 00:00:00+00:00,1.0,1.0,0.4478021978021978,False,0.12216784484321198,False,37.18241350637299,True,0.3829411907606209,False,False,Calm uptrend,1.5
2023-11-01 00:00:00+00:00,1.0,1.0,0.4835164835164835,False,0.2963064031975854,True,39.10296468431344,True,0.38940032333855723,False,False,Calm uptrend,1.5
2023-11-02 00:00:00+00:00,1.0,1.0,0.532967032967033,True,0.21686456512567012,True,42.615807486292525,False,0.38928097091319,False,False,Volatile uptrend,0.6
2023-11-03 00:00:00+00:00,1.0,1.0,0.5192307692307693,True,0.2716234950747902,True,46.11665900666609,False,0.38472232084605135,False,False,Volatile uptrend,0.6
2023-11-04 00:00:00+00:00,1.0,1.0,0.5082417582417582,True,0.3620282493427793,True,49.929063130422094,False,0.37507853668768154,False,False,Volatile uptrend,0.6
2023-11-05 00:00:00+00:00,1.0,1.0,0.5247252747252747,True,0.36479252314335553,True,50.46162964000593,False,0.38207394187952654,False,False,Volatile uptrend,0.6
2023-11-06 00:00:00+00:00,1.0,1.0,0.3516483516483517,False,0.39670623145400585,True,62.00217034795678,True,0.38024845722997186,False,False,Calm uptrend,1.5
2023-11-07 00:00:00+00:00,1.0,1.0,0.28296703296703296,False,0.36639814210029736,True,60.15211439005004,True,0.3842065856015403,False,False,Calm uptrend,1.5
2023-11-08 00:00:00+00:00,1.0,1.0,0.260989010989011,False,0.4819196044375589,True,58.96836893049821,True,0.37684236395926646,False,False,Calm uptrend,1.5
2023-11-09 00:00:00+00:00,1.0,1.0,0.6181318681318682,True,0.6439828330173641,True,34.01537706495258,True,0.42230294970460647,False,False,Calm uptrend,1.5
2023-11-10 00:00:00+00:00,1.0,1.0,0.6208791208791209,True,0.5659572582342702,True,35.82982573300392,True,0.4277532110762436,False,False,Calm uptrend,1.5
2023-11-11 00:00:00+00:00,1.0,1.0,0.6346153846153846,True,0.5706729487065514,True,36.84134083336512,True,0.43179046305787977,False,False,Calm uptrend,1.5
2023-11-12 00:00:00+00:00,1.0,1.0,0.6318681318681318,True,0.5497734020940768,True,38.55294418642776,False,0.4252047100533053,False,False,Volatile uptrend,0.6
2023-11-13 00:00:00+00:00,1.0,1.0,0.6758241758241759,True,0.5528629233412778,True,39.951955746917484,False,0.4381382127689738,False,False,Volatile uptrend,0.6
2023-11-14 00:00:00+00:00,1.0,1.0,0.7582417582417582,True,0.4331059703332373,True,43.115616086020694,False,0.47143933214638634,False,False,Volatile uptrend,0.6
2023-11-15 00:00:00+00:00,1.0,1.0,0.7747252747252747,True,0.4541012147350925,True,43.81510413570918,False,0.4629267528805107,False,False,Volatile uptrend,0.6
2023-11-16 00:00:00+00:00,1.0,1.0,0.8626373626373627,True,0.3696912096308304,True,45.79371123972889,False,0.4812911425270106,False,False,Volatile uptrend,0.6
2023-11-17 00:00:00+00:00,1.0,1.0,0.8791208791208791,True,0.37048293865373827,True,52.01978051752513,False,0.4801461058031676,False,False,Volatile uptrend,0.6
2023-11-18 00:00:00+00:00,1.0,1.0,0.8818681318681318,True,0.36968961493582236,True,55.077929415254886,False,0.46968020999184523,False,False,Volatile uptrend,0.6
2023-11-19 00:00:00+00:00,1.0,1.0,0.8846153846153846,True,0.3764130033247134,True,55.82170972254959,False,0.4572928401311002,False,False,Volatile uptrend,0.6
2023-11-20 00:00:00+00:00,1.0,1.0,0.8928571428571429,True,0.36758204705529723,True,56.73907739641275,False,0.4604520440888566,False,False,Volatile uptrend,0.6
2023-11-21 00:00:00+00:00,1.0,1.0,0.9203296703296703,True,0.24017443882601577,True,61.14260474056506,False,0.4810922955956231,False,False,Volatile uptrend,0.6
2023-11-22 00:00:00+00:00,1.0,1.0,0.9587912087912088,True,0.2589693411611218,True,66.12529322560425,False,0.4763364649413513,False,False,Volatile uptrend,0.6
2023-11-23 00:00:00+00:00,1.0,1.0,0.7335164835164835,True,0.24505851985431873,True,63.91011813724485,False,0.47091696070711686,False,False,Volatile uptrend,0.6
2023-11-24 00:00:00+00:00,1.0,1.0,0.7362637362637363,True,0.25589216788213026,True,64.59956444453617,False,0.4653044336518164,False,False,Volatile uptrend,0.6
2023-11-25 00:00:00+00:00,1.0,1.0,0.7225274725274725,True,0.24671659036984087,True,63.56091929949924,False,0.45219206873509127,False,False,Volatile uptrend,0.6
2023-11-26 00:00:00+00:00,1.0,1.0,0.728021978021978,True,0.25026757834959396,True,63.68962167069091,False,0.4464708982380221,False,False,Volatile uptrend,0.6
2023-11-27 00:00:00+00:00,1.0,1.0,0.7252747252747253,True,0.21623900734851192,True,63.56462908018284,False,0.4451762216853853,False,False,Volatile uptrend,0.6
2023-11-28 00:00:00+00:00,1.0,1.0,0.6565934065934066,True,0.21738383282925444,True,62.03454296982411,False,0.4459057020761891,False,False,Volatile uptrend,0.6
2023-11-29 00:00:00+00:00,1.0,1.0,0.6126373626373627,True,0.18795487782975678,True,60.75798051963724,False,0.44010611147010203,False,False,Volatile uptrend,0.6
2023-11-30 00:00:00+00:00,1.0,1.0,0.45604395604395603,False,0.1999427025842817,True,56.63315987208606,True,0.42890863552541125,False,True,Calm uptrend,1.125
2023-12-01 00:00:00+00:00,1.0,1.0,0.4340659340659341,False,0.2019331792393356,True,57.85950196196691,True,0.42235238016565185,False,True,Calm uptrend,1.125
2023-12-02 00:00:00+00:00,1.0,1.0,0.4725274725274725,False,0.29805251175208386,True,52.95132832298771,True,0.4157129630282022,False,False,Calm uptrend,1.5
2023-12-03 00:00:00+00:00,1.0,1.0,0.46153846153846156,False,0.29591903791811747,True,48.53113909544269,True,0.41053585218017535,False,False,Calm uptrend,1.5
2023-12-04 00:00:00+00:00,1.0,1.0,0.45879120879120877,False,0.31152255110646976,True,41.955856722012015,True,0.4167531193593838,False,False,Calm uptrend,1.5
2023-12-05 00:00:00+00:00,1.0,1.0,0.4725274725274725,False,0.31906509684287426,True,38.91345389362617,True,0.4253183060444288,False,False,Calm uptrend,1.5
2023-12-06 00:00:00+00:00,1.0,1.0,0.33791208791208793,False,0.2532191461915989,True,42.15345585443235,True,0.42616293376456693,False,False,Calm uptrend,1.5
2023-12-07 00:00:00+00:00,1.0,1.0,0.4478021978021978,False,0.33189886277055025,True,38.79430630033508,True,0.4337346271506642,False,False,Calm uptrend,1.5
2023-12-08 00:00:00+00:00,1.0,1.0,0.42857142857142855,False,0.33196484248247027,True,37.30439512381643,True,0.432334931060466,False,False,Calm uptrend,1.5
2023-12-09 00:00:00+00:00,1.0,1.0,0.45604395604395603,False,0.18223922171870405,True,37.98736906212558,True,0.42619640504242096,False,False,Calm uptrend,1.5
2023-12-10 00:00:00+00:00,1.0,1.0,0.45054945054945056,False,0.23457022076092054,True,37.95069111450034,True,0.42316157882818445,False,False,Calm uptrend,1.5
2023-12-11 00:00:00+00:00,1.0,1.0,0.6401098901098901,True,0.13500357235390617,False,42.402674969487364,False,0.48784062984578364,False,False,Volatile uptrend,0.6
2023-12-12 00:00:00+00:00,1.0,1.0,0.6291208791208791,True,0.12338752292437279,False,44.664021197517876,False,0.4897666818463638,False,False,Volatile uptrend,0.6
2023-12-13 00:00:00+00:00,1.0,1.0,0.7087912087912088,True,0.15473897959642408,False,47.266846473103826,False,0.48934450112387007,False,False,Volatile uptrend,0.6
2023-12-14 00:00:00+00:00,1.0,1.0,0.7637362637362637,True,0.25536880354550073,True,51.68806466318471,False,0.4862195841934183,False,False,Volatile uptrend,0.6
2023-12-15 00:00:00+00:00,1.0,1.0,0.8131868131868132,True,0.12170973557692295,False,57.70364524666366,False,0.48306122409266644,False,False,Volatile uptrend,0.6
2023-12-16 00:00:00+00:00,1.0,1.0,0.7664835164835165,True,0.214964399211553,True,64.13246724780768,False,0.4712553873220664,False,False,Volatile uptrend,0.6
2023-12-17 00:00:00+00:00,1.0,1.0,0.7527472527472527,True,0.1849439753931137,True,63.83227543907217,False,0.46751565360909886,False,False,Volatile uptrend,0.6
2023-12-18 00:00:00+00:00,1.0,1.0,0.7884615384615384,True,0.19823706939802535,True,60.62481106838036,False,0.4735817067346675,False,False,Volatile uptrend,0.6
2023-12-19 00:00:00+00:00,1.0,1.0,0.7884615384615384,True,0.129201533899489,False,60.5729502821043,False,0.4891588594111513,False,False,Volatile uptrend,0.6
2023-12-20 00:00:00+00:00,1.0,1.0,0.8131868131868132,True,0.13878162066715277,False,61.045352626100936,False,0.4905437361240245,False,False,Volatile uptrend,0.6
2023-12-21 00:00:00+00:00,1.0,1.0,0.7197802197802198,True,0.24496644295302003,True,59.302636972478176,False,0.4903745727707739,False,False,Volatile uptrend,0.6
2023-12-22 00:00:00+00:00,1.0,1.0,0.771978021978022,True,0.2166322648031631,True,60.844829364444806,False,0.49358890897140373,False,False,Volatile uptrend,0.6
2023-12-23 00:00:00+00:00,1.0,1.0,0.7637362637362637,True,0.2013653553361818,True,64.13384989224966,False,0.48753705396609287,False,False,Volatile uptrend,0.6
2023-12-24 00:00:00+00:00,1.0,1.0,0.7884615384615384,True,0.1469005829197303,False,68.17578974427576,False,0.47988017160664853,False,False,Volatile uptrend,0.6
2023-12-25 00:00:00+00:00,1.0,1.0,0.6016483516483516,True,0.15034099439395618,False,66.04012939139761,False,0.46965665894054853,False,False,Volatile uptrend,0.6
2023-12-26 00:00:00+00:00,1.0,1.0,0.6071428571428571,True,0.13251515413584103,False,66.5755564853861,False,0.47258136944833656,False,False,Volatile uptrend,0.6
2023-12-27 00:00:00+00:00,1.0,1.0,0.6648351648351648,True,0.253399972554656,True,60.2776257807539,False,0.4691700578962343,False,False,Volatile uptrend,0.6
2023-12-28 00:00:00+00:00,1.0,1.0,0.6675824175824175,True,0.21171850972370265,True,53.768954688674555,False,0.48126026479761763,False,True,Volatile uptrend,0.44999999999999996
2023-12-29 00:00:00+00:00,1.0,1.0,0.6813186813186813,True,0.1899139596136962,True,54.10887049759688,False,0.5013289405889504,False,True,Volatile uptrend,0.44999999999999996
2023-12-30 00:00:00+00:00,1.0,1.0,0.6813186813186813,True,0.17024117262733282,True,54.14859598495522,False,0.49275985249421905,False,True,Volatile uptrend,0.44999999999999996
2023-12-31 00:00:00+00:00,1.0,1.0,0.6840659340659341,True,0.1407659205149533,False,54.293900823397124,False,0.48108703404567715,False,True,Volatile uptrend,0.44999999999999996
2024-01-01 00:00:00+00:00,1.0,1.0,0.6456043956043956,True,0.13618648750836185,False,55.97953428727383,False,0.47267418432661995,False,True,Volatile uptrend,0.44999999999999996
2024-01-02 00:00:00+00:00,1.0,1.0,0.5934065934065934,True,0.12025236779940933,False,57.74186539311019,False,0.47868915138060614,False,True,Volatile uptrend,0.44999999999999996
2024-01-03 00:00:00+00:00,0.8571428571428571,1.0,0.9285714285714286,True,0.02327737079848651,False,55.74236282193452,False,0.5406607211653647,False,True,Volatile uptrend,0.3857142857142857
2024-01-04 00:00:00+00:00,0.8571428571428571,1.0,0.9203296703296703,True,0.018044926498926247,False,55.6529112028948,False,0.5273597183223357,False,True,Volatile uptrend,0.3857142857142857
2024-01-05 00:00:00+00:00,0.8571428571428571,1.0,0.9010989010989011,True,0.02588086766900061,False,54.590719927081466,False,0.5231691732886998,False,True,Volatile uptrend,0.3857142857142857
2024-01-06 00:00:00+00:00,0.8571428571428571,1.0,0.8956043956043956,True,0.08848774104153019,False,54.27679091055749,False,0.5119630038992733,False,True,Volatile uptrend,0.3857142857142857
2024-01-07 00:00:00+00:00,0.8571428571428571,1.0,0.8873626373626373,True,0.10437730914840862,False,53.57338891267744,False,0.5039661101790456,False,True,Volatile uptrend,0.3857142857142857
2024-01-08 00:00:00+00:00,0.8571428571428571,1.0,0.9478021978021978,True,0.007146869955411869,False,57.13492189806116,False,0.5105874729836409,False,True,Volatile uptrend,0.3857142857142857
2024-01-09 00:00:00+00:00,1.0,1.0,0.9615384615384616,True,0.005752187251448633,False,58.2912703447192,False,0.5252360703369136,False,True,Volatile uptrend,0.44999999999999996
2024-01-10 00:00:00+00:00,1.0,1.0,0.9862637362637363,True,0.23620297439808552,True,43.973396770326616,False,0.5667134487282552,False,True,Volatile uptrend,0.44999999999999996
2024-01-11 00:00:00+00:00,1.0,1.0,0.9862637362637363,True,0.27042630222773084,True,41.14803273839968,False,0.6007213408245995,False,False,Volatile uptrend,0.6
2024-01-12 00:00:00+00:00,1.0,1.0,1.0,True,0.16693813147379935,True,42.09989665082202,False,0.6262524878153307,False,False,Volatile uptrend,0.6
2024-01-13 00:00:00+00:00,1.0,1.0,1.0,True,0.1671977662017159,True,42.853386301596295,False,0.6095478890983198,False,False,Volatile uptrend,0.6
2024-01-14 00:00:00+00:00,1.0,1.0,1.0,True,0.15945435360868368,False,43.75831406104634,False,0.6044509597207102,False,False,Volatile uptrend,0.6
2024-01-15 00:00:00+00:00,1.0,1.0,0.9972527472527473,True,0.17532048897815464,True,43.67640646341584,False,0.5932630231351302,False,False,Volatile uptrend,0.6
2024-01-16 00:00:00+00:00,1.0,1.0,1.0,True,0.23599019524976747,True,44.140332201043044,False,0.583825018964369,False,False,Volatile uptrend,0.6
2024-01-17 00:00:00+00:00,1.0,1.0,0.9587912087912088,True,0.18381204750863578,True,44.430063456783,False,0.5693719496278341,False,False,Volatile uptrend,0.6
2024-01-18 00:00:00+00:00,1.0,1.0,0.9587912087912088,True,0.171436932982148,True,45.03543756631346,False,0.5666796605861661,False,False,Volatile uptrend,0.6
2024-01-19 00:00:00+00:00,1.0,1.0,0.9587912087912088,True,0.1699454096620792,True,45.40992873913541,False,0.5666203075664075,False,False,Volatile uptrend,0.6
2024-01-20 00:00:00+00:00,1.0,1.0,0.9532967032967034,True,0.13767935639047854,False,45.08067287858529,False,0.5514674418685882,False,False,Volatile uptrend,0.6
2024-01-21 00:00:00+00:00,1.0,1.0,0.9505494505494505,True,0.08189689804142133,False,44.56439206622361,False,0.5359827800484711,False,False,Volatile uptrend,0.6
2024-01-22 00:00:00+00:00,0.8571428571428571,1.0,0.9368131868131868,True,0.0034393414807511497,False,48.3373867271237,False,0.5467519257008144,False,False,Volatile uptrend,0.5142857142857142
2024-01-23 00:00:00+00:00,0.5714285714285714,1.0,0.9505494505494505,True,0.012105171080774649,False,44.8904830623582,False,0.581230076556013,False,False,Volatile uptrend,0.3428571428571428
2024-01-24 00:00:00+00:00,0.5714285714285714,1.0,0.8214285714285714,True,0.02049936521371132,False,39.57546837090037,False,0.5722887897628363,False,False,Volatile uptrend,0.3428571428571428
2024-01-25 00:00:00+00:00,0.5714285714285714,1.0,0.8076923076923077,True,0.007001647446458117,False,38.2968283193792,False,0.5643741995573893,False,False,Volatile uptrend,0.3428571428571428
2024-01-26 00:00:00+00:00,0.5714285714285714,1.0,0.5521978021978022,True,0.06708370460620824,False,41.54851677754367,False,0.554088371942683,False,False,Volatile uptrend,0.3428571428571428
2024-01-27 00:00:00+00:00,0.5714285714285714,1.0,0.521978021978022,True,0.04716578268215542,False,39.77917524667558,False,0.53865619567589,False,False,Volatile uptrend,0.3428571428571428
2024-01-28 00:00:00+00:00,0.5714285714285714,1.0,0.5,False,0.02674033428578632,False,38.56118819960589,False,0.5277981610520796,False,False,Uptrend,0.5714285714285714
2024-01-29 00:00:00+00:00,0.5714285714285714,1.0,0.5192307692307693,True,0.015852629261311535,False,38.73384933281957,False,0.5175130599724793,False,False,Volatile uptrend,0.3428571428571428
2024-01-30 00:00:00+00:00,0.5714285714285714,1.0,0.5027472527472527,True,0.03703972956272051,False,40.00364161948644,False,0.510977992382033,False,False,Volatile uptrend,0.3428571428571428
2024-01-31 00:00:00+00:00,0.5714285714285714,1.0,0.5192307692307693,True,0.0420029749567168,False,44.09970940141979,False,0.5193427698330335,False,False,Volatile uptrend,0.3428571428571428
2024-02-01 00:00:00+00:00,0.5714285714285714,1.0,0.4642857142857143,False,0.03079242552164989,False,47.36736853988543,False,0.5151444193515146,False,False,Uptrend,0.5714285714285714
2024-02-02 00:00:00+00:00,0.5714285714285714,1.0,0.4423076923076923,False,0.06546897242579215,False,47.24600586931362,False,0.5043316738801973,False,False,Uptrend,0.5714285714285714
2024-02-03 00:00:00+00:00,0.5714285714285714,1.0,0.44505494505494503,False,0.019951919812025216,False,48.39332221047602,False,0.4907089017428023,False,False,Uptrend,0.5714285714285714
2024-02-04 00:00:00+00:00,0.5714285714285714,1.0,0.45879120879120877,False,0.014219292486988593,False,50.88409771727271,False,0.4815793386607722,False,False,Uptrend,0.5714285714285714
2024-02-05 00:00:00+00:00,0.5714285714285714,1.0,0.3241758241758242,False,0.041769008148548274,False,58.49147889174968,False,0.4725817234109599,False,False,Uptrend,0.5714285714285714
2024-02-06 00:00:00+00:00,0.5714285714285714,1.0,0.18681318681318682,False,0.09994316154018983,False,55.53838216384892,False,0.46074560290057187,False,False,Uptrend,0.5714285714285714
2024-02-07 00:00:00+00:00,0.8571428571428571,1.0,0.20604395604395603,False,0.06499141778235477,False,48.388357508760556,False,0.4530516539866311,False,False,Uptrend,0.8571428571428571
2024-02-08 00:00:00+00:00,0.8571428571428571,1.0,0.17857142857142858,False,0.05196796022648815,False,48.44585298697304,False,0.4468546868728888,False,False,Uptrend,0.8571428571428571
2024-02-09 00:00:00+00:00,1.0,1.0,0.20054945054945056,False,0.07671434845347894,False,45.95724056909255,False,0.4431232686709178,False,False,Uptrend,1.0
2024-02-10 00:00:00+00:00,1.0,1.0,0.2087912087912088,False,0.09382792769107001,False,46.46991956401892,False,0.4345391506257515,False,False,Uptrend,1.0
2024-02-11 00:00:00+00:00,1.0,1.0,0.17857142857142858,False,0.013139962457250048,False,43.75658647068328,False,0.42570238042820285,False,False,Uptrend,1.0
2024-02-12 00:00:00+00:00,1.0,1.0,0.31868131868131866,False,0.06472543123911986,False,35.13021826736331,True,0.4285711461688421,False,False,Calm uptrend,1.5
2024-02-13 00:00:00+00:00,1.0,1.0,0.31868131868131866,False,0.14180978888059179,False,33.384305508098386,True,0.43699919479200616,False,False,Calm uptrend,1.5
2024-02-14 00:00:00+00:00,1.0,1.0,0.3791208791208791,False,0.20639678591326022,True,28.430644806955225,True,0.4387304793124615,False,False,Calm uptrend,1.5
2024-02-15 00:00:00+00:00,1.0,1.0,0.4010989010989011,False,0.18867273675343943,True,25.93634820357347,True,0.4559380352611025,False,False,Calm uptrend,1.5
2024-02-16 00:00:00+00:00,1.0,1.0,0.44505494505494503,False,0.22444696024394073,True,28.234844909755196,True,0.45918623227552535,False,False,Calm uptrend,1.5
2024-02-17 00:00:00+00:00,1.0,1.0,0.48626373626373626,False,0.27011366168932444,True,29.642441160985097,True,0.45362396028509155,False,False,Calm uptrend,1.5
2024-02-18 00:00:00+00:00,1.0,1.0,0.5439560439560439,True,0.31369388248569324,True,30.538596318464595,True,0.44740450822887384,False,False,Calm uptrend,1.5
2024-02-19 00:00:00+00:00,1.0,1.0,0.5796703296703297,True,0.3681276327366442,True,28.63466476011121,True,0.4423914718814466,False,False,Calm uptrend,1.5
2024-02-20 00:00:00+00:00,1.0,1.0,0.6208791208791209,True,0.41643770158881804,True,30.646037082572633,True,0.46718360438710876,False,False,Calm uptrend,1.5
2024-02-21 00:00:00+00:00,1.0,1.0,0.6538461538461539,True,0.5257274291872417,True,35.40035822670795,True,0.47850807237519516,False,False,Calm uptrend,1.5
2024-02-22 00:00:00+00:00,1.0,1.0,0.6978021978021978,True,0.6200864445427626,True,37.527432194236134,True,0.49534868244647656,False,False,Calm uptrend,1.5
2024-02-23 00:00:00+00:00,1.0,1.0,0.6675824175824175,True,0.5647300517708926,True,40.47688411132087,False,0.4983308286458045,False,False,Volatile uptrend,0.6
2024-02-24 00:00:00+00:00,1.0,1.0,0.6923076923076923,True,0.6090014950035403,True,41.78049563223822,False,0.4892346675119194,False,False,Volatile uptrend,0.6
2024-02-25 00:00:00+00:00,1.0,1.0,0.7307692307692307,True,0.6296699283813892,True,38.4070836495892,False,0.4806749144342421,False,False,Volatile uptrend,0.6
2024-02-26 00:00:00+00:00,1.0,1.0,0.6538461538461539,True,0.6463001452039969,True,40.3331443241099,False,0.48513691227567807,False,False,Volatile uptrend,0.6
2024-02-27 00:00:00+00:00,1.0,1.0,0.6648351648351648,True,0.6748339382318697,True,37.22751363852531,True,0.4802983811691649,False,False,Calm uptrend,1.5
2024-02-28 00:00:00+00:00,1.0,1.0,0.7912087912087912,True,0.6917303971850366,True,34.92961600666868,True,0.5150366758196535,False,False,Calm uptrend,1.5
2024-02-29 00:00:00+00:00,1.0,1.0,0.8516483516483516,True,0.6399989730028112,True,35.430794743506134,True,0.5436560690701873,False,False,Calm uptrend,1.5
2024-03-01 00:00:00+00:00,1.0,1.0,0.8406593406593407,True,0.7228118460987427,True,35.3207072292039,True,0.5393831191811967,False,False,Calm uptrend,1.5
2024-03-02 00:00:00+00:00,1.0,1.0,0.8214285714285714,True,0.7060102382607599,True,37.23314602445196,True,0.5278708020962953,False,False,Calm uptrend,1.5
2024-03-03 00:00:00+00:00,1.0,1.0,0.7994505494505495,True,0.7170317470938546,True,42.19061491055748,False,0.5187114649545672,False,False,Volatile uptrend,0.6
2024-03-04 00:00:00+00:00,1.0,1.0,0.8516483516483516,True,0.7515736940456503,True,38.17926683139925,True,0.5138082444011167,False,False,Calm uptrend,1.5
2024-03-05 00:00:00+00:00,1.0,1.0,0.9917582417582418,True,0.687358597285068,True,37.70483585309466,True,0.6564931179668417,False,False,Calm uptrend,1.5
2024-03-06 00:00:00+00:00,1.0,1.0,1.0,True,0.7251604019850644,True,39.675210518663754,False,0.6855773834598933,True,False,Storm,0.3
2024-03-07 00:00:00+00:00,1.0,1.0,1.0,True,0.7224212691575971,True,39.323785202459696,False,0.6790705001062232,True,False,Storm,0.3
2024-03-08 00:00:00+00:00,1.0,1.0,1.0,True,0.7172523018808532,True,38.29497808311935,False,0.6717598564084655,True,False,Storm,0.3
2024-03-09 00:00:00+00:00,1.0,1.0,0.9972527472527473,True,0.7249172936733319,True,40.71512234755332,False,0.6530452627495041,False,False,Volatile uptrend,0.6
2024-03-10 00:00:00+00:00,1.0,1.0,0.9945054945054945,True,0.6927855063086377,True,43.20246367778756,False,0.6440196774707336,False,False,Volatile uptrend,0.6
2024-03-11 00:00:00+00:00,1.0,1.0,1.0,True,0.7170959757997981,True,46.944733757759,False,0.6421823290836893,False,False,Volatile uptrend,0.6
2024-03-12 00:00:00+00:00,1.0,1.0,1.0,True,0.6517544597219945,True,48.87988354079465,False,0.6389483283809031,False,False,Volatile uptrend,0.6
2024-03-13 00:00:00+00:00,1.0,1.0,0.9945054945054945,True,0.6308520818869268,True,48.00082274325904,False,0.6269709411012425,False,False,Volatile uptrend,0.6
2024-03-14 00:00:00+00:00,1.0,1.0,0.9945054945054945,True,0.5556221781717459,True,48.771241560999506,False,0.6371013767217935,False,False,Volatile uptrend,0.6
2024-03-15 00:00:00+00:00,1.0,1.0,1.0,True,0.4319624916275953,True,51.61717744828582,False,0.7073926639092871,True,False,Storm,0.3
2024-03-16 00:00:00+00:00,0.8571428571428571,1.0,1.0,True,0.2905650359628673,True,54.16011058266127,False,0.7042671327834397,True,False,Storm,0.2571428571428571
2024-03-17 00:00:00+00:00,0.8571428571428571,1.0,1.0,True,0.33560010351760783,True,55.50511993242262,False,0.715540822990017,True,False,Storm,0.2571428571428571
2024-03-18 00:00:00+00:00,0.8571428571428571,1.0,0.9972527472527473,True,0.2803517516974997,True,55.24726948980224,False,0.7158438320196143,True,False,Storm,0.2571428571428571
2024-03-19 00:00:00+00:00,0.7142857142857143,1.0,0.9835164835164835,True,0.09611374013538514,False,50.935074704846436,False,0.7844045562051841,True,False,Storm,0.21428571428571427
2024-03-20 00:00:00+00:00,0.7142857142857143,1.0,0.9917582417582418,True,0.1797401339885,True,48.13231102147837,False,0.8424427582878606,True,False,Storm,0.21428571428571427
2024-03-21 00:00:00+00:00,0.7142857142857143,1.0,0.989010989010989,True,0.15250722594064833,False,47.89063642761961,False,0.8387584137958779,True,False,Storm,0.21428571428571427
2024-03-22 00:00:00+00:00,0.7142857142857143,1.0,0.9945054945054945,True,0.11357436354276793,False,49.09708375110802,False,0.8459744772810679,True,False,Storm,0.21428571428571427
2024-03-23 00:00:00+00:00,0.7142857142857143,1.0,0.9945054945054945,True,0.1102803738317757,False,50.019659283845456,False,0.8295905920271933,True,False,Storm,0.21428571428571427
2024-03-24 00:00:00+00:00,0.7142857142857143,1.0,0.9945054945054945,True,0.16028329532394237,False,50.0103886576545,False,0.8109745701541841,True,False,Storm,0.21428571428571427
2024-03-25 00:00:00+00:00,0.7142857142857143,1.0,0.9835164835164835,True,0.17640462700661005,True,48.84691357659782,False,0.79846121393569,True,False,Storm,0.21428571428571427
2024-03-26 00:00:00+00:00,0.7142857142857143,1.0,0.9807692307692307,True,0.14509523460231294,False,47.93000941352864,False,0.7816100623430672,True,False,Storm,0.21428571428571427
2024-03-27 00:00:00+00:00,0.7142857142857143,1.0,0.9807692307692307,True,0.09871885537725626,False,51.25593451187923,False,0.7715408474044723,True,False,Storm,0.21428571428571427
2024-03-28 00:00:00+00:00,0.7142857142857143,1.0,0.9697802197802198,True,0.0967669326162933,False,52.96378874696616,False,0.7527803384521837,True,False,Storm,0.21428571428571427
2024-03-29 00:00:00+00:00,0.7142857142857143,1.0,0.9587912087912088,True,0.039604703527645696,False,57.73160485342311,False,0.7409803750176408,True,False,Storm,0.21428571428571427
2024-03-30 00:00:00+00:00,0.7142857142857143,1.0,0.9340659340659341,True,0.052410967837932726,False,60.76169283106434,False,0.7201626543078451,True,False,Storm,0.21428571428571427
2024-03-31 00:00:00+00:00,0.7142857142857143,1.0,0.9313186813186813,True,0.06610296411856477,False,59.30760623567854,False,0.6991776600271545,True,False,Storm,0.21428571428571427
2024-04-01 00:00:00+00:00,0.7142857142857143,1.0,0.9313186813186813,True,0.024711647463157477,False,59.829845193573895,False,0.7069484274148633,True,False,Storm,0.21428571428571427
2024-04-02 00:00:00+00:00,0.7142857142857143,1.0,0.9120879120879121,True,0.05979289356378239,False,58.506143904121075,False,0.7246150104035501,True,False,Storm,0.21428571428571427
2024-04-03 00:00:00+00:00,0.7142857142857143,1.0,0.8736263736263736,True,0.09363302519196062,False,64.33524957117038,False,0.7109110502124061,True,True,Storm,0.1607142857142857
2024-04-04 00:00:00+00:00,0.7142857142857143,1.0,0.8763736263736264,True,0.06799868961641224,False,64.59215353503103,False,0.7019424452660157,True,True,Storm,0.1607142857142857
2024-04-05 00:00:00+00:00,0.7142857142857143,1.0,0.8598901098901099,True,0.16300766957042598,False,62.317752961401325,False,0.6931366198904798,True,True,Storm,0.1607142857142857
2024-04-06 00:00:00+00:00,0.7142857142857143,1.0,0.8379120879120879,True,0.1692614835785236,True,61.168434131004815,False,0.6749055123631057,True,True,Storm,0.1607142857142857
2024-04-07 00:00:00+00:00,0.7142857142857143,1.0,0.8214285714285714,True,0.13652472116712167,False,60.26099384698591,False,0.6567909269824643,False,True,Volatile uptrend,0.3214285714285714
2024-04-08 00:00:00+00:00,1.0,1.0,0.8598901098901099,True,0.06264091230867153,False,57.596023383438734,False,0.6523914137497115,False,True,Volatile uptrend,0.44999999999999996
2024-04-09 00:00:00+00:00,1.0,1.0,0.8708791208791209,True,0.10559954590605927,False,59.741937085312976,False,0.6517521658837766,False,True,Volatile uptrend,0.44999999999999996
2024-04-10 00:00:00+00:00,1.0,1.0,0.8653846153846154,True,0.1537604918819342,False,58.921844142250855,False,0.6527798596023467,False,True,Volatile uptrend,0.44999999999999996
2024-04-11 00:00:00+00:00,1.0,1.0,0.8626373626373627,True,0.14317329894743155,False,58.876340592427816,False,0.6482280743040101,False,True,Volatile uptrend,0.44999999999999996
2024-04-12 00:00:00+00:00,0.5714285714285714,1.0,0.9065934065934066,True,0.21464855550831338,True,56.62329911101898,False,0.691144569786549,True,True,Storm,0.12857142857142856
2024-04-13 00:00:00+00:00,0.42857142857142855,1.0,0.9615384615384616,True,0.237539683186278,True,48.73318321626693,False,0.8370513017938785,True,False,Storm,0.12857142857142856
2024-04-14 00:00:00+00:00,0.42857142857142855,1.0,0.9697802197802198,True,0.15906233743714235,False,50.10551704759961,False,0.8327304440067084,True,False,Storm,0.12857142857142856
2024-04-15 00:00:00+00:00,0.42857142857142855,1.0,0.978021978021978,True,0.11946438196828288,False,50.36231725826417,False,0.8436324230905974,True,False,Storm,0.12857142857142856
2024-04-16 00:00:00+00:00,0.42857142857142855,1.0,0.9587912087912088,True,0.16383566448897272,False,48.591106854804046,False,0.8420137269756252,True,False,Storm,0.12857142857142856
2024-04-17 00:00:00+00:00,0.42857142857142855,1.0,0.9615384615384616,True,0.15757109915449657,False,49.12169931931856,False,0.8387640041901105,True,False,Storm,0.12857142857142856
2024-04-18 00:00:00+00:00,0.42857142857142855,1.0,0.9560439560439561,True,0.03027518809552868,False,48.53221002981211,False,0.8212579975886066,True,False,Storm,0.12857142857142856
2024-04-19 00:00:00+00:00,0.42857142857142855,1.0,0.9807692307692307,True,0.16652128433526497,True,49.986031843866506,False,0.8275764991975225,True,False,Storm,0.12857142857142856
2024-04-20 00:00:00+00:00,0.42857142857142855,1.0,0.9862637362637363,True,0.11874665313829935,False,50.687284454419775,False,0.8072406404301576,True,False,Storm,0.12857142857142856
2024-04-21 00:00:00+00:00,0.42857142857142855,1.0,0.9807692307692307,True,0.07013865655551832,False,50.287129754952225,False,0.7864032548451464,True,False,Storm,0.12857142857142856
2024-04-22 00:00:00+00:00,0.42857142857142855,1.0,0.945054945054945,True,0.047273019690695035,False,47.84729451397159,False,0.765548999481608,True,False,Storm,0.12857142857142856
2024-04-23 00:00:00+00:00,0.42857142857142855,1.0,0.9313186813186813,True,0.08956427164381163,False,50.80854032462035,False,0.7471992465002203,True,False,Storm,0.12857142857142856
2024-04-24 00:00:00+00:00,0.42857142857142855,1.0,0.9368131868131868,True,0.17475630043065246,True,51.29096824548677,False,0.7388498687962397,True,False,Storm,0.12857142857142856
2024-04-25 00:00:00+00:00,0.42857142857142855,1.0,0.9340659340659341,True,0.16695231647161224,True,54.38614978133113,False,0.7252114114625118,True,False,Storm,0.12857142857142856
2024-04-26 00:00:00+00:00,0.42857142857142855,1.0,0.8791208791208791,True,0.14660082200141883,False,65.81900670987305,False,0.708948140729789,True,False,Storm,0.12857142857142856
2024-04-27 00:00:00+00:00,0.42857142857142855,1.0,0.8351648351648352,True,0.1178213881386515,False,64.07591160874537,False,0.6912385182197411,True,False,Storm,0.12857142857142856
2024-04-28 00:00:00+00:00,0.42857142857142855,1.0,0.804945054945055,True,0.09676608217003703,False,56.09945196736921,False,0.6751230045476617,True,False,Storm,0.12857142857142856
2024-04-29 00:00:00+00:00,0.42857142857142855,1.0,0.7664835164835165,True,0.1116418002728154,False,54.61996451284997,False,0.6787460224037336,True,False,Storm,0.12857142857142856
2024-04-30 00:00:00+00:00,0.42857142857142855,1.0,0.8324175824175825,True,0.2381264947979146,True,57.897003079561365,False,0.7076963488232941,True,True,Storm,0.09642857142857142
2024-05-01 00:00:00+00:00,0.2857142857142857,1.0,0.8324175824175825,True,0.2082902123122276,True,54.30765914798359,False,0.7352315349065567,True,True,Storm,0.06428571428571428
2024-05-02 00:00:00+00:00,0.2857142857142857,1.0,0.8241758241758241,True,0.12512340534649657,False,53.9723222498814,False,0.7236423400356156,True,True,Storm,0.06428571428571428
2024-05-03 00:00:00+00:00,0.2857142857142857,1.0,0.804945054945055,True,0.08588516746411475,False,52.33359198148527,False,0.7069741755622263,True,True,Storm,0.06428571428571428
2024-05-04 00:00:00+00:00,0.2857142857142857,1.0,0.782967032967033,True,0.08675927263720618,False,50.933988439576424,False,0.6942420162417073,True,True,Storm,0.06428571428571428
2024-05-05 00:00:00+00:00,0.2857142857142857,1.0,0.7884615384615384,True,0.07460280911812116,False,51.26620766604494,False,0.6764622643426409,True,True,Storm,0.06428571428571428
2024-05-06 00:00:00+00:00,0.2857142857142857,1.0,0.8076923076923077,True,0.11689824646562721,False,52.50009469957794,False,0.6733268302153858,True,True,Storm,0.06428571428571428
2024-05-07 00:00:00+00:00,0.2857142857142857,1.0,0.8076923076923077,True,0.18484205320529987,True,52.85352281535689,False,0.6685580172101735,True,True,Storm,0.06428571428571428
2024-05-08 00:00:00+00:00,0.2857142857142857,1.0,0.782967032967033,True,0.32486741945957665,True,51.31058602096948,False,0.6605078269445545,True,True,Storm,0.06428571428571428
2024-05-09 00:00:00+00:00,0.2857142857142857,1.0,0.7802197802197802,True,0.2248149494099421,True,51.1071059008194,False,0.6473535586381189,False,True,Fading uptrend,0.12857142857142856
2024-05-10 00:00:00+00:00,0.2857142857142857,1.0,0.8076923076923077,True,0.291808787546309,True,53.0608276548272,False,0.6505741635263353,False,True,Fading uptrend,0.12857142857142856
2024-05-11 00:00:00+00:00,0.2857142857142857,1.0,0.7527472527472527,True,0.27603676934951954,True,50.20666988044573,False,0.6315409268103808,False,True,Fading uptrend,0.12857142857142856
2024-05-12 00:00:00+00:00,0.2857142857142857,1.0,0.739010989010989,True,0.16308881126283475,False,54.50019807801271,False,0.6137864006353483,False,False,Fading uptrend,0.1714285714285714
2024-05-13 00:00:00+00:00,0.2857142857142857,1.0,0.7307692307692307,True,0.03333174667396557,False,56.74329775387728,False,0.6106901640461815,False,False,Fading uptrend,0.1714285714285714
2024-05-14 00:00:00+00:00,0.2857142857142857,1.0,0.5439560439560439,True,0.17056267325990884,True,54.603782092952265,False,0.5961700858896618,False,False,Fading uptrend,0.1714285714285714
2024-05-15 00:00:00+00:00,0.2857142857142857,1.0,0.521978021978022,True,0.040867733088503375,False,58.4335635092234,False,0.5824764740789738,False,False,Fading uptrend,0.1714285714285714
2024-05-16 00:00:00+00:00,0.2857142857142857,1.0,0.5164835164835165,True,0.07885961044980273,False,58.3201661231921,False,0.5742887787700701,False,False,Fading uptrend,0.1714285714285714
2024-05-17 00:00:00+00:00,0.2857142857142857,1.0,0.532967032967033,True,0.05864489580353429,False,58.73124955596207,False,0.5654302414105806,False,True,Fading uptrend,0.12857142857142856
2024-05-18 00:00:00+00:00,0.42857142857142855,1.0,0.5274725274725275,True,0.03307980063967088,False,58.46670538198473,False,0.5504147489704222,False,True,Fading uptrend,0.19285714285714284
2024-05-19 00:00:00+00:00,0.42857142857142855,1.0,0.5164835164835165,True,0.008122549587255383,False,58.11168871426385,False,0.5375980089764251,False,True,Fading uptrend,0.19285714285714284
2024-05-20 00:00:00+00:00,1.0,1.0,0.8653846153846154,True,0.21954415484677173,True,35.74551115526625,True,0.5818975288734566,False,False,Calm uptrend,1.5
2024-05-21 00:00:00+00:00,1.0,1.0,0.8681318681318682,True,0.26477563798501086,True,31.044509228376047,True,0.582451536112051,False,False,Calm uptrend,1.5
2024-05-22 00:00:00+00:00,1.0,1.0,0.8681318681318682,True,0.22177434327514584,True,32.03516720124413,True,0.5848445580577682,False,False,Calm uptrend,1.5
2024-05-23 00:00:00+00:00,1.0,1.0,0.9093406593406593,True,0.23022865747901358,True,33.38905547432497,True,0.6104677744207084,False,False,Calm uptrend,1.5
2024-05-24 00:00:00+00:00,1.0,1.0,0.8983516483516484,True,0.24205417253796777,True,33.786193751283996,True,0.6181435757545507,False,False,Calm uptrend,1.5
2024-05-25 00:00:00+00:00,1.0,1.0,0.8956043956043956,True,0.24391707493506068,True,33.945740589812026,True,0.602643306706251,False,False,Calm uptrend,1.5
2024-05-26 00:00:00+00:00,1.0,1.0,0.9120879120879121,True,0.27966207382077835,True,35.32876424822351,True,0.5948016643775301,False,False,Calm uptrend,1.5
2024-05-27 00:00:00+00:00,1.0,1.0,0.9065934065934066,True,0.26290527078427817,True,34.67563040334586,True,0.5863560917501254,False,False,Calm uptrend,1.5
2024-05-28 00:00:00+00:00,1.0,1.0,0.9120879120879121,True,0.23523602926892456,True,35.5242686936098,True,0.5797020242916439,False,False,Calm uptrend,1.5
2024-05-29 00:00:00+00:00,1.0,1.0,0.8818681318681318,True,0.22015495198727114,True,37.16522016585678,True,0.5690709213528218,False,False,Calm uptrend,1.5
2024-05-30 00:00:00+00:00,1.0,1.0,0.8791208791208791,True,0.31655638280434445,True,37.59413387784929,True,0.5666860393614807,False,False,Calm uptrend,1.5
2024-05-31 00:00:00+00:00,1.0,1.0,0.8736263736263736,True,0.3447458588856637,True,41.17420279413546,False,0.5585329159810924,False,False,Volatile uptrend,0.6
2024-06-01 00:00:00+00:00,1.0,1.0,0.8736263736263736,True,0.35593453032155653,True,41.41087971566369,False,0.5423399831267266,False,False,Volatile uptrend,0.6
2024-06-02 00:00:00+00:00,1.0,1.0,0.8681318681318682,True,0.3015551228360317,True,41.44790655163573,False,0.5305524121207725,False,False,Volatile uptrend,0.6
2024-06-03 00:00:00+00:00,1.0,1.0,0.6456043956043956,True,0.28899700698666253,True,58.10901977071937,False,0.5263604618286138,False,False,Volatile uptrend,0.6
2024-06-04 00:00:00+00:00,1.0,1.0,0.5934065934065934,True,0.2965026225930228,True,56.08241395621778,False,0.5119448996293053,False,False,Volatile uptrend,0.6
2024-06-05 00:00:00+00:00,1.0,1.0,0.5851648351648352,True,0.35634794256845154,True,55.16382033799696,False,0.5025446642856184,False,False,Volatile uptrend,0.6
2024-06-06 00:00:00+00:00,1.0,1.0,0.20604395604395603,False,0.35898814735148626,True,60.25989394309344,True,0.49132481624965685,False,False,Calm uptrend,1.5
2024-06-07 00:00:00+00:00,1.0,1.0,0.2554945054945055,False,0.29913883566503385,True,58.36622318054733,True,0.495681238956062,False,False,Calm uptrend,1.5
2024-06-08 00:00:00+00:00,1.0,1.0,0.2445054945054945,False,0.2811914493119886,True,57.91158445284559,True,0.4818614934324221,False,True,Calm uptrend,1.125
2024-06-09 00:00:00+00:00,1.0,1.0,0.1978021978021978,False,0.36305906701738244,True,55.71553300073113,True,0.4681035573923954,False,True,Calm uptrend,1.125
2024-06-10 00:00:00+00:00,1.0,1.0,0.17857142857142858,False,0.3387899717450778,True,58.67570643789377,True,0.45825964270994785,False,False,Calm uptrend,1.5
2024-06-11 00:00:00+00:00,0.8571428571428571,1.0,0.2692307692307692,False,0.2383337948627579,True,48.48656755297701,True,0.46686356323535994,False,False,Calm uptrend,1.2857142857142856
2024-06-12 00:00:00+00:00,0.8571428571428571,1.0,0.3021978021978022,False,0.25124253960659443,True,49.735316735888716,True,0.4787905136676478,False,False,Calm uptrend,1.2857142857142856
2024-06-13 00:00:00+00:00,0.7142857142857143,1.0,0.31043956043956045,False,0.24016303303585673,True,49.64682128413428,True,0.4833641820811064,False,False,Calm uptrend,1.0714285714285714
2024-06-14 00:00:00+00:00,0.7142857142857143,1.0,0.34065934065934067,False,0.1946566373905395,True,45.54961080067841,True,0.4896367094055034,False,False,Calm uptrend,1.0714285714285714
2024-06-15 00:00:00+00:00,0.7142857142857143,1.0,0.3543956043956044,False,0.2704984828781969,True,46.42122485129707,True,0.4776961284474684,False,False,Calm uptrend,1.0714285714285714
2024-06-16 00:00:00+00:00,0.7142857142857143,1.0,0.37362637362637363,False,0.2403221146901632,True,46.98432927923655,True,0.4665260088708536,False,False,Calm uptrend,1.0714285714285714
2024-06-17 00:00:00+00:00,0.7142857142857143,1.0,0.4340659340659341,False,0.16911438247046645,True,48.68724233602867,True,0.4723772790645707,False,False,Calm uptrend,1.0714285714285714
2024-06-18 00:00:00+00:00,0.7142857142857143,1.0,0.4807692307692308,False,0.18130599427357544,True,49.356853375755726,True,0.48280431350849023,False,False,Calm uptrend,1.0714285714285714
2024-06-19 00:00:00+00:00,0.7142857142857143,1.0,0.49175824175824173,False,0.05753421544509908,False,50.26747715977607,False,0.4776044958786784,False,False,Uptrend,0.7142857142857143
2024-06-20 00:00:00+00:00,0.7142857142857143,1.0,0.4945054945054945,False,0.16461679505649554,False,53.46881641839565,False,0.47594004722459377,False,False,Uptrend,0.7142857142857143
2024-06-21 00:00:00+00:00,0.7142857142857143,1.0,0.41483516483516486,False,0.1342227229035162,False,61.419326024113275,False,0.4798744820693591,False,False,Uptrend,0.7142857142857143
2024-06-22 00:00:00+00:00,0.7142857142857143,1.0,0.41483516483516486,False,0.17877282325177013,True,61.35139992600072,True,0.46659471964242344,False,False,Calm uptrend,1.0714285714285714
2024-06-23 00:00:00+00:00,0.7142857142857143,1.0,0.4340659340659341,False,0.18860410747924503,True,63.379177568784385,True,0.4586537652758179,False,False,Calm uptrend,1.0714285714285714
2024-06-24 00:00:00+00:00,0.5714285714285714,1.0,0.5082417582417582,True,0.2364646880273839,True,58.6412895442227,False,0.47733845022015664,False,False,Volatile uptrend,0.3428571428571428
2024-06-25 00:00:00+00:00,0.5714285714285714,1.0,0.41483516483516486,False,0.26284503130557657,True,57.04730057634828,True,0.47221011722938855,False,False,Calm uptrend,0.8571428571428571
2024-06-26 00:00:00+00:00,0.5714285714285714,1.0,0.3434065934065934,False,0.3272283425137706,True,55.56206544776943,True,0.4663727860596154,False,False,Calm uptrend,0.8571428571428571
2024-06-27 00:00:00+00:00,0.5714285714285714,1.0,0.33791208791208793,False,0.24230672312807688,True,55.17142500737417,True,0.45599323332593894,False,False,Calm uptrend,0.8571428571428571
2024-06-28 00:00:00+00:00,0.5714285714285714,1.0,0.31043956043956045,False,0.23904697240911046,True,54.13527238753435,True,0.45569998882234475,False,True,Calm uptrend,0.6428571428571428
2024-06-29 00:00:00+00:00,0.5714285714285714,1.0,0.28846153846153844,False,0.2304158109280679,True,52.226502052727966,True,0.4428982834128598,False,True,Calm uptrend,0.6428571428571428
2024-06-30 00:00:00+00:00,0.5714285714285714,1.0,0.29120879120879123,False,0.19681099756513734,True,53.54072908359876,True,0.433905025780383,False,True,Calm uptrend,0.6428571428571428
2024-07-01 00:00:00+00:00,0.5714285714285714,1.0,0.2445054945054945,False,0.233889647055878,True,52.99097586739351,True,0.42889306931584825,False,True,Calm uptrend,0.6428571428571428
2024-07-02 00:00:00+00:00,0.5714285714285714,1.0,0.19230769230769232,False,0.22708670169765582,True,50.48311087177211,True,0.4199954959557446,False,True,Calm uptrend,0.6428571428571428
2024-07-03 00:00:00+00:00,0.42857142857142855,1.0,0.23626373626373626,False,0.2781559296440918,True,51.925247948922575,True,0.42677734659188643,False,True,Fading uptrend,0.4821428571428571
2024-07-04 00:00:00+00:00,0.14285714285714285,1.0,0.37362637362637363,False,0.39752858860481294,True,45.28104432672263,True,0.4758554046810387,False,False,Fading uptrend,0.21428571428571427
2024-07-05 00:00:00+00:00,0.0,0.0,0.5961538461538461,True,0.4629008193073844,True,35.85791253802233,True,0.5837150894700105,False,False,Downtrend,0.0
2024-07-06 00:00:00+00:00,0.0,0.0,0.6263736263736264,True,0.3843318731436635,True,37.48125731642342,True,0.5701046861435137,False,False,Downtrend,0.0
2024-07-07 00:00:00+00:00,0.0,0.0,0.6593406593406593,True,0.38455046929030173,True,38.17982410770728,True,0.5703985080828294,False,False,Downtrend,0.0
2024-07-08 00:00:00+00:00,0.0,0.0,0.7362637362637363,True,0.32668678381949806,True,39.66918054525992,False,0.5886078306654697,False,False,Downtrend,0.0
2024-07-09 00:00:00+00:00,0.0,0.0,0.7445054945054945,True,0.3119316602711943,True,39.98562330565088,False,0.5776890120153221,False,False,Downtrend,0.0
2024-07-10 00:00:00+00:00,0.0,0.0,0.7554945054945055,True,0.2769227762632038,True,40.45812028354564,False,0.5690713005167382,False,False,Downtrend,0.0
2024-07-11 00:00:00+00:00,0.0,0.0,0.7664835164835165,True,0.21182911372181457,True,41.308907633955215,False,0.5668608635187589,False,False,Downtrend,0.0
2024-07-12 00:00:00+00:00,0.0,0.0,0.7664835164835165,True,0.23049219687875158,True,41.127276620247216,False,0.5570859553062546,False,False,Downtrend,0.0
2024-07-13 00:00:00+00:00,0.0,0.0,0.7692307692307693,True,0.16298546587507456,False,42.04642388456548,False,0.5426148719538847,False,False,Downtrend,0.0
2024-07-14 00:00:00+00:00,0.14285714285714285,1.0,0.7692307692307693,True,0.1274510859616443,False,42.0063888123815,False,0.5301874795600119,False,False,Fading uptrend,0.0857142857142857
2024-07-15 00:00:00+00:00,0.7142857142857143,1.0,0.804945054945055,True,0.042489956240572294,False,46.39121324829946,False,0.5190664314023962,False,False,Volatile uptrend,0.42857142857142855
2024-07-16 00:00:00+00:00,0.7142857142857143,1.0,0.8104395604395604,True,0.09048838026401641,False,47.55482124148647,False,0.5202929681889159,False,False,Volatile uptrend,0.42857142857142855
2024-07-17 00:00:00+00:00,0.7142857142857143,1.0,0.8021978021978022,True,0.06424709387894215,False,45.920700715102896,False,0.5147961716888968,False,False,Volatile uptrend,0.42857142857142855
2024-07-18 00:00:00+00:00,0.7142857142857143,1.0,0.7582417582417582,True,0.029222112699195068,False,43.6132724728493,False,0.5156386775824622,False,False,Volatile uptrend,0.42857142857142855
2024-07-19 00:00:00+00:00,0.7142857142857143,1.0,0.6483516483516484,True,0.02925381716620977,False,40.664203278378764,False,0.5115976915725268,False,False,Volatile uptrend,0.42857142857142855
2024-07-20 00:00:00+00:00,0.8571428571428571,1.0,0.6098901098901099,True,0.00230891387019938,False,39.43323448431859,False,0.49807943980587055,False,False,Volatile uptrend,0.5142857142857142
2024-07-21 00:00:00+00:00,1.0,1.0,0.5796703296703297,True,0.009038457547267757,False,38.794082267216716,False,0.492225783950054,False,False,Volatile uptrend,0.6
2024-07-22 00:00:00+00:00,1.0,1.0,0.4368131868131868,False,0.028062512182079048,False,46.01546415804055,False,0.4881526993779965,False,False,Uptrend,1.0
2024-07-23 00:00:00+00:00,1.0,1.0,0.44505494505494503,False,0.031285551763367676,False,48.209084665719665,False,0.5101714127003291,False,False,Uptrend,1.0
2024-07-24 00:00:00+00:00,0.8571428571428571,1.0,0.4697802197802198,False,0.008263816984781333,False,50.92805255307519,False,0.5082308324090936,False,False,Uptrend,0.8571428571428571
2024-07-25 00:00:00+00:00,0.14285714285714285,1.0,0.5494505494505495,True,0.10132386418732653,False,52.65515526766938,False,0.5454017787438371,False,False,Fading uptrend,0.0857142857142857
2024-07-26 00:00:00+00:00,0.14285714285714285,1.0,0.5467032967032966,True,0.04320279838842808,False,55.91579178324629,False,0.5348403292308781,False,False,Fading uptrend,0.0857142857142857
2024-07-27 00:00:00+00:00,0.14285714285714285,1.0,0.5631868131868132,True,0.09206587168459106,False,56.78343383355168,False,0.5298550924625759,False,False,Fading uptrend,0.0857142857142857
2024-07-28 00:00:00+00:00,0.14285714285714285,1.0,0.5604395604395604,True,0.05142723553477513,False,56.44594771978846,False,0.5162550324252163,False,False,Fading uptrend,0.0857142857142857
2024-07-29 00:00:00+00:00,0.14285714285714285,1.0,0.45604395604395603,False,0.027982974049155732,False,54.193952102389126,False,0.5182080514952236,False,False,Fading uptrend,0.14285714285714285
2024-07-30 00:00:00+00:00,0.14285714285714285,1.0,0.4478021978021978,False,0.07345228027855946,False,53.83325268767178,False,0.5136777453370767,False,False,Fading uptrend,0.14285714285714285
2024-07-31 00:00:00+00:00,0.14285714285714285,1.0,0.4478021978021978,False,0.09493206189211488,False,53.741670117488674,False,0.518671871838709,False,False,Fading uptrend,0.14285714285714285
2024-08-01 00:00:00+00:00,0.14285714285714285,1.0,0.49175824175824173,False,0.09840128944291186,False,53.90766002578809,False,0.53079413953072,False,False,Fading uptrend,0.14285714285714285
2024-08-02 00:00:00+00:00,0.0,0.0,0.5906593406593407,True,0.13282352583560228,False,47.57298019760965,False,0.5585579911560102,False,False,Downtrend,0.0
2024-08-03 00:00:00+00:00,0.0,0.0,0.6510989010989011,True,0.07248423145163538,False,43.019958888796616,False,0.5594767582955892,False,False,Downtrend,0.0
2024-08-04 00:00:00+00:00,0.0,0.0,0.7857142857142857,True,0.12789651588334464,False,35.1761605042886,True,0.6127044437604582,False,False,Downtrend,0.0
2024-08-05 00:00:00+00:00,0.0,0.0,1.0,True,0.2616062406531668,True,25.545769457032783,True,0.9727659633131616,True,False,Storm,0.0
2024-08-06 00:00:00+00:00,0.0,0.0,1.0,True,0.19733950697686153,True,26.847082328765172,True,0.9755721153205352,True,False,Storm,0.0
2024-08-07 00:00:00+00:00,0.0,0.0,1.0,True,0.2805233703791284,True,30.17052082281965,True,0.968293003354041,True,False,Storm,0.0
2024-08-08 00:00:00+00:00,0.0,0.0,1.0,True,0.1421414272975184,False,32.09761691362275,True,0.9705183348897463,True,False,Storm,0.0
2024-08-09 00:00:00+00:00,0.0,0.0,1.0,True,0.18251687010112985,True,32.5997236885931,True,0.9542759692809887,True,False,Storm,0.0
2024-08-10 00:00:00+00:00,0.0,0.0,0.9972527472527473,True,0.1773085599858053,True,31.7376392145878,True,0.9265779746842064,True,False,Storm,0.0
2024-08-11 00:00:00+00:00,0.0,0.0,1.0,True,0.20795887554820633,True,32.91555794370132,True,0.9127139399880301,True,False,Storm,0.0
2024-08-12 00:00:00+00:00,0.0,0.0,1.0,True,0.15606518799863756,False,35.052029026046824,True,0.9168339105115437,True,False,Storm,0.0
2024-08-13 00:00:00+00:00,0.0,0.0,1.0,True,0.1899082376162779,True,35.47614401457337,True,0.9024203548117454,True,False,Storm,0.0
2024-08-14 00:00:00+00:00,0.0,0.0,1.0,True,0.3089930302324009,True,39.05117316068023,False,0.8904670381653221,True,False,Storm,0.0
2024-08-15 00:00:00+00:00,0.0,0.0,1.0,True,0.32231709655060553,True,39.83067315140216,False,0.8820998416698883,True,False,Storm,0.0
2024-08-16 00:00:00+00:00,0.0,0.0,0.989010989010989,True,0.2965961196660345,True,45.30315391562872,False,0.8631322531348052,True,False,Storm,0.0
2024-08-17 00:00:00+00:00,0.0,0.0,0.9862637362637363,True,0.3052077656035632,True,47.413322510982134,False,0.8360971429680332,True,False,Storm,0.0
2024-08-18 00:00:00+00:00,0.0,0.0,0.9725274725274725,True,0.34472383574782084,True,52.451378965411436,False,0.8175708594029968,True,False,Storm,0.0
2024-08-19 00:00:00+00:00,0.0,0.0,0.8241758241758241,True,0.3394195730387285,True,57.862593750499855,False,0.7964616680033983,True,False,Storm,0.0
2024-08-20 00:00:00+00:00,0.0,0.0,0.8214285714285714,True,0.36465314220374534,True,57.82693038959056,False,0.7838074213650159,True,False,Storm,0.0
2024-08-21 00:00:00+00:00,0.0,0.0,0.7912087912087912,True,0.3107876021531404,True,56.68983322094027,False,0.7618361650106173,True,False,Storm,0.0
2024-08-22 00:00:00+00:00,0.0,0.0,0.6043956043956044,True,0.334795122350183,True,69.91663831078743,False,0.7423783432110382,True,False,Storm,0.0
2024-08-23 00:00:00+00:00,0.14285714285714285,0.0,0.6071428571428571,True,0.22391067474311965,True,67.8149718371022,False,0.7241012981355561,False,False,Downtrend,0.04285714285714285
2024-08-24 00:00:00+00:00,0.14285714285714285,0.0,0.6153846153846154,True,0.16937964517899015,True,65.62039155067028,False,0.7137596207515515,False,False,Downtrend,0.04285714285714285
2024-08-25 00:00:00+00:00,0.14285714285714285,0.0,0.5274725274725275,True,0.2269654621509497,True,62.90930412982677,False,0.6942922948718616,False,False,Downtrend,0.04285714285714285
2024-08-26 00:00:00+00:00,0.14285714285714285,0.0,0.3708791208791209,False,0.24003377665188966,True,60.088418555241155,True,0.6772721363004914,False,False,Downtrend,0.10714285714285714
2024-08-27 00:00:00+00:00,0.0,0.0,0.6208791208791209,True,0.3162135140497412,True,51.57951976742888,False,0.6982397222820196,False,True,Downtrend,0.0
2024-08-28 00:00:00+00:00,0.0,0.0,0.6208791208791209,True,0.3042894977274568,True,51.305573447852616,False,0.7061895242754913,False,True,Downtrend,0.0
2024-08-29 00:00:00+00:00,0.0,0.0,0.5879120879120879,True,0.2940209992645564,True,49.657979585624446,False,0.6961996293841975,False,True,Downtrend,0.0
2024-08-30 00:00:00+00:00,0.0,0.0,0.6071428571428571,True,0.2814105167594429,True,50.60561458596116,False,0.6972351081956011,False,True,Downtrend,0.0
2024-08-31 00:00:00+00:00,0.0,0.0,0.6098901098901099,True,0.27670165566497135,True,50.60188020289252,False,0.6764275734782974,False,True,Downtrend,0.0
2024-09-01 00:00:00+00:00,0.0,0.0,0.6208791208791209,True,0.2380719168105652,True,51.10387389826065,False,0.6894105053730784,False,True,Downtrend,0.0
2024-09-02 00:00:00+00:00,0.0,0.0,0.6648351648351648,True,0.15267089511418047,False,52.390340300229916,False,0.6775025574420656,False,True,Downtrend,0.0
2024-09-03 00:00:00+00:00,0.0,0.0,0.6730769230769231,True,0.11497716855147873,False,52.445517249396126,False,0.6715181061297315,False,True,Downtrend,0.0
2024-09-04 00:00:00+00:00,0.0,0.0,0.717032967032967,True,0.015188044783257955,False,46.691640578556445,False,0.6687518039435236,False,False,Downtrend,0.0
2024-09-05 00:00:00+00:00,0.0,0.0,0.7307692307692307,True,0.04428616559924177,False,47.90905262314738,False,0.6630972997317945,False,False,Downtrend,0.0
2024-09-06 00:00:00+00:00,0.0,0.0,0.7747252747252747,True,0.055609949909894624,False,39.491758075594376,False,0.7056769989939726,False,False,Downtrend,0.0
2024-09-07 00:00:00+00:00,0.0,0.0,0.7747252747252747,True,0.22433126330341654,True,41.125108375836184,False,0.6907518927569806,False,False,Downtrend,0.0
2024-09-08 00:00:00+00:00,0.0,0.0,0.7802197802197802,True,0.17101949127544178,True,43.62034826501592,False,0.6777628799325858,False,False,Downtrend,0.0
2024-09-09 00:00:00+00:00,0.0,0.0,0.7802197802197802,True,0.13805612216770488,False,47.93219717522289,False,0.6718823806481232,False,False,Downtrend,0.0
2024-09-10 00:00:00+00:00,0.0,0.0,0.7005494505494505,True,0.09330231829924289,False,51.22509971034325,False,0.6566819390104273,False,False,Downtrend,0.0
2024-09-11 00:00:00+00:00,0.0,0.0,0.6840659340659341,True,0.22867086370797202,True,50.68881065218871,False,0.6599166882375681,False,False,Downtrend,0.0
2024-09-12 00:00:00+00:00,0.0,0.0,0.6785714285714286,True,0.20390476304480518,True,53.09526954335125,False,0.6435845176795265,False,False,Downtrend,0.0
2024-09-13 00:00:00+00:00,0.0,0.0,0.6840659340659341,True,0.13018825927531288,False,53.24007110155899,False,0.6282694651706037,False,False,Downtrend,0.0
2024-09-14 00:00:00+00:00,0.0,0.0,0.7005494505494505,True,0.09291046143696617,False,53.72727893630815,False,0.6104992242381364,False,False,Downtrend,0.0
2024-09-15 00:00:00+00:00,0.0,0.0,0.7115384615384616,True,0.16121474902529853,False,54.3924838484981,False,0.5989699162431311,False,False,Downtrend,0.0
2024-09-16 00:00:00+00:00,0.0,0.0,0.6840659340659341,True,0.18595549852731053,True,54.14966922150753,False,0.599674218693864,False,False,Downtrend,0.0
2024-09-17 00:00:00+00:00,0.0,0.0,0.6758241758241759,True,0.15375559486097434,False,60.3826837829708,False,0.5957841373570955,False,False,Downtrend,0.0
2024-09-18 00:00:00+00:00,0.0,0.0,0.6016483516483516,True,0.14804900823406245,False,61.193053694642,False,0.590242038759645,False,False,Downtrend,0.0
2024-09-19 00:00:00+00:00,0.14285714285714285,0.0,0.6043956043956044,True,0.05998428067358991,False,57.97071761352379,False,0.5791609308712984,False,False,Downtrend,0.04285714285714285
2024-09-20 00:00:00+00:00,0.2857142857142857,0.0,0.4065934065934066,False,0.03782739443422635,False,54.189516397105784,False,0.5745157899208351,False,False,Downtrend,0.14285714285714285
2024-09-21 00:00:00+00:00,0.42857142857142855,0.0,0.3901098901098901,False,0.005588022010834797,False,51.04273252627962,False,0.5616838838530495,False,False,Downtrend,0.21428571428571427
2024-09-22 00:00:00+00:00,0.42857142857142855,0.0,0.3901098901098901,False,0.10269120210045037,False,51.65678742758327,False,0.5564041876893178,False,False,Downtrend,0.21428571428571427
2024-09-23 00:00:00+00:00,0.42857142857142855,0.0,0.4230769230769231,False,0.0662202014564834,False,46.60203267186397,False,0.5487589690558492,False,False,Downtrend,0.21428571428571427
2024-09-24 00:00:00+00:00,0.42857142857142855,0.0,0.4175824175824176,False,0.05128445683066154,False,46.597359784801725,False,0.5396267893501762,False,False,Downtrend,0.21428571428571427
2024-09-25 00:00:00+00:00,0.42857142857142855,0.0,0.41483516483516486,False,0.05525208005891206,False,46.78896662285781,False,0.5329365041462005,False,False,Downtrend,0.21428571428571427
2024-09-26 00:00:00+00:00,0.42857142857142855,0.0,0.42857142857142855,False,0.10609469860080917,False,47.527614685936506,False,0.5260354240510887,False,False,Downtrend,0.21428571428571427
2024-09-27 00:00:00+00:00,0.42857142857142855,0.0,0.40934065934065933,False,0.10128172294784071,False,45.079246048289704,False,0.5175574359665946,False,False,Downtrend,0.21428571428571427
2024-09-28 00:00:00+00:00,0.42857142857142855,0.0,0.40384615384615385,False,0.08899715402054884,False,44.84777028933984,False,0.5039372776593001,False,False,Downtrend,0.21428571428571427
2024-09-29 00:00:00+00:00,0.42857142857142855,0.0,0.2967032967032967,False,0.07860444561231669,False,42.5217572650868,False,0.49152930190647137,False,False,Downtrend,0.21428571428571427
2024-09-30 00:00:00+00:00,0.42857142857142855,0.0,0.29395604395604397,False,0.05196696294397898,False,43.533370758603915,False,0.49279411123896977,False,False,Downtrend,0.21428571428571427
2024-10-01 00:00:00+00:00,0.42857142857142855,0.0,0.4532967032967033,False,0.012371006888974925,False,47.545111885717986,False,0.5130785576053382,False,False,Downtrend,0.21428571428571427
2024-10-02 00:00:00+00:00,0.0,0.0,0.5082417582417582,True,0.09907087233182008,False,55.53519227641161,False,0.5300345297972466,False,False,Downtrend,0.0
2024-10-03 00:00:00+00:00,0.0,0.0,0.4835164835164835,False,0.04555851272488053,False,50.849548500258614,False,0.5377248589534964,False,False,Downtrend,0.0
2024-10-04 00:00:00+00:00,0.0,0.0,0.4423076923076923,False,0.021401030551002957,False,50.08173743868476,False,0.5355498901385716,False,False,Downtrend,0.0
2024-10-05 00:00:00+00:00,0.0,0.0,0.4175824175824176,False,0.028398357416709465,False,48.70039265430788,False,0.5249111690933572,False,False,Downtrend,0.0
2024-10-06 00:00:00+00:00,0.0,0.0,0.3901098901098901,False,0.1435521813515827,False,47.24076890035119,False,0.5132027907467508,False,False,Downtrend,0.0
2024-10-07 00:00:00+00:00,0.0,0.0,0.33516483516483514,False,0.10177507524107864,False,46.04252119759385,False,0.5326913715030068,False,False,Downtrend,0.0
2024-10-08 00:00:00+00:00,0.0,0.0,0.3269230769230769,False,0.09836615858879927,False,45.66682557029848,False,0.525148230789511,False,False,Downtrend,0.0
2024-10-09 00:00:00+00:00,0.0,0.0,0.34065934065934067,False,0.007472904759633917,False,45.74107218781367,False,0.5394651113841596,False,False,Downtrend,0.0
2024-10-10 00:00:00+00:00,0.0,0.0,0.33516483516483514,False,0.0013952177708132817,False,45.296681440248314,False,0.5346122297676418,False,False,Downtrend,0.0
2024-10-11 00:00:00+00:00,0.0,0.0,0.31043956043956045,False,0.06777350840062726,False,46.90042270617511,False,0.5206699169575503,False,False,Downtrend,0.0
2024-10-12 00:00:00+00:00,0.0,0.0,0.31868131868131866,False,0.07768516636172654,False,48.98889050653136,False,0.505816788202769,False,False,Downtrend,0.0
2024-10-13 00:00:00+00:00,0.0,0.0,0.3159340659340659,False,0.02114158889141801,False,50.942569281026174,False,0.494118381734721,False,False,Downtrend,0.0
2024-10-14 00:00:00+00:00,0.5714285714285714,0.0,0.4945054945054945,False,0.13719551655406273,False,54.69531941642342,False,0.49672041316022086,False,False,Bear rally,0.2857142857142857
2024-10-15 00:00:00+00:00,0.5714285714285714,0.0,0.29120879120879123,False,0.1987202663155811,True,49.12733487910433,True,0.5512653379302517,False,False,Bear rally,0.42857142857142855
2024-10-16 00:00:00+00:00,0.5714285714285714,0.0,0.1978021978021978,False,0.21765111785812857,True,46.64212859719751,True,0.5385591848642369,False,False,Bear rally,0.42857142857142855
2024-10-17 00:00:00+00:00,0.5714285714285714,0.0,0.17582417582417584,False,0.18744940996038,True,48.16717163495875,True,0.5347407327716928,False,False,Bear rally,0.42857142857142855
2024-10-18 00:00:00+00:00,0.5714285714285714,0.0,0.1510989010989011,False,0.18941776455588613,True,47.465858267683274,True,0.5277367807369313,False,False,Bear rally,0.42857142857142855
2024-10-19 00:00:00+00:00,0.5714285714285714,0.0,0.14560439560439561,False,0.13785907471164768,False,47.29273746538872,False,0.512851018738518,False,False,Bear rally,0.2857142857142857
2024-10-20 00:00:00+00:00,0.5714285714285714,0.0,0.18681318681318682,False,0.13949274000105255,False,42.63517332440963,False,0.5012078110016556,False,False,Bear rally,0.2857142857142857
2024-10-21 00:00:00+00:00,0.5714285714285714,0.0,0.17307692307692307,False,0.03995291001397964,False,41.6177391609118,False,0.49093328003070347,False,False,Bear rally,0.2857142857142857
2024-10-22 00:00:00+00:00,0.5714285714285714,0.0,0.16758241758241757,False,0.030482870245481488,False,41.61428396058397,False,0.4881815963321928,False,False,Bear rally,0.2857142857142857
2024-10-23 00:00:00+00:00,0.5714285714285714,0.0,0.25,False,0.08716217178840571,False,43.19369398823399,False,0.497820516744846,False,False,Bear rally,0.2857142857142857
2024-10-24 00:00:00+00:00,0.5714285714285714,0.0,0.21428571428571427,False,0.08331913685405996,False,46.905342408186044,False,0.4892123175325931,False,False,Bear rally,0.2857142857142857
2024-10-25 00:00:00+00:00,0.14285714285714285,0.0,0.3598901098901099,False,0.09738249170015721,False,49.55609079471531,False,0.5036883421440433,False,False,Downtrend,0.07142857142857142
2024-10-26 00:00:00+00:00,0.14285714285714285,0.0,0.3708791208791209,False,0.10543324438686785,False,50.12700575778671,False,0.4924510364069181,False,False,Downtrend,0.07142857142857142
2024-10-27 00:00:00+00:00,0.14285714285714285,0.0,0.3873626373626374,False,0.1349018757454188,False,50.525100123495676,False,0.479700118648443,False,False,Downtrend,0.07142857142857142
2024-10-28 00:00:00+00:00,0.14285714285714285,0.0,0.21153846153846154,False,0.07565787163514548,False,48.05556987854613,False,0.47623552152474535,False,False,Downtrend,0.07142857142857142
2024-10-29 00:00:00+00:00,0.5714285714285714,0.0,0.17307692307692307,False,0.012736525811428836,False,47.20345766484369,False,0.4754644917675124,False,False,Bear rally,0.2857142857142857
2024-10-30 00:00:00+00:00,0.5714285714285714,0.0,0.22527472527472528,False,0.03948316974435758,False,48.95250035667129,False,0.4784311168174709,False,False,Bear rally,0.2857142857142857
2024-10-31 00:00:00+00:00,0.5714285714285714,0.0,0.34065934065934067,False,0.04956676325256523,False,51.37666593796869,False,0.48882082370124097,False,False,Bear rally,0.2857142857142857
2024-11-01 00:00:00+00:00,0.5714285714285714,0.0,0.39285714285714285,False,0.10899934181820857,False,52.37410611623701,False,0.5042019443685413,False,False,Bear rally,0.2857142857142857
2024-11-02 00:00:00+00:00,0.42857142857142855,0.0,0.3956043956043956,False,0.10657703461558313,False,52.88644287351138,False,0.4911002818229328,False,False,Downtrend,0.21428571428571427
2024-11-03 00:00:00+00:00,0.2857142857142857,0.0,0.3708791208791209,False,0.032643588081925565,False,51.95158297692695,False,0.4979353894956491,False,False,Downtrend,0.14285714285714285
2024-11-04 00:00:00+00:00,0.0,0.0,0.40934065934065933,False,0.011865861663528748,False,54.66622176343878,False,0.5143754208571368,False,False,Downtrend,0.0
2024-11-05 00:00:00+00:00,0.0,0.0,0.4368131868131868,False,0.012618205442864369,False,55.48947228473976,False,0.5213271160535198,False,False,Downtrend,0.0
2024-11-06 00:00:00+00:00,0.7142857142857143,0.0,0.6703296703296703,True,0.17942781742937672,True,56.589619677562006,False,0.5192295635107786,False,False,Bear rally,0.21428571428571427
2024-11-07 00:00:00+00:00,0.7142857142857143,0.0,0.739010989010989,True,0.24939650632022464,True,46.08852064013605,False,0.5344996137918461,False,False,Bear rally,0.21428571428571427
2024-11-08 00:00:00+00:00,0.8571428571428571,0.0,0.6978021978021978,True,0.32513279591769406,True,40.06044825058316,False,0.5396711716211763,False,False,Bear rally,0.2571428571428571
2024-11-09 00:00:00+00:00,1.0,1.0,0.7307692307692307,True,0.3760612500127096,True,33.22573673194387,True,0.5314371616845913,False,False,Calm uptrend,1.5
2024-11-10 00:00:00+00:00,1.0,1.0,0.7472527472527473,True,0.37732431595983784,True,31.351526139515556,True,0.5408447036271015,False,False,Calm uptrend,1.5
2024-11-11 00:00:00+00:00,1.0,1.0,0.7692307692307693,True,0.42176406013691464,True,28.798036686260502,True,0.5558952878663457,False,False,Calm uptrend,1.5
2024-11-12 00:00:00+00:00,1.0,1.0,0.7802197802197802,True,0.3455026997623497,True,28.74573813493555,True,0.5916213261779352,False,False,Calm uptrend,1.5
2024-11-13 00:00:00+00:00,1.0,1.0,0.7857142857142857,True,0.2606298660307217,True,30.2162465821545,True,0.6289306931401518,False,False,Calm uptrend,1.5
2024-11-14 00:00:00+00:00,1.0,1.0,0.7884615384615384,True,0.2011173931058451,True,30.93071722894396,True,0.6561447553184643,False,False,Calm uptrend,1.5
2024-11-15 00:00:00+00:00,1.0,1.0,0.7774725274725275,True,0.21078692435332608,True,30.89101522185294,True,0.6602693440365773,False,False,Calm uptrend,1.5
2024-11-16 00:00:00+00:00,1.0,1.0,0.7939560439560439,True,0.22821131206241846,True,32.32448970555581,True,0.6519312328148809,False,False,Calm uptrend,1.5
2024-11-17 00:00:00+00:00,1.0,1.0,0.7939560439560439,True,0.18618753943014588,True,32.94050411272937,True,0.6579594663065428,False,False,Calm uptrend,1.5
2024-11-18 00:00:00+00:00,1.0,1.0,0.7939560439560439,True,0.22786500749234492,True,34.35532105249541,True,0.6624583596425083,False,False,Calm uptrend,1.5
2024-11-19 00:00:00+00:00,1.0,1.0,0.7967032967032966,True,0.1467065990095586,False,36.60041896262481,True,0.6632536297655847,False,False,Calm uptrend,1.5
2024-11-20 00:00:00+00:00,1.0,1.0,0.717032967032967,True,0.1670027953204265,True,45.83764905465098,False,0.6525053842322504,False,False,Volatile uptrend,0.6
2024-11-21 00:00:00+00:00,1.0,1.0,0.7472527472527473,True,0.2759061994203334,True,58.85368322243417,False,0.6727226369360916,False,False,Volatile uptrend,0.6
2024-11-22 00:00:00+00:00,1.0,1.0,0.7554945054945055,True,0.31052027233397633,True,64.78168484866924,False,0.6694745051658483,False,False,Volatile uptrend,0.6
2024-11-23 00:00:00+00:00,1.0,1.0,0.7417582417582418,True,0.3248556663953509,True,64.96640478864343,False,0.6608642642019417,False,False,Volatile uptrend,0.6
2024-11-24 00:00:00+00:00,1.0,1.0,0.7335164835164835,True,0.35695784347178705,True,64.81184199635263,False,0.6526586252783091,False,False,Volatile uptrend,0.6
2024-11-25 00:00:00+00:00,1.0,1.0,0.728021978021978,True,0.359787828718788,True,60.626332760435695,False,0.6770253090792483,False,False,Volatile uptrend,0.6
2024-11-26 00:00:00+00:00,1.0,1.0,0.7252747252747253,True,0.3077146182618096,True,60.27478270222381,False,0.6788266739026428,False,False,Volatile uptrend,0.6
2024-11-27 00:00:00+00:00,1.0,1.0,0.760989010989011,True,0.3713787324280878,True,53.88858811503273,False,0.6634131465385579,False,False,Volatile uptrend,0.6
2024-11-28 00:00:00+00:00,1.0,1.0,0.7417582417582418,True,0.3211587805403041,True,52.78648618119052,False,0.6542067387432646,False,False,Volatile uptrend,0.6
2024-11-29 00:00:00+00:00,1.0,1.0,0.7307692307692307,True,0.3195383403541217,True,53.598555053461965,False,0.6410754633679163,False,False,Volatile uptrend,0.6
2024-11-30 00:00:00+00:00,1.0,1.0,0.728021978021978,True,0.4099304323159361,True,50.91209299244345,False,0.6293165914818352,False,False,Volatile uptrend,0.6
2024-12-01 00:00:00+00:00,1.0,1.0,0.717032967032967,True,0.41422634713949313,True,49.94211149657882,False,0.6203883769016454,False,False,Volatile uptrend,0.6
2024-12-02 00:00:00+00:00,1.0,1.0,0.717032967032967,True,0.3916095592820656,True,49.68350413644387,False,0.6380388399765221,False,False,Volatile uptrend,0.6
2024-12-03 00:00:00+00:00,1.0,1.0,0.7115384615384616,True,0.3952182142442278,True,49.881471796947224,False,0.632994108508168,False,False,Volatile uptrend,0.6
2024-12-04 00:00:00+00:00,1.0,1.0,0.7554945054945055,True,0.4657797075752821,True,45.87566678478028,False,0.6404746747114423,False,False,Volatile uptrend,0.6
2024-12-05 00:00:00+00:00,1.0,1.0,0.6978021978021978,True,0.43689102492168874,True,52.21751831025175,False,0.6436020589009874,False,False,Volatile uptrend,0.6
2024-12-06 00:00:00+00:00,1.0,1.0,0.7142857142857143,True,0.42099086149829223,True,47.59831862066447,False,0.6388090663540142,False,False,Volatile uptrend,0.6
2024-12-07 00:00:00+00:00,1.0,1.0,0.7005494505494505,True,0.3845589494020688,True,45.90418363891623,False,0.6217741908387402,False,False,Volatile uptrend,0.6
2024-12-08 00:00:00+00:00,1.0,1.0,0.6703296703296703,True,0.37175198465060866,True,44.85674621615342,False,0.607929870365231,False,False,Volatile uptrend,0.6
2024-12-09 00:00:00+00:00,1.0,1.0,0.782967032967033,True,0.1998117139826244,True,48.18340673615338,False,0.6373401395488744,False,False,Volatile uptrend,0.6
2024-12-10 00:00:00+00:00,1.0,1.0,0.7939560439560439,True,0.15042961540801628,False,51.22546094300335,False,0.683180459797754,False,False,Volatile uptrend,0.6
2024-12-11 00:00:00+00:00,1.0,1.0,0.7472527472527473,True,0.1547665487416095,False,60.987267571512554,False,0.6776350371579617,False,False,Volatile uptrend,0.6
2024-12-12 00:00:00+00:00,1.0,1.0,0.7527472527472527,True,0.2202648800787387,True,61.73351383985382,False,0.6798177008994791,False,False,Volatile uptrend,0.6
2024-12-13 00:00:00+00:00,1.0,1.0,0.7472527472527473,True,0.25125340409189306,True,61.756642301563595,False,0.6712273094089125,False,False,Volatile uptrend,0.6
2024-12-14 00:00:00+00:00,1.0,1.0,0.7335164835164835,True,0.2926990264647213,True,61.11174599571068,False,0.6579439840920562,False,False,Volatile uptrend,0.6
2024-12-15 00:00:00+00:00,1.0,1.0,0.7445054945054945,True,0.307097576661319,True,61.81850155343305,False,0.6466320703465327,False,False,Volatile uptrend,0.6
2024-12-16 00:00:00+00:00,1.0,1.0,0.7417582417582418,True,0.30322961194199544,True,60.774024666783646,False,0.6494992039037183,False,False,Volatile uptrend,0.6
2024-12-17 00:00:00+00:00,1.0,1.0,0.7445054945054945,True,0.28660682024675244,True,61.63730247891923,False,0.6538150895188102,False,False,Volatile uptrend,0.6
2024-12-18 00:00:00+00:00,0.8571428571428571,1.0,0.7527472527472527,True,0.1403666282528877,False,61.848692560432525,False,0.6840283997646763,False,False,Volatile uptrend,0.5142857142857142
2024-12-19 00:00:00+00:00,0.7142857142857143,1.0,0.8159340659340659,True,0.10003974832523828,False,53.16975948847072,False,0.7416529264748466,False,False,Volatile uptrend,0.42857142857142855
2024-12-20 00:00:00+00:00,0.7142857142857143,1.0,0.8461538461538461,True,0.12924619240408722,False,44.58649693617513,False,0.8136697788395905,False,False,Volatile uptrend,0.42857142857142855
2024-12-21 00:00:00+00:00,0.7142857142857143,1.0,0.8846153846153846,True,0.005706755866403079,False,46.902206965661655,False,0.8011798377586553,False,False,Volatile uptrend,0.42857142857142855
2024-12-22 00:00:00+00:00,0.5714285714285714,1.0,0.8956043956043956,True,0.01537452613334859,False,47.87103399349256,False,0.8085430157247271,False,False,Volatile uptrend,0.3428571428571428
2024-12-23 00:00:00+00:00,0.5714285714285714,1.0,0.8186813186813187,True,0.009342926536261894,False,45.14310775843288,False,0.8172097857394464,False,False,Volatile uptrend,0.3428571428571428
2024-12-24 00:00:00+00:00,0.5714285714285714,1.0,0.804945054945055,True,0.042557445134495456,False,44.176288287268335,False,0.8008825912045735,False,False,Volatile uptrend,0.3428571428571428
2024-12-25 00:00:00+00:00,0.5714285714285714,1.0,0.7692307692307693,True,0.02703694601458186,False,42.010768785653944,False,0.7811551992870367,False,False,Volatile uptrend,0.3428571428571428
2024-12-26 00:00:00+00:00,0.5714285714285714,1.0,0.7884615384615384,True,0.0033035205541720263,False,42.25486767332884,False,0.7663716782318184,False,False,Volatile uptrend,0.3428571428571428
2024-12-27 00:00:00+00:00,0.5714285714285714,1.0,0.7939560439560439,True,0.1143289249284036,False,42.52598755268125,False,0.765637680001995,False,False,Volatile uptrend,0.3428571428571428
2024-12-28 00:00:00+00:00,0.5714285714285714,1.0,0.7939560439560439,True,0.06258302213088045,False,42.35982902330031,False,0.7430037315185625,False,False,Volatile uptrend,0.3428571428571428
2024-12-29 00:00:00+00:00,0.5714285714285714,1.0,0.782967032967033,True,0.08338432913693877,False,41.670004526608736,False,0.7232373156564331,False,False,Volatile uptrend,0.3428571428571428
2024-12-30 00:00:00+00:00,0.5714285714285714,1.0,0.7554945054945055,True,0.12560088202866582,False,43.07905741099718,False,0.7300005725644945,False,False,Volatile uptrend,0.3428571428571428
2024-12-31 00:00:00+00:00,0.5714285714285714,1.0,0.7445054945054945,True,0.13492274858174783,False,48.17330701187838,False,0.7134616173813028,False,False,Volatile uptrend,0.3428571428571428
2025-01-01 00:00:00+00:00,0.5714285714285714,1.0,0.6813186813186813,True,0.10485059974957953,False,55.05125747226509,False,0.6936206220045162,False,False,Volatile uptrend,0.3428571428571428
2025-01-02 00:00:00+00:00,0.5714285714285714,1.0,0.5631868131868132,True,0.05742920776328354,False,63.23136538908691,False,0.6785098199126574,False,False,Volatile uptrend,0.3428571428571428
2025-01-03 00:00:00+00:00,0.5714285714285714,1.0,0.38461538461538464,False,0.0848662222865176,False,63.646857245572974,False,0.6644736820819741,False,False,Uptrend,0.5714285714285714
2025-01-04 00:00:00+00:00,0.7142857142857143,1.0,0.2802197802197802,False,0.047682040458389585,False,57.11677951456495,False,0.6467901240255348,False,False,Uptrend,0.7142857142857143
2025-01-05 00:00:00+00:00,0.7142857142857143,1.0,0.21153846153846154,False,0.1452461194854266,False,54.914366904726414,False,0.627608726357738,False,False,Uptrend,0.7142857142857143
2025-01-06 00:00:00+00:00,0.8571428571428571,1.0,0.10164835164835165,False,0.12121985403523097,False,54.1220323359483,False,0.6154125826623161,False,False,Uptrend,0.8571428571428571
2025-01-07 00:00:00+00:00,0.7142857142857143,1.0,0.2857142857142857,False,0.21889365291347446,True,57.3461681050681,True,0.6414020396558806,False,False,Calm uptrend,1.0714285714285714
2025-01-08 00:00:00+00:00,0.7142857142857143,1.0,0.3598901098901099,False,0.14755280427420256,False,51.6875729027796,False,0.6466648709042211,False,False,Uptrend,0.7142857142857143
2025-01-09 00:00:00+00:00,0.42857142857142855,1.0,0.3598901098901099,False,0.15543716584144315,False,48.09920740622673,False,0.6641788807156449,False,False,Fading uptrend,0.42857142857142855
2025-01-10 00:00:00+00:00,0.42857142857142855,1.0,0.35714285714285715,False,0.22810787232066046,True,47.934819257103605,True,0.6601541207276348,False,False,Fading uptrend,0.6428571428571428
2025-01-11 00:00:00+00:00,0.42857142857142855,1.0,0.3543956043956044,False,0.24521270496502706,True,47.864956851811336,True,0.6426267686910505,False,False,Fading uptrend,0.6428571428571428
2025-01-12 00:00:00+00:00,0.42857142857142855,1.0,0.3516483516483517,False,0.26292851797945915,True,47.64339262880045,True,0.62708414699326,False,False,Fading uptrend,0.6428571428571428
2025-01-13 00:00:00+00:00,0.42857142857142855,1.0,0.6098901098901099,True,0.29015244506038407,True,39.66864950894459,False,0.6512771794263917,False,False,Fading uptrend,0.2571428571428571
2025-01-14 00:00:00+00:00,0.42857142857142855,1.0,0.6126373626373627,True,0.29049991682575405,True,39.597789085036396,False,0.6422146275313766,False,False,Fading uptrend,0.2571428571428571
2025-01-15 00:00:00+00:00,0.42857142857142855,1.0,0.6923076923076923,True,0.19633127230536504,True,43.089949246270685,False,0.6363685203740017,False,False,Fading uptrend,0.2571428571428571
2025-01-16 00:00:00+00:00,0.42857142857142855,1.0,0.7060439560439561,True,0.21088759103035554,True,43.672741777707756,False,0.6504013799669098,False,False,Fading uptrend,0.2571428571428571
2025-01-17 00:00:00+00:00,0.42857142857142855,1.0,0.717032967032967,True,0.05729901203440115,False,43.84154162507892,False,0.6442141128197639,False,False,Fading uptrend,0.2571428571428571
2025-01-18 00:00:00+00:00,0.42857142857142855,1.0,0.7802197802197802,True,0.041569999619670714,False,46.19655148314259,False,0.6646890671554523,False,False,Fading uptrend,0.2571428571428571
2025-01-19 00:00:00+00:00,0.42857142857142855,1.0,0.8269230769230769,True,0.0964079064308188,False,49.28384455201535,False,0.738360650551829,False,False,Fading uptrend,0.2571428571428571
2025-01-20 00:00:00+00:00,0.42857142857142855,1.0,0.8818681318681318,True,0.021104569838756814,False,53.50855390104957,False,0.7786074438995524,False,False,Fading uptrend,0.2571428571428571
2025-01-21 00:00:00+00:00,0.42857142857142855,1.0,0.8269230769230769,True,0.017657306864756094,False,60.927862121063626,False,0.7682521204517191,False,False,Fading uptrend,0.2571428571428571
2025-01-22 00:00:00+00:00,0.42857142857142855,1.0,0.8186813186813187,True,0.07103518794142857,False,60.12037526876764,False,0.7556259213759239,False,False,Fading uptrend,0.2571428571428571
2025-01-23 00:00:00+00:00,0.42857142857142855,1.0,0.8021978021978022,True,0.06058414421035752,False,59.65284914827213,False,0.7482112344066385,False,False,Fading uptrend,0.2571428571428571
2025-01-24 00:00:00+00:00,0.42857142857142855,1.0,0.8021978021978022,True,0.07238317268407535,False,59.95720364358296,False,0.7423454676227793,False,True,Fading uptrend,0.19285714285714284
2025-01-25 00:00:00+00:00,0.42857142857142855,1.0,0.7994505494505495,True,0.006702457018641807,False,59.691448168558914,False,0.7240859270332842,False,True,Fading uptrend,0.19285714285714284
2025-01-26 00:00:00+00:00,0.42857142857142855,1.0,0.8159340659340659,True,0.04014194893339385,False,60.41580535130548,False,0.7115346088125386,False,True,Fading uptrend,0.19285714285714284
2025-01-27 00:00:00+00:00,0.42857142857142855,1.0,0.6978021978021978,True,0.08886357620143906,False,64.82659980260269,False,0.7217716326909122,False,True,Fading uptrend,0.19285714285714284
2025-01-28 00:00:00+00:00,0.2857142857142857,1.0,0.7115384615384616,True,0.10929793056938757,False,65.52374259496357,False,0.7174481694362266,False,True,Fading uptrend,0.12857142857142856
2025-01-29 00:00:00+00:00,0.2857142857142857,1.0,0.6263736263736264,True,0.09605312093225069,False,63.34969703846384,False,0.7003634897435493,False,True,Fading uptrend,0.12857142857142856
2025-01-30 00:00:00+00:00,0.2857142857142857,1.0,0.6318681318681318,True,0.03359336383333779,False,63.30771748573877,False,0.6864156074953681,False,True,Fading uptrend,0.12857142857142856
2025-01-31 00:00:00+00:00,0.2857142857142857,1.0,0.6373626373626373,True,0.021820840574491893,False,65.80559788731215,False,0.6889975783334563,False,True,Fading uptrend,0.12857142857142856
2025-02-01 00:00:00+00:00,0.2857142857142857,1.0,0.6098901098901099,True,0.12033652802442822,False,68.67894123330684,False,0.6850290737423887,False,True,Fading uptrend,0.12857142857142856
2025-02-02 00:00:00+00:00,0.0,0.0,0.7637362637362637,True,0.25455603414142053,True,51.693475626726105,False,0.7122567795376803,False,True,Downtrend,0.0
2025-02-03 00:00:00+00:00,0.0,0.0,1.0,True,0.27103260149158975,True,34.195397717458135,True,1.0149918308047037,True,False,Storm,0.0
2025-02-04 00:00:00+00:00,0.0,0.0,1.0,True,0.3021478948493267,True,35.26347237454338,True,1.0611241350223444,True,False,Storm,0.0
2025-02-05 00:00:00+00:00,0.0,0.0,1.0,True,0.29971734840808484,True,35.08864325675784,True,1.0477149680203768,True,False,Storm,0.0
2025-02-06 00:00:00+00:00,0.0,0.0,1.0,True,0.24848424147687642,True,35.53653598266889,True,1.03469889464086,True,False,Storm,0.0
2025-02-07 00:00:00+00:00,0.0,0.0,1.0,True,0.2513016054024197,True,36.46210979220808,True,1.025333527294439,True,False,Storm,0.0
2025-02-08 00:00:00+00:00,0.0,0.0,1.0,True,0.216635529201527,True,36.42326070149436,True,0.99826898371211,True,False,Storm,0.0
2025-02-09 00:00:00+00:00,0.0,0.0,1.0,True,0.24002010608208987,True,36.93742112773974,True,0.995212636730413,True,False,Storm,0.0
2025-02-10 00:00:00+00:00,0.0,0.0,0.9972527472527473,True,0.23160263479478993,True,35.83255319080524,True,0.9810351397084678,True,False,Storm,0.0
2025-02-11 00:00:00+00:00,0.0,0.0,0.9972527472527473,True,0.24373796820856936,True,35.65064525002626,True,0.9705529141267982,True,False,Storm,0.0
2025-02-12 00:00:00+00:00,0.0,0.0,1.0,True,0.14607909141468847,False,36.98020846257594,True,0.9474372302406977,False,False,Downtrend,0.0
2025-02-13 00:00:00+00:00,0.0,0.0,0.9972527472527473,True,0.20306428497554782,True,36.45593191867822,True,0.9258928240341645,False,False,Downtrend,0.0
2025-02-14 00:00:00+00:00,0.0,0.0,0.9945054945054945,True,0.2866154982599318,True,38.549924180197735,False,0.9045731069114141,False,False,Downtrend,0.0
2025-02-15 00:00:00+00:00,0.0,0.0,0.9862637362637363,True,0.25403663850967595,True,42.473428222986364,False,0.8784972798645212,False,False,Downtrend,0.0
2025-02-16 00:00:00+00:00,0.0,0.0,0.9642857142857143,True,0.35514648010494093,True,48.3088407558403,False,0.8540515627361053,False,False,Downtrend,0.0
2025-02-17 00:00:00+00:00,0.0,0.0,0.6373626373626373,True,0.25577659593777774,True,68.7989349698452,False,0.8591652648402514,False,False,Downtrend,0.0
2025-02-18 00:00:00+00:00,0.0,0.0,0.5604395604395604,True,0.2487781640626788,True,70.32438475827989,False,0.8457394267921736,False,False,Downtrend,0.0
2025-02-19 00:00:00+00:00,0.0,0.0,0.5521978021978022,True,0.26346034423631237,True,69.48804807416477,False,0.8266874633999144,False,False,Downtrend,0.0
2025-02-20 00:00:00+00:00,0.0,0.0,0.510989010989011,True,0.2758772381389165,True,67.81203488765634,False,0.8042413500497093,False,False,Downtrend,0.0
2025-02-21 00:00:00+00:00,0.0,0.0,0.4945054945054945,False,0.27250672333703174,True,67.68916353771591,True,0.817647878132298,False,True,Downtrend,0.0
2025-02-22 00:00:00+00:00,0.0,0.0,0.5192307692307693,True,0.2697545894263745,True,68.94393300512124,False,0.7965771127887696,False,True,Downtrend,0.0
2025-02-23 00:00:00+00:00,0.14285714285714285,0.0,0.4807692307692308,False,0.22704965090653173,True,69.95646267098624,True,0.777753482972126,False,True,Downtrend,0.08035714285714285
2025-02-24 00:00:00+00:00,0.0,0.0,0.6868131868131868,True,0.3276877311922907,True,65.88897714780217,False,0.8142254967221378,False,True,Downtrend,0.0
2025-02-25 00:00:00+00:00,0.0,0.0,0.739010989010989,True,0.30845573307995283,True,53.90157193669385,False,0.8500079871603222,False,True,Downtrend,0.0
2025-02-26 00:00:00+00:00,0.0,0.0,0.7445054945054945,True,0.33867319939636276,True,50.04088202323106,False,0.865467208587805,False,True,Downtrend,0.0
2025-02-27 00:00:00+00:00,0.0,0.0,0.7554945054945055,True,0.31790332436047736,True,48.7206289012523,False,0.8643942476918368,False,True,Downtrend,0.0
2025-02-28 00:00:00+00:00,0.0,0.0,0.8351648351648352,True,0.35679357673030476,True,42.185345288116935,False,0.8917725747293,False,False,Downtrend,0.0
2025-03-01 00:00:00+00:00,0.0,0.0,0.8598901098901099,True,0.43964862257659676,True,43.15585270650463,False,0.8821123509543829,False,False,Downtrend,0.0
2025-03-02 00:00:00+00:00,0.0,0.0,0.9285714285714286,True,0.302281941387698,True,47.58496316150649,False,0.8924637979932636,False,False,Downtrend,0.0
2025-03-03 00:00:00+00:00,0.0,0.0,0.9423076923076923,True,0.34895065842805895,True,50.42811041634916,False,0.9836380000968598,True,False,Storm,0.0
2025-03-04 00:00:00+00:00,0.0,0.0,0.9505494505494505,True,0.2737717581827233,True,47.57568625580023,False,0.9980813868368513,True,False,Storm,0.0
2025-03-05 00:00:00+00:00,0.0,0.0,0.9560439560439561,True,0.2445585333614297,True,48.04515032459795,False,0.9766376690957997,False,False,Downtrend,0.0
2025-03-06 00:00:00+00:00,0.0,0.0,0.9615384615384616,True,0.2115342320042547,True,49.015845507948384,False,0.9678862416400604,False,False,Downtrend,0.0
2025-03-07 00:00:00+00:00,0.0,0.0,0.9587912087912088,True,0.25821896201288186,True,48.14041712268536,False,0.9887766622256975,True,False,Storm,0.0
2025-03-08 00:00:00+00:00,0.0,0.0,0.9587912087912088,True,0.19599616982601906,True,47.956941560850375,False,0.9635458900699729,False,False,Downtrend,0.0
2025-03-09 00:00:00+00:00,0.0,0.0,0.967032967032967,True,0.23291796831148098,True,49.91076052540849,False,0.9634617059049326,False,False,Downtrend,0.0
2025-03-10 00:00:00+00:00,0.0,0.0,0.9752747252747253,True,0.28126763970647517,True,54.81937851726457,False,1.0473829122821787,True,False,Storm,0.0
2025-03-11 00:00:00+00:00,0.0,0.0,0.989010989010989,True,0.25303188831001644,True,51.936413013255454,False,1.0503513849138044,True,False,Storm,0.0
2025-03-12 00:00:00+00:00,0.0,0.0,0.9697802197802198,True,0.2725765523133114,True,50.41446324828235,False,1.045665178667087,True,False,Storm,0.0
2025-03-13 00:00:00+00:00,0.0,0.0,0.9642857142857143,True,0.2686078252957233,True,49.78341210842603,False,1.0296331906421474,True,False,Storm,0.0
2025-03-14 00:00:00+00:00,0.0,0.0,0.9505494505494505,True,0.3108902996750509,True,47.76613881440356,False,0.9985287015644576,True,False,Storm,0.0
2025-03-15 00:00:00+00:00,0.0,0.0,0.945054945054945,True,0.2817315026697175,True,46.602194940228834,False,0.9686354379854792,False,False,Downtrend,0.0
2025-03-16 00:00:00+00:00,0.0,0.0,0.8956043956043956,True,0.31995469263068743,True,43.519279440956865,False,0.9475509649286407,False,False,Downtrend,0.0
2025-03-17 00:00:00+00:00,0.0,0.0,0.8736263736263736,True,0.2916997972219789,True,49.203421672520605,False,0.9212368013851389,False,False,Downtrend,0.0
2025-03-18 00:00:00+00:00,0.0,0.0,0.8324175824175825,True,0.2804937569415352,True,46.06421855509191,False,0.9005033702599657,False,False,Downtrend,0.0
2025-03-19 00:00:00+00:00,0.0,0.0,0.8406593406593407,True,0.26021097062372106,True,46.53477235215014,False,0.8895677774656909,False,False,Downtrend,0.0
2025-03-20 00:00:00+00:00,0.0,0.0,0.8379120879120879,True,0.26026972445143653,True,50.35672495312184,False,0.8771150731124158,False,False,Downtrend,0.0
2025-03-21 00:00:00+00:00,0.0,0.0,0.8159340659340659,True,0.2863050891469463,True,50.18710763408022,False,0.8526677154882726,False,False,Downtrend,0.0
2025-03-22 00:00:00+00:00,0.0,0.0,0.7994505494505495,True,0.2900490595953444,True,50.15673295299856,False,0.8266740588818136,False,False,Downtrend,0.0
2025-03-23 00:00:00+00:00,0.0,0.0,0.7252747252747253,True,0.25650725978675465,True,51.292595600685104,False,0.8033775218574044,False,False,Downtrend,0.0
2025-03-24 00:00:00+00:00,0.0,0.0,0.40384615384615385,False,0.2688971597091894,True,50.472553497557854,True,0.7862712890145489,False,False,Downtrend,0.0
2025-03-25 00:00:00+00:00,0.0,0.0,0.21978021978021978,False,0.3020273032618018,True,54.1031537074479,True,0.7681042342809313,False,False,Downtrend,0.0
2025-03-26 00:00:00+00:00,0.0,0.0,0.15384615384615385,False,0.22445889373830938,True,53.03656764897052,True,0.7557463423485685,False,False,Downtrend,0.0
2025-03-27 00:00:00+00:00,0.0,0.0,0.1043956043956044,False,0.22030589583781057,True,56.877237824774475,True,0.7390225800506846,False,False,Downtrend,0.0
2025-03-28 00:00:00+00:00,0.0,0.0,0.21978021978021978,False,0.20151132346265468,True,59.221591712276265,True,0.7449802840406569,False,True,Downtrend,0.0
2025-03-29 00:00:00+00:00,0.0,0.0,0.29945054945054944,False,0.21595288693584977,True,52.54101713322146,True,0.7332862872685068,False,False,Downtrend,0.0
2025-03-30 00:00:00+00:00,0.0,0.0,0.3076923076923077,False,0.19797351755900977,True,49.08788385370601,True,0.721041799600277,False,True,Downtrend,0.0
2025-03-31 00:00:00+00:00,0.0,0.0,0.3159340659340659,False,0.18236722782974857,True,49.24328702741762,True,0.7157605922724403,False,False,Downtrend,0.0
2025-04-01 00:00:00+00:00,0.0,0.0,0.3434065934065934,False,0.3148179526281469,True,50.63409479680836,True,0.6992664902845807,False,True,Downtrend,0.0
2025-04-02 00:00:00+00:00,0.0,0.0,0.3956043956043956,False,0.20956267807111598,True,51.60294664963773,True,0.7217445029258103,False,True,Downtrend,0.0
2025-04-03 00:00:00+00:00,0.0,0.0,0.38461538461538464,False,0.20991384928958262,True,49.06573963562868,True,0.7265439354724009,False,True,Downtrend,0.0
2025-04-04 00:00:00+00:00,0.0,0.0,0.40934065934065933,False,0.26249366509684685,True,49.57035488561549,True,0.7267729448751858,False,True,Downtrend,0.0
2025-04-05 00:00:00+00:00,0.0,0.0,0.4230769230769231,False,0.24925605068292334,True,50.162427676347754,True,0.7087426792717075,False,False,Downtrend,0.0
2025-04-06 00:00:00+00:00,0.0,0.0,0.7527472527472527,True,0.3197236252522603,True,38.5269809871419,False,0.7861086212258135,False,False,Downtrend,0.0
2025-04-07 00:00:00+00:00,0.0,0.0,0.8653846153846154,True,0.3782473195804358,True,33.62411724232749,True,0.916123821190753,False,False,Downtrend,0.0
2025-04-08 00:00:00+00:00,0.0,0.0,0.8818681318681318,True,0.33841889701424205,True,37.222276664567424,True,0.920840165275113,False,False,Downtrend,0.0
2025-04-09 00:00:00+00:00,0.0,0.0,0.9093406593406593,True,0.1180293640209277,False,42.27916551088191,False,0.9338468103659521,False,False,Downtrend,0.0
2025-04-10 00:00:00+00:00,0.0,0.0,0.9423076923076923,True,0.22976300928948612,True,46.27224230097565,False,0.9488176418839229,False,False,Downtrend,0.0
2025-04-11 00:00:00+00:00,0.0,0.0,0.9368131868131868,True,0.19226328269771278,True,48.744207009257146,False,0.9298801910133822,False,False,Downtrend,0.0
2025-04-12 00:00:00+00:00,0.0,0.0,0.9395604395604396,True,0.12183069397230738,False,48.87448313629198,False,0.9094858850586246,False,False,Downtrend,0.0
2025-04-13 00:00:00+00:00,0.0,0.0,0.9395604395604396,True,0.17356276713980026,False,48.991404474960035,False,0.9064838381112443,False,False,Downtrend,0.0
2025-04-14 00:00:00+00:00,0.0,0.0,0.9478021978021978,True,0.1732448866777226,False,49.325782842662775,False,0.898848085588277,False,False,Downtrend,0.0
2025-04-15 00:00:00+00:00,0.0,0.0,0.9423076923076923,True,0.16624856451594927,False,48.7458542427281,False,0.8775778483269886,False,False,Downtrend,0.0
2025-04-16 00:00:00+00:00,0.0,0.0,0.9093406593406593,True,0.19770121450612912,True,55.10886779152251,False,0.8820087229522681,False,False,Downtrend,0.0
2025-04-17 00:00:00+00:00,0.0,0.0,0.8983516483516484,True,0.1968541360190111,True,55.0994178437583,False,0.8667125338054191,False,False,Downtrend,0.0
2025-04-18 00:00:00+00:00,0.0,0.0,0.8956043956043956,True,0.2836770113965994,True,54.81925100236451,False,0.8402915817805596,False,False,Downtrend,0.0
2025-04-19 00:00:00+00:00,0.0,0.0,0.8928571428571429,True,0.2315373751765339,True,55.3852929348721,False,0.8154878410942222,False,False,Downtrend,0.0
2025-04-20 00:00:00+00:00,0.0,0.0,0.8626373626373627,True,0.23529814131942084,True,63.49408779581099,False,0.794317211409933,False,False,Downtrend,0.0
2025-04-21 00:00:00+00:00,0.0,0.0,0.8461538461538461,True,0.25054654024410067,True,60.27565936949773,False,0.7896053963314156,False,False,Downtrend,0.0
2025-04-22 00:00:00+00:00,0.14285714285714285,0.0,0.8489010989010989,True,0.14250985807791738,False,52.418607696291765,False,0.780256732602175,False,False,Downtrend,0.04285714285714285
2025-04-23 00:00:00+00:00,0.14285714285714285,0.0,0.728021978021978,True,0.16674533937073488,False,49.77066096552268,False,0.771692185565442,False,False,Downtrend,0.04285714285714285
2025-04-24 00:00:00+00:00,0.14285714285714285,0.0,0.5521978021978022,True,0.17175064008248667,False,49.958039139117936,False,0.7572922878691665,False,False,Downtrend,0.04285714285714285
2025-04-25 00:00:00+00:00,0.2857142857142857,0.0,0.5494505494505495,True,0.13351061935346015,False,53.95799483947797,False,0.7498916433759066,False,False,Downtrend,0.0857142857142857
2025-04-26 00:00:00+00:00,0.2857142857142857,0.0,0.510989010989011,True,0.10657228817314644,False,51.236591046310544,False,0.7310617022042595,False,False,Downtrend,0.0857142857142857
2025-04-27 00:00:00+00:00,0.2857142857142857,0.0,0.5027472527472527,True,0.06447851225036794,False,48.86106547560305,False,0.7217417623469163,False,False,Downtrend,0.0857142857142857
2025-04-28 00:00:00+00:00,0.2857142857142857,0.0,0.47527472527472525,False,0.01787434714263971,False,48.44586319354391,False,0.713168651941053,False,False,Downtrend,0.14285714285714285
2025-04-29 00:00:00+00:00,0.2857142857142857,0.0,0.4697802197802198,False,0.006367792947332685,False,47.92931593518526,False,0.6963864895221424,False,False,Downtrend,0.14285714285714285
2025-04-30 00:00:00+00:00,0.2857142857142857,0.0,0.4697802197802198,False,0.018606512925135037,False,48.24565395652239,False,0.702072213507768,False,False,Downtrend,0.14285714285714285
2025-05-01 00:00:00+00:00,0.2857142857142857,0.0,0.47802197802197804,False,0.04425926783905969,False,47.31232148183554,False,0.6873793950833499,False,False,Downtrend,0.14285714285714285
2025-05-02 00:00:00+00:00,0.2857142857142857,0.0,0.489010989010989,False,0.03343296327924851,False,48.29941428983153,False,0.6725265857559197,False,False,Downtrend,0.14285714285714285
2025-05-03 00:00:00+00:00,0.2857142857142857,0.0,0.47802197802197804,False,0.011703679222915904,False,48.0399635359001,False,0.6540468360585557,False,False,Downtrend,0.14285714285714285
2025-05-04 00:00:00+00:00,0.2857142857142857,0.0,0.4725274725274725,False,0.005656100609390108,False,47.828242930621,False,0.6375322654050462,False,False,Downtrend,0.14285714285714285
2025-05-05 00:00:00+00:00,0.2857142857142857,0.0,0.41483516483516486,False,0.010009600180709325,False,46.43056626425876,False,0.6289155661034185,False,False,Downtrend,0.14285714285714285
2025-05-06 00:00:00+00:00,0.2857142857142857,0.0,0.054945054945054944,False,0.19775988213430654,True,70.7431767848796,True,0.6208164271882145,False,False,Downtrend,0.21428571428571427
2025-05-07 00:00:00+00:00,0.2857142857142857,0.0,0.04395604395604396,False,0.22005542528245559,True,69.67895794315287,True,0.6107063163317819,False,False,Downtrend,0.21428571428571427
2025-05-08 00:00:00+00:00,0.5714285714285714,0.0,0.6923076923076923,True,0.4928024707936078,True,36.126853000480274,True,0.6229495378362222,False,False,Bear rally,0.42857142857142855
2025-05-09 00:00:00+00:00,0.7142857142857143,0.0,0.8076923076923077,True,0.47208497851077924,True,25.814509754430844,True,0.6818459658594058,False,False,Bear rally,0.5357142857142857
2025-05-10 00:00:00+00:00,0.7142857142857143,0.0,0.8379120879120879,True,0.6971508923173965,True,25.922585699441967,True,0.6762119193945935,False,False,Bear rally,0.5357142857142857
2025-05-11 00:00:00+00:00,0.7142857142857143,0.0,0.8379120879120879,True,0.613038022174211,True,27.64820339380776,True,0.6919198357999302,False,False,Bear rally,0.5357142857142857
2025-05-12 00:00:00+00:00,0.7142857142857143,0.0,0.8434065934065934,True,0.5722150150230886,True,29.6649093380684,True,0.712590287959569,False,False,Bear rally,0.5357142857142857
2025-05-13 00:00:00+00:00,0.8571428571428571,0.0,0.8571428571428571,True,0.6655982971707683,True,29.839678280697708,True,0.7060561004156221,False,False,Bear rally,0.6428571428571428
2025-05-14 00:00:00+00:00,0.8571428571428571,0.0,0.8598901098901099,True,0.59058155484609,True,32.181838349089176,True,0.7079699414660943,False,False,Bear rally,0.6428571428571428
2025-05-15 00:00:00+00:00,0.8571428571428571,0.0,0.8626373626373627,True,0.5661348824865085,True,33.637855671415274,True,0.738782307422348,False,False,Bear rally,0.6428571428571428
2025-05-16 00:00:00+00:00,0.8571428571428571,0.0,0.8626373626373627,True,0.5661995423125008,True,34.60420121417428,True,0.7291104782972492,False,False,Bear rally,0.6428571428571428
2025-05-17 00:00:00+00:00,0.8571428571428571,0.0,0.8626373626373627,True,0.5091031615497071,True,35.41444497401619,True,0.7228918555523851,False,False,Bear rally,0.6428571428571428
2025-05-18 00:00:00+00:00,0.8571428571428571,0.0,0.8681318681318682,True,0.5140211221420652,True,38.56049068019696,False,0.7501742483314874,False,False,Bear rally,0.2571428571428571
2025-05-19 00:00:00+00:00,0.8571428571428571,0.0,0.8763736263736264,True,0.5155794753303835,True,40.55200141597914,False,0.7622249017179641,False,False,Bear rally,0.2571428571428571
2025-05-20 00:00:00+00:00,0.8571428571428571,0.0,0.8818681318681318,True,0.5345708106750963,True,42.926404835641435,False,0.7617864439849136,False,False,Bear rally,0.2571428571428571
2025-05-21 00:00:00+00:00,0.8571428571428571,0.0,0.8873626373626373,True,0.548360146768275,True,45.07157934403998,False,0.7853175759850384,False,False,Bear rally,0.2571428571428571
2025-05-22 00:00:00+00:00,0.8571428571428571,0.0,0.8214285714285714,True,0.5317445453694163,True,61.1855575269413,False,0.7699523995563768,False,False,Bear rally,0.2571428571428571
2025-05-23 00:00:00+00:00,0.8571428571428571,0.0,0.804945054945055,True,0.4045184304399521,True,70.583340516254,False,0.7884278280101022,False,False,Bear rally,0.2571428571428571
2025-05-24 00:00:00+00:00,0.8571428571428571,0.0,0.7692307692307693,True,0.4258016489144362,True,67.90988405729833,False,0.7676044126183229,False,False,Bear rally,0.2571428571428571
2025-05-25 00:00:00+00:00,0.8571428571428571,0.0,0.7582417582417582,True,0.42768200836820036,True,66.65251718499829,False,0.7531282806308037,False,False,Bear rally,0.2571428571428571
2025-05-26 00:00:00+00:00,0.8571428571428571,0.0,0.7087912087912088,True,0.4199807768417476,True,64.31553337327883,False,0.734907807834994,False,False,Bear rally,0.2571428571428571
2025-05-27 00:00:00+00:00,0.8571428571428571,0.0,0.6263736263736264,True,0.47353802921218546,True,62.64124414848356,False,0.7194877132004879,False,False,Bear rally,0.2571428571428571
2025-05-28 00:00:00+00:00,0.8571428571428571,0.0,0.5576923076923077,True,0.4770128001211841,True,60.86917940887303,False,0.7078917349808631,False,False,Bear rally,0.2571428571428571
2025-05-29 00:00:00+00:00,0.8571428571428571,0.0,0.5494505494505495,True,0.4395220820854597,True,56.172619924819266,False,0.7071487352786056,False,True,Bear rally,0.19285714285714284
2025-05-30 00:00:00+00:00,0.8571428571428571,0.0,0.5714285714285714,True,0.3702701753153216,True,56.577190043320904,False,0.7217326016975457,False,True,Bear rally,0.19285714285714284
2025-05-31 00:00:00+00:00,0.8571428571428571,0.0,0.5604395604395604,True,0.35360472327143927,True,56.269505741690054,False,0.7046943862796387,False,True,Bear rally,0.19285714285714284
2025-06-01 00:00:00+00:00,0.8571428571428571,0.0,0.43956043956043955,False,0.35593514617643285,True,54.79556471166631,True,0.6873347124031522,False,True,Bear rally,0.4821428571428571
2025-06-02 00:00:00+00:00,0.8571428571428571,0.0,0.3791208791208791,False,0.38353727134410737,True,62.69706676739457,True,0.6739434212050809,False,True,Bear rally,0.4821428571428571
2025-06-03 00:00:00+00:00,0.8571428571428571,0.0,0.3516483516483517,False,0.3908507542996074,True,62.38111594980065,True,0.6706975484369286,False,True,Bear rally,0.4821428571428571
2025-06-04 00:00:00+00:00,0.8571428571428571,0.0,0.32142857142857145,False,0.3917568340671093,True,62.12530222846859,True,0.6584321648477731,False,True,Bear rally,0.4821428571428571
2025-06-05 00:00:00+00:00,0.7142857142857143,0.0,0.3901098901098901,False,0.27129049408578465,True,56.82561912953599,True,0.7306658623018929,False,True,Bear rally,0.4017857142857143
2025-06-06 00:00:00+00:00,0.7142857142857143,0.0,0.33791208791208793,False,0.2946566644363998,True,53.98308203222862,True,0.7129103116356048,False,True,Bear rally,0.4017857142857143
2025-06-07 00:00:00+00:00,0.7142857142857143,0.0,0.3489010989010989,False,0.16617428290066436,False,54.574763430838615,False,0.6925559140876405,False,True,Bear rally,0.26785714285714285
2025-06-08 00:00:00+00:00,0.7142857142857143,0.0,0.3324175824175824,False,0.09225575653751197,False,53.83432589842005,False,0.675560899150178,False,True,Bear rally,0.26785714285714285
2025-06-09 00:00:00+00:00,0.8571428571428571,0.0,0.4258241758241758,False,0.05639163378609595,False,56.92694715321286,False,0.665047640193553,False,True,Bear rally,0.3214285714285714
2025-06-10 00:00:00+00:00,1.0,1.0,0.3791208791208791,False,0.1690024916710994,False,52.796039172026305,False,0.6519880386806987,False,True,Uptrend,0.75
2025-06-11 00:00:00+00:00,1.0,1.0,0.4010989010989011,False,0.15242542668521364,False,49.73650956484492,False,0.6491335211824161,False,True,Uptrend,0.75
2025-06-12 00:00:00+00:00,1.0,1.0,0.3983516483516483,False,0.02110045776492289,False,49.72913293400328,False,0.6649936844105643,False,True,Uptrend,0.75
2025-06-13 00:00:00+00:00,1.0,1.0,0.47527472527472525,False,0.017458639311940877,False,51.069740445166005,False,0.6983934561726725,False,True,Uptrend,0.75
2025-06-14 00:00:00+00:00,0.8571428571428571,0.0,0.47527472527472525,False,0.010321028303678757,False,51.37902539719059,False,0.681467959111769,False,True,Bear rally,0.3214285714285714
2025-06-15 00:00:00+00:00,0.8571428571428571,0.0,0.4725274725274725,False,0.006020051534855033,False,51.148384348092975,False,0.669889598611766,False,False,Bear rally,0.42857142857142855
2025-06-16 00:00:00+00:00,0.8571428571428571,0.0,0.4835164835164835,False,0.041029508702959294,False,51.648227389610945,False,0.6776771882756897,False,False,Bear rally,0.42857142857142855
2025-06-17 00:00:00+00:00,0.8571428571428571,0.0,0.5137362637362637,True,0.0071781200049542745,False,53.25809316416068,False,0.6829967158156965,False,True,Bear rally,0.19285714285714284
2025-06-18 00:00:00+00:00,0.8571428571428571,0.0,0.5082417582417582,True,0.0018689141251814595,False,53.00069087921705,False,0.6740365487916389,False,True,Bear rally,0.19285714285714284
2025-06-19 00:00:00+00:00,0.8571428571428571,0.0,0.35714285714285715,False,0.0018273265676617746,False,49.30502996981778,False,0.6560412020910056,False,False,Bear rally,0.42857142857142855
2025-06-20 00:00:00+00:00,0.5714285714285714,0.0,0.4258241758241758,False,0.081736316944589,False,49.30223301269072,False,0.6641781883467919,False,False,Bear rally,0.2857142857142857
2025-06-21 00:00:00+00:00,0.42857142857142855,0.0,0.5302197802197802,True,0.20913866081901183,True,42.309192229663445,False,0.7022576347809579,False,False,Downtrend,0.12857142857142856
2025-06-22 00:00:00+00:00,0.42857142857142855,0.0,0.6620879120879121,True,0.17633312088379025,False,39.39573692751726,False,0.7205630549172348,False,False,Downtrend,0.12857142857142856
2025-06-23 00:00:00+00:00,0.42857142857142855,0.0,0.7115384615384616,True,0.0633421886502578,False,39.99199307195693,False,0.7216552509420153,False,False,Downtrend,0.12857142857142856
2025-06-24 00:00:00+00:00,0.42857142857142855,0.0,0.695054945054945,True,0.05435984237391235,False,38.84986651432542,False,0.7128583218949317,False,False,Downtrend,0.12857142857142856
2025-06-25 00:00:00+00:00,0.42857142857142855,0.0,0.6785714285714286,True,0.07610467340660265,False,42.80993166831168,False,0.6970708548064656,False,False,Downtrend,0.12857142857142856
2025-06-26 00:00:00+00:00,0.42857142857142855,0.0,0.6538461538461539,True,0.13501888665251316,False,48.43223348131762,False,0.6873853557151014,False,False,Downtrend,0.12857142857142856
2025-06-27 00:00:00+00:00,0.42857142857142855,0.0,0.5769230769230769,True,0.14358259207609433,False,45.98842751530372,False,0.6763832205379602,False,False,Downtrend,0.12857142857142856
2025-06-28 00:00:00+00:00,0.42857142857142855,0.0,0.5412087912087912,True,0.11109976108188482,False,45.01103509215295,False,0.6555693530124157,False,False,Downtrend,0.12857142857142856
2025-06-29 00:00:00+00:00,0.42857142857142855,0.0,0.5824175824175825,True,0.018099888215090388,False,45.9244036320379,False,0.6365005111950706,False,False,Downtrend,0.12857142857142856
2025-06-30 00:00:00+00:00,0.42857142857142855,0.0,0.5082417582417582,True,0.02450701145655322,False,48.82115549273957,False,0.6332739814734536,False,False,Downtrend,0.12857142857142856
2025-07-01 00:00:00+00:00,0.42857142857142855,0.0,0.49175824175824173,False,0.07425934328622487,False,51.668437916116275,False,0.6227166042074724,False,True,Downtrend,0.1607142857142857
2025-07-02 00:00:00+00:00,0.5714285714285714,0.0,0.6346153846153846,True,0.019428895493546466,False,51.03364506899893,False,0.6163898690997552,False,True,Bear rally,0.12857142857142856
2025-07-03 00:00:00+00:00,0.5714285714285714,0.0,0.6373626373626373,True,0.0011040357477357472,False,50.179653281842135,False,0.6086845949125013,False,False,Bear rally,0.1714285714285714
2025-07-04 00:00:00+00:00,0.5714285714285714,0.0,0.5769230769230769,True,0.050321707423007324,False,48.753515908855675,False,0.6008400686163422,False,False,Bear rally,0.1714285714285714
2025-07-05 00:00:00+00:00,0.5714285714285714,0.0,0.4230769230769231,False,0.05705498228175334,False,44.7308791799502,False,0.5837392150393049,False,False,Bear rally,0.2857142857142857
2025-07-06 00:00:00+00:00,0.5714285714285714,0.0,0.28846153846153844,False,0.0527535388249254,False,48.36640449170415,False,0.5693436839309617,False,False,Bear rally,0.2857142857142857
2025-07-07 00:00:00+00:00,0.5714285714285714,0.0,0.1043956043956044,False,0.009999207310858625,False,64.27741577187005,False,0.5622321734651919,False,False,Bear rally,0.2857142857142857
2025-07-08 00:00:00+00:00,0.8571428571428571,1.0,0.0989010989010989,False,0.057786548265088014,False,64.24272687774673,False,0.5529192187899549,False,False,Uptrend,0.8571428571428571
2025-07-09 00:00:00+00:00,1.0,1.0,0.22252747252747251,False,0.04902378436395204,False,49.40925841923986,False,0.5550139370893451,False,False,Uptrend,1.0
2025-07-10 00:00:00+00:00,1.0,1.0,0.27472527472527475,False,0.07276522977499898,False,37.23789360356118,True,0.5475406544200874,False,False,Calm uptrend,1.5
2025-07-11 00:00:00+00:00,1.0,1.0,0.28296703296703296,False,0.10276390349741986,False,35.899030742417224,True,0.5520733457339704,False,False,Calm uptrend,1.5
2025-07-12 00:00:00+00:00,1.0,1.0,0.29395604395604397,False,0.17664478902866826,True,36.639218693634376,True,0.5416853586894863,False,False,Calm uptrend,1.5
2025-07-13 00:00:00+00:00,1.0,1.0,0.2692307692307692,False,0.2356314255209397,True,36.00371604913316,True,0.5299685139168313,False,False,Calm uptrend,1.5
2025-07-14 00:00:00+00:00,1.0,1.0,0.2774725274725275,False,0.29081995253984116,True,34.23092989365193,True,0.5273969543828831,False,False,Calm uptrend,1.5
2025-07-15 00:00:00+00:00,1.0,1.0,0.31868131868131866,False,0.3339141059872381,True,33.15068385634926,True,0.5581682848638352,False,False,Calm uptrend,1.5
2025-07-16 00:00:00+00:00,1.0,1.0,0.3241758241758242,False,0.41404959505050615,True,26.77601658054128,True,0.5539366789628078,False,False,Calm uptrend,1.5
2025-07-17 00:00:00+00:00,1.0,1.0,0.37362637362637363,False,0.46731880835927103,True,25.576700615936357,True,0.55371762045758,False,False,Calm uptrend,1.5
2025-07-18 00:00:00+00:00,1.0,1.0,0.3983516483516483,False,0.4811118225302251,True,22.489574413765116,True,0.5703983218011882,False,False,Calm uptrend,1.5
2025-07-19 00:00:00+00:00,1.0,1.0,0.41208791208791207,False,0.4945711659870044,True,24.028192558789122,True,0.5611672197063176,False,False,Calm uptrend,1.5
2025-07-20 00:00:00+00:00,1.0,1.0,0.4478021978021978,False,0.6094775519784777,True,22.076940482113915,True,0.5602592407043316,False,False,Calm uptrend,1.5
2025-07-21 00:00:00+00:00,1.0,1.0,0.45604395604395603,False,0.6949986257357056,True,22.66938968057436,True,0.5536607006765829,False,False,Calm uptrend,1.5
2025-07-22 00:00:00+00:00,1.0,1.0,0.46153846153846156,False,0.7377460149345829,True,25.78326150828893,True,0.577636918398965,False,False,Calm uptrend,1.5
2025-07-23 00:00:00+00:00,1.0,1.0,0.43956043956043955,False,0.6106752598794345,True,31.54951949913805,True,0.5943315216446263,False,False,Calm uptrend,1.5
2025-07-24 00:00:00+00:00,1.0,1.0,0.41483516483516486,False,0.6186871045606727,True,37.36609078819023,True,0.5986282679985137,False,False,Calm uptrend,1.5
2025-07-25 00:00:00+00:00,1.0,1.0,0.4230769230769231,False,0.6460668878789833,True,38.052274780457765,True,0.6131803481510356,False,False,Calm uptrend,1.5
2025-07-26 00:00:00+00:00,1.0,1.0,0.42032967032967034,False,0.6509185578151099,True,39.48414678560274,True,0.5976840052089021,False,False,Calm uptrend,1.5
2025-07-27 00:00:00+00:00,1.0,1.0,0.4340659340659341,False,0.6709282780527789,True,39.6082739692473,True,0.5826210915761517,False,False,Calm uptrend,1.5
2025-07-28 00:00:00+00:00,1.0,1.0,0.44505494505494503,False,0.6140687493243977,True,38.165061119946266,True,0.5784800388865583,False,False,Calm uptrend,1.5
2025-07-29 00:00:00+00:00,1.0,1.0,0.3873626373626374,False,0.5986635693065187,True,44.523194217161134,True,0.5766436723847692,False,False,Calm uptrend,1.5
2025-07-30 00:00:00+00:00,1.0,1.0,0.22802197802197802,False,0.6124795960361983,True,53.000157449126135,True,0.5749684712137579,False,False,Calm uptrend,1.5
2025-07-31 00:00:00+00:00,1.0,1.0,0.21428571428571427,False,0.5895829914483163,True,62.862377865419084,True,0.5708981672986781,False,False,Calm uptrend,1.5
2025-08-01 00:00:00+00:00,1.0,1.0,0.26373626373626374,False,0.4100004020531515,True,61.939482404428155,True,0.591634707268454,False,False,Calm uptrend,1.5
2025-08-02 00:00:00+00:00,0.8571428571428571,1.0,0.28846153846153844,False,0.34719476800768206,True,58.46199325213347,True,0.5965132914328073,False,False,Calm uptrend,1.2857142857142856
2025-08-03 00:00:00+00:00,0.8571428571428571,1.0,0.25,False,0.42405812517156205,True,56.4277711165431,True,0.5793442930745673,False,False,Calm uptrend,1.2857142857142856
2025-08-04 00:00:00+00:00,0.8571428571428571,1.0,0.3021978021978022,False,0.4728664520687762,True,57.67455304125488,True,0.5685791730726336,False,False,Calm uptrend,1.2857142857142856
2025-08-05 00:00:00+00:00,0.8571428571428571,1.0,0.29945054945054944,False,0.40025744971084964,True,57.59171901571533,True,0.5770337039037086,False,False,Calm uptrend,1.2857142857142856
2025-08-06 00:00:00+00:00,0.8571428571428571,1.0,0.25,False,0.43127338700532963,True,56.111064346509345,True,0.5723255056989741,False,False,Calm uptrend,1.2857142857142856
2025-08-07 00:00:00+00:00,1.0,1.0,0.25274725274725274,False,0.46256438097823394,True,56.28678687123506,True,0.5625114650360017,False,False,Calm uptrend,1.5
2025-08-08 00:00:00+00:00,1.0,1.0,0.25824175824175827,False,0.45193484468791917,True,48.96190923594734,True,0.5612711056012535,False,False,Calm uptrend,1.5
2025-08-09 00:00:00+00:00,1.0,1.0,0.36813186813186816,False,0.46528974666045986,True,40.544303779332395,True,0.5556866682448945,False,False,Calm uptrend,1.5
2025-08-10 00:00:00+00:00,1.0,1.0,0.37637362637362637,False,0.4587470226791098,True,40.70408170851286,True,0.556212409127264,False,False,Calm uptrend,1.5
2025-08-11 00:00:00+00:00,1.0,1.0,0.3708791208791209,False,0.4523491450907217,True,39.58231377547972,True,0.5525622650170559,False,False,Calm uptrend,1.5
2025-08-12 00:00:00+00:00,1.0,1.0,0.49725274725274726,False,0.5108724815267246,True,33.68753401641669,True,0.5531841940518561,False,False,Calm uptrend,1.5
2025-08-13 00:00:00+00:00,1.0,1.0,0.5082417582417582,True,0.5283202649393661,True,30.417489551259496,True,0.5469316428172152,False,False,Calm uptrend,1.5
2025-08-14 00:00:00+00:00,1.0,1.0,0.5467032967032966,True,0.4188977454830876,True,31.96153816819223,True,0.5911234502402279,False,False,Calm uptrend,1.5
2025-08-15 00:00:00+00:00,1.0,1.0,0.510989010989011,True,0.3299334647152947,True,32.10226653709269,True,0.6013595456257523,False,False,Calm uptrend,1.5
2025-08-16 00:00:00+00:00,1.0,1.0,0.48626373626373626,False,0.30010097353731263,True,31.51410613118761,True,0.5940030016687046,False,False,Calm uptrend,1.5
2025-08-17 00:00:00+00:00,1.0,1.0,0.4807692307692308,False,0.2956931011014082,True,35.470306396196904,True,0.5897228018139249,False,False,Calm uptrend,1.5
2025-08-18 00:00:00+00:00,1.0,1.0,0.4697802197802198,False,0.22225852990862785,True,37.23470592848407,True,0.6094165534903832,False,False,Calm uptrend,1.5
2025-08-19 00:00:00+00:00,1.0,1.0,0.5,False,0.09615268648616059,False,39.04530711388468,False,0.6272837174991914,False,False,Uptrend,1.0
2025-08-20 00:00:00+00:00,1.0,1.0,0.5906593406593407,True,0.1606678370334283,False,43.697193364757844,False,0.6368963221479245,False,False,Volatile uptrend,0.6
2025-08-21 00:00:00+00:00,1.0,1.0,0.49725274725274726,False,0.13067504575494995,False,50.789455759355505,False,0.6283324097480439,False,False,Uptrend,1.0
2025-08-22 00:00:00+00:00,1.0,1.0,0.7912087912087912,True,0.2897100444752499,True,56.93395837056163,False,0.6339607833243873,False,False,Volatile uptrend,0.6
2025-08-23 00:00:00+00:00,1.0,1.0,0.7527472527472527,True,0.2594246199886687,True,57.8659622535732,False,0.6249521789949579,False,False,Volatile uptrend,0.6
2025-08-24 00:00:00+00:00,1.0,1.0,0.7554945054945055,True,0.2564957084205384,True,55.47654975874018,False,0.6273909015792283,False,False,Volatile uptrend,0.6
2025-08-25 00:00:00+00:00,1.0,1.0,0.8021978021978022,True,0.14107559366461578,False,57.97397856648197,False,0.6758273915281499,False,False,Volatile uptrend,0.6
2025-08-26 00:00:00+00:00,1.0,1.0,0.7884615384615384,True,0.1585432466840039,False,57.0642740457862,False,0.6723921518731516,False,False,Volatile uptrend,0.6
2025-08-27 00:00:00+00:00,1.0,1.0,0.782967032967033,True,0.15331772086906986,False,56.71477588523902,False,0.6653992504878966,False,False,Volatile uptrend,0.6
2025-08-28 00:00:00+00:00,1.0,1.0,0.75,True,0.15544519702031961,False,55.438317601390196,False,0.6582468446663718,False,False,Volatile uptrend,0.6
2025-08-29 00:00:00+00:00,1.0,1.0,0.7362637362637363,True,0.11582541767717612,False,54.91703303646663,False,0.6691908399073143,False,False,Volatile uptrend,0.6
2025-08-30 00:00:00+00:00,1.0,1.0,0.739010989010989,True,0.14516583225673324,False,55.31691219921275,False,0.6605067913989228,False,False,Volatile uptrend,0.6
2025-08-31 00:00:00+00:00,1.0,1.0,0.7307692307692307,True,0.20261080330857228,True,54.76148979382,False,0.6514453428943904,False,False,Volatile uptrend,0.6
2025-09-01 00:00:00+00:00,1.0,1.0,0.7362637362637363,True,0.20719333783479646,True,55.01173540114631,False,0.6527304282304137,False,False,Volatile uptrend,0.6
2025-09-02 00:00:00+00:00,1.0,1.0,0.7005494505494505,True,0.1906530030789028,True,53.71621845701926,False,0.6602112788362773,False,False,Volatile uptrend,0.6
2025-09-03 00:00:00+00:00,1.0,1.0,0.6428571428571429,True,0.17156289761542473,False,59.20940264097513,False,0.6458205989885976,False,False,Volatile uptrend,0.6
2025-09-04 00:00:00+00:00,1.0,1.0,0.6648351648351648,True,0.1595849928884524,False,60.21215871818228,False,0.6408093339415537,False,False,Volatile uptrend,0.6
2025-09-05 00:00:00+00:00,1.0,1.0,0.28296703296703296,False,0.1473968099527209,False,55.46477371095988,False,0.659721062892626,False,False,Uptrend,1.0
2025-09-06 00:00:00+00:00,1.0,1.0,0.2692307692307692,False,0.08977096441375369,False,54.52416949137593,False,0.6424096184727687,False,False,Uptrend,1.0
2025-09-07 00:00:00+00:00,1.0,1.0,0.21978021978021978,False,0.07462791686265433,False,61.35256220718213,False,0.62329122933379,False,False,Uptrend,1.0
2025-09-08 00:00:00+00:00,1.0,1.0,0.07967032967032966,False,0.012283033305142778,False,66.28167355075821,False,0.6109202521572482,False,False,Uptrend,1.0
2025-09-09 00:00:00+00:00,1.0,1.0,0.027472527472527472,False,0.016007229071193577,False,62.983157046139155,False,0.5954789992403177,False,False,Uptrend,1.0
2025-09-10 00:00:00+00:00,1.0,1.0,0.024725274725274724,False,0.033805157900380564,False,65.35249550622507,False,0.583754283862031,False,False,Uptrend,1.0
2025-09-11 00:00:00+00:00,1.0,1.0,0.013736263736263736,False,0.03792765810390533,False,76.63918752930418,False,0.5675840919714522,False,False,Uptrend,1.0
2025-09-12 00:00:00+00:00,1.0,1.0,0.027472527472527472,False,0.010412227779397685,False,56.034694742025444,False,0.5565073555030211,False,False,Uptrend,1.0
2025-09-13 00:00:00+00:00,1.0,1.0,0.027472527472527472,False,0.03509836868389173,False,54.68134869841537,False,0.5455124841033412,False,True,Uptrend,0.75
2025-09-14 00:00:00+00:00,1.0,1.0,0.024725274725274724,False,0.0490430337612933,False,54.514874173518606,False,0.5332472332729885,False,True,Uptrend,0.75
2025-09-15 00:00:00+00:00,1.0,1.0,0.0027472527472527475,False,0.029681424241628705,False,55.01836768654474,False,0.5331971987141468,False,True,Uptrend,0.75
2025-09-16 00:00:00+00:00,1.0,1.0,0.0027472527472527475,False,0.008517196148439222,False,54.267857195233745,False,0.52146708322587,False,False,Uptrend,1.0
2025-09-17 00:00:00+00:00,1.0,1.0,0.0,False,0.0833433431028685,False,54.22304333853039,False,0.5207006580788798,False,False,Uptrend,1.0
2025-09-18 00:00:00+00:00,1.0,1.0,0.0,False,0.16542133061976078,False,52.021023233096614,False,0.5091118979577888,False,False,Uptrend,1.0
2025-09-19 00:00:00+00:00,1.0,1.0,0.0,False,0.044829979181124385,False,51.129453856737655,False,0.5020182602666833,False,False,Uptrend,1.0
2025-09-20 00:00:00+00:00,1.0,1.0,0.0,False,0.08935839328621174,False,52.960490063043714,False,0.4878593356473643,False,False,Uptrend,1.0
2025-09-21 00:00:00+00:00,1.0,1.0,0.0,False,0.1695056268336472,False,53.226163430924444,False,0.4742999163285096,False,False,Uptrend,1.0
2025-09-22 00:00:00+00:00,0.5714285714285714,1.0,0.06593406593406594,False,0.2339817118485252,True,45.17163455971993,True,0.5014086869396739,False,False,Calm uptrend,0.8571428571428571
2025-09-23 00:00:00+00:00,0.5714285714285714,1.0,0.06868131868131869,False,0.24547327809198138,True,45.32964345329354,True,0.49482060928204963,False,False,Calm uptrend,0.8571428571428571
2025-09-24 00:00:00+00:00,0.5714285714285714,1.0,0.054945054945054944,False,0.10553893983850479,False,44.56286789724696,False,0.4889217563600208,False,False,Uptrend,0.5714285714285714
2025-09-25 00:00:00+00:00,0.42857142857142855,1.0,0.16758241758241757,False,0.33461416190963295,True,35.85820564973971,True,0.5380876220920406,False,False,Fading uptrend,0.6428571428571428
2025-09-26 00:00:00+00:00,0.42857142857142855,1.0,0.12912087912087913,False,0.21234498283678654,True,34.33231370365458,True,0.5391931982783201,False,False,Fading uptrend,0.6428571428571428
2025-09-27 00:00:00+00:00,0.42857142857142855,1.0,0.11263736263736264,False,0.21964176683201223,True,35.90843297280025,True,0.5249435140409063,False,False,Fading uptrend,0.6428571428571428
2025-09-28 00:00:00+00:00,0.42857142857142855,1.0,0.1401098901098901,False,0.09836050781849225,False,37.92128453657707,True,0.5117173965031506,False,False,Fading uptrend,0.6428571428571428
2025-09-29 00:00:00+00:00,0.42857142857142855,1.0,0.12087912087912088,False,0.0696989801971064,False,38.24804566796499,False,0.5047032640573955,False,False,Fading uptrend,0.42857142857142855
2025-09-30 00:00:00+00:00,0.42857142857142855,1.0,0.1401098901098901,False,0.1059749454401735,False,38.88611335032022,False,0.5016069158860762,False,False,Fading uptrend,0.42857142857142855
2025-10-01 00:00:00+00:00,0.5714285714285714,1.0,0.16758241758241757,False,0.013667472393988345,False,39.335432389466334,False,0.5017332270985041,False,False,Uptrend,0.5714285714285714
2025-10-02 00:00:00+00:00,0.7142857142857143,1.0,0.1813186813186813,False,0.06123937476479988,False,41.91538596842986,False,0.49784459721356256,False,False,Uptrend,0.7142857142857143
2025-10-03 00:00:00+00:00,0.8571428571428571,1.0,0.1813186813186813,False,0.025143524766835176,False,42.975832523653864,False,0.49275022135640406,False,False,Uptrend,0.8571428571428571
2025-10-04 00:00:00+00:00,0.8571428571428571,1.0,0.18406593406593408,False,0.08051092162924198,False,43.34555775479582,False,0.48136518995612493,False,False,Uptrend,0.8571428571428571
2025-10-05 00:00:00+00:00,0.8571428571428571,1.0,0.2032967032967033,False,0.08720486630722994,False,43.533331142155916,False,0.4773395518981831,False,False,Uptrend,0.8571428571428571
2025-10-06 00:00:00+00:00,1.0,1.0,0.09065934065934066,False,0.16384924290459843,False,36.33612077248915,True,0.46912630682858864,False,False,Calm uptrend,1.5
2025-10-07 00:00:00+00:00,1.0,1.0,0.1813186813186813,False,0.052200953937296964,False,38.733609463909545,False,0.5027213945046954,False,False,Uptrend,1.0
2025-10-08 00:00:00+00:00,1.0,1.0,0.18406593406593408,False,0.07865643971585441,False,38.94708543290827,False,0.49729502834460787,False,False,Uptrend,1.0
2025-10-09 00:00:00+00:00,1.0,1.0,0.1043956043956044,False,0.019710326171914826,False,39.965730975135756,False,0.5229328915515226,False,False,Uptrend,1.0
2025-10-10 00:00:00+00:00,0.2857142857142857,1.0,0.8296703296703297,True,0.15096927153549342,False,34.78588848195203,True,0.6393058458947168,False,False,Fading uptrend,0.42857142857142855
2025-10-11 00:00:00+00:00,0.2857142857142857,1.0,0.8406593406593407,True,0.20848913237623665,True,36.67453552676615,True,0.6779475649082172,False,False,Fading uptrend,0.42857142857142855
2025-10-12 00:00:00+00:00,0.2857142857142857,1.0,0.8626373626373627,True,0.15694282871038723,False,40.05350895128386,False,0.6818072356535572,False,False,Fading uptrend,0.1714285714285714
2025-10-13 00:00:00+00:00,0.42857142857142855,1.0,0.8626373626373627,True,0.11790775230730008,False,41.000181539446174,False,0.6913056992975308,False,False,Fading uptrend,0.2571428571428571
2025-10-14 00:00:00+00:00,0.42857142857142855,1.0,0.8681318681318682,True,0.13085721615580467,False,43.09828903627253,False,0.6968197339464131,False,False,Fading uptrend,0.2571428571428571
2025-10-15 00:00:00+00:00,0.42857142857142855,1.0,0.8736263736263736,True,0.14455251925334353,False,43.63279966519731,False,0.6924915347480308,False,False,Fading uptrend,0.2571428571428571
2025-10-16 00:00:00+00:00,0.2857142857142857,1.0,0.8791208791208791,True,0.16004198998781435,False,44.32028664197923,False,0.7063807574845158,False,False,Fading uptrend,0.1714285714285714
2025-10-17 00:00:00+00:00,0.2857142857142857,1.0,0.8818681318681318,True,0.20157871811488715,True,45.30871479099227,False,0.717120138859869,False,False,Fading uptrend,0.1714285714285714
2025-10-18 00:00:00+00:00,0.2857142857142857,1.0,0.8818681318681318,True,0.18284749401154485,True,45.574615349785745,False,0.6990807858471841,False,False,Fading uptrend,0.1714285714285714
2025-10-19 00:00:00+00:00,0.2857142857142857,1.0,0.8818681318681318,True,0.1280945666354783,False,46.02700030327028,False,0.6845518888347665,False,False,Fading uptrend,0.1714285714285714
2025-10-20 00:00:00+00:00,0.2857142857142857,1.0,0.8791208791208791,True,0.13239365186703578,False,45.41623416961518,False,0.6778993829826194,False,False,Fading uptrend,0.1714285714285714
2025-10-21 00:00:00+00:00,0.2857142857142857,1.0,0.8763736263736264,True,0.14830411783010058,False,51.06311974231702,False,0.6913942357726286,False,False,Fading uptrend,0.1714285714285714
2025-10-22 00:00:00+00:00,0.2857142857142857,1.0,0.8791208791208791,True,0.10700021478889503,False,52.24121032840856,False,0.6814865795462633,False,False,Fading uptrend,0.1714285714285714
2025-10-23 00:00:00+00:00,0.2857142857142857,1.0,0.8653846153846154,True,0.08322145471081178,False,56.20137530184194,False,0.6687395538295083,False,False,Fading uptrend,0.1714285714285714
2025-10-24 00:00:00+00:00,0.2857142857142857,1.0,0.6510989010989011,True,0.05794300086942424,False,63.28793536003,False,0.6542718550590496,False,False,Fading uptrend,0.1714285714285714
2025-10-25 00:00:00+00:00,0.2857142857142857,1.0,0.5934065934065934,True,0.02269248343614348,False,63.14287909961232,False,0.635134804431514,False,False,Fading uptrend,0.1714285714285714
2025-10-26 00:00:00+00:00,0.2857142857142857,1.0,0.36538461538461536,False,0.0355713625449504,False,60.21279235109942,False,0.6204596500777151,False,False,Fading uptrend,0.2857142857142857
2025-10-27 00:00:00+00:00,0.2857142857142857,1.0,0.31868131868131866,False,0.028484582163618963,False,60.853838866366075,False,0.616687455845911,False,False,Fading uptrend,0.2857142857142857
2025-10-28 00:00:00+00:00,0.2857142857142857,1.0,0.23076923076923078,False,0.045393010546019734,False,59.75775505795535,False,0.6263444644510827,False,False,Fading uptrend,0.2857142857142857
2025-10-29 00:00:00+00:00,0.2857142857142857,1.0,0.17857142857142858,False,0.08685101077567006,False,58.45761553892774,False,0.6318964933180116,False,False,Fading uptrend,0.2857142857142857
2025-10-30 00:00:00+00:00,0.2857142857142857,1.0,0.18681318681318682,False,0.0939065408172844,False,58.5733864432052,False,0.6511420328442649,False,True,Fading uptrend,0.21428571428571427
2025-10-31 00:00:00+00:00,0.2857142857142857,1.0,0.1565934065934066,False,0.14446678685341832,False,56.54325822425943,False,0.6439401987780216,False,True,Fading uptrend,0.21428571428571427
2025-11-01 00:00:00+00:00,0.2857142857142857,1.0,0.1510989010989011,False,0.18222243444731617,True,56.090991462081426,True,0.6254278138446611,False,True,Fading uptrend,0.3214285714285714
2025-11-02 00:00:00+00:00,0.2857142857142857,1.0,0.10714285714285714,False,0.18071075370413966,True,54.16730763109492,True,0.6090541033856354,False,True,Fading uptrend,0.3214285714285714
2025-11-03 00:00:00+00:00,0.2857142857142857,1.0,0.18681318681318682,False,0.24320082818015104,True,49.63452096830461,True,0.6573494323192169,False,True,Fading uptrend,0.3214285714285714
2025-11-04 00:00:00+00:00,0.14285714285714285,1.0,0.6785714285714286,True,0.3129457603520947,True,33.577359093242165,True,0.7300037078113917,False,False,Fading uptrend,0.21428571428571427
2025-11-05 00:00:00+00:00,0.14285714285714285,1.0,0.75,True,0.32390042219262477,True,35.293938922704356,True,0.7246960164766062,False,False,Fading uptrend,0.21428571428571427
2025-11-06 00:00:00+00:00,0.14285714285714285,1.0,0.7582417582417582,True,0.30104783017814707,True,36.1900751019655,True,0.7322163700992624,False,False,Fading uptrend,0.21428571428571427
2025-11-07 00:00:00+00:00,0.14285714285714285,1.0,0.7774725274725275,True,0.2863822126440558,True,37.36882717690442,True,0.7290609589391303,False,False,Fading uptrend,0.21428571428571427
2025-11-08 00:00:00+00:00,0.14285714285714285,1.0,0.7802197802197802,True,0.26252491947005047,True,38.25133520618343,False,0.7125779082899398,False,False,Fading uptrend,0.0857142857142857
2025-11-09 00:00:00+00:00,0.14285714285714285,1.0,0.7884615384615384,True,0.07405335835257885,False,38.30714043227706,False,0.697417137835635,False,False,Fading uptrend,0.0857142857142857
2025-11-10 00:00:00+00:00,0.14285714285714285,1.0,0.7884615384615384,True,0.05492124292536803,False,40.785616496141785,False,0.6959777917284004,False,False,Fading uptrend,0.0857142857142857
2025-11-11 00:00:00+00:00,0.14285714285714285,1.0,0.7884615384615384,True,0.24462235780345087,True,45.795747793120285,False,0.6879427174504902,False,False,Fading uptrend,0.0857142857142857
2025-11-12 00:00:00+00:00,0.14285714285714285,1.0,0.7912087912087912,True,0.2831446113973653,True,49.591976085079075,False,0.6999929665562367,False,False,Fading uptrend,0.0857142857142857
2025-11-13 00:00:00+00:00,0.0,0.0,0.8159340659340659,True,0.2993694170625962,True,52.51681536856328,False,0.7274874923210954,False,False,Downtrend,0.0
2025-11-14 00:00:00+00:00,0.0,0.0,0.8214285714285714,True,0.2945784290904676,True,53.35451932019883,False,0.754364362300656,False,False,Downtrend,0.0
2025-11-15 00:00:00+00:00,0.0,0.0,0.8214285714285714,True,0.24811090434159097,True,53.79249537316058,False,0.7420859415446523,False,False,Downtrend,0.0
2025-11-16 00:00:00+00:00,0.0,0.0,0.8324175824175825,True,0.25058026750161677,True,53.41823570919909,False,0.7480949193911594,False,False,Downtrend,0.0
2025-11-17 00:00:00+00:00,0.0,0.0,0.8241758241758241,True,0.29131162740150324,True,62.45561817425015,False,0.7653335521914654,False,False,Downtrend,0.0
2025-11-18 00:00:00+00:00,0.0,0.0,0.7335164835164835,True,0.2918161556860189,True,57.64846501613894,False,0.7607680865428793,False,False,Downtrend,0.0
2025-11-19 00:00:00+00:00,0.0,0.0,0.7225274725274725,True,0.31391820102824725,True,53.22989587049522,False,0.7805551052287998,False,False,Downtrend,0.0
2025-11-20 00:00:00+00:00,0.0,0.0,0.7472527472527473,True,0.33260973274804956,True,50.12951271669928,False,0.8013057997418057,False,False,Downtrend,0.0
2025-11-21 00:00:00+00:00,0.0,0.0,0.7554945054945055,True,0.33279131403403217,True,43.307018717587646,False,0.8483144067466187,False,False,Downtrend,0.0
2025-11-22 00:00:00+00:00,0.0,0.0,0.7527472527472527,True,0.3531483985024961,True,42.863998907406966,False,0.8293514122842829,False,False,Downtrend,0.0
2025-11-23 00:00:00+00:00,0.0,0.0,0.7252747252747253,True,0.37370178286287414,True,40.74268515698596,False,0.8158751348446347,False,False,Downtrend,0.0
2025-11-24 00:00:00+00:00,0.0,0.0,0.7472527472527473,True,0.3162586616761925,True,42.02917631346707,False,0.80911222551083,False,False,Downtrend,0.0
2025-11-25 00:00:00+00:00,0.0,0.0,0.7252747252747253,True,0.40445913583161874,True,42.83199407267977,False,0.798108206681882,False,False,Downtrend,0.0
2025-11-26 00:00:00+00:00,0.0,0.0,0.7225274725274725,True,0.3653105468684757,True,42.9484643362303,False,0.7842316372763256,False,False,Downtrend,0.0
2025-11-27 00:00:00+00:00,0.0,0.0,0.5851648351648352,True,0.3365852295938855,True,53.53959003869004,False,0.7652878967846252,False,False,Downtrend,0.0
2025-11-28 00:00:00+00:00,0.0,0.0,0.554945054945055,True,0.3109627346915483,True,52.78893370219133,False,0.7520947148117464,False,False,Downtrend,0.0
2025-11-29 00:00:00+00:00,0.0,0.0,0.5439560439560439,True,0.2969426116450796,True,52.356385739036696,False,0.7345954405792293,False,False,Downtrend,0.0
2025-11-30 00:00:00+00:00,0.0,0.0,0.46153846153846156,False,0.31649039331799006,True,51.306429911351756,True,0.718094567162841,False,False,Downtrend,0.0
2025-12-01 00:00:00+00:00,0.0,0.0,0.5,False,0.37401944747997123,True,55.15862922953775,True,0.7712148484150805,False,False,Downtrend,0.0
2025-12-02 00:00:00+00:00,0.0,0.0,0.5384615384615384,True,0.2997494707940886,True,58.82404200918632,False,0.7633751185758698,False,False,Downtrend,0.0
2025-12-03 00:00:00+00:00,0.14285714285714285,0.0,0.5054945054945055,True,0.14193863571919052,False,52.24904265583749,False,0.7433074879830834,False,False,Downtrend,0.04285714285714285
2025-12-04 00:00:00+00:00,0.14285714285714285,0.0,0.42857142857142855,False,0.05769800745095536,False,49.015465532947744,False,0.7368226297539541,False,False,Downtrend,0.07142857142857142
2025-12-05 00:00:00+00:00,0.14285714285714285,0.0,0.3598901098901099,False,0.152484969712123,False,53.43103322880012,False,0.7338767212180267,False,False,Downtrend,0.07142857142857142
2025-12-06 00:00:00+00:00,0.14285714285714285,0.0,0.33791208791208793,False,0.10879535102874191,False,53.601913607397975,False,0.7134176009011017,False,False,Downtrend,0.07142857142857142
2025-12-07 00:00:00+00:00,0.14285714285714285,0.0,0.43131868131868134,False,0.15369656164204484,False,56.19175685790461,False,0.7400193006498536,False,False,Downtrend,0.07142857142857142
2025-12-08 00:00:00+00:00,0.14285714285714285,0.0,0.37362637362637363,False,0.11194978707945685,False,54.78206722517943,False,0.7256002870110679,False,False,Downtrend,0.07142857142857142
2025-12-09 00:00:00+00:00,0.2857142857142857,0.0,0.4697802197802198,False,0.10662092569234109,False,47.83174968677096,False,0.7325229910009218,False,False,Downtrend,0.14285714285714285
2025-12-10 00:00:00+00:00,0.2857142857142857,0.0,0.46153846153846156,False,0.09827531281881713,False,45.218975798422235,False,0.7184760774434524,False,False,Downtrend,0.14285714285714285
2025-12-11 00:00:00+00:00,0.2857142857142857,0.0,0.5027472527472527,True,0.07464008309435444,False,46.705290580972765,False,0.7141676127967946,False,False,Downtrend,0.0857142857142857
2025-12-12 00:00:00+00:00,0.2857142857142857,0.0,0.5604395604395604,True,0.12861718792621052,False,48.4115654762285,False,0.7454704357427508,False,False,Downtrend,0.0857142857142857
2025-12-13 00:00:00+00:00,0.2857142857142857,0.0,0.5467032967032966,True,0.04845354842453437,False,47.92255054675659,False,0.7217963711164478,False,False,Downtrend,0.0857142857142857
2025-12-14 00:00:00+00:00,0.2857142857142857,0.0,0.5576923076923077,True,0.020856258156972177,False,48.3209245023838,False,0.7022951449506745,False,False,Downtrend,0.0857142857142857
2025-12-15 00:00:00+00:00,0.14285714285714285,0.0,0.5357142857142857,True,0.08502841539666396,False,51.90578767528963,False,0.7151225373095333,False,True,Downtrend,0.03214285714285714
2025-12-16 00:00:00+00:00,0.14285714285714285,0.0,0.44505494505494503,False,0.05737892352497027,False,55.495367179198794,False,0.7088385150551968,False,True,Downtrend,0.05357142857142857
2025-12-17 00:00:00+00:00,0.0,0.0,0.46153846153846156,False,0.0830776720624836,False,50.40239341650591,False,0.7278453023722963,False,True,Downtrend,0.0
2025-12-18 00:00:00+00:00,0.0,0.0,0.5164835164835165,True,0.12855655416679362,False,50.228603955493625,False,0.7420460482615857,False,False,Downtrend,0.0
2025-12-19 00:00:00+00:00,0.0,0.0,0.5274725274725275,True,0.019581289179612986,False,50.245371064407,False,0.7273363402519119,False,False,Downtrend,0.0
2025-12-20 00:00:00+00:00,0.0,0.0,0.521978021978022,True,0.06657956793469452,False,49.851486485718816,False,0.7043009921446579,False,False,Downtrend,0.0
2025-12-21 00:00:00+00:00,0.0,0.0,0.43131868131868134,False,0.11170708403691254,False,47.13906885078758,False,0.688368210506608,False,False,Downtrend,0.0
2025-12-22 00:00:00+00:00,0.0,0.0,0.42032967032967034,False,0.11304955629336115,False,46.71955804934532,False,0.6736805881142545,False,False,Downtrend,0.0
2025-12-23 00:00:00+00:00,0.0,0.0,0.29120879120879123,False,0.07646655585918068,False,43.77988070435716,False,0.6700387755634811,False,False,Downtrend,0.0
2025-12-24 00:00:00+00:00,0.0,0.0,0.2692307692307692,False,0.002960699346241671,False,49.9739776254822,False,0.6543723754027078,False,False,Downtrend,0.0
2025-12-25 00:00:00+00:00,0.0,0.0,0.23076923076923078,False,0.02724604044864278,False,52.56042125336892,False,0.6385450557670911,False,False,Downtrend,0.0
2025-12-26 00:00:00+00:00,0.0,0.0,0.16483516483516483,False,0.04951947471276504,False,57.66420256480782,False,0.634634472486851,False,False,Downtrend,0.0
2025-12-27 00:00:00+00:00,0.0,0.0,0.16483516483516483,False,0.033085698859148235,False,57.389309780899794,False,0.6145051123590254,False,False,Downtrend,0.0
2025-12-28 00:00:00+00:00,0.0,0.0,0.15934065934065933,False,0.04039875138455355,False,55.94518593166482,False,0.5959632241204672,False,False,Downtrend,0.0
2025-12-29 00:00:00+00:00,0.0,0.0,0.08516483516483517,False,0.0261902085611223,False,63.755928745388154,False,0.5898036311177893,False,False,Downtrend,0.0
2025-12-30 00:00:00+00:00,0.0,0.0,0.07967032967032966,False,0.008825110125520579,False,63.392663357988745,False,0.5739132279279009,False,True,Downtrend,0.0
2025-12-31 00:00:00+00:00,0.0,0.0,0.027472527472527472,False,0.09583122775257243,False,59.14531211369145,False,0.5587692647279671,False,True,Downtrend,0.0
