timestamp,open,high,low,close,volume,close_time,quote_volume,trades,taker_buy_base,taker_buy_quote
2021-01-01 00:00:00,28923.63000000,29600.00000000,28624.57000000,29331.69000000,54182.92501100,2021-01-01 23:59:59,1582526989.16187265,1314910,27455.80172500,802247744.54510409
2021-01-02 00:00:00,29331.70000000,33300.00000000,28946.53000000,32178.33000000,129993.87336200,2021-01-02 23:59:59,4073842163.67154117,2245922,67446.30524600,2110334723.88714587
2021-01-03 00:00:00,32176.45000000,34778.11000000,31962.99000000,33000.05000000,120957.56675000,2021-01-03 23:59:59,4057598425.49201649,2369698,59750.33287100,2004428433.93184622
2021-01-04 00:00:00,33000.05000000,33600.00000000,28130.00000000,31988.71000000,140899.88569000,2021-01-04 23:59:59,4429010349.69534487,2642408,69088.46923000,2173435409.01698791
2021-01-05 00:00:00,31989.75000000,34360.00000000,29900.00000000,33949.53000000,116049.99703800,2021-01-05 23:59:59,3743617144.64691529,2526851,59691.75475500,1927195093.64154965
2021-01-06 00:00:00,33949.53000000,36939.21000000,33288.00000000,36769.36000000,127139.20131000,2021-01-06 23:59:59,4431954248.51961439,2591783,63052.91465200,2199632470.22154891
2021-01-07 00:00:00,36769.36000000,40365.00000000,36300.00000000,39432.28000000,132825.70043700,2021-01-07 23:59:59,5062569943.38337156,2814686,65055.10713600,2482583239.85649706
2021-01-08 00:00:00,39432.48000000,41950.00000000,36500.00000000,40582.81000000,139789.95749900,2021-01-08 23:59:59,5568443208.73136537,2925632,67300.15521600,2684975445.97890497
2021-01-09 00:00:00,40586.96000000,41380.00000000,38720.00000000,40088.22000000,75785.97967500,2021-01-09 23:59:59,3054779029.16177669,1998156,37007.32190900,1491990705.55169908
2021-01-10 00:00:00,40088.22000000,41350.00000000,35111.11000000,38150.02000000,118209.54450300,2021-01-10 23:59:59,4604034729.50707020,2628050,55451.34467300,2160976896.82802737
2021-01-11 00:00:00,38150.02000000,38264.74000000,30420.00000000,35404.47000000,251156.13828700,2021-01-11 23:59:59,8497730017.89850578,4472957,123241.58878200,4171891522.05678609
2021-01-12 00:00:00,35410.37000000,36628.00000000,32531.00000000,34051.24000000,133948.15199600,2021-01-12 23:59:59,4651302423.48411635,2674145,65098.31019600,2261732478.83005161
2021-01-13 00:00:00,34049.15000000,37850.00000000,32380.00000000,37371.38000000,124477.91493800,2021-01-13 23:59:59,4322876606.41962586,2514289,63981.03830600,2222872691.37191206
2021-01-14 00:00:00,37371.38000000,40100.00000000,36701.23000000,39144.50000000,102950.38942100,2021-01-14 23:59:59,3974826638.14508874,2297466,51264.46709200,1979442593.04999946
2021-01-15 00:00:00,39145.21000000,39747.76000000,34408.00000000,36742.22000000,118300.92091600,2021-01-15 23:59:59,4371588898.68163653,2560801,57738.03422000,2133723812.75986223
2021-01-16 00:00:00,36737.43000000,37950.00000000,35357.80000000,35994.98000000,86348.43150800,2021-01-16 23:59:59,3178840336.14928450,2066363,42420.42373600,1563160122.01133437
2021-01-17 00:00:00,35994.98000000,36852.50000000,33850.00000000,35828.61000000,80157.72738400,2021-01-17 23:59:59,2843103040.24066405,1860642,39513.63856100,1402648632.85122460
2021-01-18 00:00:00,35824.99000000,37469.83000000,34800.00000000,36631.27000000,70698.11875000,2021-01-18 23:59:59,2554843260.52439897,1707766,35621.50604800,1289347187.16652892
2021-01-19 00:00:00,36622.46000000,37850.00000000,35844.06000000,35891.49000000,79611.30776900,2021-01-19 23:59:59,2935348499.34421406,1939371,38704.68162000,1428235709.85196932
2021-01-20 00:00:00,35901.94000000,36415.31000000,33400.00000000,35468.23000000,89368.42291800,2021-01-20 23:59:59,3126721093.52077622,2234539,42546.63407700,1489289968.43647013
2021-01-21 00:00:00,35468.23000000,35600.00000000,30071.00000000,30850.13000000,135004.07665800,2021-01-21 23:59:59,4386783586.50422555,2881505,63256.21044800,2057240516.61919266
2021-01-22 00:00:00,30851.99000000,33826.53000000,28850.00000000,32945.17000000,142971.68404900,2021-01-22 23:59:59,4483295872.02227268,2707810,70150.18845500,2201161570.49867076
2021-01-23 00:00:00,32950.00000000,33456.00000000,31390.16000000,32078.00000000,64595.28767500,2021-01-23 23:59:59,2089098295.75843661,1700056,32680.77612800,1057114174.55222724
2021-01-24 00:00:00,32078.00000000,33071.00000000,30900.00000000,32259.90000000,57978.03796600,2021-01-24 23:59:59,1864609665.36570168,1528287,27826.11919700,895721122.01695440
2021-01-25 00:00:00,32259.45000000,34875.00000000,31910.00000000,32254.20000000,88499.22692100,2021-01-25 23:59:59,2958759288.56356839,2106548,44489.52413200,1488432034.49242141
2021-01-26 00:00:00,32254.19000000,32921.88000000,30837.37000000,32467.77000000,84972.20691000,2021-01-26 23:59:59,2708545364.49464120,2010392,42402.31291700,1352678098.86632097
2021-01-27 00:00:00,32464.01000000,32557.29000000,29241.72000000,30366.15000000,95911.96171100,2021-01-27 23:59:59,2958081421.64155914,2065953,46664.38163800,1440079785.12051182
2021-01-28 00:00:00,30362.19000000,33783.98000000,29842.10000000,33364.86000000,92621.14561700,2021-01-28 23:59:59,2953553214.06568187,2060660,46067.78232600,1468956156.48507130
2021-01-29 00:00:00,33368.18000000,38531.90000000,31915.40000000,34252.20000000,231827.00562600,2021-01-29 23:59:59,8195593336.22846664,4403349,116537.24784700,4121941033.63732514
2021-01-30 00:00:00,34246.28000000,34933.00000000,32825.00000000,34262.88000000,84889.68134000,2021-01-30 23:59:59,2884500062.93807842,2201040,42418.46709900,1441981400.65363825
2021-01-31 00:00:00,34262.89000000,34342.69000000,32171.67000000,33092.98000000,68742.28038400,2021-01-31 23:59:59,2289641045.75801233,1707064,32480.44735800,1082502551.52057114
2021-02-01 00:00:00,33092.97000000,34717.27000000,32296.16000000,33526.37000000,82718.27688200,2021-02-01 23:59:59,2791776658.00560560,1810492,41855.84148600,1413158966.72809792
2021-02-02 00:00:00,33517.09000000,35984.33000000,33418.00000000,35466.24000000,78056.65988000,2021-02-02 23:59:59,2716321896.31760851,1789672,39216.56310600,1364790964.63689959
2021-02-03 00:00:00,35472.71000000,37662.63000000,35362.38000000,37618.87000000,80784.33366300,2021-02-03 23:59:59,2951232788.18430528,1881740,39863.07506000,1456248046.14191715
2021-02-04 00:00:00,37620.26000000,38708.27000000,36161.95000000,36936.66000000,92080.73589800,2021-02-04 23:59:59,3452669022.15329251,2211866,45516.21369000,1707710013.88953844
2021-02-05 00:00:00,36936.65000000,38310.12000000,36570.00000000,38290.24000000,66681.33427500,2021-02-05 23:59:59,2509278291.75158661,1853253,32756.38503100,1232713879.83813833
2021-02-06 00:00:00,38289.32000000,40955.51000000,38215.94000000,39186.94000000,98757.31118300,2021-02-06 23:59:59,3922095148.92815047,2291646,52015.51336200,2065180747.34722405
2021-02-07 00:00:00,39181.01000000,39700.00000000,37351.00000000,38795.69000000,84363.67976300,2021-02-07 23:59:59,3256521384.24061093,1976357,40764.38895900,1574482907.56390225
2021-02-08 00:00:00,38795.69000000,46794.45000000,37988.89000000,46374.87000000,138597.53691400,2021-02-08 23:59:59,5881536976.63569947,3230961,72345.89156800,3069313839.44113577
2021-02-09 00:00:00,46374.86000000,48142.19000000,44961.09000000,46420.42000000,115499.86171200,2021-02-09 23:59:59,5386255398.01718726,3119034,57429.56434700,2679451036.49180349
2021-02-10 00:00:00,46420.42000000,47310.00000000,43727.00000000,44807.58000000,97154.18220000,2021-02-10 23:59:59,4431650130.25110525,2891592,47971.98573100,2190231238.81758670
2021-02-11 00:00:00,44807.58000000,48678.90000000,43994.02000000,47969.51000000,89561.08145400,2021-02-11 23:59:59,4185630934.41089499,2570949,46138.33674000,2158335922.69232338
2021-02-12 00:00:00,47968.66000000,48985.80000000,46125.00000000,47287.60000000,85870.03569700,2021-02-12 23:59:59,4080571908.96766153,2418841,41841.03913500,1990472918.92858487
2021-02-13 00:00:00,47298.15000000,48150.00000000,46202.53000000,47153.69000000,63768.09739900,2021-02-13 23:59:59,3007710147.41815964,2058823,30996.30985900,1462495399.99281157
2021-02-14 00:00:00,47156.78000000,49707.43000000,47014.17000000,48577.79000000,73735.47553300,2021-02-14 23:59:59,3584808348.83473272,2090070,38752.15668100,1884009921.06286063
2021-02-15 00:00:00,48580.47000000,49010.92000000,45570.79000000,47911.10000000,79398.15678400,2021-02-15 23:59:59,3782219060.66472205,2313155,38176.36466100,1819251655.78142706
2021-02-16 00:00:00,47911.10000000,50689.18000000,47003.62000000,49133.45000000,88813.26629800,2021-02-16 23:59:59,4349983777.69236727,2199849,45608.60383800,2236524604.98835597
2021-02-17 00:00:00,49133.45000000,52618.74000000,48947.00000000,52119.71000000,85743.63781800,2021-02-17 23:59:59,4365831514.81529820,2514374,45055.44624100,2294099235.28002256
2021-02-18 00:00:00,52117.67000000,52530.00000000,50901.90000000,51552.60000000,60758.04695400,2021-02-18 23:59:59,3149973077.48746591,1891592,28893.35862300,1498231635.84390890
2021-02-19 00:00:00,51552.61000000,56368.00000000,50710.20000000,55906.00000000,79659.77802000,2021-02-19 23:59:59,4251167827.68424644,2339215,40556.02024600,2164871310.22394144
2021-02-20 00:00:00,55906.00000000,57700.46000000,53863.93000000,55841.19000000,80948.20531400,2021-02-20 23:59:59,4551890859.85127464,2642846,38636.06627400,2172833878.44096487
2021-02-21 00:00:00,55841.19000000,58352.80000000,55477.59000000,57408.57000000,58166.70851100,2021-02-21 23:59:59,3317998263.34788921,1950533,29506.08908500,1683107088.15736952
2021-02-22 00:00:00,57412.35000000,57508.47000000,47622.00000000,54087.67000000,134019.43494400,2021-02-22 23:59:59,7213386720.43679782,3313083,63677.66197900,3427217154.52097287
2021-02-23 00:00:00,54087.67000000,54183.59000000,44892.56000000,48891.00000000,169375.02505100,2021-02-23 23:59:59,8215839131.24338574,3825196,82464.14299200,4002195292.09735604
2021-02-24 00:00:00,48891.00000000,51374.99000000,46988.69000000,49676.20000000,91881.20925200,2021-02-24 23:59:59,4574033001.37953613,2194532,45750.71483100,2278566606.13834688
2021-02-25 00:00:00,49676.21000000,52041.73000000,46674.34000000,47073.73000000,83310.67312100,2021-02-25 23:59:59,4152188728.14161469,2305679,40610.66475900,2026068517.64636189
2021-02-26 00:00:00,47073.73000000,48424.11000000,44106.78000000,46276.87000000,109423.20066300,2021-02-26 23:59:59,5086374532.73461493,2371766,53626.90462200,2494190193.25228294
2021-02-27 00:00:00,46276.88000000,48394.00000000,45000.00000000,46106.43000000,66060.83429200,2021-02-27 23:59:59,3105897438.55097179,1757720,31987.01964700,1505012110.94959802
2021-02-28 00:00:00,46103.67000000,46638.46000000,43000.00000000,45135.66000000,83055.36904200,2021-02-28 23:59:59,3708359965.45458128,1838345,40688.17185000,1817797446.60238093
2021-03-01 00:00:00,45134.11000000,49790.00000000,44950.53000000,49587.03000000,85086.11164800,2021-03-01 23:59:59,4057515794.86572823,2147223,42616.99436100,2032566685.61430702
2021-03-02 00:00:00,49595.76000000,50200.00000000,47047.60000000,48440.65000000,64221.06214000,2021-03-02 23:59:59,3120472069.90945280,1855583,31377.03807700,1525145370.14352052
2021-03-03 00:00:00,48436.61000000,52640.00000000,48100.71000000,50349.37000000,81035.91370500,2021-03-03 23:59:59,4109521257.54070026,2242131,40955.36839900,2077586898.67821050
2021-03-04 00:00:00,50349.37000000,51773.88000000,47500.00000000,48374.09000000,82649.71682900,2021-03-04 23:59:59,4079837240.85676201,2291936,40269.97788800,1987955554.80481454
2021-03-05 00:00:00,48374.09000000,49448.93000000,46300.00000000,48751.71000000,78192.49637200,2021-03-05 23:59:59,3727133104.83731038,2054216,38318.31037700,1827025012.21754943
2021-03-06 00:00:00,48746.81000000,49200.00000000,47070.00000000,48882.20000000,44399.23424200,2021-03-06 23:59:59,2143910705.29150321,1476474,21500.61561700,1038365872.97995482
2021-03-07 00:00:00,48882.20000000,51450.03000000,48882.20000000,50971.75000000,55235.02803200,2021-03-07 23:59:59,2778875909.44912621,1758101,27885.59696400,1402782879.72115338
2021-03-08 00:00:00,50959.11000000,52402.78000000,49274.67000000,52375.17000000,66987.35966400,2021-03-08 23:59:59,3400847931.03607402,1999401,33595.42957000,1706117798.10549939
2021-03-09 00:00:00,52375.18000000,54895.00000000,51789.41000000,54884.50000000,71656.73707600,2021-03-09 23:59:59,3861450964.65490351,2194398,35011.54108600,1886844773.68462989
2021-03-10 00:00:00,54874.67000000,57387.69000000,53005.00000000,55851.59000000,84749.23894300,2021-03-10 23:59:59,4700197563.35921245,2647284,42651.88740500,2366856292.86677151
2021-03-11 00:00:00,55851.59000000,58150.00000000,54272.82000000,57773.16000000,81914.81285900,2021-03-11 23:59:59,4612366201.00222005,2509970,40603.44966800,2288704819.09510673
2021-03-12 00:00:00,57773.15000000,58081.51000000,54962.84000000,57221.72000000,73405.40604700,2021-03-12 23:59:59,4162054726.37883880,2489931,35802.94146200,2030616300.47343136
2021-03-13 00:00:00,57221.72000000,61844.00000000,56078.23000000,61188.39000000,83245.09134600,2021-03-13 23:59:59,4933383453.24597802,2559002,44387.23191800,2631390814.77279265
2021-03-14 00:00:00,61188.38000000,61724.79000000,58966.78000000,58968.31000000,52601.05275000,2021-03-14 23:59:59,3176397573.88464251,1829769,25325.26705000,1530051005.39804023
2021-03-15 00:00:00,58976.08000000,60633.43000000,54600.00000000,55605.20000000,102771.42729800,2021-03-15 23:59:59,5874241052.09337221,2683815,49825.43834700,2848907086.63436949
2021-03-16 00:00:00,55605.20000000,56938.29000000,53271.34000000,56900.75000000,77986.69435500,2021-03-16 23:59:59,4304259207.64509981,2241208,37825.50149300,2088111362.55123841
2021-03-17 00:00:00,56900.74000000,58974.73000000,54123.69000000,58912.97000000,70421.62084100,2021-03-17 23:59:59,3960992972.15429223,2204296,34778.74577500,1957825522.68032863
2021-03-18 00:00:00,58912.97000000,60129.97000000,57023.00000000,57648.16000000,66580.40667500,2021-03-18 23:59:59,3900885761.21280599,2040947,32287.37991100,1892327691.36669634
2021-03-19 00:00:00,57641.00000000,59468.00000000,56270.74000000,58030.01000000,52392.65296100,2021-03-19 23:59:59,3052711147.93492521,1885830,25552.51122300,1489274083.26434220
2021-03-20 00:00:00,58030.01000000,59880.00000000,57820.17000000,58102.28000000,44476.94177600,2021-03-20 23:59:59,2616535093.05158531,1724131,22212.44672300,1307023993.12344343
2021-03-21 00:00:00,58100.02000000,58589.10000000,55450.11000000,57351.56000000,48564.47027400,2021-03-21 23:59:59,2774223129.62380987,1773546,23648.94167600,1350989191.27683849
2021-03-22 00:00:00,57351.56000000,58430.73000000,53650.00000000,54083.25000000,62581.62616900,2021-03-22 23:59:59,3527479514.32565286,1927345,30749.05902800,1733579080.56900055
2021-03-23 00:00:00,54083.25000000,55830.90000000,53000.00000000,54340.89000000,59789.36542700,2021-03-23 23:59:59,3264650774.81746144,1740349,29563.40974000,1614722150.81925661
2021-03-24 00:00:00,54342.80000000,57200.00000000,51700.00000000,52303.65000000,83537.46502100,2021-03-24 23:59:59,4583159614.04646126,2401988,39323.13006700,2161386678.80682066
2021-03-25 00:00:00,52303.66000000,53287.00000000,50427.56000000,51293.78000000,87400.53453800,2021-03-25 23:59:59,4536327184.95786042,2099425,42947.39773300,2229351569.58702623
2021-03-26 00:00:00,51293.78000000,55073.46000000,51214.60000000,55025.59000000,63813.77469200,2021-03-26 23:59:59,3397036140.75163746,1773150,31822.54523800,1694326043.33711574
2021-03-27 00:00:00,55025.59000000,56700.36000000,53950.00000000,55817.14000000,50105.47505500,2021-03-27 23:59:59,2767070175.86193082,1528776,24739.94847100,1365965317.25052359
2021-03-28 00:00:00,55817.14000000,56559.75000000,54691.84000000,55777.63000000,39050.38751100,2021-03-28 23:59:59,2178777329.44521665,1551283,19262.72593500,1074959545.95900884
2021-03-29 00:00:00,55777.65000000,58405.82000000,54800.01000000,57635.47000000,67857.93739800,2021-03-29 23:59:59,3877131109.73464578,1983437,34373.80455600,1963800173.65605960
2021-03-30 00:00:00,57635.46000000,59368.00000000,57071.35000000,58746.57000000,55122.44312200,2021-03-30 23:59:59,3221944107.45503046,1612744,27541.52668000,1610812657.92990190
2021-03-31 00:00:00,58746.57000000,59800.00000000,56769.00000000,58740.55000000,60975.54266600,2021-03-31 23:59:59,3575976083.80457570,1928224,31074.81318700,1823822792.91045006
2021-04-01 00:00:00,58739.46000000,59490.00000000,57935.45000000,58720.44000000,47415.61722000,2021-04-01 23:59:59,2789238879.94337348,1594431,22966.25673600,1351151697.89222195
2021-04-02 00:00:00,58720.45000000,60200.00000000,58428.57000000,58950.01000000,47382.41878100,2021-04-02 23:59:59,2811159761.26846735,1666356,23695.69515400,1406393729.83076923
2021-04-03 00:00:00,58950.01000000,59791.72000000,56880.00000000,57051.94000000,47409.85211300,2021-04-03 23:59:59,2783151686.16453709,1606805,23057.96701700,1353960264.62196262
2021-04-04 00:00:00,57051.95000000,58492.85000000,56388.00000000,58202.01000000,41314.08197300,2021-04-04 23:59:59,2380139010.73023250,1499113,20609.13416100,1187123542.57988340
2021-04-05 00:00:00,58202.01000000,59272.00000000,56777.77000000,59129.99000000,54258.01579000,2021-04-05 23:59:59,3155214764.16448552,2035877,27269.49269000,1586344787.55416885
2021-04-06 00:00:00,59129.99000000,59495.24000000,57413.02000000,57991.15000000,54201.00072700,2021-04-06 23:59:59,3166911557.14815778,1960513,26699.19787200,1560539125.77805926
2021-04-07 00:00:00,57990.03000000,58655.00000000,55473.00000000,55953.45000000,71228.40565900,2021-04-07 23:59:59,4053294016.48451469,2206433,34737.58215500,1977438033.92862991
2021-04-08 00:00:00,55953.44000000,58153.31000000,55700.00000000,58077.52000000,44283.14701900,2021-04-08 23:59:59,2531779682.55242696,1661080,22161.69051000,1267126859.44389048
2021-04-09 00:00:00,58077.52000000,58894.90000000,57654.00000000,58142.54000000,40831.88491100,2021-04-09 23:59:59,2378340697.28958427,1615962,20354.23445600,1185679367.91003643
2021-04-10 00:00:00,58142.55000000,61500.00000000,57900.01000000,59769.13000000,69906.42411700,2021-04-10 23:59:59,4197138552.46903365,2470398,36018.63756600,2162858397.75343994
2021-04-11 00:00:00,59769.13000000,60699.00000000,59232.52000000,60002.43000000,41156.71539100,2021-04-11 23:59:59,2462032926.61798127,1746102,20798.05877900,1244349091.44347729
2021-04-12 00:00:00,59998.80000000,61300.00000000,59350.59000000,59860.00000000,56375.03711700,2021-04-12 23:59:59,3393042867.87146672,1806298,27645.20115300,1664588823.41102893
2021-04-13 00:00:00,59860.01000000,63777.77000000,59805.15000000,63575.00000000,82848.68874600,2021-04-13 23:59:59,5154877375.38961765,2703735,41662.53302800,2592724448.36985041
2021-04-14 00:00:00,63575.01000000,64854.00000000,61301.00000000,62959.53000000,82616.34399300,2021-04-14 23:59:59,5239081228.15697651,2645625,40070.37752700,2542171083.41268837
2021-04-15 00:00:00,62959.53000000,63800.00000000,62020.00000000,63159.98000000,51649.70034000,2021-04-15 23:59:59,3248931738.29318204,1938028,25628.16837900,1612303095.28825449
2021-04-16 00:00:00,63158.74000000,63520.61000000,60000.00000000,61334.80000000,91764.13988400,2021-04-16 23:59:59,5647292669.61549332,2639940,43570.02314700,2680750914.50457292
2021-04-17 00:00:00,61334.81000000,62506.05000000,59580.91000000,60006.66000000,58912.25612800,2021-04-17 23:59:59,3605701810.67504697,2268816,28386.27410600,1737722135.37950582
2021-04-18 00:00:00,60006.67000000,60499.00000000,50931.30000000,56150.01000000,124882.13182400,2021-04-18 23:59:59,6949379727.42915424,3444089,59404.61680900,3303953081.09621833
2021-04-19 00:00:00,56150.01000000,57526.81000000,54221.58000000,55633.14000000,78229.04226700,2021-04-19 23:59:59,4398619580.64714330,2390527,38362.38497900,2156617047.23873171
2021-04-20 00:00:00,55633.14000000,57076.24000000,53329.96000000,56425.00000000,72744.48215100,2021-04-20 23:59:59,4037701391.61952629,2148820,35519.58972700,1971916967.58497548
2021-04-21 00:00:00,56425.00000000,56757.91000000,53536.02000000,53787.63000000,66984.75690900,2021-04-21 23:59:59,3704549578.69730319,2134946,32188.92949300,1780065583.27209392
2021-04-22 00:00:00,53787.62000000,55521.48000000,50500.00000000,51690.96000000,104656.63133700,2021-04-22 23:59:59,5594983857.31809224,2744621,50550.77147000,2703745286.38870583
2021-04-23 00:00:00,51690.95000000,52131.85000000,47500.00000000,51125.14000000,132230.78071900,2021-04-23 23:59:59,6571097317.46791836,2888237,63769.62125300,3170392794.05488430
2021-04-24 00:00:00,51110.56000000,51166.22000000,48657.14000000,50047.84000000,55361.51257300,2021-04-24 23:59:59,2762081002.87866301,1164985,26782.23300700,1336607709.85679762
2021-04-25 00:00:00,50047.84000000,50567.91000000,46930.00000000,49066.77000000,58255.64500400,2021-04-25 23:59:59,2867858315.18731958,1475479,27767.33139400,1367920871.52816647
2021-04-26 00:00:00,49066.76000000,54356.62000000,48753.44000000,54001.39000000,86310.80212400,2021-04-26 23:59:59,4555688503.39738704,2174544,43183.93674900,2277375506.85531338
2021-04-27 00:00:00,54001.38000000,55460.00000000,53222.00000000,55011.97000000,54064.03467500,2021-04-27 23:59:59,2949719328.36698972,1568666,25631.07462900,1398731801.17633617
2021-04-28 00:00:00,55011.97000000,56428.00000000,53813.16000000,54846.22000000,55130.45901500,2021-04-28 23:59:59,3020242787.50667770,1830042,26762.03342200,1466278915.01532206
2021-04-29 00:00:00,54846.23000000,55195.84000000,52330.94000000,53555.00000000,52486.01945500,2021-04-29 23:59:59,2823220335.47604128,1763676,25339.74390200,1362821167.93253950
2021-04-30 00:00:00,53555.00000000,57963.00000000,53013.01000000,57694.27000000,68578.91004500,2021-04-30 23:59:59,3808187372.73937955,2267648,35634.12908700,1978866536.22417801
2021-05-01 00:00:00,57697.25000000,58458.07000000,56956.14000000,57800.37000000,42600.35183600,2021-05-01 23:59:59,2460342954.84252080,1743013,20574.81022600,1188354972.01372347
2021-05-02 00:00:00,57797.35000000,57911.02000000,56035.25000000,56578.21000000,36812.87886300,2021-05-02 23:59:59,2089763230.43962683,1371638,18172.89183600,1031569632.43915790
2021-05-03 00:00:00,56578.21000000,58981.44000000,56435.00000000,57169.39000000,57649.93128600,2021-05-03 23:59:59,3337604542.62738077,2102128,28536.05553300,1652286174.15826469
2021-05-04 00:00:00,57169.39000000,57200.00000000,53046.69000000,53200.01000000,85324.62590300,2021-05-04 23:59:59,4705402064.30097516,2492629,41029.68824600,2262794503.81474985
2021-05-05 00:00:00,53205.05000000,58069.82000000,52900.00000000,57436.11000000,77263.92343900,2021-05-05 23:59:59,4327994296.15143644,2378119,38729.47501600,2170539511.77727666
2021-05-06 00:00:00,57436.11000000,58360.00000000,55200.00000000,56393.68000000,70181.67190800,2021-05-06 23:59:59,3992289527.73709740,2459881,34248.89964300,1949210281.69201645
2021-05-07 00:00:00,56393.68000000,58650.00000000,55241.63000000,57314.75000000,74542.74782900,2021-05-07 23:59:59,4239374487.47477234,2361692,36877.60256600,2097609397.22975708
2021-05-08 00:00:00,57315.49000000,59500.00000000,56900.00000000,58862.05000000,69709.90602800,2021-05-08 23:59:59,4079553831.98806437,2311378,34329.69915600,2009442622.58890522
2021-05-09 00:00:00,58866.53000000,59300.00000000,56235.66000000,58240.84000000,69806.11991000,2021-05-09 23:59:59,4043552701.50659866,2170139,34301.05045700,1987959541.94018194
2021-05-10 00:00:00,58240.83000000,59500.00000000,53400.00000000,55816.14000000,89586.34925000,2021-05-10 23:59:59,5131782639.96613736,2575419,43057.97702900,2468201497.96757166
2021-05-11 00:00:00,55816.14000000,56862.43000000,54370.00000000,56670.02000000,64329.54055000,2021-05-11 23:59:59,3583030654.76301904,1911480,30880.82833900,1720075588.22363352
2021-05-12 00:00:00,56670.02000000,58000.01000000,48600.00000000,49631.32000000,99842.78983600,2021-05-12 23:59:59,5476115093.11046791,2676826,48299.82600100,2654897646.09257715
2021-05-13 00:00:00,49537.15000000,51367.19000000,46000.00000000,49670.97000000,147332.00212100,2021-05-13 23:59:59,7303694688.60140086,3570506,71742.00335900,3558735468.00459532
2021-05-14 00:00:00,49671.92000000,51483.00000000,48799.75000000,49841.45000000,80082.20430600,2021-05-14 23:59:59,4015904915.40791062,2095860,37184.12886300,1864162620.50271464
2021-05-15 00:00:00,49844.16000000,50700.00000000,46555.00000000,46762.99000000,89437.44935900,2021-05-15 23:59:59,4350775846.51735788,2286791,42257.91846300,2056302844.86102109
2021-05-16 00:00:00,46762.99000000,49795.89000000,43825.39000000,46431.50000000,114269.81277500,2021-05-16 23:59:59,5367497608.11590065,2661295,53797.59087700,2528671396.10801939
2021-05-17 00:00:00,46426.83000000,46686.00000000,42001.00000000,43538.04000000,166657.17273600,2021-05-17 23:59:59,7346755531.93385754,3216821,80610.14658100,3555755756.32292157
2021-05-18 00:00:00,43538.02000000,45799.29000000,42250.02000000,42849.78000000,116979.86078400,2021-05-18 23:59:59,5146670282.54790183,2561165,55703.00041000,2450848779.21597987
2021-05-19 00:00:00,42849.78000000,43584.90000000,30000.00000000,36690.09000000,354347.24316100,2021-05-19 23:59:59,13477694934.87179764,6331062,168271.34730800,6410032516.52352622
2021-05-20 00:00:00,36671.23000000,42451.67000000,34850.00000000,40526.64000000,203017.59692300,2021-05-20 23:59:59,8019897067.17621988,4269898,100167.12641300,3959645913.23249423
2021-05-21 00:00:00,40525.39000000,42200.00000000,33488.00000000,37252.01000000,202100.88825800,2021-05-21 23:59:59,7713346610.27412883,3993336,94002.43140900,3591749386.78765034
2021-05-22 00:00:00,37263.35000000,38829.00000000,35200.62000000,37449.73000000,126542.24368900,2021-05-22 23:59:59,4730567647.67440109,2716691,63310.45201200,2367081500.53005795
2021-05-23 00:00:00,37458.51000000,38270.64000000,31111.01000000,34655.25000000,217136.04659300,2021-05-23 23:59:59,7431242463.20384205,4082004,104637.65940900,3584259319.74638161
2021-05-24 00:00:00,34681.44000000,39920.00000000,34031.00000000,38796.29000000,161630.89397100,2021-05-24 23:59:59,5996773032.15134490,3510578,81584.82531400,3031032098.51888064
2021-05-25 00:00:00,38810.99000000,39791.77000000,36419.62000000,38324.72000000,111996.22840400,2021-05-25 23:59:59,4253519579.37872882,2508310,54153.53681400,2057463609.95091102
2021-05-26 00:00:00,38324.72000000,40841.00000000,37800.44000000,39241.91000000,104780.77339600,2021-05-26 23:59:59,4113717505.26355481,2432319,50485.07699400,1983423341.55992480
2021-05-27 00:00:00,39241.92000000,40411.14000000,37134.27000000,38529.98000000,86547.15879400,2021-05-27 23:59:59,3361413526.05354346,2102182,42256.01280100,1641681553.52913720
2021-05-28 00:00:00,38529.99000000,38877.83000000,34684.00000000,35663.49000000,135377.62972000,2021-05-28 23:59:59,4926260941.93361343,2659178,64327.28185300,2341060689.07345919
2021-05-29 00:00:00,35661.79000000,37338.58000000,33632.76000000,34605.15000000,112663.09268900,2021-05-29 23:59:59,3949843335.32259506,2169643,54284.19965200,1904345668.77900613
2021-05-30 00:00:00,34605.15000000,36488.00000000,33379.00000000,35641.27000000,73535.38696700,2021-05-30 23:59:59,2601994948.14824216,1559892,37406.81390300,1324617922.55457400
2021-05-31 00:00:00,35641.26000000,37499.00000000,34153.84000000,37253.81000000,94160.73528900,2021-05-31 23:59:59,3406047734.83112852,1896359,46337.93250400,1677796724.05736149
2021-06-01 00:00:00,37253.82000000,37894.81000000,35666.00000000,36693.09000000,81234.66377000,2021-06-01 23:59:59,2973928300.37558711,1760417,40291.83485100,1475008291.23364731
2021-06-02 00:00:00,36694.85000000,38225.00000000,35920.00000000,37568.68000000,67587.37249500,2021-06-02 23:59:59,2523462575.68843765,1530915,34328.49628700,1281854474.91208278
2021-06-03 00:00:00,37568.68000000,39476.00000000,37170.00000000,39246.79000000,75889.10601100,2021-06-03 23:59:59,2930945325.70920706,1949658,38664.29784900,1493504667.61380185
2021-06-04 00:00:00,39246.78000000,39289.07000000,35555.15000000,36829.00000000,91317.79924500,2021-06-04 23:59:59,3379399754.93052259,1926311,43105.97173000,1595098152.96682665
2021-06-05 00:00:00,36829.15000000,37925.00000000,34800.00000000,35513.20000000,70459.62149000,2021-06-05 23:59:59,2560547116.83640575,1463754,34397.77436000,1249708171.27239164
2021-06-06 00:00:00,35516.07000000,36480.00000000,35222.00000000,35796.31000000,47650.20663700,2021-06-06 23:59:59,1711857075.04716966,993430,23661.26063600,850204250.76255567
2021-06-07 00:00:00,35796.31000000,36900.00000000,33300.00000000,33552.79000000,77574.95257300,2021-06-07 23:59:59,2755673601.71391388,1532260,36431.56058600,1295757611.70864594
2021-06-08 00:00:00,33556.96000000,34068.01000000,31000.00000000,33380.81000000,123251.18903700,2021-06-08 23:59:59,4030784324.60968405,2074885,60095.99020100,1966354847.56919820
2021-06-09 00:00:00,33380.80000000,37534.79000000,32396.82000000,37388.05000000,136607.59751700,2021-06-09 23:59:59,4794741674.43882304,2601479,68790.28926500,2415789675.08593024
2021-06-10 00:00:00,37388.05000000,38491.00000000,35782.00000000,36675.72000000,109527.28494300,2021-06-10 23:59:59,4062957162.36429993,2231430,53639.42402200,1990486079.21771466
2021-06-11 00:00:00,36677.83000000,37680.40000000,35936.77000000,37331.98000000,78466.00530000,2021-06-11 23:59:59,2903043643.31007191,1727645,39406.71922400,1458619433.27684363
2021-06-12 00:00:00,37331.98000000,37463.63000000,34600.36000000,35546.11000000,87717.54999000,2021-06-12 23:59:59,3132387326.53751386,1719650,42571.20531300,1520432734.29990903
2021-06-13 00:00:00,35546.12000000,39380.00000000,34757.00000000,39020.57000000,86921.02555500,2021-06-13 23:59:59,3208991521.63768005,1894103,45675.27361600,1688611358.41170236
2021-06-14 00:00:00,39020.56000000,41064.05000000,38730.00000000,40516.29000000,108522.39194900,2021-06-14 23:59:59,4320307646.76538952,2185089,53645.90874400,2135285912.62050537
2021-06-15 00:00:00,40516.28000000,41330.00000000,39506.40000000,40144.04000000,80679.62283800,2021-06-15 23:59:59,3247746713.62740970,1931890,39428.82972600,1587381565.81541288
2021-06-16 00:00:00,40143.80000000,40527.14000000,38116.01000000,38349.01000000,87771.97693700,2021-06-16 23:59:59,3450556041.60058353,2134897,42137.24225100,1657135674.82302152
2021-06-17 00:00:00,38349.00000000,39559.88000000,37365.00000000,38092.97000000,79541.30711900,2021-06-17 23:59:59,3065622530.03988603,1620210,37936.81267300,1462729677.11582557
2021-06-18 00:00:00,38092.97000000,38202.84000000,35129.29000000,35819.84000000,95228.04293500,2021-06-18 23:59:59,3507868126.30620260,1809253,44824.43656700,1651613641.38681674
2021-06-19 00:00:00,35820.48000000,36457.00000000,34803.52000000,35483.72000000,68712.44946100,2021-06-19 23:59:59,2453817534.77716944,1212278,33788.29334500,1207082481.76471773
2021-06-20 00:00:00,35483.72000000,36137.72000000,33336.00000000,35600.16000000,89878.17085000,2021-06-20 23:59:59,3124634336.84076064,1691871,44194.06738700,1537385055.49291186
2021-06-21 00:00:00,35600.17000000,35750.00000000,31251.23000000,31608.93000000,168778.87315900,2021-06-21 23:59:59,5545926077.78806706,2688993,81297.46975100,2671033140.18897872
2021-06-22 00:00:00,31614.12000000,33298.78000000,28805.00000000,32509.56000000,204208.17976200,2021-06-22 23:59:59,6406159197.07678900,3113977,99149.18226600,3115465362.96708140
2021-06-23 00:00:00,32509.56000000,34881.00000000,31683.00000000,33678.07000000,126966.10056300,2021-06-23 23:59:59,4282250433.91944518,2026228,63340.03313700,2136458765.58680401
2021-06-24 00:00:00,33675.07000000,35298.00000000,32286.57000000,34663.09000000,86625.80426000,2021-06-24 23:59:59,2925373222.10597716,1531230,43994.70829800,1486960778.32677295
2021-06-25 00:00:00,34663.08000000,35500.00000000,31275.00000000,31584.45000000,116061.13035600,2021-06-25 23:59:59,3846120542.65729680,2094932,55656.15625200,1846078278.30478276
2021-06-26 00:00:00,31576.09000000,32730.00000000,30151.00000000,32283.65000000,107820.37528700,2021-06-26 23:59:59,3376415451.79312412,1814051,52978.15925600,1659918820.24047804
2021-06-27 00:00:00,32283.65000000,34749.00000000,31973.45000000,34700.34000000,96613.24421100,2021-06-27 23:59:59,3199980157.75033328,1799875,48772.52918000,1616348030.48262429
2021-06-28 00:00:00,34702.49000000,35297.71000000,33862.72000000,34494.89000000,82222.26781900,2021-06-28 23:59:59,2837122779.52440164,1868627,40552.29218000,1399861431.16463476
2021-06-29 00:00:00,34494.89000000,36600.00000000,34225.43000000,35911.73000000,90788.79622000,2021-06-29 23:59:59,3233947791.86338857,1673802,45376.58762900,1616093004.85216473
2021-06-30 00:00:00,35911.72000000,36100.00000000,34017.55000000,35045.00000000,77152.19763400,2021-06-30 23:59:59,2688939291.09567313,1301036,37035.76967400,1290873346.22416245
2021-07-01 00:00:00,35045.00000000,35057.57000000,32711.00000000,33504.69000000,71708.26611200,2021-07-01 23:59:59,2410809595.39045694,1240681,34986.05501600,1176002216.56568103
2021-07-02 00:00:00,33502.33000000,33977.04000000,32699.00000000,33786.55000000,56172.18137800,2021-07-02 23:59:59,1870193042.39353716,1176457,27271.65800500,908203511.34114962
2021-07-03 00:00:00,33786.54000000,34945.61000000,33316.73000000,34669.13000000,43044.57864100,2021-07-03 23:59:59,1478423023.50348303,1078278,21331.87504500,732586226.47257181
2021-07-04 00:00:00,34669.12000000,35967.85000000,34357.15000000,35286.51000000,43703.47578900,2021-07-04 23:59:59,1544458212.39263313,1164970,21180.33506900,748187394.23958082
2021-07-05 00:00:00,35288.13000000,35293.78000000,33125.55000000,33690.14000000,64123.87424500,2021-07-05 23:59:59,2183406257.49382919,1109367,31489.85537200,1071967415.42531092
2021-07-06 00:00:00,33690.15000000,35118.88000000,33532.00000000,34220.01000000,58210.59634900,2021-07-06 23:59:59,1991691100.94826585,1184687,27801.95449300,951269024.03794967
2021-07-07 00:00:00,34220.02000000,35059.09000000,33777.77000000,33862.12000000,53807.52167500,2021-07-07 23:59:59,1857658028.48080391,1041416,27294.92392700,941984587.97562216
2021-07-08 00:00:00,33862.11000000,33929.64000000,32077.00000000,32875.71000000,70136.48032000,2021-07-08 23:59:59,2304973020.29871520,1257892,35104.65522500,1152928339.82184283
2021-07-09 00:00:00,32875.71000000,34100.00000000,32261.07000000,33815.81000000,47153.93989900,2021-07-09 23:59:59,1562958239.39137620,1236351,23660.06860100,784288611.13252862
2021-07-10 00:00:00,33815.81000000,34262.00000000,33004.78000000,33502.87000000,34761.17546800,2021-07-10 23:59:59,1171790111.08299535,865508,17012.75919700,573638406.54702383
2021-07-11 00:00:00,33502.87000000,34666.00000000,33306.47000000,34258.99000000,31572.64744800,2021-07-11 23:59:59,1070033013.19204486,952891,16434.53750800,557336788.69660773
2021-07-12 00:00:00,34259.00000000,34678.43000000,32658.34000000,33086.63000000,48181.40376200,2021-07-12 23:59:59,1620646741.33496329,1176847,22602.90730600,759877911.03504663
2021-07-13 00:00:00,33086.94000000,33340.00000000,32202.25000000,32729.77000000,41126.36100800,2021-07-13 23:59:59,1348583017.01034310,956053,19588.27850700,642576716.60414360
2021-07-14 00:00:00,32729.12000000,33114.03000000,31550.00000000,32820.02000000,46777.82348400,2021-07-14 23:59:59,1515692074.98754753,1123129,22516.48571900,730009068.07089644
2021-07-15 00:00:00,32820.03000000,33185.25000000,31133.00000000,31880.00000000,51639.57635300,2021-07-15 23:59:59,1652077965.43655981,1099367,24866.40578700,795831015.69614899
2021-07-16 00:00:00,31874.49000000,32249.18000000,31020.00000000,31383.87000000,48499.86415400,2021-07-16 23:59:59,1538342711.57965672,1067591,23963.74456800,760274744.55207078
2021-07-17 00:00:00,31383.86000000,31955.92000000,31164.31000000,31520.07000000,34012.24213200,2021-07-17 23:59:59,1072815966.33630751,883442,16649.05130800,525240023.82137983
2021-07-18 00:00:00,31520.07000000,32435.00000000,31108.97000000,31778.56000000,35923.71618600,2021-07-18 23:59:59,1140964365.64660148,760979,17554.18265300,557709781.11918031
2021-07-19 00:00:00,31778.57000000,31899.00000000,30407.44000000,30839.65000000,47340.46849900,2021-07-19 23:59:59,1470563281.93650284,846029,22709.51004500,705480091.14467479
2021-07-20 00:00:00,30839.65000000,31063.07000000,29278.00000000,29790.35000000,61034.04901700,2021-07-20 23:59:59,1821230700.02039109,1062139,28424.82505000,847855259.13993829
2021-07-21 00:00:00,29790.34000000,32858.00000000,29482.61000000,32144.51000000,82796.26512800,2021-07-21 23:59:59,2603140706.08222436,1415058,42584.67221900,1338356405.54193175
2021-07-22 00:00:00,32144.51000000,32591.35000000,31708.00000000,32287.83000000,46148.09243300,2021-07-22 23:59:59,1482763544.95053643,1000742,23274.51280500,747848528.87672003
2021-07-23 00:00:00,32287.58000000,33650.00000000,31924.32000000,33634.09000000,50112.86362600,2021-07-23 23:59:59,1631947003.07304657,1394786,25018.97707900,815391041.19337381
2021-07-24 00:00:00,33634.10000000,34500.00000000,33401.14000000,34258.14000000,47977.55013800,2021-07-24 23:59:59,1625046258.43655218,1196914,23937.61781400,810983258.04245942
2021-07-25 00:00:00,34261.51000000,35398.00000000,33851.12000000,35381.02000000,47852.92831300,2021-07-25 23:59:59,1646935552.80554462,1245775,24632.14930000,848320775.42419001
2021-07-26 00:00:00,35381.02000000,40550.00000000,35205.78000000,37237.60000000,152452.51272400,2021-07-26 23:59:59,5832475057.06567638,3330102,77191.34607500,2953296773.15355035
2021-07-27 00:00:00,37241.33000000,39542.61000000,36383.00000000,39457.87000000,88397.26701500,2021-07-27 23:59:59,3335658261.99554664,1938478,45137.30343900,1703810516.33785954
2021-07-28 00:00:00,39456.61000000,40900.00000000,38772.00000000,40019.56000000,101344.52844100,2021-07-28 23:59:59,4040889461.66152784,2631048,49019.13627600,1954994215.00461230
2021-07-29 00:00:00,40019.57000000,40640.00000000,39200.00000000,40016.48000000,53998.43928300,2021-07-29 23:59:59,2154190697.34531810,1428738,26700.92624400,1065505374.50525061
2021-07-30 00:00:00,40018.49000000,42316.71000000,38313.23000000,42206.37000000,73602.78480500,2021-07-30 23:59:59,2939833541.38153644,1797012,37730.42686200,1509172746.20397869
2021-07-31 00:00:00,42206.36000000,42448.00000000,41000.15000000,41461.83000000,44849.79101200,2021-07-31 23:59:59,1868285510.88467891,1565380,22844.24505000,951887855.62149689
2021-08-01 00:00:00,41461.84000000,42599.00000000,39422.01000000,39845.44000000,53953.18632600,2021-08-01 23:59:59,2227567271.48786541,1603964,25796.75379500,1066579608.83982349
2021-08-02 00:00:00,39850.27000000,40480.01000000,38690.00000000,39147.82000000,50837.35195400,2021-08-02 23:59:59,2010928003.59440882,1162878,24558.00534300,971596720.94675931
2021-08-03 00:00:00,39146.86000000,39780.00000000,37642.03000000,38207.05000000,57117.43585300,2021-08-03 23:59:59,2195360658.56732878,1379871,27683.46659800,1064118781.84985729
2021-08-04 00:00:00,38207.04000000,39969.66000000,37508.56000000,39723.18000000,52329.35243000,2021-08-04 23:59:59,2028792778.18480471,1220555,26804.21116900,1039347051.55552658
2021-08-05 00:00:00,39723.17000000,41350.00000000,37332.70000000,40862.46000000,84343.75562100,2021-08-05 23:59:59,3314527738.33973321,1913281,41673.12908100,1638359889.80201597
2021-08-06 00:00:00,40862.46000000,43392.43000000,39853.86000000,42836.87000000,75753.94134700,2021-08-06 23:59:59,3148022459.91615849,2223356,38278.00475800,1591634314.10080118
2021-08-07 00:00:00,42836.87000000,44700.00000000,42446.41000000,44572.54000000,73396.74080800,2021-08-07 23:59:59,3197407326.03679334,2258213,37355.62384500,1627865923.87897347
2021-08-08 00:00:00,44572.54000000,45310.00000000,43261.00000000,43794.37000000,69329.09269800,2021-08-08 23:59:59,3074924734.87934016,1857112,34099.15066000,1512451140.39891587
2021-08-09 00:00:00,43794.36000000,46454.15000000,42779.00000000,46253.40000000,74587.88484500,2021-08-09 23:59:59,3362870286.25811797,2130595,38464.60543000,1735618666.81813226
2021-08-10 00:00:00,46248.87000000,46700.00000000,44589.46000000,45584.99000000,53814.64342100,2021-08-10 23:59:59,2452485823.93365419,1951330,26592.36931400,1212338434.73183560
2021-08-11 00:00:00,45585.00000000,46743.47000000,45341.14000000,45511.00000000,52734.90197700,2021-08-11 23:59:59,2432788769.83269651,1862925,27064.39384300,1248929298.82858753
2021-08-12 00:00:00,45510.67000000,46218.12000000,43770.00000000,44399.00000000,55266.10878100,2021-08-12 23:59:59,2478758524.86417613,1623329,26765.08804000,1200329050.57391097
2021-08-13 00:00:00,44400.06000000,47886.00000000,44217.39000000,47800.00000000,48239.37043100,2021-08-13 23:59:59,2239435701.11779154,1804716,25367.98823600,1177391788.09298993
2021-08-14 00:00:00,47799.99000000,48144.00000000,45971.03000000,47068.51000000,46114.35902200,2021-08-14 23:59:59,2166461458.66824897,1849556,22999.52851900,1080741765.68745919
2021-08-15 00:00:00,47068.50000000,47372.27000000,45500.00000000,46973.82000000,42110.71133400,2021-08-15 23:59:59,1950753713.21212474,1580122,21129.91977600,979120004.20283388
2021-08-16 00:00:00,46973.82000000,48053.83000000,45660.00000000,45901.29000000,52480.57401400,2021-08-16 23:59:59,2462127629.60902359,1655378,25847.87243800,1213162181.66541896
2021-08-17 00:00:00,45901.30000000,47160.00000000,44376.00000000,44695.95000000,57039.34162900,2021-08-17 23:59:59,2616339597.91574244,1781303,27320.26180800,1253906922.58209693
2021-08-18 00:00:00,44695.95000000,46000.00000000,44203.28000000,44705.29000000,54099.41598500,2021-08-18 23:59:59,2439673265.94711701,1656723,28538.22372700,1286718404.70649710
2021-08-19 00:00:00,44699.37000000,47033.00000000,43927.70000000,46760.62000000,53411.75392000,2021-08-19 23:59:59,2416320067.13376884,1774382,27193.50515000,1230827552.41014125
2021-08-20 00:00:00,46760.62000000,49382.99000000,46622.99000000,49322.47000000,56850.35222800,2021-08-20 23:59:59,2721131744.27781711,1950404,29725.88511200,1422944576.34729543
2021-08-21 00:00:00,49322.47000000,49757.04000000,48222.00000000,48821.87000000,46745.13658400,2021-08-21 23:59:59,2290966131.37616106,2069725,23119.67378600,1133342367.74452761
2021-08-22 00:00:00,48821.88000000,49500.00000000,48050.00000000,49239.22000000,37007.88779500,2021-08-22 23:59:59,1807169840.16917142,1610192,18587.87755200,907708162.11097088
2021-08-23 00:00:00,49239.22000000,50500.00000000,49029.00000000,49488.85000000,52462.54195400,2021-08-23 23:59:59,2616721363.68517193,2143309,26218.97512000,1307817635.39098320
2021-08-24 00:00:00,49488.85000000,49860.00000000,47600.00000000,47674.01000000,51014.59474800,2021-08-24 23:59:59,2486079315.56442367,1692896,24702.92344300,1203899649.69982630
2021-08-25 00:00:00,47674.01000000,49264.30000000,47126.28000000,48973.32000000,44655.83034200,2021-08-25 23:59:59,2149442271.52642047,1559186,21796.87767200,1049712097.34821821
2021-08-26 00:00:00,48973.32000000,49352.84000000,46250.00000000,46843.87000000,49371.27777400,2021-08-26 23:59:59,2333900030.22962785,1532753,23686.56349600,1120008931.61987400
2021-08-27 00:00:00,46843.86000000,49149.93000000,46348.00000000,49069.90000000,42068.10496500,2021-08-27 23:59:59,2007071230.21999509,1320503,21727.05079000,1036769755.55960299
2021-08-28 00:00:00,49069.90000000,49299.00000000,48346.88000000,48895.35000000,26681.06378600,2021-08-28 23:59:59,1303966035.77054955,793012,13895.76367700,679193791.59952045
2021-08-29 00:00:00,48895.35000000,49632.27000000,47762.54000000,48767.83000000,32652.28347300,2021-08-29 23:59:59,1588661416.36037966,1193046,16157.04309600,786599088.69166977
2021-08-30 00:00:00,48767.84000000,48888.61000000,46853.00000000,46982.91000000,40288.35083000,2021-08-30 23:59:59,1932344430.92392620,1204012,19637.84056000,942218565.02155950
2021-08-31 00:00:00,46982.91000000,48246.11000000,46700.00000000,47100.89000000,48645.52737000,2021-08-31 23:59:59,2303799571.38227270,1300400,24426.21235000,1156878830.69083850
2021-09-01 00:00:00,47100.89000000,49156.00000000,46512.00000000,48810.52000000,49904.65528000,2021-09-01 23:59:59,2386074445.41585230,1280384,25102.36864000,1200480555.04938700
2021-09-02 00:00:00,48810.51000000,50450.13000000,48584.06000000,49246.64000000,54410.77053800,2021-09-02 23:59:59,2704192314.67468902,1549849,28351.80722500,1409412062.21968112
2021-09-03 00:00:00,49246.63000000,51000.00000000,48316.84000000,49999.14000000,59025.64415700,2021-09-03 23:59:59,2949574478.07173762,1645163,29625.44338300,1481238133.39463303
2021-09-04 00:00:00,49998.00000000,50535.69000000,49370.00000000,49915.64000000,34664.65959000,2021-09-04 23:59:59,1733527136.44425870,1225830,16739.70385000,837225473.73527600
2021-09-05 00:00:00,49917.54000000,51900.00000000,49450.00000000,51756.88000000,40544.83587300,2021-09-05 23:59:59,2049212025.84465917,1417660,21557.23586400,1090239906.68566371
2021-09-06 00:00:00,51756.88000000,52780.00000000,50969.33000000,52663.90000000,49249.66708100,2021-09-06 23:59:59,2549290983.05687762,1678015,24620.35252500,1274643403.54794685
2021-09-07 00:00:00,52666.20000000,52920.00000000,42843.05000000,46863.73000000,123048.80271900,2021-09-07 23:59:59,6004105772.87044281,3321711,57935.60197600,2832268574.03872573
2021-09-08 00:00:00,46868.57000000,47340.99000000,44412.02000000,46048.31000000,65069.31520000,2021-09-08 23:59:59,3000605793.93896050,1796101,31796.74760000,1466544608.26787350
2021-09-09 00:00:00,46048.31000000,47399.97000000,45513.08000000,46395.14000000,50651.66002000,2021-09-09 23:59:59,2351862983.51824120,1567586,24183.38803000,1122994690.90933160
2021-09-10 00:00:00,46395.14000000,47033.00000000,44132.29000000,44850.91000000,49048.26618000,2021-09-10 23:59:59,2243698626.03951660,1569941,24358.59799000,1114490733.87924340
2021-09-11 00:00:00,44842.20000000,45987.93000000,44722.22000000,45173.69000000,30440.40810000,2021-09-11 23:59:59,1380370764.01271670,1060890,14804.34260000,671123069.56236850
2021-09-12 00:00:00,45173.68000000,46460.00000000,44742.06000000,46025.24000000,32094.28052000,2021-09-12 23:59:59,1464780920.21998130,1179808,15735.45104000,718436012.75886560
2021-09-13 00:00:00,46025.23000000,46880.00000000,43370.00000000,44940.73000000,65429.15056000,2021-09-13 23:59:59,2930668118.26163420,1703512,32041.05972000,1435586958.77986810
2021-09-14 00:00:00,44940.72000000,47250.00000000,44594.44000000,47111.52000000,44855.85099000,2021-09-14 23:59:59,2072259519.06191970,1210258,22182.46649000,1025156547.71891840
2021-09-15 00:00:00,47103.28000000,48500.00000000,46682.32000000,48121.41000000,43204.71174000,2021-09-15 23:59:59,2056996398.84396170,1176050,20903.53535000,995198313.74741110
2021-09-16 00:00:00,48121.40000000,48557.00000000,47021.10000000,47737.82000000,40725.08895000,2021-09-16 23:59:59,1948447232.91071780,1176129,19907.79151000,952502982.81190170
2021-09-17 00:00:00,47737.81000000,48150.00000000,46699.56000000,47299.98000000,34461.92776000,2021-09-17 23:59:59,1637122049.41283770,1033968,16599.46162000,788563444.41334770
2021-09-18 00:00:00,47299.98000000,48843.20000000,47035.56000000,48292.74000000,30906.47038000,2021-09-18 23:59:59,1491461627.95142250,976346,15219.90487000,734476256.09950720
2021-09-19 00:00:00,48292.75000000,48372.83000000,46829.18000000,47241.75000000,29847.24349000,2021-09-19 23:59:59,1421642879.49320620,909785,14346.79979000,683249734.07218280
2021-09-20 00:00:00,47241.75000000,47347.25000000,42500.00000000,43015.62000000,78003.52444300,2021-09-20 23:59:59,3457139274.30007093,1842231,36108.36295100,1600107748.56602710
2021-09-21 00:00:00,43016.64000000,43639.00000000,39600.00000000,40734.38000000,84534.08048500,2021-09-21 23:59:59,3551997786.69035526,1820721,38942.74356000,1637800328.50388315
2021-09-22 00:00:00,40734.09000000,44000.55000000,40565.39000000,43543.61000000,58349.05542000,2021-09-22 23:59:59,2482639471.90759590,1304011,29321.50660000,1248027083.19034100
2021-09-23 00:00:00,43546.37000000,44978.00000000,43069.09000000,44865.26000000,48699.57655000,2021-09-23 23:59:59,2147211305.48208910,1196106,24503.00365000,1080404499.56495710
2021-09-24 00:00:00,44865.26000000,45200.00000000,40675.00000000,42810.57000000,84113.42629200,2021-09-24 23:59:59,3596718231.05054862,1819744,41952.77658200,1794510963.77978142
2021-09-25 00:00:00,42810.58000000,42966.84000000,41646.28000000,42670.64000000,33594.57189000,2021-09-25 23:59:59,1428238748.20952580,949787,16555.72950000,703947971.38327600
2021-09-26 00:00:00,42670.63000000,43950.00000000,40750.00000000,43160.90000000,49879.99765000,2021-09-26 23:59:59,2124657079.27977650,1374145,24762.74447000,1055225792.12858580
2021-09-27 00:00:00,43160.90000000,44350.00000000,42098.00000000,42147.35000000,39776.84383000,2021-09-27 23:59:59,1728912299.80342430,1001487,19307.85346000,839585982.39070810
2021-09-28 00:00:00,42147.35000000,42787.38000000,40888.00000000,41026.54000000,43372.26240000,2021-09-28 23:59:59,1816305387.83885820,1045389,20710.09030000,867306872.21244550
2021-09-29 00:00:00,41025.01000000,42590.00000000,40753.88000000,41524.28000000,33511.53487000,2021-09-29 23:59:59,1399625476.05637630,884909,16338.42660000,682466342.78705860
2021-09-30 00:00:00,41524.29000000,44141.37000000,41410.17000000,43824.10000000,46381.22781000,2021-09-30 23:59:59,2005486003.56467730,1197815,23348.93974000,1009687948.22583360
2021-10-01 00:00:00,43820.01000000,48495.00000000,43283.03000000,48141.61000000,66244.87492000,2021-10-01 23:59:59,3076094886.59247420,1771237,34156.88321000,1585411525.33782700
2021-10-02 00:00:00,48141.60000000,48336.59000000,47430.18000000,47634.90000000,30508.98131000,2021-10-02 23:59:59,1459064880.53244480,996116,15180.50362000,726007609.15620260
2021-10-03 00:00:00,47634.89000000,49228.08000000,47088.00000000,48200.01000000,30825.05601000,2021-10-03 23:59:59,1482764462.19057740,1114294,15426.81514000,742443046.40754920
2021-10-04 00:00:00,48200.01000000,49536.12000000,46891.00000000,49224.94000000,46796.49372000,2021-10-04 23:59:59,2258464361.12635660,1437692,23032.49140000,1112232800.78865170
2021-10-05 00:00:00,49224.93000000,51886.30000000,49022.40000000,51471.99000000,52125.66793000,2021-10-05 23:59:59,2618101829.01772260,1641651,26687.41046000,1341045872.99872880
2021-10-06 00:00:00,51471.99000000,55750.00000000,50382.41000000,55315.00000000,79877.54518100,2021-10-06 23:59:59,4236927265.38152227,2443126,40664.02751700,2158326113.66324049
2021-10-07 00:00:00,55315.00000000,55332.31000000,53357.00000000,53785.22000000,54917.37766000,2021-10-07 23:59:59,2983143121.08864310,1703147,26485.89849000,1438826617.03898690
2021-10-08 00:00:00,53785.22000000,56100.00000000,53617.61000000,53951.43000000,46160.25785000,2021-10-08 23:59:59,2522087625.09407934,1548832,22643.19334000,1237799956.86817420
2021-10-09 00:00:00,53955.67000000,55489.00000000,53661.67000000,54949.72000000,55177.08013000,2021-10-09 23:59:59,3024862790.69559250,1609483,27686.74749000,1518044340.20896890
2021-10-10 00:00:00,54949.72000000,56561.31000000,54080.00000000,54659.00000000,89237.83612800,2021-10-10 23:59:59,4923958325.38987614,2427176,44656.91574800,2464422246.84227902
2021-10-11 00:00:00,54659.01000000,57839.04000000,54415.06000000,57471.35000000,52933.16575100,2021-10-11 23:59:59,2994673617.72364832,1690409,26858.82901300,1519825843.11704945
2021-10-12 00:00:00,57471.35000000,57680.00000000,53879.00000000,55996.93000000,53471.28550000,2021-10-12 23:59:59,3017210682.88594980,1554412,26157.44247000,1477084242.54916010
2021-10-13 00:00:00,55996.91000000,57777.00000000,54167.19000000,57367.00000000,55808.44492000,2021-10-13 23:59:59,3123307687.47730310,1610489,27985.13207000,1566812325.67564000
2021-10-14 00:00:00,57370.83000000,58532.54000000,56818.05000000,57347.94000000,43053.33678100,2021-10-14 23:59:59,2481915791.59123502,1372048,21940.26497900,1265138476.86559415
2021-10-15 00:00:00,57347.94000000,62933.00000000,56850.00000000,61672.42000000,82512.90802200,2021-10-15 23:59:59,4959389368.72673282,2649137,43913.67633100,2638969873.66980311
2021-10-16 00:00:00,61672.42000000,62378.42000000,60150.00000000,60875.57000000,35467.88096000,2021-10-16 23:59:59,2173374058.80891070,1360379,17286.46284000,1059536457.61601730
2021-10-17 00:00:00,60875.57000000,61718.39000000,58963.00000000,61528.33000000,39099.24124000,2021-10-17 23:59:59,2371696294.79730550,1331655,19289.94298000,1170524004.76929440
2021-10-18 00:00:00,61528.32000000,62695.78000000,59844.45000000,62009.84000000,51798.44844000,2021-10-18 23:59:59,3195091233.42055270,1629184,25859.08539000,1595447836.13904200
2021-10-19 00:00:00,62005.60000000,64486.00000000,61322.22000000,64280.59000000,53628.10774400,2021-10-19 23:59:59,3370863940.26943662,1755708,27436.54548400,1724665979.84350923
2021-10-20 00:00:00,64280.59000000,67000.00000000,63481.40000000,66001.41000000,51428.93485600,2021-10-20 23:59:59,3362878816.40459238,1823286,27623.99052600,1806653764.67083274
2021-10-21 00:00:00,66001.40000000,66639.74000000,62000.00000000,62193.15000000,68538.64537000,2021-10-21 23:59:59,4407757970.87975560,2181665,32008.51421000,2060110973.80589420
2021-10-22 00:00:00,62193.15000000,63732.39000000,60000.00000000,60688.22000000,52119.35886000,2021-10-22 23:59:59,3229377744.31142590,1555280,25440.69118000,1576807744.19589710
2021-10-23 00:00:00,60688.23000000,61747.64000000,59562.15000000,61286.75000000,27626.93678000,2021-10-23 23:59:59,1686121722.21878240,982103,13352.56908000,815306581.33573040
2021-10-24 00:00:00,61286.75000000,61500.00000000,59510.63000000,60852.22000000,31226.57676000,2021-10-24 23:59:59,1889694558.95049470,1052085,15682.16860000,949151331.86233880
2021-10-25 00:00:00,60852.22000000,63710.63000000,60650.00000000,63078.78000000,36853.83806000,2021-10-25 23:59:59,2309339650.10938040,1270453,18577.25472000,1164150305.93481840
2021-10-26 00:00:00,63078.78000000,63293.48000000,59817.55000000,60328.81000000,40217.50083000,2021-10-26 23:59:59,2492606133.31894550,1334460,18699.28475000,1160289812.69599610
2021-10-27 00:00:00,60328.81000000,61496.00000000,58000.00000000,58413.44000000,62124.49016000,2021-10-27 23:59:59,3688306192.97241780,1913083,29983.43122000,1780494793.56031750
2021-10-28 00:00:00,58413.44000000,62499.00000000,57820.00000000,60575.89000000,61056.35301000,2021-10-28 23:59:59,3677629851.05960650,1878275,30447.44205000,1835335717.81491350
2021-10-29 00:00:00,60575.90000000,62980.00000000,60174.81000000,62253.71000000,43973.90414000,2021-10-29 23:59:59,2706090987.30962570,1417344,22262.86881000,1370325591.00014470
2021-10-30 00:00:00,62253.70000000,62359.25000000,60673.00000000,61859.19000000,31478.12566000,2021-10-30 23:59:59,1937860260.43806250,1197748,15583.51105000,959369103.61333270
2021-10-31 00:00:00,61859.19000000,62405.30000000,59945.36000000,61299.80000000,39267.63794000,2021-10-31 23:59:59,2396556477.34349380,1563417,19362.08206000,1181449065.61918040
2021-11-01 00:00:00,61299.81000000,62437.74000000,59405.00000000,60911.11000000,44687.66672000,2021-11-01 23:59:59,2737282804.73813100,1472636,22139.95506000,1356676790.57726450
2021-11-02 00:00:00,60911.12000000,64270.00000000,60624.68000000,63219.99000000,46368.28410000,2021-11-02 23:59:59,2909221038.40065000,1858362,23852.14282000,1496448016.59887120
2021-11-03 00:00:00,63220.57000000,63500.00000000,60382.76000000,62896.48000000,43336.09049000,2021-11-03 23:59:59,2713389500.46635890,1601925,20662.34777000,1294306441.66844020
2021-11-04 00:00:00,62896.49000000,63086.31000000,60677.01000000,61395.01000000,35930.93314000,2021-11-04 23:59:59,2218138026.70454070,1346081,17843.38035000,1101751566.38434540
2021-11-05 00:00:00,61395.01000000,62595.72000000,60721.00000000,60937.12000000,31604.48749000,2021-11-05 23:59:59,1943346371.47038610,1243074,15769.15494000,969780612.68539310
2021-11-06 00:00:00,60940.18000000,61560.49000000,60050.00000000,61470.61000000,25590.57408000,2021-11-06 23:59:59,1556774943.55372840,965309,12511.52761000,761294376.47169950
2021-11-07 00:00:00,61470.62000000,63286.35000000,61322.78000000,63273.59000000,25515.68830000,2021-11-07 23:59:59,1585744720.19977190,1068629,13567.09782000,843384435.44095480
2021-11-08 00:00:00,63273.58000000,67789.00000000,63273.58000000,67525.83000000,54442.09455400,2021-11-08 23:59:59,3575716171.04429946,2349581,28879.18643600,1897321249.82784096
2021-11-09 00:00:00,67525.82000000,68524.25000000,66222.40000000,66947.66000000,44661.37806800,2021-11-09 23:59:59,3014326962.08726777,1847655,22243.23645200,1501548663.79264259
2021-11-10 00:00:00,66947.67000000,69000.00000000,62822.90000000,64882.43000000,65171.50404600,2021-11-10 23:59:59,4335575752.80522342,2347934,31344.74332100,2088305177.77747838
2021-11-11 00:00:00,64882.42000000,65600.07000000,64100.00000000,64774.26000000,37237.98058000,2021-11-11 23:59:59,2415537333.57771000,1327827,18589.51479000,1205890453.60440160
2021-11-12 00:00:00,64774.25000000,65450.70000000,62278.00000000,64122.23000000,44490.10816000,2021-11-12 23:59:59,2844286547.50404090,1479149,21028.45541000,1344883879.13873450
2021-11-13 00:00:00,64122.22000000,65000.00000000,63360.22000000,64380.00000000,22504.97383000,2021-11-13 23:59:59,1442441613.59839240,904149,11094.05209000,711146514.06458690
2021-11-14 00:00:00,64380.01000000,65550.51000000,63576.27000000,65519.10000000,25705.07347000,2021-11-14 23:59:59,1658473781.29376960,951393,12629.83414000,815039550.94713190
2021-11-15 00:00:00,65519.11000000,66401.82000000,63400.00000000,63606.74000000,37829.37124000,2021-11-15 23:59:59,2460915922.87612760,1305209,19160.47382000,1247275595.43559040
2021-11-16 00:00:00,63606.73000000,63617.31000000,58574.07000000,60058.87000000,77455.15609000,2021-11-16 23:59:59,4705744041.29964738,2353681,36375.32415000,2209839153.36972330
2021-11-17 00:00:00,60058.87000000,60840.23000000,58373.00000000,60344.87000000,46289.38491000,2021-11-17 23:59:59,2767802055.20042280,1471305,22545.24375000,1348537946.95269170
2021-11-18 00:00:00,60344.86000000,60976.00000000,56474.26000000,56891.62000000,62146.99931000,2021-11-18 23:59:59,3644824179.14485240,1960419,29742.20507000,1745202989.74238890
2021-11-19 00:00:00,56891.62000000,58320.00000000,55600.00000000,58052.24000000,50715.88726000,2021-11-19 23:59:59,2896189975.91077430,1560459,24072.28575000,1374771758.23673160
2021-11-20 00:00:00,58057.10000000,59845.00000000,57353.00000000,59707.51000000,33811.59010000,2021-11-20 23:59:59,1982718831.15707720,1200190,16682.28087000,978340154.07569320
2021-11-21 00:00:00,59707.52000000,60029.76000000,58486.65000000,58622.02000000,31902.22785000,2021-11-21 23:59:59,1886578154.51670850,1249219,14949.12309000,884084155.70683440
2021-11-22 00:00:00,58617.70000000,59444.00000000,55610.00000000,56247.18000000,51724.32047000,2021-11-22 23:59:59,2968622334.13765660,1624768,24834.98160000,1425668562.21166460
2021-11-23 00:00:00,56243.83000000,58009.99000000,55317.00000000,57541.27000000,49917.85017000,2021-11-23 23:59:59,2837210673.48851890,1570845,25217.65003000,1433171468.66686080
2021-11-24 00:00:00,57541.26000000,57735.00000000,55837.00000000,57138.29000000,39612.04964000,2021-11-24 23:59:59,2246374244.33056800,1432991,19625.09659000,1113184375.67946880
2021-11-25 00:00:00,57138.29000000,59398.90000000,57000.00000000,58960.36000000,42153.51522000,2021-11-25 23:59:59,2455658857.70059310,1604266,21112.80397000,1230022891.73009470
2021-11-26 00:00:00,58960.37000000,59150.00000000,53500.00000000,53726.53000000,65927.87066000,2021-11-26 23:59:59,3649353860.42956650,2138184,31287.46990000,1731974879.86689630
2021-11-27 00:00:00,53723.72000000,55280.00000000,53610.00000000,54721.03000000,29716.99957000,2021-11-27 23:59:59,1623173123.49173170,1110145,14462.93801000,790191540.91484890
2021-11-28 00:00:00,54716.47000000,57445.05000000,53256.64000000,57274.88000000,36163.71370000,2021-11-28 23:59:59,1982198373.53283490,1253408,18520.69985000,1016073216.59476420
2021-11-29 00:00:00,57274.89000000,58865.97000000,56666.67000000,57776.25000000,40125.28009000,2021-11-29 23:59:59,2313371348.11354310,1349625,19520.25038000,1125240984.55225160
2021-11-30 00:00:00,57776.25000000,59176.99000000,55875.55000000,56950.56000000,49161.05194000,2021-11-30 23:59:59,2823644073.02190490,1587472,23867.80287000,1371720422.25562800
2021-12-01 00:00:00,56950.56000000,59053.55000000,56458.01000000,57184.07000000,44956.63656000,2021-12-01 23:59:59,2584928714.07574240,1442301,21501.29463000,1236414404.90885270
2021-12-02 00:00:00,57184.07000000,57375.47000000,55777.77000000,56480.34000000,37574.05976000,2021-12-02 23:59:59,2127110102.10730950,1307890,18375.47518000,1040366894.55012720
2021-12-03 00:00:00,56484.26000000,57600.00000000,51680.00000000,53601.05000000,58927.69027000,2021-12-03 23:59:59,3246198505.94685110,1865063,27287.25751000,1505556556.15786320
2021-12-04 00:00:00,53601.05000000,53859.10000000,42000.30000000,49152.47000000,114203.37374800,2021-12-04 23:59:59,5495712061.97853156,3362771,52876.55238000,2544632557.49625190
2021-12-05 00:00:00,49152.46000000,49699.05000000,47727.21000000,49396.33000000,45580.82012000,2021-12-05 23:59:59,2231486105.84391170,1371839,22420.90324000,1097785758.59097620
2021-12-06 00:00:00,49396.32000000,50891.11000000,47100.00000000,50441.92000000,58571.21575000,2021-12-06 23:59:59,2851528919.17953640,1741956,28820.34753000,1403464676.88509370
2021-12-07 00:00:00,50441.91000000,51936.33000000,50039.74000000,50588.95000000,38253.46877000,2021-12-07 23:59:59,1950573500.20866580,1212350,18679.11099000,952551067.62598570
2021-12-08 00:00:00,50588.95000000,51200.00000000,48600.00000000,50471.19000000,38425.92466000,2021-12-08 23:59:59,1925458787.11475220,1118225,18126.84362000,908410692.24600910
2021-12-09 00:00:00,50471.19000000,50797.76000000,47320.00000000,47545.59000000,37692.68665000,2021-12-09 23:59:59,1841474998.89511000,1130599,18097.05960000,884082539.70479120
2021-12-10 00:00:00,47535.90000000,50125.00000000,46852.00000000,47140.54000000,44233.57391000,2021-12-10 23:59:59,2135023722.85315130,1215231,21143.96129000,1020995576.30256690
2021-12-11 00:00:00,47140.54000000,49485.71000000,46751.00000000,49389.99000000,28889.19358000,2021-12-11 23:59:59,1397524635.58140210,957390,14452.26806000,699251597.80523830
2021-12-12 00:00:00,49389.99000000,50777.00000000,48638.00000000,50053.90000000,26017.93421000,2021-12-12 23:59:59,1292315883.62455370,863605,13266.00955000,658923314.86798010
2021-12-13 00:00:00,50053.90000000,50189.97000000,45672.75000000,46702.75000000,50869.52093000,2021-12-13 23:59:59,2423888500.79030500,1399599,23487.02280000,1119972248.53840220
2021-12-14 00:00:00,46702.76000000,48700.41000000,46290.00000000,48343.28000000,39955.98445000,2021-12-14 23:59:59,1887427362.47409660,1194992,20010.80589000,945501336.15691430
2021-12-15 00:00:00,48336.95000000,49500.00000000,46547.00000000,48864.98000000,51629.18100000,2021-12-15 23:59:59,2487012309.09154930,1438176,25861.16891000,1246095378.45954120
2021-12-16 00:00:00,48864.98000000,49436.43000000,47511.00000000,47632.38000000,31949.86739000,2021-12-16 23:59:59,1551200654.05274500,1023983,15281.92439000,742115283.57739880
2021-12-17 00:00:00,47632.38000000,47995.96000000,45456.00000000,46131.20000000,43104.48870000,2021-12-17 23:59:59,2015966349.51613240,1261780,19846.77192000,928665863.58507440
2021-12-18 00:00:00,46133.83000000,47392.37000000,45500.00000000,46834.48000000,25020.05271000,2021-12-18 23:59:59,1165205135.70084270,862066,12635.54707000,588649454.27256670
2021-12-19 00:00:00,46834.47000000,48300.01000000,46406.91000000,46681.23000000,29305.70665000,2021-12-19 23:59:59,1384958598.36276990,874827,14646.77828000,692559814.22856370
2021-12-20 00:00:00,46681.24000000,47537.57000000,45558.85000000,46914.16000000,35848.50609000,2021-12-20 23:59:59,1663363117.83045340,1076488,17666.32749000,819817570.66374300
2021-12-21 00:00:00,46914.17000000,49328.96000000,46630.00000000,48889.88000000,37713.92924000,2021-12-21 23:59:59,1827234149.05988020,1119412,19356.27006000,937648412.22213540
2021-12-22 00:00:00,48887.59000000,49576.13000000,48421.87000000,48588.16000000,27004.20220000,2021-12-22 23:59:59,1322418595.33372950,949480,13402.54963000,656467230.75630970
2021-12-23 00:00:00,48588.17000000,51375.00000000,47920.42000000,50838.81000000,35192.54046000,2021-12-23 23:59:59,1738129830.78145220,1176050,17397.67034000,859605116.67975700
2021-12-24 00:00:00,50838.82000000,51810.00000000,50384.43000000,50820.00000000,31684.84269000,2021-12-24 23:59:59,1618089927.28100640,1075177,15108.36362000,771557283.62606790
2021-12-25 00:00:00,50819.99000000,51156.23000000,50142.32000000,50399.66000000,19135.51613000,2021-12-25 23:59:59,971491029.13082400,766979,9928.30266000,504102529.52889820
2021-12-26 00:00:00,50399.67000000,51280.00000000,49412.00000000,50775.49000000,22569.88914000,2021-12-26 23:59:59,1132200241.56241820,797133,11285.69707000,566374786.71606860
2021-12-27 00:00:00,50775.48000000,52088.00000000,50449.00000000,50701.44000000,28792.21566000,2021-12-27 23:59:59,1472065236.01171930,1009411,14436.09322000,738369203.33215690
2021-12-28 00:00:00,50701.44000000,50704.05000000,47313.01000000,47543.74000000,45853.33924000,2021-12-28 23:59:59,2242102220.93100330,1345774,21743.17013000,1063171693.15356250
2021-12-29 00:00:00,47543.74000000,48139.08000000,46096.99000000,46464.66000000,39498.87000000,2021-12-29 23:59:59,1873785571.27329660,1114074,19089.61910000,905969695.64253980
2021-12-30 00:00:00,46464.66000000,47900.00000000,45900.00000000,47120.87000000,30352.29569000,2021-12-30 23:59:59,1428755720.45320290,910157,14886.52375000,700792256.68831590
2021-12-31 00:00:00,47120.88000000,48548.26000000,45678.00000000,46216.93000000,34937.99796000,2021-12-31 23:59:59,1650715977.91851720,1059783,17315.54230000,818331688.00331310
2022-01-01 00:00:00,46216.93000000,47954.63000000,46208.37000000,47722.65000000,19604.46325000,2022-01-01 23:59:59,924155159.58348650,714899,9942.36679000,468738711.79010650
2022-01-02 00:00:00,47722.66000000,47990.00000000,46654.00000000,47286.18000000,18340.46040000,2022-01-02 23:59:59,866610995.56335820,709624,9166.46954000,433182392.28194660
2022-01-03 00:00:00,47286.18000000,47570.00000000,45696.00000000,46446.10000000,27662.07710000,2022-01-03 23:59:59,1292203508.32565490,885624,13524.76045000,631879430.11428000
2022-01-04 00:00:00,46446.10000000,47557.54000000,45500.00000000,45832.01000000,35491.41360000,2022-01-04 23:59:59,1649170424.12761340,1021815,17689.26808000,821725463.08080750
2022-01-05 00:00:00,45832.01000000,47070.00000000,42500.00000000,43451.13000000,51784.11857000,2022-01-05 23:59:59,2334288544.64544840,1478532,23552.99460000,1063287226.35714140
2022-01-06 00:00:00,43451.14000000,43816.00000000,42430.58000000,43082.31000000,38880.37305000,2022-01-06 23:59:59,1674466154.43833260,1150707,19268.82662000,829886561.82614530
2022-01-07 00:00:00,43082.30000000,43145.83000000,40610.00000000,41566.48000000,54836.50818000,2022-01-07 23:59:59,2293851015.46523690,1406635,26519.39261000,1109740200.23872120
2022-01-08 00:00:00,41566.48000000,42300.00000000,40501.00000000,41679.74000000,32952.73111000,2022-01-08 23:59:59,1367233494.82776660,1021908,16462.53747000,683155535.42153480
2022-01-09 00:00:00,41679.74000000,42786.70000000,41200.02000000,41864.62000000,22724.39426000,2022-01-09 23:59:59,952830064.51258490,752733,11399.78979000,478046850.27715200
2022-01-10 00:00:00,41864.62000000,42248.50000000,39650.00000000,41822.49000000,50729.17019000,2022-01-10 23:59:59,2088111339.50559650,1250983,24654.54811000,1015935553.40276520
2022-01-11 00:00:00,41822.49000000,43100.00000000,41268.93000000,42729.29000000,37296.43729000,2022-01-11 23:59:59,1574803608.96007870,1015526,18521.95391000,782176383.10109370
2022-01-12 00:00:00,42729.29000000,44322.00000000,42450.00000000,43902.66000000,33943.29280000,2022-01-12 23:59:59,1470906437.71207140,1023902,17584.31885000,762205618.81556500
2022-01-13 00:00:00,43902.65000000,44500.00000000,42311.22000000,42560.11000000,34910.87762000,2022-01-13 23:59:59,1515944525.49549480,1036234,17175.40587000,746075123.24411320
2022-01-14 00:00:00,42558.35000000,43448.78000000,41725.95000000,43059.96000000,32640.88292000,2022-01-14 23:59:59,1392000443.35016740,946938,15434.18945000,658472386.24324750
2022-01-15 00:00:00,43059.96000000,43800.00000000,42555.00000000,43084.29000000,21936.05616000,2022-01-15 23:59:59,946488263.54844810,752688,11133.18615000,480516487.18496790
2022-01-16 00:00:00,43084.29000000,43475.00000000,42581.79000000,43071.66000000,20602.35271000,2022-01-16 23:59:59,887203134.05314680,732171,10052.19291000,432899939.67386430
2022-01-17 00:00:00,43071.66000000,43176.18000000,41540.42000000,42201.62000000,27562.08613000,2022-01-17 23:59:59,1169381684.46684350,918029,13448.54192000,570690475.97282930
2022-01-18 00:00:00,42201.63000000,42691.00000000,41250.00000000,42352.12000000,29324.08257000,2022-01-18 23:59:59,1228459687.39944580,905061,14527.82371000,608578954.61712590
2022-01-19 00:00:00,42352.12000000,42559.13000000,41138.56000000,41660.01000000,31685.72159000,2022-01-19 23:59:59,1327478459.16022980,924528,15603.74304000,653807601.67250590
2022-01-20 00:00:00,41660.00000000,43505.00000000,40553.31000000,40680.91000000,42330.33953000,2022-01-20 23:59:59,1784801200.40448700,1098761,20201.47991000,852629490.27878640
2022-01-21 00:00:00,40680.92000000,41100.00000000,35440.45000000,36445.31000000,88860.89199900,2022-01-21 23:59:59,3405501703.22193692,2092561,41615.08581900,1595831787.70003189
2022-01-22 00:00:00,36445.31000000,36835.22000000,34008.00000000,35071.42000000,90471.33896100,2022-01-22 23:59:59,3207531048.03065140,2099978,42722.27823300,1514027491.32039380
2022-01-23 00:00:00,35071.42000000,36499.00000000,34601.01000000,36244.55000000,44279.52354000,2022-01-23 23:59:59,1572414639.04287740,1142407,22841.39451000,811501507.03630610
2022-01-24 00:00:00,36244.55000000,37550.00000000,32917.17000000,36660.35000000,91904.75321100,2022-01-24 23:59:59,3192041586.10318994,1999352,46469.27293800,1615890700.84249996
2022-01-25 00:00:00,36660.35000000,37545.14000000,35701.00000000,36958.32000000,49232.40183000,2022-01-25 23:59:59,1799224214.49973920,1248246,24988.42876000,913198135.60368310
2022-01-26 00:00:00,36958.32000000,38919.98000000,36234.63000000,36809.34000000,69830.16036000,2022-01-26 23:59:59,2627491976.69085740,1584468,35240.31542000,1326474948.46322410
2022-01-27 00:00:00,36807.24000000,37234.47000000,35507.01000000,37160.10000000,53020.87934000,2022-01-27 23:59:59,1925920128.34366030,1308408,26750.94594000,971815942.27075550
2022-01-28 00:00:00,37160.11000000,38000.00000000,36155.01000000,37716.56000000,42154.26956000,2022-01-28 23:59:59,1560203931.22012810,1061101,21496.47551000,795847847.51234220
2022-01-29 00:00:00,37716.57000000,38720.74000000,37268.44000000,38166.84000000,26129.49682000,2022-01-29 23:59:59,989652386.99664940,816601,13292.42156000,503624477.65945300
2022-01-30 00:00:00,38166.83000000,38359.26000000,37351.63000000,37881.76000000,21430.66527000,2022-01-30 23:59:59,812750216.60103190,698593,10798.38460000,409620744.01694440
2022-01-31 00:00:00,37881.75000000,38744.00000000,36632.61000000,38466.90000000,36855.24580000,2022-01-31 23:59:59,1386754529.02954460,936014,18422.26954000,693360023.33165190
2022-02-01 00:00:00,38466.90000000,39265.20000000,38000.00000000,38694.59000000,34574.44663000,2022-02-01 23:59:59,1334266166.70999890,917617,17730.99304000,684446571.17936590
2022-02-02 00:00:00,38694.59000000,38855.92000000,36586.95000000,36896.36000000,35794.68130000,2022-02-02 23:59:59,1353093948.97760130,907905,17251.43687000,652533107.69991750
2022-02-03 00:00:00,36896.37000000,37387.00000000,36250.00000000,37311.61000000,32081.10999000,2022-02-03 23:59:59,1179502838.65662640,848961,16468.10233000,605530493.58165880
2022-02-04 00:00:00,37311.98000000,41772.33000000,37026.73000000,41574.25000000,64703.95874000,2022-02-04 23:59:59,2526572562.05828510,1380724,33053.66668000,1291953441.55899960
2022-02-05 00:00:00,41571.70000000,41913.69000000,40843.01000000,41382.59000000,32532.34372000,2022-02-05 23:59:59,1349805515.93003650,1006352,16566.08602000,687352854.82541980
2022-02-06 00:00:00,41382.60000000,42656.00000000,41116.56000000,42380.87000000,22405.16704000,2022-02-06 23:59:59,934168802.88011520,788291,11546.39088000,481652514.37183210
2022-02-07 00:00:00,42380.87000000,44500.50000000,41645.85000000,43839.99000000,51060.62006000,2022-02-07 23:59:59,2204523609.90339610,1473274,25457.79986000,1099936959.03964570
2022-02-08 00:00:00,43839.99000000,45492.00000000,42666.00000000,44042.99000000,64880.29387000,2022-02-08 23:59:59,2847485971.49773380,1653350,33004.09337000,1448178622.46600310
2022-02-09 00:00:00,44043.00000000,44799.00000000,43117.92000000,44372.72000000,34428.16729000,2022-02-09 23:59:59,1512500139.14309950,1066395,17115.60108000,752210712.41184210
2022-02-10 00:00:00,44372.71000000,45821.00000000,43174.01000000,43495.44000000,62357.29091000,2022-02-10 23:59:59,2772188373.22278300,1541483,30323.12245000,1348871895.86772030
2022-02-11 00:00:00,43495.44000000,43920.00000000,41938.51000000,42373.73000000,44975.16870000,2022-02-11 23:59:59,1937866768.50595330,1169354,22063.76915000,950913914.02964280
2022-02-12 00:00:00,42373.73000000,43079.49000000,41688.88000000,42217.87000000,26556.85681000,2022-02-12 23:59:59,1123136004.72372450,830322,12814.60322000,542061655.42919370
2022-02-13 00:00:00,42217.87000000,42760.00000000,41870.00000000,42053.66000000,17732.08113000,2022-02-13 23:59:59,750533311.65295650,624898,8333.13302000,352741586.05972970
2022-02-14 00:00:00,42053.65000000,42842.40000000,41550.56000000,42535.94000000,34010.13060000,2022-02-14 23:59:59,1436927831.44458620,867622,16912.76672000,714598651.16597500
2022-02-15 00:00:00,42535.94000000,44751.40000000,42427.03000000,44544.86000000,38095.19576000,2022-02-15 23:59:59,1672855933.62565900,990694,19180.32434000,842363401.21284530
2022-02-16 00:00:00,44544.85000000,44549.97000000,43307.00000000,43873.56000000,28471.87270000,2022-02-16 23:59:59,1250973502.30184530,823745,14106.69537000,619773473.01658720
2022-02-17 00:00:00,43873.56000000,44164.71000000,40073.21000000,40515.70000000,47245.99494000,2022-02-17 23:59:59,1993400162.94806680,1067658,21468.60602000,906038209.78185840
2022-02-18 00:00:00,40515.71000000,40959.88000000,39450.00000000,39974.44000000,43845.92241000,2022-02-18 23:59:59,1765622365.95275610,1025882,20609.06764000,829953072.41395250
2022-02-19 00:00:00,39974.45000000,40444.32000000,39639.03000000,40079.17000000,18042.05510000,2022-02-19 23:59:59,721960636.06466920,586653,8374.97500000,335209843.63180300
2022-02-20 00:00:00,40079.17000000,40125.44000000,38000.00000000,38386.89000000,33439.29011000,2022-02-20 23:59:59,1293216601.45187960,811235,15338.25392000,592897166.44915830
2022-02-21 00:00:00,38386.89000000,39494.35000000,36800.00000000,37008.16000000,62347.68496000,2022-02-21 23:59:59,2382027320.86176070,1352290,30617.13558000,1170272316.27587730
2022-02-22 00:00:00,37008.16000000,38429.00000000,36350.00000000,38230.33000000,53785.94589000,2022-02-22 23:59:59,2010628230.75491760,1212527,27322.73575000,1021948126.92530640
2022-02-23 00:00:00,38230.33000000,39249.93000000,37036.79000000,37250.01000000,43560.73200000,2022-02-23 23:59:59,1665486687.23993710,1030872,21449.95580000,820639942.03183170
2022-02-24 00:00:00,37250.02000000,39843.00000000,34322.28000000,38327.21000000,120476.29458000,2022-02-24 23:59:59,4335107392.00948810,2622780,60103.13140000,2164376869.72610720
2022-02-25 00:00:00,38328.68000000,39683.53000000,38014.37000000,39219.17000000,56574.57125000,2022-02-25 23:59:59,2197889580.28266900,1408558,29904.01589000,1161436657.82962850
2022-02-26 00:00:00,39219.16000000,40348.45000000,38573.18000000,39116.72000000,29361.25680000,2022-02-26 23:59:59,1152621719.69438010,924257,14658.93596000,575852237.98081680
2022-02-27 00:00:00,39116.73000000,39855.70000000,37000.00000000,37699.07000000,46229.44719000,2022-02-27 23:59:59,1780512702.88640200,1265753,21789.25080000,840141690.32935450
2022-02-28 00:00:00,37699.08000000,44225.84000000,37450.17000000,43160.00000000,73945.63858000,2022-02-28 23:59:59,2975160226.16898520,1931087,38543.78078000,1553136662.00345820
2022-03-01 00:00:00,43160.00000000,44949.00000000,42809.98000000,44421.20000000,61743.09873000,2022-03-01 23:59:59,2701611023.69431990,1866871,30937.54085000,1353520463.00847440
2022-03-02 00:00:00,44421.20000000,45400.00000000,43334.09000000,43892.98000000,57782.65081000,2022-03-02 23:59:59,2550792948.28862420,1653131,28624.11310000,1264172354.04562620
2022-03-03 00:00:00,43892.99000000,44101.12000000,41832.28000000,42454.00000000,50940.61021000,2022-03-03 23:59:59,2192152097.92518790,1289320,24438.40113000,1051969942.21123210
2022-03-04 00:00:00,42454.00000000,42527.30000000,38550.00000000,39148.66000000,61964.68498000,2022-03-04 23:59:59,2527001270.71946910,1465066,29322.62323000,1196441375.29618270
2022-03-05 00:00:00,39148.65000000,39613.24000000,38407.59000000,39397.96000000,30363.13341000,2022-03-05 23:59:59,1187689935.08799350,879727,14846.61434000,580820200.94256520
2022-03-06 00:00:00,39397.97000000,39693.87000000,38088.57000000,38420.81000000,39677.26158000,2022-03-06 23:59:59,1542258009.62921880,986352,19055.16367000,740741244.89651720
2022-03-07 00:00:00,38420.80000000,39547.57000000,37155.00000000,37988.00000000,63994.11559000,2022-03-07 23:59:59,2449362161.70153860,1456041,31641.49735000,1211103666.76717830
2022-03-08 00:00:00,37988.01000000,39362.08000000,37867.65000000,38730.63000000,55583.06638000,2022-03-08 23:59:59,2149652714.80434550,1271128,27964.07361000,1081516303.59409020
2022-03-09 00:00:00,38730.63000000,42594.06000000,38656.45000000,41941.71000000,67392.58799000,2022-03-09 23:59:59,2797240840.96074690,1570230,34598.34753000,1435303843.98738530
2022-03-10 00:00:00,41941.70000000,42039.63000000,38539.73000000,39422.00000000,71962.93154000,2022-03-10 23:59:59,2854310740.80767330,1512655,33804.27456000,1340241708.00120280
2022-03-11 00:00:00,39422.01000000,40236.26000000,38223.60000000,38729.57000000,59018.76420000,2022-03-11 23:59:59,2305825015.60108560,1252571,29148.02045000,1139093538.35246420
2022-03-12 00:00:00,38729.57000000,39486.71000000,38660.52000000,38807.36000000,24034.36432000,2022-03-12 23:59:59,939663387.31498930,671733,11869.94851000,464113572.60856310
2022-03-13 00:00:00,38807.35000000,39310.00000000,37578.51000000,37777.34000000,32791.82359000,2022-03-13 23:59:59,1268441605.18668750,841844,15150.32067000,586406176.60099370
2022-03-14 00:00:00,37777.35000000,39947.12000000,37555.00000000,39671.37000000,46945.45375000,2022-03-14 23:59:59,1821922588.44720660,1114899,24146.76237000,937313460.62628630
2022-03-15 00:00:00,39671.37000000,39887.61000000,38098.33000000,39280.33000000,46015.54926000,2022-03-15 23:59:59,1796571984.45849700,1060517,22657.90532000,885084067.98573150
2022-03-16 00:00:00,39280.33000000,41718.00000000,38828.48000000,41114.00000000,88120.76167000,2022-03-16 23:59:59,3552563766.36553840,2051837,44119.65664000,1779529342.31891760
2022-03-17 00:00:00,41114.01000000,41478.82000000,40500.00000000,40917.90000000,37189.38087000,2022-03-17 23:59:59,1521083189.71086230,935784,18580.98075000,760015585.80298390
2022-03-18 00:00:00,40917.89000000,42325.02000000,40135.04000000,41757.51000000,45408.00969000,2022-03-18 23:59:59,1862337033.48472110,1065054,22374.92757000,918115615.04648450
2022-03-19 00:00:00,41757.51000000,42400.00000000,41499.29000000,42201.13000000,29067.18108000,2022-03-19 23:59:59,1216709156.44280540,801197,14463.06148000,605480703.88597740
2022-03-20 00:00:00,42201.13000000,42296.26000000,40911.00000000,41262.11000000,30653.33468000,2022-03-20 23:59:59,1273880705.25024960,799695,14636.72662000,608328201.79066880
2022-03-21 00:00:00,41262.11000000,41544.22000000,40467.94000000,41002.25000000,39426.24877000,2022-03-21 23:59:59,1618789548.06842130,947206,19079.42652000,783366152.12001520
2022-03-22 00:00:00,41002.26000000,43361.00000000,40875.51000000,42364.13000000,59454.94294000,2022-03-22 23:59:59,2525975507.80119990,1367343,30215.54785000,1283334795.32526190
2022-03-23 00:00:00,42364.13000000,43025.96000000,41751.47000000,42882.76000000,40828.87039000,2022-03-23 23:59:59,1725787170.58239640,916671,20211.34116000,854479820.53341520
2022-03-24 00:00:00,42882.76000000,44220.89000000,42560.46000000,43991.46000000,56195.12374000,2022-03-24 23:59:59,2436258223.62233810,1202541,27963.10189000,1212354441.13958370
2022-03-25 00:00:00,43991.46000000,45094.14000000,43579.00000000,44313.16000000,54614.43648000,2022-03-25 23:59:59,2421153187.66041230,1141588,27819.34765000,1233475690.36364220
2022-03-26 00:00:00,44313.16000000,44792.99000000,44071.97000000,44511.27000000,23041.61741000,2022-03-26 23:59:59,1022802857.60941000,693647,11422.59021000,507079959.20991110
2022-03-27 00:00:00,44511.27000000,46999.00000000,44421.46000000,46827.76000000,41874.91071000,2022-03-27 23:59:59,1907019662.34414990,1135096,21674.84642000,987241345.64629310
2022-03-28 00:00:00,46827.76000000,48189.84000000,46663.56000000,47122.21000000,58949.26140000,2022-03-28 23:59:59,2789898402.61657610,1498975,29097.75719000,1377280753.97272760
2022-03-29 00:00:00,47122.21000000,48096.47000000,46950.85000000,47434.80000000,36772.28457000,2022-03-29 23:59:59,1748600385.45023520,1095678,18192.37420000,865179145.17564560
2022-03-30 00:00:00,47434.79000000,47700.22000000,46445.42000000,47067.99000000,40947.20850000,2022-03-30 23:59:59,1932152559.88311230,1081607,20896.43399000,985946938.56827850
2022-03-31 00:00:00,47067.99000000,47600.00000000,45200.00000000,45510.34000000,48645.12667000,2022-03-31 23:59:59,2262485160.56858420,1290541,22879.47328000,1064278670.64261090
2022-04-01 00:00:00,45510.35000000,46720.09000000,44200.00000000,46283.49000000,56271.06474000,2022-04-01 23:59:59,2556532890.87031090,1372216,28041.37621000,1274359931.84053690
2022-04-02 00:00:00,46283.49000000,47213.00000000,45620.00000000,45811.00000000,37073.53582000,2022-04-02 23:59:59,1721690754.43939360,1056716,18562.93079000,862197811.56889240
2022-04-03 00:00:00,45810.99000000,47444.11000000,45530.92000000,46407.35000000,33394.67794000,2022-04-03 23:59:59,1550999693.05080480,966563,16740.18067000,777615974.81551770
2022-04-04 00:00:00,46407.36000000,46890.71000000,45118.00000000,46580.51000000,44641.87514000,2022-04-04 23:59:59,2053434523.86853890,1171998,21913.04154000,1008164276.04901840
2022-04-05 00:00:00,46580.50000000,47200.00000000,45353.81000000,45497.55000000,42192.74852000,2022-04-05 23:59:59,1951668192.92950980,1046080,20607.57735000,953494654.45992840
2022-04-06 00:00:00,45497.54000000,45507.14000000,43121.00000000,43170.47000000,60849.32936000,2022-04-06 23:59:59,2700644700.89039180,1471912,29467.28381000,1307725131.19462540
2022-04-07 00:00:00,43170.47000000,43900.99000000,42727.35000000,43444.19000000,37396.54156000,2022-04-07 23:59:59,1623879486.66003130,999816,18567.25999000,806358703.21566620
2022-04-08 00:00:00,43444.20000000,43970.62000000,42107.14000000,42252.01000000,42375.04203000,2022-04-08 23:59:59,1830699971.61131170,1108136,20530.56354000,887196762.49432090
2022-04-09 00:00:00,42252.02000000,42800.00000000,42125.48000000,42753.97000000,17891.66047000,2022-04-09 23:59:59,759274586.61377760,640230,8910.47179000,378158044.30397130
2022-04-10 00:00:00,42753.96000000,43410.30000000,41868.00000000,42158.85000000,22771.09403000,2022-04-10 23:59:59,971459737.50094040,678983,10952.24952000,467438845.42218350
2022-04-11 00:00:00,42158.85000000,42414.71000000,39200.00000000,39530.45000000,63560.44721000,2022-04-11 23:59:59,2602039073.01504450,1385924,30543.05561000,1251713135.50000790
2022-04-12 00:00:00,39530.45000000,40699.00000000,39254.63000000,40074.94000000,57751.01778000,2022-04-12 23:59:59,2309514071.59387300,1153667,28344.99788000,1133659106.65571090
2022-04-13 00:00:00,40074.95000000,41561.31000000,39588.54000000,41147.79000000,41342.27254000,2022-04-13 23:59:59,1677171454.09107910,948061,20522.54699000,832653378.51149360
2022-04-14 00:00:00,41147.78000000,41500.00000000,39551.94000000,39942.38000000,36807.01401000,2022-04-14 23:59:59,1494726286.01801020,803756,17787.82129000,722216571.85938900
2022-04-15 00:00:00,39942.37000000,40870.36000000,39766.40000000,40551.90000000,24026.35739000,2022-04-15 23:59:59,966888436.81625090,616536,11755.54439000,473100437.47337530
2022-04-16 00:00:00,40551.90000000,40709.35000000,39991.55000000,40378.71000000,15805.44718000,2022-04-16 23:59:59,638275503.91410850,423446,7642.38243000,308642382.87963840
2022-04-17 00:00:00,40378.70000000,40595.67000000,39546.17000000,39678.12000000,19988.49259000,2022-04-17 23:59:59,803414248.98369850,590241,9578.91533000,385124871.46651260
2022-04-18 00:00:00,39678.11000000,41116.73000000,38536.51000000,40801.13000000,54243.49575000,2022-04-18 23:59:59,2153574975.91313360,1157741,27097.19375000,1076513006.70581750
2022-04-19 00:00:00,40801.13000000,41760.00000000,40571.00000000,41493.18000000,35788.85843000,2022-04-19 23:59:59,1472363265.36218780,934526,17806.81506000,732539241.88967900
2022-04-20 00:00:00,41493.19000000,42199.00000000,40820.00000000,41358.19000000,40877.35041000,2022-04-20 23:59:59,1697039284.08530060,1063843,20007.29623000,830754792.62366230
2022-04-21 00:00:00,41358.19000000,42976.00000000,39751.00000000,40480.01000000,59316.27657000,2022-04-21 23:59:59,2476061417.88725770,1515456,29413.89548000,1228429890.95735430
2022-04-22 00:00:00,40480.01000000,40795.06000000,39177.00000000,39709.18000000,46664.01960000,2022-04-22 23:59:59,1870172362.40225000,1043471,23248.71242000,931654706.55319750
2022-04-23 00:00:00,39709.19000000,39980.00000000,39285.00000000,39441.60000000,20291.42375000,2022-04-23 23:59:59,804677022.90789710,724132,10217.20484000,405193110.94368160
2022-04-24 00:00:00,39441.61000000,39940.00000000,38929.62000000,39450.13000000,26703.61186000,2022-04-24 23:59:59,1056336243.01986090,868183,12639.70229000,500129939.07795730
2022-04-25 00:00:00,39450.12000000,40616.00000000,38200.00000000,40426.08000000,63037.12784000,2022-04-25 23:59:59,2470071005.24014250,1280351,31958.39557000,1252785476.60286050
2022-04-26 00:00:00,40426.08000000,40797.31000000,37702.26000000,38112.65000000,66650.25800000,2022-04-26 23:59:59,2615206861.83491330,1381618,31936.94220000,1253685872.44457550
2022-04-27 00:00:00,38112.64000000,39474.72000000,37881.31000000,39235.72000000,57083.12272000,2022-04-27 23:59:59,2218523642.42638700,1232083,28942.08915000,1124748467.70036320
2022-04-28 00:00:00,39235.72000000,40372.63000000,38881.43000000,39742.07000000,56086.67150000,2022-04-28 23:59:59,2223808385.80637570,1135242,28519.46629000,1130865428.79361840
2022-04-29 00:00:00,39742.06000000,39925.25000000,38175.00000000,38596.11000000,51453.65715000,2022-04-29 23:59:59,2006135662.85599920,1101140,24773.60543000,966125835.49613280
2022-04-30 00:00:00,38596.11000000,38795.38000000,37578.20000000,37630.80000000,35321.18989000,2022-04-30 23:59:59,1354900532.13351140,1017369,16523.43017000,634076437.18730890
2022-05-01 00:00:00,37630.80000000,38675.00000000,37386.38000000,38468.35000000,38812.24104000,2022-05-01 23:59:59,1478259271.91387300,1021157,19551.11747000,744825800.81439740
2022-05-02 00:00:00,38468.35000000,39167.34000000,38052.00000000,38525.16000000,53200.92628000,2022-05-02 23:59:59,2058450718.29632340,1053893,27276.29561000,1055369693.13392710
2022-05-03 00:00:00,38525.16000000,38651.51000000,37517.80000000,37728.95000000,40316.45358000,2022-05-03 23:59:59,1539320434.26472350,1005131,20002.76343000,764016892.67450520
2022-05-04 00:00:00,37728.95000000,40023.77000000,37670.00000000,39690.00000000,62574.61736000,2022-05-04 23:59:59,2438553987.45354350,1238847,32968.16942000,1284541284.60213790
2022-05-05 00:00:00,39690.00000000,39845.51000000,35571.90000000,36552.97000000,88722.43355000,2022-05-05 23:59:59,3329684235.96395180,1979692,41786.44096000,1568954443.58516280
2022-05-06 00:00:00,36552.97000000,36675.63000000,35258.00000000,36013.77000000,68437.80187000,2022-05-06 23:59:59,2466507512.18202880,1214518,34536.42346000,1245062436.83763490
2022-05-07 00:00:00,36013.77000000,36146.30000000,34785.00000000,35472.39000000,34281.70682000,2022-05-07 23:59:59,1222539413.64009840,746488,15385.18829000,548855038.23563790
2022-05-08 00:00:00,35472.40000000,35514.22000000,33713.95000000,34038.40000000,72445.64344000,2022-05-08 23:59:59,2498365159.99458080,1301451,32350.03935000,1115547715.91452730
2022-05-09 00:00:00,34038.39000000,34243.15000000,30033.33000000,30076.31000000,191876.92642800,2022-05-09 23:59:59,6166367111.27572469,2564538,86538.96256900,2781053306.47254561
2022-05-10 00:00:00,30074.23000000,32658.99000000,29730.40000000,31017.10000000,165532.00311000,2022-05-10 23:59:59,5179856929.47992947,2470325,73691.19610600,2307177624.54194415
2022-05-11 00:00:00,31017.11000000,32162.59000000,27785.00000000,29103.94000000,207063.73927800,2022-05-11 23:59:59,6300295994.55313893,3559270,99622.11747500,3036296142.09820864
2022-05-12 00:00:00,29103.94000000,30243.00000000,26700.00000000,29029.75000000,204507.26313800,2022-05-12 23:59:59,5795451310.94557822,3951233,101465.27825700,2877462252.21222825
2022-05-13 00:00:00,29029.74000000,31083.37000000,28751.67000000,29287.05000000,97872.36957000,2022-05-13 23:59:59,2956855804.85611210,2051900,48827.72764000,1475641181.96274990
2022-05-14 00:00:00,29287.05000000,30343.27000000,28630.00000000,30086.74000000,51095.87863000,2022-05-14 23:59:59,1501483453.50089050,1204626,25908.17135000,761545954.19045650
2022-05-15 00:00:00,30086.74000000,31460.00000000,29480.00000000,31328.89000000,46275.66912000,2022-05-15 23:59:59,1401499926.23041760,1016769,24163.36200000,732332763.60944860
2022-05-16 00:00:00,31328.89000000,31328.90000000,29087.04000000,29874.01000000,73082.19658000,2022-05-16 23:59:59,2185567735.68206220,1561954,36284.05379000,1085179422.72193680
2022-05-17 00:00:00,29874.01000000,30788.37000000,29450.38000000,30444.93000000,56724.13307000,2022-05-17 23:59:59,1715109131.08020630,1175382,28600.36238000,865031716.54042880
2022-05-18 00:00:00,30444.93000000,30709.99000000,28654.47000000,28715.32000000,59749.15799000,2022-05-18 23:59:59,1762843836.12693780,1379212,29501.76769000,870623227.20705700
2022-05-19 00:00:00,28715.33000000,30545.18000000,28691.38000000,30319.23000000,67877.36415000,2022-05-19 23:59:59,2014360135.78527210,1860780,35339.65787000,1049163442.90203710
2022-05-20 00:00:00,30319.22000000,30777.33000000,28730.00000000,29201.01000000,60517.25325000,2022-05-20 23:59:59,1800589029.27087810,1694004,30890.40127000,919467696.61815910
2022-05-21 00:00:00,29201.01000000,29656.18000000,28947.28000000,29445.06000000,20987.13124000,2022-05-21 23:59:59,616194663.97921110,643486,10558.92886000,310046148.80258760
2022-05-22 00:00:00,29445.07000000,30487.99000000,29255.11000000,30293.94000000,36158.98748000,2022-05-22 23:59:59,1082530816.01624980,862880,18538.10071000,555044195.79738030
2022-05-23 00:00:00,30293.93000000,30670.51000000,28866.35000000,29109.15000000,63901.49932000,2022-05-23 23:59:59,1914305818.07451870,1328317,30476.66811000,913813980.95331840
2022-05-24 00:00:00,29109.14000000,29845.86000000,28669.00000000,29654.58000000,59442.96036000,2022-05-24 23:59:59,1740257602.30676980,946421,29480.07674000,863516681.51292810
2022-05-25 00:00:00,29654.58000000,30223.74000000,29294.21000000,29542.15000000,59537.38659000,2022-05-25 23:59:59,1771708175.07189140,985440,28846.96589000,858587338.50383790
2022-05-26 00:00:00,29542.14000000,29886.64000000,28019.56000000,29201.35000000,94581.65463000,2022-05-26 23:59:59,2759055410.39775190,1431112,45206.85416000,1319426335.71623620
2022-05-27 00:00:00,29201.35000000,29397.66000000,28282.90000000,28629.80000000,90998.52010000,2022-05-27 23:59:59,2626515958.50348980,1321406,43590.05398000,1258912486.70486010
2022-05-28 00:00:00,28629.81000000,29266.00000000,28450.00000000,29031.33000000,34479.35127000,2022-05-28 23:59:59,994674257.56792310,684423,17561.21465000,506633343.68004640
2022-05-29 00:00:00,29031.33000000,29587.78000000,28839.21000000,29468.10000000,27567.34764000,2022-05-29 23:59:59,804777532.64976050,635311,13735.42581000,401056725.56553910
2022-05-30 00:00:00,29468.10000000,32222.00000000,29299.62000000,31734.22000000,96785.94760000,2022-05-30 23:59:59,2980527582.46749530,1380410,45024.45633000,1384940691.96695780
2022-05-31 00:00:00,31734.23000000,32399.00000000,31200.01000000,31801.04000000,62433.11632000,2022-05-31 23:59:59,1981259117.01154660,1161340,30046.95511000,953574564.32611060
2022-06-01 00:00:00,31801.05000000,31982.97000000,29301.00000000,29805.83000000,103395.63382000,2022-06-01 23:59:59,3171191028.24973600,1404611,47614.81205000,1460767260.69629420
2022-06-02 00:00:00,29805.84000000,30689.00000000,29594.55000000,30452.62000000,56961.42928000,2022-06-02 23:59:59,1711652906.19189590,1086183,28555.06607000,858193492.40476920
2022-06-03 00:00:00,30452.63000000,30699.00000000,29282.36000000,29700.21000000,54067.44727000,2022-06-03 23:59:59,1615616950.71438090,993769,26583.25141000,794354787.34209400
2022-06-04 00:00:00,29700.21000000,29988.88000000,29485.00000000,29864.04000000,25617.90113000,2022-06-04 23:59:59,760874329.46631560,618037,12971.72460000,385358236.91577990
2022-06-05 00:00:00,29864.03000000,30189.00000000,29531.42000000,29919.21000000,23139.92810000,2022-06-05 23:59:59,691201528.16002580,604680,11753.51303000,351150600.78443810
2022-06-06 00:00:00,29919.20000000,31765.64000000,29890.23000000,31373.10000000,68836.92456000,2022-06-06 23:59:59,2149499896.93493760,1124745,34225.53913000,1068381827.98894340
2022-06-07 00:00:00,31373.10000000,31589.60000000,29218.96000000,31125.33000000,110674.51658000,2022-06-07 23:59:59,3347397952.73059020,1743957,54831.53114000,1661147413.25824640
2022-06-08 00:00:00,31125.32000000,31327.22000000,29843.88000000,30204.77000000,68542.61276000,2022-06-08 23:59:59,2087270428.34703920,1236327,32668.41005000,995180478.27453850
2022-06-09 00:00:00,30204.77000000,30700.00000000,29944.10000000,30109.93000000,46291.18650000,2022-06-09 23:59:59,1399839073.77450800,841562,23082.29251000,697948605.98846330
2022-06-10 00:00:00,30109.93000000,30382.80000000,28850.00000000,29091.88000000,76204.24980000,2022-06-10 23:59:59,2255866294.49488670,1258608,35502.20972000,1050877735.84477560
2022-06-11 00:00:00,29091.87000000,29440.41000000,28099.99000000,28424.70000000,65901.39895000,2022-06-11 23:59:59,1892007188.07560010,1084163,31848.33080000,914365117.83400940
2022-06-12 00:00:00,28424.71000000,28544.96000000,26560.00000000,26574.53000000,92474.59880900,2022-06-12 23:59:59,2551767136.32958524,1451271,43538.78641000,1201389150.89004560
2022-06-13 00:00:00,26574.53000000,26895.84000000,21925.77000000,22487.41000000,254611.03496600,2022-06-13 23:59:59,6192246037.40487339,3261484,121398.55613300,2953984191.51803855
2022-06-14 00:00:00,22485.27000000,23362.88000000,20846.00000000,22136.41000000,187201.64671000,2022-06-14 23:59:59,4136108699.02542765,2583151,92764.74286400,2051107738.63037860
2022-06-15 00:00:00,22136.42000000,22800.00000000,20111.62000000,22583.72000000,200774.49346700,2022-06-15 23:59:59,4249276481.25669716,2847831,98340.10221700,2083014439.19529060
2022-06-16 00:00:00,22583.72000000,22995.73000000,20232.00000000,20401.31000000,99673.59429000,2022-06-16 23:59:59,2130037160.06261080,1690477,48048.86237000,1027305936.81915560
2022-06-17 00:00:00,20400.60000000,21365.43000000,20246.66000000,20468.81000000,86694.33663000,2022-06-17 23:59:59,1796575392.55072060,1352992,43066.94445000,892584106.65741690
2022-06-18 00:00:00,20468.81000000,20792.06000000,17622.00000000,18970.79000000,196441.65552400,2022-06-18 23:59:59,3726639821.69615086,2467372,96560.04464900,1833514054.88934140
2022-06-19 00:00:00,18970.79000000,20815.95000000,17960.41000000,20574.00000000,128320.87595000,2022-06-19 23:59:59,2487561781.53598690,1950660,65871.82216000,1277952917.40811940
2022-06-20 00:00:00,20574.00000000,21090.00000000,19637.03000000,20573.89000000,109028.94154000,2022-06-20 23:59:59,2220396381.74265240,1639448,54047.82476000,1100883996.50035330
2022-06-21 00:00:00,20573.90000000,21723.00000000,20348.40000000,20723.52000000,104371.07490000,2022-06-21 23:59:59,2198596137.34328390,1515321,52193.33566000,1099446297.12286310
2022-06-22 00:00:00,20723.51000000,20900.00000000,19770.51000000,19987.99000000,92133.97938000,2022-06-22 23:59:59,1872204589.23758170,1394981,44907.30453000,912710764.73022530
2022-06-23 00:00:00,19988.00000000,21233.00000000,19890.07000000,21110.13000000,83127.08716000,2022-06-23 23:59:59,1710694866.45724490,1207858,42716.83721000,879244263.28301580
2022-06-24 00:00:00,21110.12000000,21558.41000000,20736.72000000,21237.69000000,77430.36622000,2022-06-24 23:59:59,1635129191.17025090,1309709,38582.36962000,815027131.32055680
2022-06-25 00:00:00,21237.68000000,21614.50000000,20906.62000000,21491.19000000,51431.67794000,2022-06-25 23:59:59,1093873137.97475200,874540,25240.18142000,536863288.46274870
2022-06-26 00:00:00,21491.18000000,21888.00000000,20964.73000000,21038.07000000,53278.10464000,2022-06-26 23:59:59,1139258367.16291490,885306,26051.16372000,557192553.72203980
2022-06-27 00:00:00,21038.08000000,21539.85000000,20510.00000000,20742.56000000,64475.00130000,2022-06-27 23:59:59,1354369225.84046490,1002214,31992.46040000,672191483.81067960
2022-06-28 00:00:00,20742.57000000,21212.10000000,20202.01000000,20281.29000000,63801.08320000,2022-06-28 23:59:59,1321862977.93154860,1064497,30490.78532000,631852171.75962620
2022-06-29 00:00:00,20281.28000000,20432.31000000,19854.92000000,20123.01000000,77309.04379000,2022-06-29 23:59:59,1556549790.00892410,1210636,37814.12159000,761473366.39085880
2022-06-30 00:00:00,20123.00000000,20179.08000000,18626.00000000,19942.21000000,93846.64806000,2022-06-30 23:59:59,1808994369.03144390,1438163,45447.98482000,876020577.34959570
2022-07-01 00:00:00,19942.21000000,20918.35000000,18975.00000000,19279.80000000,111844.59494000,2022-07-01 23:59:59,2197016369.96952880,1668363,56417.61783000,1108492421.95652620
2022-07-02 00:00:00,19279.80000000,19467.39000000,18977.01000000,19252.81000000,46180.30210000,2022-07-02 23:59:59,888415536.87306640,833508,23693.90779000,455851305.37637550
2022-07-03 00:00:00,19252.82000000,19647.63000000,18781.00000000,19315.83000000,51087.46631000,2022-07-03 23:59:59,980255891.39525530,880786,25361.96292000,486752875.43699910
2022-07-04 00:00:00,19315.83000000,20354.01000000,19055.31000000,20236.71000000,74814.04601000,2022-07-04 23:59:59,1470987695.52158190,1282843,38543.72441000,758241531.98802060
2022-07-05 00:00:00,20236.71000000,20750.00000000,19304.40000000,20175.83000000,96041.13756000,2022-07-05 23:59:59,1919950110.16743050,1612273,48358.47507000,967109793.38447560
2022-07-06 00:00:00,20175.84000000,20675.22000000,19761.25000000,20564.51000000,82439.58080000,2022-07-06 23:59:59,1665481948.00963180,1472221,41580.73433000,840150579.64268600
2022-07-07 00:00:00,20564.51000000,21838.10000000,20251.68000000,21624.98000000,85014.58261000,2022-07-07 23:59:59,1783224085.72367990,1653722,42731.53720000,896703207.21045650
2022-07-08 00:00:00,21624.99000000,22527.37000000,21189.26000000,21594.75000000,403081.57349000,2022-07-08 23:59:59,8781330156.61243140,4358216,201798.10144000,4396546053.03190870
2022-07-09 00:00:00,21594.75000000,21980.00000000,21322.12000000,21591.83000000,178417.84468000,2022-07-09 23:59:59,3857190523.49427170,3524386,89418.01811000,1933132016.30472580
2022-07-10 00:00:00,21592.15000000,21607.65000000,20655.00000000,20862.47000000,192188.21556000,2022-07-10 23:59:59,4062794310.27203430,3434401,95376.75351000,2016291891.37436950
2022-07-11 00:00:00,20861.11000000,20868.48000000,19875.23000000,19963.61000000,137535.40724000,2022-07-11 23:59:59,2813718031.10934280,3232941,66869.47065000,1368289522.98482320
2022-07-12 00:00:00,19963.61000000,20059.42000000,19240.00000000,19328.75000000,139506.45862000,2022-07-12 23:59:59,2754215439.33247770,3626399,67681.11612000,1336338002.70049880
2022-07-13 00:00:00,19331.28000000,20366.61000000,18910.94000000,20234.87000000,209250.24888000,2022-07-13 23:59:59,4096306063.80193500,4789109,103667.13511000,2029863027.17871820
2022-07-14 00:00:00,20234.87000000,20900.00000000,19616.07000000,20588.84000000,174809.21696000,2022-07-14 23:59:59,3526210098.28504420,4576355,87993.05801000,1775442258.40924360
2022-07-15 00:00:00,20588.84000000,21200.00000000,20382.29000000,20830.04000000,143343.30490000,2022-07-15 23:59:59,2984339734.35327030,4411375,71354.94910000,1485929119.42764470
2022-07-16 00:00:00,20830.04000000,21588.94000000,20478.61000000,21195.60000000,121011.67393000,2022-07-16 23:59:59,2539616922.79860840,3723401,61225.46264000,1285100231.95578820
2022-07-17 00:00:00,21195.60000000,21684.54000000,20750.01000000,20798.16000000,118229.45250000,2022-07-17 23:59:59,2511251392.57652560,4261057,59550.95291000,1265042502.46182760
2022-07-18 00:00:00,20799.58000000,22777.63000000,20762.45000000,22432.58000000,239942.73132000,2022-07-18 23:59:59,5263396811.53925570,6564387,122398.31862000,2685273104.29557660
2022-07-19 00:00:00,22432.58000000,23800.00000000,21579.54000000,23396.62000000,263770.76574000,2022-07-19 23:59:59,5954419902.22192750,6488375,132874.43405000,2999605957.30395060
2022-07-20 00:00:00,23398.48000000,24276.74000000,22906.19000000,23223.30000000,238762.17094000,2022-07-20 23:59:59,5631801151.22037560,6364038,119820.55352000,2826789486.16930980
2022-07-21 00:00:00,23223.30000000,23442.77000000,22341.46000000,23152.19000000,184817.68191000,2022-07-21 23:59:59,4232411759.39502510,4808194,92958.79400000,2128895623.65998300
2022-07-22 00:00:00,23152.19000000,23756.49000000,22500.00000000,22684.83000000,171598.43966000,2022-07-22 23:59:59,3981394766.22805780,4745582,85026.96828000,1973166657.88355060
2022-07-23 00:00:00,22684.83000000,23000.77000000,21934.57000000,22451.07000000,122137.77375000,2022-07-23 23:59:59,2745262660.67778180,3762227,61569.86415000,1383868861.28454700
2022-07-24 00:00:00,22448.58000000,23014.64000000,22257.15000000,22579.68000000,115189.67277000,2022-07-24 23:59:59,2610817967.16393870,3671238,58086.99433000,1316724597.44331480
2022-07-25 00:00:00,22577.13000000,22666.00000000,21250.00000000,21310.90000000,180344.76643000,2022-07-25 23:59:59,3954002948.54725850,4807238,88021.94560000,1930051719.27319220
2022-07-26 00:00:00,21310.90000000,21347.82000000,20706.50000000,21254.67000000,177817.24326000,2022-07-26 23:59:59,3738774849.35771120,4545385,87353.46040000,1836821500.49330420
2022-07-27 00:00:00,21254.67000000,23112.63000000,21042.53000000,22952.45000000,210971.19796000,2022-07-27 23:59:59,4614909656.69578570,5475738,106519.12743000,2330764840.64686740
2022-07-28 00:00:00,22954.31000000,24199.72000000,22582.13000000,23842.93000000,236029.07410000,2022-07-28 23:59:59,5511388547.61538860,6500034,118170.70945000,2759524239.02454490
2022-07-29 00:00:00,23845.25000000,24442.66000000,23414.03000000,23773.75000000,198298.50623000,2022-07-29 23:59:59,4733780641.30503660,6221401,100165.60850000,2391310897.48786300
2022-07-30 00:00:00,23777.28000000,24668.00000000,23502.25000000,23643.51000000,151060.13211000,2022-07-30 23:59:59,3634601094.96542000,4801528,75778.59282000,1823456271.87596880
2022-07-31 00:00:00,23644.64000000,24194.82000000,23227.31000000,23293.32000000,127743.32483000,2022-07-31 23:59:59,3028386330.64483140,4463721,63737.43859000,1511326027.22340350
2022-08-01 00:00:00,23296.36000000,23509.68000000,22850.00000000,23268.01000000,144210.16219000,2022-08-01 23:59:59,3346371889.65212190,4775213,71458.39583000,1658446268.22539660
2022-08-02 00:00:00,23266.90000000,23459.89000000,22654.37000000,22987.79000000,158073.28225000,2022-08-02 23:59:59,3631020649.22637960,5066511,78122.08501000,1794828205.62390380
2022-08-03 00:00:00,22985.93000000,23647.68000000,22681.22000000,22818.37000000,145948.80995000,2022-08-03 23:59:59,3385430753.80501820,4887642,72355.55623000,1678928892.75384440
2022-08-04 00:00:00,22816.91000000,23223.32000000,22400.00000000,22622.98000000,154854.67016000,2022-08-04 23:59:59,3537434334.43464900,4966138,76123.82073000,1739248152.86794670
2022-08-05 00:00:00,22622.41000000,23472.86000000,22586.95000000,23312.42000000,175251.69749000,2022-08-05 23:59:59,4046435951.35450910,5340569,88240.55478000,2037539950.68206370
2022-08-06 00:00:00,23313.56000000,23354.36000000,22909.52000000,22954.21000000,83911.80307000,2022-08-06 23:59:59,1944693656.70656820,3360228,41438.97610000,960462308.05303330
2022-08-07 00:00:00,22954.21000000,23402.00000000,22844.62000000,23174.39000000,88890.00877000,2022-08-07 23:59:59,2051763044.55236900,3646643,44744.90366000,1032885708.17538220
2022-08-08 00:00:00,23174.39000000,24245.00000000,23154.25000000,23810.00000000,170958.44152000,2022-08-08 23:59:59,4078052110.54312780,5892045,85942.29725000,2050118384.21205000
2022-08-09 00:00:00,23810.98000000,23933.25000000,22865.00000000,23149.95000000,143182.50858000,2022-08-09 23:59:59,3347110918.90721070,5105613,70598.77953000,1650310502.56936480
2022-08-10 00:00:00,23151.32000000,24226.00000000,22664.69000000,23954.05000000,208916.54953000,2022-08-10 23:59:59,4918825599.48963140,6818207,105046.91327000,2473680340.32380710
2022-08-11 00:00:00,23954.05000000,24918.54000000,23852.13000000,23934.39000000,249759.79557000,2022-08-11 23:59:59,6097813762.89593510,8269994,125001.90721000,3051727583.87702530
2022-08-12 00:00:00,23933.09000000,24456.50000000,23583.00000000,24403.68000000,174207.57040000,2022-08-12 23:59:59,4175834601.86054650,6134163,87283.32270000,2092464530.22717570
2022-08-13 00:00:00,24401.70000000,24888.00000000,24291.22000000,24441.38000000,152852.25435000,2022-08-13 23:59:59,3751417148.25210710,5617859,76352.50400000,1873989924.20224430
2022-08-14 00:00:00,24443.06000000,25047.56000000,24144.00000000,24305.24000000,151206.14473000,2022-08-14 23:59:59,3708565144.89800910,5473905,75296.97372000,1847145729.87895230
2022-08-15 00:00:00,24305.25000000,25211.32000000,23773.22000000,24094.82000000,242539.54758000,2022-08-15 23:59:59,5894066098.52328490,7488466,120284.46467000,2923411975.70847560
2022-08-16 00:00:00,24093.04000000,24247.49000000,23671.22000000,23854.74000000,179324.94821000,2022-08-16 23:59:59,4294907691.65094940,5978567,89812.55435000,2151240576.22617750
2022-08-17 00:00:00,23856.15000000,24446.71000000,23180.40000000,23342.66000000,210668.68766000,2022-08-17 23:59:59,4993659434.23688790,6901586,105158.87989000,2493209361.50222910
2022-08-18 00:00:00,23342.66000000,23600.00000000,23111.04000000,23191.20000000,144185.97011000,2022-08-18 23:59:59,3375338942.26178760,6029662,71864.05086000,1682458592.20756110
2022-08-19 00:00:00,23191.45000000,23208.67000000,20783.57000000,20834.39000000,283995.87747000,2022-08-19 23:59:59,6181759252.73026400,8860928,139601.81043000,3038568050.67525560
2022-08-20 00:00:00,20834.39000000,21382.85000000,20761.90000000,21140.07000000,183041.68363000,2022-08-20 23:59:59,3871242921.22468030,5723362,91862.59461000,1943014391.24625290
2022-08-21 00:00:00,21140.07000000,21800.00000000,21069.11000000,21515.61000000,159200.68410000,2022-08-21 23:59:59,3405034922.80707770,5034461,80239.24190000,1716250543.03585790
2022-08-22 00:00:00,21516.70000000,21548.71000000,20890.18000000,21399.83000000,222222.04526000,2022-08-22 23:59:59,4721412016.90341200,6443370,110925.72751000,2356921868.62394290
2022-08-23 00:00:00,21400.75000000,21684.87000000,20890.14000000,21529.12000000,200967.77164000,2022-08-23 23:59:59,4299812533.94470860,6333442,101222.30098000,2165911837.12369030
2022-08-24 00:00:00,21529.11000000,21900.00000000,21145.00000000,21368.08000000,174383.22046000,2022-08-24 23:59:59,3744196823.56485420,5561412,86499.84759000,1857345193.80695830
2022-08-25 00:00:00,21368.05000000,21819.88000000,21310.15000000,21559.04000000,169915.78301000,2022-08-25 23:59:59,3672148286.60137350,5618785,84555.07067000,1827390010.17450160
2022-08-26 00:00:00,21559.04000000,21886.77000000,20107.90000000,20241.05000000,273811.61955000,2022-08-26 23:59:59,5785149465.09769000,7587244,135780.72507000,2869440464.99169830
2022-08-27 00:00:00,20239.14000000,20402.93000000,19800.00000000,20037.60000000,162582.46032000,2022-08-27 23:59:59,3269764074.35643950,5263328,80922.99413000,1627546028.52465560
2022-08-28 00:00:00,20037.60000000,20171.18000000,19520.00000000,19555.61000000,139307.95976000,2022-08-28 23:59:59,2781133881.05184590,4678693,69363.50720000,1384969093.77023480
2022-08-29 00:00:00,19555.61000000,20433.62000000,19550.79000000,20285.73000000,210509.49545000,2022-08-29 23:59:59,4211334408.98659350,5840323,105809.86253000,2116902111.20904020
2022-08-30 00:00:00,20287.20000000,20576.25000000,19540.00000000,19811.66000000,256634.35529000,2022-08-30 23:59:59,5157974826.60932270,6593178,126919.07924000,2551087936.85860070
2022-08-31 00:00:00,19813.03000000,20490.00000000,19797.94000000,20050.02000000,276946.60765000,2022-08-31 23:59:59,5595829094.39104140,6389133,140474.46035000,2838456435.81510940
2022-09-01 00:00:00,20048.44000000,20208.37000000,19565.66000000,20131.46000000,245289.97263000,2022-09-01 23:59:59,4893158531.78124140,5937975,121158.48629000,2417157339.99021990
2022-09-02 00:00:00,20132.64000000,20441.26000000,19755.29000000,19951.86000000,245986.60330000,2022-09-02 23:59:59,4946889819.51483640,5740705,122616.90745000,2466027768.59865370
2022-09-03 00:00:00,19950.98000000,20055.93000000,19652.72000000,19831.90000000,146639.03204000,2022-09-03 23:59:59,2908816275.01028630,3739909,72556.83777000,1439326777.58573770
2022-09-04 00:00:00,19832.45000000,20029.23000000,19583.10000000,20000.30000000,145588.77893000,2022-09-04 23:59:59,2883227667.19619230,3838915,72789.26129000,1441735599.54761430
2022-09-05 00:00:00,20000.30000000,20057.27000000,19633.83000000,19796.84000000,222543.01057000,2022-09-05 23:59:59,4404971191.90702630,4657233,110786.05423000,2193009371.51916640
2022-09-06 00:00:00,19795.34000000,20180.00000000,18649.51000000,18790.61000000,356315.05718000,2022-09-06 23:59:59,6976809188.41019000,7124384,175781.84468000,3443135959.01885670
2022-09-07 00:00:00,18790.61000000,19464.06000000,18510.77000000,19292.84000000,287394.77880000,2022-09-07 23:59:59,5436827909.20131120,5597127,142700.96438000,2700094090.53922500
2022-09-08 00:00:00,19292.85000000,19458.25000000,19012.00000000,19319.77000000,262813.28273000,2022-09-08 23:59:59,5057217166.67508190,6013826,131429.45873000,2529247772.34382910
2022-09-09 00:00:00,19320.54000000,21597.22000000,19291.75000000,21360.11000000,428919.74652000,2022-09-09 23:59:59,8929831332.70879570,7777214,217979.24137000,4537141163.99010930
2022-09-10 00:00:00,21361.62000000,21810.80000000,21111.13000000,21648.34000000,307997.33504000,2022-09-10 23:59:59,6589753118.84113090,5615783,154171.04126000,3298995539.43566350
2022-09-11 00:00:00,21647.21000000,21860.00000000,21350.00000000,21826.87000000,280702.55149000,2022-09-11 23:59:59,6064643642.71623070,4801844,141171.88117000,3050253458.28356250
2022-09-12 00:00:00,21826.87000000,22488.00000000,21538.51000000,22395.74000000,395395.61828000,2022-09-12 23:59:59,8743762682.84171810,6979539,199489.54060000,4411479060.20369410
2022-09-13 00:00:00,22395.44000000,22799.00000000,19860.00000000,20173.57000000,431915.03333000,2022-09-13 23:59:59,9302239274.39612070,8126869,217144.54247000,4679543994.69320690
2022-09-14 00:00:00,20173.62000000,20541.48000000,19617.62000000,20226.71000000,340826.40151000,2022-09-14 23:59:59,6886235196.64619830,6313052,169670.53169000,3428396493.96927510
2022-09-15 00:00:00,20227.17000000,20330.24000000,19497.00000000,19701.88000000,333069.76076000,2022-09-15 23:59:59,6655264974.21375970,6690974,165652.72910000,3310217929.74111560
2022-09-16 00:00:00,19701.88000000,19890.00000000,19320.01000000,19803.30000000,283791.07064000,2022-09-16 23:59:59,5584012914.11388650,5120935,141085.20536000,2776292772.19022810
2022-09-17 00:00:00,19803.30000000,20189.00000000,19748.08000000,20113.62000000,179350.24338000,2022-09-17 23:59:59,3578667842.69528270,3862666,89621.58733000,1788389852.30019590
2022-09-18 00:00:00,20112.61000000,20117.26000000,19335.62000000,19416.18000000,254217.46904000,2022-09-18 23:59:59,5033968947.53057280,4634096,124480.59651000,2465062845.96785580
2022-09-19 00:00:00,19417.45000000,19686.20000000,18232.56000000,19537.02000000,380512.40306000,2022-09-19 23:59:59,7215196795.65605120,6820580,189241.29071000,3589311748.60739510
2022-09-20 00:00:00,19537.02000000,19634.62000000,18711.87000000,18875.00000000,324098.32860000,2022-09-20 23:59:59,6206043205.41227810,5900070,160716.33038000,3077612901.14681340
2022-09-21 00:00:00,18874.31000000,19956.00000000,18125.98000000,18461.36000000,385034.10021000,2022-09-21 23:59:59,7338667639.75195680,6907777,190299.47143000,3628361586.91015330
2022-09-22 00:00:00,18461.36000000,19550.17000000,18356.39000000,19401.63000000,379321.72111000,2022-09-22 23:59:59,7203741481.48363670,6251862,190987.32145000,3627123696.69056920
2022-09-23 00:00:00,19401.63000000,19500.00000000,18531.42000000,19289.91000000,385886.91829000,2022-09-23 23:59:59,7330336009.19099840,5906265,194842.08772000,3701394516.77361640
2022-09-24 00:00:00,19288.57000000,19316.14000000,18805.34000000,18920.50000000,239496.56746000,2022-09-24 23:59:59,4568927983.65078460,3907636,120501.30570000,2298979763.30945220
2022-09-25 00:00:00,18921.99000000,19180.21000000,18629.20000000,18807.38000000,191191.44920000,2022-09-25 23:59:59,3625136713.92470430,3714450,94989.39646000,1801229611.97685890
2022-09-26 00:00:00,18809.13000000,19318.96000000,18680.72000000,19227.82000000,439239.21943000,2022-09-26 23:59:59,8356951609.99872370,5837041,220623.29914000,4198006044.88422510
2022-09-27 00:00:00,19226.68000000,20385.86000000,18816.32000000,19079.13000000,593260.74161000,2022-09-27 23:59:59,11705770260.67216150,8152473,296727.71059000,5856646101.49598810
2022-09-28 00:00:00,19078.10000000,19790.00000000,18471.28000000,19412.82000000,521385.45547000,2022-09-28 23:59:59,9964460007.30435550,7357437,260944.38118000,4988233394.32266180
2022-09-29 00:00:00,19412.82000000,19645.52000000,18843.01000000,19591.51000000,406424.93256000,2022-09-29 23:59:59,7868786414.85621160,5631615,203187.57552000,3934342925.08751120
2022-09-30 00:00:00,19590.54000000,20185.00000000,19155.36000000,19422.61000000,444322.95340000,2022-09-30 23:59:59,8694127253.57659450,6254203,220029.84583000,4304848630.33263890
2022-10-01 00:00:00,19422.61000000,19484.00000000,19159.42000000,19310.95000000,165625.13959000,2022-10-01 23:59:59,3200350294.52686990,2470590,82734.18388000,1598688567.58656520
2022-10-02 00:00:00,19312.24000000,19395.91000000,18920.35000000,19056.80000000,206812.47032000,2022-10-02 23:59:59,3970724799.95581670,3320217,102972.16014000,1977186000.19920470
2022-10-03 00:00:00,19057.74000000,19719.10000000,18959.68000000,19629.08000000,293585.75212000,2022-10-03 23:59:59,5672105805.77214400,4471910,147383.93612000,2847846726.23694850
2022-10-04 00:00:00,19629.08000000,20475.00000000,19490.60000000,20337.82000000,327012.00127000,2022-10-04 23:59:59,6533428229.85105150,4871932,165646.26490000,3309936012.94839200
2022-10-05 00:00:00,20337.82000000,20365.60000000,19730.00000000,20158.26000000,312239.75224000,2022-10-05 23:59:59,6275437160.95807180,4540004,155249.45329000,3120338866.32575530
2022-10-06 00:00:00,20158.26000000,20456.60000000,19853.00000000,19960.67000000,320122.17020000,2022-10-06 23:59:59,6452892402.32426970,5085004,161557.89851000,3256881316.71653890
2022-10-07 00:00:00,19960.67000000,20068.82000000,19320.00000000,19530.09000000,220874.83913000,2022-10-07 23:59:59,4353681483.98703370,4324772,109800.49576000,2164491136.48312770
2022-10-08 00:00:00,19530.09000000,19627.38000000,19237.14000000,19417.96000000,102480.09842000,2022-10-08 23:59:59,1995917001.73959890,2637385,50775.11492000,988952773.21633940
2022-10-09 00:00:00,19416.52000000,19558.00000000,19316.04000000,19439.02000000,113900.82681000,2022-10-09 23:59:59,2215007204.23799070,2833704,57166.25996000,1111737800.16944170
2022-10-10 00:00:00,19439.96000000,19525.00000000,19020.25000000,19131.87000000,212509.09849000,2022-10-10 23:59:59,4101745483.12952400,4432688,104849.40967000,2023908022.73601820
2022-10-11 00:00:00,19131.87000000,19268.09000000,18860.00000000,19060.00000000,243473.84286000,2022-10-11 23:59:59,4642843395.60028180,4792106,121218.68324000,2311676809.24217190
2022-10-12 00:00:00,19060.00000000,19238.31000000,18965.88000000,19155.53000000,213826.26731000,2022-10-12 23:59:59,4086903621.92655390,4556597,106608.71840000,2037738508.16163930
2022-10-13 00:00:00,19155.10000000,19513.79000000,18190.00000000,19375.13000000,399756.68337000,2022-10-13 23:59:59,7554309475.30798620,7470896,199869.15895000,3777964473.26291180
2022-10-14 00:00:00,19375.58000000,19951.87000000,19070.37000000,19176.93000000,351634.32601000,2022-10-14 23:59:59,6877621835.22579560,6688310,175798.36758000,3438783886.91180620
2022-10-15 00:00:00,19176.93000000,19227.68000000,18975.18000000,19069.39000000,113847.64232000,2022-10-15 23:59:59,2178316065.62219900,3052219,56109.00376000,1073637476.76884680
2022-10-16 00:00:00,19068.40000000,19425.84000000,19063.74000000,19262.98000000,131894.61885000,2022-10-16 23:59:59,2531545363.30770030,3438605,66536.80449000,1277129233.66074540
2022-10-17 00:00:00,19262.98000000,19676.96000000,19152.03000000,19549.86000000,222813.87634000,2022-10-17 23:59:59,4331666395.60467430,5162979,111854.00525000,2174642989.58540480
2022-10-18 00:00:00,19548.48000000,19706.66000000,19091.00000000,19327.44000000,260313.07848000,2022-10-18 23:59:59,5065944973.46434750,5588482,129478.25628000,2520037025.60741570
2022-10-19 00:00:00,19327.44000000,19360.16000000,19065.97000000,19123.97000000,186137.29538000,2022-10-19 23:59:59,3575041318.44978390,4545820,92346.11007000,1773769908.88775970
2022-10-20 00:00:00,19123.35000000,19347.82000000,18900.00000000,19041.92000000,223530.13068000,2022-10-20 23:59:59,4276025723.99478240,5391090,110662.16001000,2117089562.36447760
2022-10-21 00:00:00,19041.92000000,19250.00000000,18650.00000000,19164.37000000,269310.75769000,2022-10-21 23:59:59,5126619487.86902100,5679281,133589.01923000,2543268174.88863470
2022-10-22 00:00:00,19164.37000000,19257.00000000,19112.72000000,19204.35000000,110403.90837000,2022-10-22 23:59:59,2117395641.12692130,2887106,54134.08243000,1038228038.71095430
2022-10-23 00:00:00,19204.29000000,19695.00000000,19070.11000000,19570.40000000,167057.20184000,2022-10-23 23:59:59,3233393909.20097670,3939703,84465.80483000,1635057403.33511530
2022-10-24 00:00:00,19570.40000000,19601.15000000,19157.00000000,19329.72000000,256168.14467000,2022-10-24 23:59:59,4957159176.81683820,5676899,126808.68300000,2453987281.18596270
2022-10-25 00:00:00,19330.60000000,20415.87000000,19237.00000000,20080.07000000,326370.67061000,2022-10-25 23:59:59,6454151276.52006910,7214687,163350.80531000,3230612090.86733450
2022-10-26 00:00:00,20079.02000000,21020.00000000,20050.41000000,20771.59000000,380492.69576000,2022-10-26 23:59:59,7833551674.48567690,8512349,190912.96434000,3930265900.94812720
2022-10-27 00:00:00,20771.61000000,20872.21000000,20200.00000000,20295.11000000,328643.57791000,2022-10-27 23:59:59,6771209922.01191690,7748080,163139.47991000,3361632657.41389340
2022-10-28 00:00:00,20295.11000000,20750.00000000,20000.09000000,20591.84000000,287039.94569000,2022-10-28 23:59:59,5849603405.68257480,6638096,143078.25276000,2915977522.58249740
2022-10-29 00:00:00,20591.84000000,21085.00000000,20554.01000000,20809.67000000,254881.77755000,2022-10-29 23:59:59,5303038321.45748340,6255599,127941.56356000,2662029299.90963940
2022-10-30 00:00:00,20809.68000000,20931.21000000,20515.00000000,20627.48000000,192795.60886000,2022-10-30 23:59:59,3994389493.32589140,4920007,96047.94574000,1990076844.63314990
2022-10-31 00:00:00,20627.48000000,20845.92000000,20237.95000000,20490.74000000,303567.61628000,2022-10-31 23:59:59,6226304300.44386390,6571526,151222.29645000,3101777763.86047420
2022-11-01 00:00:00,20490.74000000,20700.00000000,20330.74000000,20483.62000000,279932.43771000,2022-11-01 23:59:59,5740102554.92082930,5971938,139277.94706000,2856018095.76356870
2022-11-02 00:00:00,20482.81000000,20800.00000000,20048.04000000,20151.84000000,373716.27299000,2022-11-02 23:59:59,7633404092.43069200,7431698,185785.97212000,3795164791.22180700
2022-11-03 00:00:00,20151.84000000,20393.32000000,20031.24000000,20207.82000000,319185.15440000,2022-11-03 23:59:59,6461673165.23964280,6948227,159939.61870000,3237968703.46118680
2022-11-04 00:00:00,20207.12000000,21302.05000000,20180.96000000,21148.52000000,453694.39165000,2022-11-04 23:59:59,9409862204.98690370,9249613,227403.70755000,4716670352.08739030
2022-11-05 00:00:00,21148.52000000,21480.65000000,21080.65000000,21299.37000000,245621.98525000,2022-11-05 23:59:59,5240395528.90820090,5570832,123030.36163000,2624930077.15729230
2022-11-06 00:00:00,21299.37000000,21365.27000000,20886.13000000,20905.58000000,230036.97217000,2022-11-06 23:59:59,4877535058.41270290,5268210,114034.06693000,2418047871.80980680
2022-11-07 00:00:00,20905.58000000,21069.77000000,20384.89000000,20591.13000000,386977.60337000,2022-11-07 23:59:59,8035052131.59345330,8344242,191603.32017000,3978525724.87402080
2022-11-08 00:00:00,20590.67000000,20700.88000000,17166.83000000,18547.23000000,760705.36278300,2022-11-08 23:59:59,14758384309.85422391,14530601,374775.57408500,7271200924.07038745
2022-11-09 00:00:00,18545.38000000,18587.76000000,15588.00000000,15922.81000000,731926.92972900,2022-11-09 23:59:59,12737719697.39400940,13605474,358702.78899600,6245795114.51209161
2022-11-10 00:00:00,15922.68000000,18199.00000000,15754.26000000,17601.15000000,608448.36432000,2022-11-10 23:59:59,10323294543.88035480,12719887,302898.84757000,5141663571.35643840
2022-11-11 00:00:00,17602.45000000,17695.00000000,16361.60000000,17070.31000000,393552.86492000,2022-11-11 23:59:59,6725273822.83780570,9900073,197414.69616000,3374092512.56180640
2022-11-12 00:00:00,17069.98000000,17119.10000000,16631.39000000,16812.08000000,167819.96035000,2022-11-12 23:59:59,2827930561.00637930,5046837,83267.92293000,1403236127.92359400
2022-11-13 00:00:00,16813.16000000,16954.28000000,16229.00000000,16329.85000000,184960.78846000,2022-11-13 23:59:59,3074280132.05352330,5382834,91914.44893000,1527844645.63411680
2022-11-14 00:00:00,16331.78000000,17190.00000000,15815.21000000,16619.46000000,380210.77750000,2022-11-14 23:59:59,6273920325.33682730,9215128,189502.41248000,3127495594.21076420
2022-11-15 00:00:00,16617.72000000,17134.69000000,16527.72000000,16900.57000000,282461.84391000,2022-11-15 23:59:59,4758545355.78683170,7200265,141015.70658000,2375750102.41831840
2022-11-16 00:00:00,16900.57000000,17015.92000000,16378.61000000,16662.76000000,261493.40809000,2022-11-16 23:59:59,4362538338.56532390,6297404,129644.72244000,2162757428.72151800
2022-11-17 00:00:00,16661.61000000,16751.00000000,16410.74000000,16692.56000000,228038.97873000,2022-11-17 23:59:59,3785204632.01422130,5352083,113347.39771000,1881536908.06648980
2022-11-18 00:00:00,16692.56000000,17011.00000000,16546.04000000,16700.45000000,214224.18184000,2022-11-18 23:59:59,3588467560.37312090,5114799,106366.35569000,1781845353.09400520
2022-11-19 00:00:00,16699.43000000,16822.41000000,16553.53000000,16700.68000000,104963.15558000,2022-11-19 23:59:59,1747627888.12954740,3142123,52397.34048000,872445362.12574050
2022-11-20 00:00:00,16700.68000000,16753.33000000,16180.00000000,16280.23000000,154842.13478000,2022-11-20 23:59:59,2561165772.49570730,4557344,75959.10991000,1256443330.04150680
2022-11-21 00:00:00,16279.50000000,16319.00000000,15476.00000000,15781.29000000,324096.99775300,2022-11-21 23:59:59,5188798317.00415347,7440871,159995.46460000,2561914108.92441750
2022-11-22 00:00:00,15781.29000000,16315.00000000,15616.63000000,16226.94000000,239548.06623000,2022-11-22 23:59:59,3823612603.80300190,6276097,119384.47075000,1905917090.26695930
2022-11-23 00:00:00,16227.96000000,16706.00000000,16160.20000000,16603.11000000,264927.70408000,2022-11-23 23:59:59,4368042618.50026110,6260616,132804.37627000,2189676204.36681600
2022-11-24 00:00:00,16603.11000000,16812.63000000,16458.05000000,16598.95000000,206565.92346000,2022-11-24 23:59:59,3431724405.65476800,5031851,103203.31930000,1714660566.87781180
2022-11-25 00:00:00,16599.55000000,16666.00000000,16342.81000000,16522.14000000,182089.49533000,2022-11-25 23:59:59,3003553172.22947180,4396465,90187.55597000,1487718711.08407600
2022-11-26 00:00:00,16521.35000000,16701.99000000,16385.00000000,16458.57000000,181804.81666000,2022-11-26 23:59:59,3011990387.64742920,3817130,89646.23245000,1485219997.26388430
2022-11-27 00:00:00,16457.61000000,16600.00000000,16401.00000000,16428.78000000,162025.47607000,2022-11-27 23:59:59,2679048565.52130150,3362221,80097.04098000,1324406073.66946440
2022-11-28 00:00:00,16428.77000000,16487.04000000,15995.27000000,16212.91000000,252695.40367000,2022-11-28 23:59:59,4096398587.35731400,5570407,125766.80639000,2038825206.54017270
2022-11-29 00:00:00,16212.18000000,16548.71000000,16100.00000000,16442.53000000,248106.25009000,2022-11-29 23:59:59,4072651066.99940620,5206638,123715.14039000,2030827592.49234990
2022-11-30 00:00:00,16442.91000000,17249.00000000,16428.30000000,17163.64000000,303019.80719000,2022-11-30 23:59:59,5123595199.50528570,6519330,151764.57285000,2566042182.99636060
2022-12-01 00:00:00,17165.53000000,17324.00000000,16855.01000000,16977.37000000,232818.18218000,2022-12-01 23:59:59,3972607179.86857180,5097720,116018.88867000,1979692808.00705940
2022-12-02 00:00:00,16978.00000000,17105.73000000,16787.85000000,17092.74000000,202372.20620000,2022-12-02 23:59:59,3432385161.66025690,4305515,99556.14105000,1688510144.19126210
2022-12-03 00:00:00,17092.13000000,17188.98000000,16858.74000000,16885.20000000,154542.57306000,2022-12-03 23:59:59,2622504252.86645320,3308694,76214.56604000,1293351463.16091190
2022-12-04 00:00:00,16885.20000000,17202.84000000,16878.25000000,17105.70000000,178619.13387000,2022-12-04 23:59:59,3040020095.05117780,3948990,89359.35165000,1520945572.07683370
2022-12-05 00:00:00,17106.65000000,17424.25000000,16867.00000000,16966.35000000,233703.29225000,2022-12-05 23:59:59,4015334796.60372110,5138207,115508.19916000,1984551471.31640810
2022-12-06 00:00:00,16966.35000000,17107.01000000,16906.37000000,17088.96000000,218730.76883000,2022-12-06 23:59:59,3717926010.34058660,4416864,108449.54144000,1843473774.58616420
2022-12-07 00:00:00,17088.96000000,17142.21000000,16678.83000000,16836.64000000,220657.41334000,2022-12-07 23:59:59,3723206794.30546690,4284989,107803.05198000,1819002376.49286860
2022-12-08 00:00:00,16836.64000000,17299.00000000,16733.49000000,17224.10000000,236417.97804000,2022-12-08 23:59:59,4009427525.03041160,4520282,117238.75694000,1988377121.41735070
2022-12-09 00:00:00,17224.10000000,17360.00000000,17058.21000000,17128.56000000,238422.06465000,2022-12-09 23:59:59,4097973425.69735400,4282003,118031.91364000,2028743141.40682080
2022-12-10 00:00:00,17128.56000000,17227.72000000,17092.00000000,17127.49000000,140573.97937000,2022-12-10 23:59:59,2411933258.84859990,3032257,70355.34064000,1207126756.21747470
2022-12-11 00:00:00,17127.49000000,17270.99000000,17071.00000000,17085.05000000,155286.47871000,2022-12-11 23:59:59,2663686104.08256160,3260722,77740.37478000,1333501724.91499000
2022-12-12 00:00:00,17085.05000000,17241.89000000,16871.85000000,17209.83000000,226227.49694000,2022-12-12 23:59:59,3844787581.48192440,4463916,112286.94413000,1908405023.87630180
2022-12-13 00:00:00,17208.93000000,18000.00000000,17080.14000000,17774.70000000,284462.91390000,2022-12-13 23:59:59,4983896040.37899540,6242080,143922.84935000,2521692886.96687050
2022-12-14 00:00:00,17775.82000000,18387.95000000,17660.94000000,17803.15000000,266681.22209000,2022-12-14 23:59:59,4779915721.48445850,5743730,133308.11239000,2389606669.96353140
2022-12-15 00:00:00,17804.01000000,17854.82000000,17275.51000000,17356.34000000,223701.96882000,2022-12-15 23:59:59,3923378677.83374760,4789226,110193.63642000,1932609296.70913480
2022-12-16 00:00:00,17356.96000000,17531.73000000,16527.32000000,16632.12000000,253379.04116000,2022-12-16 23:59:59,4308933187.65653970,5703001,123374.83424000,2098188985.00709690
2022-12-17 00:00:00,16631.50000000,16796.82000000,16579.85000000,16776.52000000,144825.66684000,2022-12-17 23:59:59,2417851422.21312500,3905843,72289.66495000,1206885683.56938190
2022-12-18 00:00:00,16777.54000000,16863.26000000,16663.07000000,16738.21000000,112619.31646000,2022-12-18 23:59:59,1884666030.09923800,3369193,55539.12922000,929480021.40193500
2022-12-19 00:00:00,16739.00000000,16815.99000000,16256.30000000,16438.88000000,179094.28305000,2022-12-19 23:59:59,2981094033.01381290,4681887,87610.23510000,1458309480.74524840
2022-12-20 00:00:00,16438.88000000,17061.27000000,16397.20000000,16895.56000000,248808.92324000,2022-12-20 23:59:59,4176995653.54571100,5945803,124217.38590000,2085423621.74232560
2022-12-21 00:00:00,16896.15000000,16925.00000000,16723.00000000,16824.67000000,156810.96362000,2022-12-21 23:59:59,2638528723.73604150,4375570,77675.35979000,1307019850.06062180
2022-12-22 00:00:00,16824.68000000,16868.52000000,16559.85000000,16821.43000000,176044.27235000,2022-12-22 23:59:59,2949612072.04930290,4678640,87573.90221000,1467281598.71908520
2022-12-23 00:00:00,16821.90000000,16955.14000000,16731.13000000,16778.50000000,161612.00947000,2022-12-23 23:59:59,2720021933.97892650,4561020,81034.18553000,1363871435.61354910
2022-12-24 00:00:00,16778.52000000,16869.99000000,16776.62000000,16836.12000000,100224.29096000,2022-12-24 23:59:59,1686757294.99263420,3076985,49578.22304000,834395051.27119080
2022-12-25 00:00:00,16835.73000000,16857.96000000,16721.00000000,16832.11000000,125441.07202000,2022-12-25 23:59:59,2108857873.19167050,3570157,62073.54114000,1043560797.06935230
2022-12-26 00:00:00,16832.11000000,16944.52000000,16791.00000000,16919.39000000,124564.00656000,2022-12-26 23:59:59,2099037538.63179410,3915571,61741.18011000,1040420821.22625260
2022-12-27 00:00:00,16919.39000000,16972.83000000,16592.37000000,16706.36000000,173749.58616000,2022-12-27 23:59:59,2918379509.53140980,5047628,86096.58586000,1446098274.56533820
2022-12-28 00:00:00,16706.06000000,16785.19000000,16465.33000000,16547.31000000,193037.56577000,2022-12-28 23:59:59,3210894236.81239060,5465468,96118.18717000,1598767893.17279690
2022-12-29 00:00:00,16547.32000000,16664.41000000,16488.91000000,16633.47000000,160998.47158000,2022-12-29 23:59:59,2671665748.08162260,4553877,80977.62443000,1343799862.99502670
2022-12-30 00:00:00,16633.47000000,16677.35000000,16333.00000000,16607.48000000,164916.31174000,2022-12-30 23:59:59,2726831056.72502610,4310415,82170.47490000,1358631100.75924430
2022-12-31 00:00:00,16607.48000000,16644.09000000,16470.00000000,16542.40000000,114490.42864000,2022-12-31 23:59:59,1897047504.91889730,3344374,57021.06919000,944834393.34133540
2023-01-01 00:00:00,16541.77000000,16628.00000000,16499.01000000,16616.75000000,96925.41374000,2023-01-01 23:59:59,1604793789.67721260,3218355,48548.78168000,803841673.83505870
2023-01-02 00:00:00,16617.17000000,16799.23000000,16548.70000000,16672.87000000,121888.57191000,2023-01-02 23:59:59,2034683215.26787840,4036118,60925.25948000,1017074780.69180630
2023-01-03 00:00:00,16672.78000000,16778.40000000,16605.28000000,16675.18000000,159541.53733000,2023-01-03 23:59:59,2662765916.32566840,5097596,79595.76246000,1328471402.71367460
2023-01-04 00:00:00,16675.65000000,16991.87000000,16652.66000000,16850.36000000,220362.18862000,2023-01-04 23:59:59,3709833209.84536520,6310703,109747.11502000,1847617011.38537700
2023-01-05 00:00:00,16850.36000000,16879.82000000,16753.00000000,16831.85000000,163473.56641000,2023-01-05 23:59:59,2751080253.81773340,4842014,80959.57162000,1362471754.05329920
2023-01-06 00:00:00,16831.85000000,17041.00000000,16679.00000000,16950.65000000,207401.28415000,2023-01-06 23:59:59,3490305009.68812240,5388661,103320.22965000,1738828235.20230050
2023-01-07 00:00:00,16950.31000000,16981.91000000,16908.00000000,16943.57000000,104526.56880000,2023-01-07 23:59:59,1770201710.20897340,3227161,51624.83107000,874295207.63651240
2023-01-08 00:00:00,16943.83000000,17176.99000000,16911.00000000,17127.83000000,135155.89695000,2023-01-08 23:59:59,2291925699.95854550,4036092,67200.60250000,1139647002.76085130
2023-01-09 00:00:00,17127.83000000,17398.80000000,17104.66000000,17178.26000000,266211.52723000,2023-01-09 23:59:59,4590284350.54616930,6327667,131748.52517000,2271681164.79933240
2023-01-10 00:00:00,17179.04000000,17499.00000000,17146.34000000,17440.66000000,221382.42581000,2023-01-10 23:59:59,3829247653.73110520,5448751,109377.45606000,1891995855.28760790
2023-01-11 00:00:00,17440.64000000,18000.00000000,17315.60000000,17943.26000000,262221.60653000,2023-01-11 23:59:59,4586965947.26354980,5627464,129944.56930000,2273368097.02926420
2023-01-12 00:00:00,17943.26000000,19117.04000000,17892.05000000,18846.62000000,454568.32178000,2023-01-12 23:59:59,8348431207.84600970,8911373,227295.33172000,4174813798.38286060
2023-01-13 00:00:00,18846.62000000,20000.00000000,18714.12000000,19930.01000000,368615.87823000,2023-01-13 23:59:59,7061633461.44473400,8021774,183448.89377000,3515300890.30505730
2023-01-14 00:00:00,19930.01000000,21258.00000000,19888.05000000,20954.92000000,393913.74951000,2023-01-14 23:59:59,8183071567.04618820,8659545,197817.55209000,4109568162.17041980
2023-01-15 00:00:00,20952.76000000,21050.74000000,20551.01000000,20871.50000000,178542.22549000,2023-01-15 23:59:59,3710526606.13896440,5194354,88310.83908000,1835436631.70387060
2023-01-16 00:00:00,20872.99000000,21474.05000000,20611.48000000,21185.65000000,293078.08262000,2023-01-16 23:59:59,6168654053.04263760,6856434,145352.66942000,3059597458.38535250
2023-01-17 00:00:00,21185.65000000,21647.45000000,20841.31000000,21134.81000000,275407.74409000,2023-01-17 23:59:59,5840585769.49009330,6440138,137121.64311000,2908227174.24903050
2023-01-18 00:00:00,21132.29000000,21650.00000000,20407.15000000,20677.47000000,350916.01949000,2023-01-18 23:59:59,7399719195.24672580,7617173,173174.41690000,3652037808.31621500
2023-01-19 00:00:00,20677.47000000,21192.00000000,20659.19000000,21071.59000000,251385.84925000,2023-01-19 23:59:59,5243024330.01120060,5819932,124924.23436000,2605629874.08902800
2023-01-20 00:00:00,21071.59000000,22755.93000000,20861.28000000,22667.21000000,338079.13659000,2023-01-20 23:59:59,7256172889.71053270,7382435,170200.04869000,3654038898.27092860
2023-01-21 00:00:00,22666.00000000,23371.80000000,22422.00000000,22783.55000000,346445.48432000,2023-01-21 23:59:59,7938935168.53201350,7796520,172663.17131000,3956916674.40296310
2023-01-22 00:00:00,22783.35000000,23078.71000000,22292.37000000,22707.88000000,253577.75286000,2023-01-22 23:59:59,5775552321.54412040,6603827,125842.91663000,2866409820.72257050
2023-01-23 00:00:00,22706.02000000,23180.00000000,22500.00000000,22916.45000000,293588.37938000,2023-01-23 23:59:59,6704191295.97568070,7258655,145854.70936000,3330927704.48361020
2023-01-24 00:00:00,22917.81000000,23162.20000000,22462.93000000,22632.89000000,293158.78254000,2023-01-24 23:59:59,6721432962.57384140,7395584,144239.84356000,3307407342.13857970
2023-01-25 00:00:00,22631.94000000,23816.73000000,22300.00000000,23060.94000000,346042.83223000,2023-01-25 23:59:59,7875590359.11583720,8060446,172647.90115000,3929821773.96511740
2023-01-26 00:00:00,23060.42000000,23282.47000000,22850.01000000,23009.65000000,288924.43581000,2023-01-26 23:59:59,6664592468.33792820,7181086,143185.08341000,3303064271.05117470
2023-01-27 00:00:00,23009.65000000,23500.00000000,22534.88000000,23074.16000000,280833.86315000,2023-01-27 23:59:59,6461707755.05391510,7079096,139699.27638000,3214623770.84504020
2023-01-28 00:00:00,23074.16000000,23189.00000000,22878.46000000,23022.60000000,148115.71085000,2023-01-28 23:59:59,3408985411.31658610,4181816,73861.83566000,1700057503.74953890
2023-01-29 00:00:00,23021.40000000,23960.54000000,22967.76000000,23742.30000000,295688.79204000,2023-01-29 23:59:59,6941922954.13640640,7030837,149507.50610000,3510026672.79971740
2023-01-30 00:00:00,23743.37000000,23800.51000000,22500.00000000,22826.15000000,302405.90121000,2023-01-30 23:59:59,7020727239.05965260,7790224,149096.53066000,3461492907.17260580
2023-01-31 00:00:00,22827.38000000,23320.00000000,22714.77000000,23125.13000000,264649.34909000,2023-01-31 23:59:59,6083858924.53848520,6798411,133028.12717000,3058369006.24069910
2023-02-01 00:00:00,23125.13000000,23812.66000000,22760.23000000,23732.66000000,310790.42271000,2023-02-01 23:59:59,7212542002.32509920,7863213,156107.58478000,3623730152.71912710
2023-02-02 00:00:00,23731.41000000,24255.00000000,23363.27000000,23488.94000000,364177.20751000,2023-02-02 23:59:59,8673696845.80511160,9102300,181814.20318000,4330715913.90659360
2023-02-03 00:00:00,23489.33000000,23715.70000000,23204.62000000,23431.90000000,332571.02904000,2023-02-03 23:59:59,7806490899.91418120,8007846,166143.33246000,3900042090.51636510
2023-02-04 00:00:00,23431.90000000,23587.78000000,23253.96000000,23326.84000000,166126.47295000,2023-02-04 23:59:59,3886777607.79605080,4852404,81863.93145000,1915443497.68895130
2023-02-05 00:00:00,23327.66000000,23433.33000000,22743.00000000,22932.91000000,209251.33917000,2023-02-05 23:59:59,4842463016.83393380,5903916,103885.22312000,2404286621.12033370
2023-02-06 00:00:00,22932.91000000,23158.25000000,22628.13000000,22762.52000000,265371.60690000,2023-02-06 23:59:59,6076050768.11703820,6956395,132350.52989000,3030470974.62453000
2023-02-07 00:00:00,22762.52000000,23350.25000000,22745.78000000,23240.46000000,308006.72482000,2023-02-07 23:59:59,7085929136.45684950,8293878,154613.24744000,3557209786.51536870
2023-02-08 00:00:00,23242.42000000,23452.00000000,22665.85000000,22963.00000000,280056.30717000,2023-02-08 23:59:59,6457585647.82065440,7896433,138627.72636000,3196783919.63012260
2023-02-09 00:00:00,22961.85000000,23011.39000000,21688.00000000,21796.35000000,402894.69550000,2023-02-09 23:59:59,9052973327.19716240,9784291,199309.68374000,4478800426.30285760
2023-02-10 00:00:00,21797.83000000,21938.16000000,21451.00000000,21625.19000000,338591.94247000,2023-02-10 23:59:59,7369456394.90665450,6993675,167419.66937000,3644087094.70666890
2023-02-11 00:00:00,21625.19000000,21906.32000000,21599.78000000,21862.55000000,177021.58433000,2023-02-11 23:59:59,3842000897.79758020,4207940,87937.95970000,1908638569.77981010
2023-02-12 00:00:00,21862.02000000,22090.00000000,21630.00000000,21783.54000000,204435.65163000,2023-02-12 23:59:59,4469822441.43720180,4561903,101194.34699000,2212545781.09311440
2023-02-13 00:00:00,21782.37000000,21894.99000000,21351.07000000,21773.97000000,295730.76791000,2023-02-13 23:59:59,6404813758.26962980,6503611,147221.38569000,3188732830.19944260
2023-02-14 00:00:00,21774.63000000,22319.08000000,21532.77000000,22199.84000000,361958.40109000,2023-02-14 23:59:59,7938385476.79208380,7695927,182006.71562000,3991901041.90238260
2023-02-15 00:00:00,22199.84000000,24380.00000000,22047.28000000,24324.05000000,375669.16111000,2023-02-15 23:59:59,8604133693.66317090,8335550,190798.15520000,4372346767.10361350
2023-02-16 00:00:00,24322.87000000,25250.00000000,23505.25000000,23517.72000000,450080.68366000,2023-02-16 23:59:59,11074988148.77900860,11006793,224396.77566000,5522891581.32557800
2023-02-17 00:00:00,23517.72000000,25021.11000000,23339.37000000,24569.97000000,496813.21376000,2023-02-17 23:59:59,11968532252.05732940,10895009,249087.94774000,6001870488.34536700
2023-02-18 00:00:00,24568.24000000,24877.00000000,24430.00000000,24631.95000000,216917.25213000,2023-02-18 23:59:59,5339920389.51613350,6296097,107467.08761000,2645647445.81960150
2023-02-19 00:00:00,24632.05000000,25192.00000000,24192.57000000,24271.76000000,300395.99542000,2023-02-19 23:59:59,7408745406.62434370,7660484,149680.28058000,3692030229.98034460
2023-02-20 00:00:00,24272.51000000,25121.23000000,23840.83000000,24842.20000000,346938.56997000,2023-02-20 23:59:59,8561226688.07291020,9808728,174453.04334000,4305469238.84992180
2023-02-21 00:00:00,24843.89000000,25250.00000000,24148.34000000,24452.16000000,376000.82868000,2023-02-21 23:59:59,9280992344.42887060,10712371,187029.49757000,4617218785.18770240
2023-02-22 00:00:00,24450.67000000,24476.05000000,23574.69000000,24182.21000000,379425.75365000,2023-02-22 23:59:59,9101745945.99070800,11395957,188203.74268000,4515001623.43545310
2023-02-23 00:00:00,24182.21000000,24599.59000000,23608.00000000,23940.20000000,398400.45437000,2023-02-23 23:59:59,9596083721.51295270,11396877,198080.68369000,4771375630.51130810
2023-02-24 00:00:00,23940.20000000,24132.35000000,22841.19000000,23185.29000000,343582.57453000,2023-02-24 23:59:59,8087524100.39044000,11531424,170263.13353000,4008150118.21679960
2023-02-25 00:00:00,23184.04000000,23219.13000000,22722.00000000,23157.07000000,191311.81010000,2023-02-25 23:59:59,4406286300.27211680,9124568,94440.13964000,2175283940.90413120
2023-02-26 00:00:00,23157.07000000,23689.99000000,23059.18000000,23554.85000000,202323.73623000,2023-02-26 23:59:59,4716158181.22558950,9506015,101003.39278000,2354572412.69006830
2023-02-27 00:00:00,23554.85000000,23897.99000000,23106.77000000,23492.09000000,283706.08590000,2023-02-27 23:59:59,6659785788.32937360,11754195,141360.04845000,3318353869.99525000
2023-02-28 00:00:00,23492.09000000,23600.00000000,23020.97000000,23141.57000000,264140.99894000,2023-02-28 23:59:59,6172930936.03733470,9568743,131200.82704000,3066249880.67031860
2023-03-01 00:00:00,23141.57000000,24000.00000000,23020.03000000,23628.97000000,315287.41737000,2023-03-01 23:59:59,7441571085.49540830,9390487,157961.92667000,3728256787.11009410
2023-03-02 00:00:00,23629.76000000,23796.93000000,23195.90000000,23465.32000000,239315.45219000,2023-03-02 23:59:59,5603770010.23954760,7435815,119522.00584000,2798797976.70041000
2023-03-03 00:00:00,23465.32000000,23476.95000000,21971.13000000,22354.34000000,319954.19785000,2023-03-03 23:59:59,7167184765.74364950,8214639,156827.31366000,3512245357.18619130
2023-03-04 00:00:00,22354.34000000,22410.00000000,22157.08000000,22346.57000000,121257.38132000,2023-03-04 23:59:59,2706422995.68025610,4169260,60043.33153000,1340204531.15407010
2023-03-05 00:00:00,22346.57000000,22662.09000000,22189.22000000,22430.24000000,154841.75786000,2023-03-05 23:59:59,3473011455.18795160,4835978,77394.35765000,1735989090.89956100
2023-03-06 00:00:00,22430.24000000,22602.19000000,22258.00000000,22410.00000000,203751.82957000,2023-03-06 23:59:59,4569102169.18569090,6471278,102110.26304000,2289889200.16671640
2023-03-07 00:00:00,22409.41000000,22557.91000000,21927.00000000,22197.96000000,292519.80912000,2023-03-07 23:59:59,6517594938.24605280,7813394,145498.64219000,3242136502.65467320
2023-03-08 00:00:00,22198.56000000,22287.00000000,21580.00000000,21705.44000000,301460.57272000,2023-03-08 23:59:59,6641171704.24242130,8018963,150008.02488000,3304860256.10499370
2023-03-09 00:00:00,21704.37000000,21834.99000000,20042.72000000,20362.22000000,443658.28584000,2023-03-09 23:59:59,9403028764.70777380,10076702,217900.59621000,4619803522.04323720
2023-03-10 00:00:00,20362.21000000,20367.78000000,19549.09000000,20150.69000000,618456.46710000,2023-03-10 23:59:59,12344992788.91249570,12106261,308155.80993000,6151475123.53551420
2023-03-11 00:00:00,20150.69000000,20686.51000000,19765.03000000,20455.73000000,427831.82133000,2023-03-11 23:59:59,8651590672.46852580,10412300,213151.47855000,4310534195.90929190
2023-03-12 00:00:00,20455.73000000,22150.00000000,20270.60000000,21997.11000000,430944.94288000,2023-03-12 23:59:59,8982418413.80113910,9721933,218639.06880000,4558127964.92580440
2023-03-13 00:00:00,21998.05000000,24500.00000000,21813.88000000,24113.48000000,687889.31259000,2023-03-13 23:59:59,15824996078.60563840,14820760,346688.17025000,7976620081.70609870
2023-03-14 00:00:00,24112.27000000,26386.87000000,23976.42000000,24670.41000000,699360.93423000,2023-03-14 23:59:59,17465307097.88407330,15223589,351739.11994000,8783916247.67613780
2023-03-15 00:00:00,24670.41000000,25196.97000000,23896.95000000,24285.66000000,581450.72984000,2023-03-15 23:59:59,14291005743.89785140,12613034,291192.86696000,7157472156.96233370
2023-03-16 00:00:00,24285.66000000,25167.40000000,24123.00000000,24998.78000000,439421.32998000,2023-03-16 23:59:59,10847330151.94100580,10418081,220403.30289000,5441432259.26084610
2023-03-17 00:00:00,24998.78000000,27756.84000000,24890.00000000,27395.13000000,624460.68091000,2023-03-17 23:59:59,16476681071.24337980,13113359,318022.61356000,8392477832.00232200
2023-03-18 00:00:00,27395.13000000,27724.85000000,26578.00000000,26907.49000000,371238.97174000,2023-03-18 23:59:59,10135945069.64262880,9948603,185687.70768000,5070480124.59387840
2023-03-19 00:00:00,26907.49000000,28390.10000000,26827.22000000,27972.87000000,372066.99054000,2023-03-19 23:59:59,10264707987.59416350,9578297,188150.56147000,5191102286.40091840
2023-03-20 00:00:00,27972.87000000,28472.00000000,27124.47000000,27717.01000000,477378.23373000,2023-03-20 23:59:59,13300424536.51492210,11775950,239765.29148000,6680704887.53214600
2023-03-21 00:00:00,27717.01000000,28438.55000000,27303.10000000,28105.47000000,420929.74220000,2023-03-21 23:59:59,11760492716.33759010,11530870,210472.34027000,5880942507.63001030
2023-03-22 00:00:00,28107.81000000,28868.05000000,26601.80000000,27250.97000000,224113.41296000,2023-03-22 23:59:59,6272099822.44962380,3589327,110355.97386000,3089585214.11506410
2023-03-23 00:00:00,27250.97000000,28750.00000000,27105.00000000,28295.41000000,128649.60818000,2023-03-23 23:59:59,3591123573.11495830,2159091,65172.02479000,1819323637.29034450
2023-03-24 00:00:00,28295.42000000,28374.30000000,27000.00000000,27454.47000000,86242.06544000,2023-03-24 23:59:59,2403443392.02730140,1511137,41449.56122000,1155147465.73899320
2023-03-25 00:00:00,27454.46000000,27787.33000000,27156.09000000,27462.95000000,50844.08102000,2023-03-25 23:59:59,1397227639.21413780,1088721,25326.94876000,696042529.08396240
2023-03-26 00:00:00,27462.96000000,28194.40000000,27417.76000000,27968.05000000,49671.70353000,2023-03-26 23:59:59,1380973402.99612050,1068196,25248.15818000,702028235.05732650
2023-03-27 00:00:00,27968.05000000,28023.86000000,26508.14000000,27124.91000000,88039.46898000,2023-03-27 23:59:59,2407130888.03460520,1575264,43151.91539000,1179905180.61352780
2023-03-28 00:00:00,27124.90000000,27520.00000000,26631.78000000,27261.07000000,78602.44341000,2023-03-28 23:59:59,2124533606.76555600,1521981,38972.61486000,1053473599.25876880
2023-03-29 00:00:00,27261.06000000,28650.00000000,27240.10000000,28348.60000000,89486.16008000,2023-03-29 23:59:59,2519887866.21115870,1704217,45742.08025000,1288220696.49267820
2023-03-30 00:00:00,28348.60000000,29184.68000000,27686.00000000,28028.53000000,98865.43256000,2023-03-30 23:59:59,2808471938.64244290,1843652,49100.20979000,1394972886.70623690
2023-03-31 00:00:00,28028.53000000,28656.69000000,27511.71000000,28465.36000000,78198.12139000,2023-03-31 23:59:59,2203253311.77735070,1537349,39636.47111000,1117184234.18685750
2023-04-01 00:00:00,28465.36000000,28819.71000000,28220.27000000,28452.73000000,30238.44753000,2023-04-01 23:59:59,860804237.45226890,822781,15171.37738000,431931567.48274810
2023-04-02 00:00:00,28452.74000000,28530.00000000,27856.43000000,28171.87000000,37365.65692000,2023-04-02 23:59:59,1053600933.06768050,938464,17897.01839000,504647268.08636430
2023-04-03 00:00:00,28171.87000000,28500.99000000,27200.24000000,27800.00000000,79180.01405000,2023-04-03 23:59:59,2214361048.78236680,1651062,40534.82008000,1133865764.09162880
2023-04-04 00:00:00,27800.00000000,28444.44000000,27662.79000000,28165.47000000,49722.55691000,2023-04-04 23:59:59,1397141464.87503610,1102007,25083.95234000,704845402.41914090
2023-04-05 00:00:00,28165.47000000,28775.00000000,27805.10000000,28170.01000000,60737.64732000,2023-04-05 23:59:59,1721098539.06605670,1262730,30556.88672000,865971090.17046820
2023-04-06 00:00:00,28170.01000000,28182.05000000,27711.00000000,28033.82000000,40118.94963000,2023-04-06 23:59:59,1122713087.55618260,934548,19308.64369000,540384260.85680000
2023-04-07 00:00:00,28033.83000000,28100.00000000,27766.94000000,27906.33000000,24762.09387000,2023-04-07 23:59:59,691323748.92864130,655634,11983.13367000,334559478.47028190
2023-04-08 00:00:00,27906.34000000,28154.99000000,27859.02000000,27938.38000000,19479.96735000,2023-04-08 23:59:59,545324518.68607540,624159,9729.24214000,272366679.34403870
2023-04-09 00:00:00,27938.38000000,28530.00000000,27800.00000000,28323.76000000,32531.16101000,2023-04-09 23:59:59,913915923.69519570,777589,16885.70757000,474454325.35692960
2023-04-10 00:00:00,28323.76000000,29770.00000000,28170.00000000,29637.34000000,67754.06220000,2023-04-10 23:59:59,1955300943.17083050,1285695,36147.62326000,1043138687.59161250
2023-04-11 00:00:00,29637.35000000,30550.00000000,29590.00000000,30200.42000000,67990.07621000,2023-04-11 23:59:59,2046078278.08211760,1340458,34766.92718000,1046250622.29345680
2023-04-12 00:00:00,30200.43000000,30486.00000000,29637.40000000,29888.07000000,62049.48451000,2023-04-12 23:59:59,1863497606.14153030,1246556,31136.38576000,935223730.57256700
2023-04-13 00:00:00,29888.07000000,30595.00000000,29854.59000000,30373.84000000,51934.11731000,2023-04-13 23:59:59,1571091101.12996720,1054144,26767.65298000,809748635.00258690
2023-04-14 00:00:00,30373.84000000,31000.00000000,29966.00000000,30466.93000000,75984.19452000,2023-04-14 23:59:59,2323267494.38023010,1504180,38406.59006000,1174371283.56516650
2023-04-15 00:00:00,30466.93000000,30595.60000000,30202.00000000,30295.09000000,25429.81247000,2023-04-15 23:59:59,772211097.61401600,732418,12424.34509000,377293528.31290670
2023-04-16 00:00:00,30295.10000000,30549.99000000,30120.00000000,30304.65000000,26431.99322000,2023-04-16 23:59:59,801322926.15256510,708233,13163.73591000,399115587.00359810
2023-04-17 00:00:00,30304.66000000,30316.06000000,29240.65000000,29430.27000000,56441.81127000,2023-04-17 23:59:59,1675287761.43303550,1137294,26880.17771000,797711012.80718160
2023-04-18 00:00:00,29430.27000000,30485.00000000,29096.78000000,30380.01000000,62004.89434000,2023-04-18 23:59:59,1861001491.97869730,1141562,32417.57068000,972769560.73030390
2023-04-19 00:00:00,30380.01000000,30413.53000000,28520.00000000,28797.10000000,86575.48656000,2023-04-19 23:59:59,2541283888.30344700,1699891,41467.78872000,1217556267.20109590
2023-04-20 00:00:00,28797.10000000,29088.30000000,28010.00000000,28243.65000000,76879.09372000,2023-04-20 23:59:59,2198854031.42474610,1434642,36919.58585000,1055949765.77249960
2023-04-21 00:00:00,28243.65000000,28374.02000000,27125.00000000,27262.84000000,77684.76790000,2023-04-21 23:59:59,2164667611.93546060,1463628,38419.13612000,1070540576.47579210
2023-04-22 00:00:00,27262.84000000,27882.72000000,27140.35000000,27816.85000000,36023.69686000,2023-04-22 23:59:59,989379475.32182320,859500,18612.89655000,511200971.63622680
2023-04-23 00:00:00,27816.85000000,27816.85000000,27311.25000000,27590.60000000,34812.09581000,2023-04-23 23:59:59,959389698.75725510,873485,17610.47671000,485328645.69431090
2023-04-24 00:00:00,27590.59000000,28000.00000000,26942.82000000,27510.93000000,53111.56874000,2023-04-24 23:59:59,1458406515.64042130,1211080,25641.28044000,704079582.65149220
2023-04-25 00:00:00,27510.93000000,28399.99000000,27192.00000000,28300.79000000,52325.14637000,2023-04-25 23:59:59,1446329375.24273110,1087067,26833.47192000,742069216.99895360
2023-04-26 00:00:00,28300.80000000,30036.00000000,27235.00000000,28415.29000000,129228.40403000,2023-04-26 23:59:59,3719701461.90916330,2261942,64540.55521000,1857698379.26540040
2023-04-27 00:00:00,28415.29000000,29890.00000000,28378.86000000,29472.77000000,95430.82431000,2023-04-27 23:59:59,2784859692.36461990,1990148,48601.97474000,1418439305.61790460
2023-04-28 00:00:00,29472.77000000,29599.54000000,28891.00000000,29311.70000000,54298.16578000,2023-04-28 23:59:59,1590683771.66819790,1129240,26659.21640000,780784851.54703740
2023-04-29 00:00:00,29311.69000000,29448.88000000,29031.00000000,29230.45000000,20466.83058000,2023-04-29 23:59:59,599466910.04666210,619319,10024.59978000,293627195.70583270
2023-04-30 00:00:00,29230.45000000,29969.39000000,29079.59000000,29233.21000000,39752.53720000,2023-04-30 23:59:59,1172155267.87618970,949458,19894.27252000,586711670.55607390
2023-05-01 00:00:00,29233.20000000,29337.34000000,27666.95000000,28068.26000000,64433.65958000,2023-05-01 23:59:59,1828221138.95443980,1362793,30761.92690000,872712018.18082540
2023-05-02 00:00:00,28068.26000000,28879.88000000,27872.00000000,28669.86000000,50824.52240000,2023-05-02 23:59:59,1441733922.01164440,1174697,24789.36748000,703206831.78018060
2023-05-03 00:00:00,28669.85000000,29266.66000000,28113.69000000,29026.16000000,64615.79213000,2023-05-03 23:59:59,1845961218.84324360,1502909,32291.20998000,922549963.25075790
2023-05-04 00:00:00,29026.16000000,29379.83000000,28663.64000000,28838.16000000,42575.47501000,2023-05-04 23:59:59,1233816136.16065770,961542,20470.21240000,593281438.93813760
2023-05-05 00:00:00,28838.16000000,29677.00000000,28800.00000000,29505.61000000,58415.83048000,2023-05-05 23:59:59,1709786814.90113400,1288027,29071.98606000,850975342.64243030
2023-05-06 00:00:00,29505.60000000,29820.00000000,28300.00000000,28848.20000000,49249.28459000,2023-05-06 23:59:59,1429517892.78050220,1221021,23315.95073000,676717267.01172240
2023-05-07 00:00:00,28848.19000000,29138.29000000,28395.23000000,28430.10000000,30003.41028000,2023-05-07 23:59:59,865838535.32638210,855425,14904.01102000,430162358.62942520
2023-05-08 00:00:00,28430.09000000,28631.01000000,27262.00000000,27668.79000000,68244.36179000,2023-05-08 23:59:59,1903052694.66841270,1600637,32347.56935000,901988104.11036000
2023-05-09 00:00:00,27668.80000000,27818.00000000,27353.00000000,27628.27000000,40113.31069000,2023-05-09 23:59:59,1106923908.30584690,1003698,20094.09737000,554561922.80537130
2023-05-10 00:00:00,27628.28000000,28331.42000000,26777.00000000,27598.75000000,71155.11355000,2023-05-10 23:59:59,1971173412.43550200,1534579,34398.83676000,953153016.50961890
2023-05-11 00:00:00,27598.74000000,27630.14000000,26702.05000000,26968.62000000,47635.31365000,2023-05-11 23:59:59,1295799109.01100400,1257000,23270.11723000,632925807.49257740
2023-05-12 00:00:00,26968.61000000,27091.12000000,25811.46000000,26795.01000000,67207.93494000,2023-05-12 23:59:59,1777052127.73109300,1351633,33147.27251000,876487224.25504230
2023-05-13 00:00:00,26795.01000000,27045.45000000,26692.03000000,26775.28000000,22814.90421000,2023-05-13 23:59:59,612062852.08668820,605049,10959.29947000,294038915.03262630
2023-05-14 00:00:00,26775.27000000,27200.00000000,26560.53000000,26917.62000000,21594.80360000,2023-05-14 23:59:59,580801698.00026930,629537,10672.14983000,287060095.33152760
2023-05-15 00:00:00,26917.61000000,27663.59000000,26726.00000000,27162.14000000,40430.08333000,2023-05-15 23:59:59,1104633264.13157390,935914,19301.24631000,527237637.33101340
2023-05-16 00:00:00,27162.15000000,27296.89000000,26852.11000000,27033.84000000,33270.45451000,2023-05-16 23:59:59,900273404.60103310,815642,15970.99932000,432214355.05613440
2023-05-17 00:00:00,27033.85000000,27500.00000000,26544.71000000,27405.61000000,42958.97785000,2023-05-17 23:59:59,1159714527.63526350,1016823,21634.02212000,584185553.79130670
2023-05-18 00:00:00,27405.62000000,27485.33000000,26361.20000000,26821.28000000,49198.65143000,2023-05-18 23:59:59,1330745572.69463720,1057318,23659.89374000,640128055.90684370
2023-05-19 00:00:00,26821.28000000,27183.60000000,26630.00000000,26880.26000000,28754.13544000,2023-05-19 23:59:59,772864757.16330480,756295,13622.24812000,366169697.38708070
2023-05-20 00:00:00,26880.26000000,27150.00000000,26825.11000000,27102.43000000,14434.54718000,2023-05-20 23:59:59,389225653.74516690,481382,6769.94368000,182562924.63416340
2023-05-21 00:00:00,27102.42000000,27277.55000000,26666.03000000,26747.78000000,21347.87279000,2023-05-21 23:59:59,575213570.27944220,568937,9855.43959000,265526847.33206750
2023-05-22 00:00:00,26747.78000000,27099.89000000,26538.21000000,26849.27000000,26458.83828000,2023-05-22 23:59:59,709594996.72427440,717111,12639.67925000,338982776.45968190
2023-05-23 00:00:00,26849.28000000,27495.83000000,26798.11000000,27219.61000000,38700.83858000,2023-05-23 23:59:59,1054565781.60237520,816399,18966.20117000,516737777.26524950
2023-05-24 00:00:00,27219.61000000,27219.61000000,26080.50000000,26329.01000000,54393.06570000,2023-05-24 23:59:59,1442636235.45435520,1012767,26698.91191000,707870181.81634380
2023-05-25 00:00:00,26329.00000000,26631.98000000,25871.89000000,26473.79000000,37435.44895000,2023-05-25 23:59:59,984117789.70176120,753125,17773.08882000,467287939.93959180
2023-05-26 00:00:00,26473.80000000,26932.16000000,26327.24000000,26705.92000000,35061.18713000,2023-05-26 23:59:59,932817724.59401000,655755,16507.37461000,439209106.74467190
2023-05-27 00:00:00,26705.93000000,26895.00000000,26551.00000000,26854.27000000,15095.68670000,2023-05-27 23:59:59,403337263.03449080,415694,7152.30076000,191116596.77267230
2023-05-28 00:00:00,26854.28000000,28261.32000000,26764.36000000,28065.00000000,43916.00855000,2023-05-28 23:59:59,1205762341.97049520,843861,23346.55866000,640869473.60044430
2023-05-29 00:00:00,28065.01000000,28447.14000000,27524.60000000,27736.40000000,42385.41945000,2023-05-29 23:59:59,1182678581.63466910,805579,20199.85331000,563722083.65919410
2023-05-30 00:00:00,27736.39000000,28038.59000000,27554.00000000,27694.40000000,32686.75371000,2023-05-30 23:59:59,908653906.00727420,745633,15196.52438000,422438614.85257250
2023-05-31 00:00:00,27694.39000000,27835.51000000,26839.01000000,27210.35000000,46588.80573000,2023-05-31 23:59:59,1265952178.77986840,908537,21962.66824000,596493723.43926400
2023-06-01 00:00:00,27210.36000000,27350.00000000,26605.05000000,26817.93000000,39217.80880000,2023-06-01 23:59:59,1055132509.86583420,814389,18620.69161000,500960557.92278290
2023-06-02 00:00:00,26817.93000000,27300.00000000,26505.00000000,27242.59000000,36380.90269000,2023-06-02 23:59:59,983857061.64084190,811087,18134.67738000,490485191.78806760
2023-06-03 00:00:00,27242.59000000,27333.29000000,26914.93000000,27069.22000000,16595.34117000,2023-06-03 23:59:59,450588672.47040810,466520,7745.78680000,210327639.56108250
2023-06-04 00:00:00,27069.22000000,27455.02000000,26951.00000000,27115.21000000,19258.41049000,2023-06-04 23:59:59,523747237.43896960,504474,9511.72432000,258699846.47588030
2023-06-05 00:00:00,27115.20000000,27129.33000000,25388.00000000,25728.20000000,65805.60305000,2023-06-05 23:59:59,1722665798.09203020,1420829,30583.35138000,799867474.21258980
2023-06-06 00:00:00,25728.20000000,27355.33000000,25351.02000000,27230.08000000,68392.60438000,2023-06-06 23:59:59,1797636024.08121260,1345725,35083.78790000,922716234.21001140
2023-06-07 00:00:00,27230.07000000,27391.77000000,26125.01000000,26339.34000000,59619.44364000,2023-06-07 23:59:59,1589291467.53723290,1311928,28095.50924000,749083400.12038920
2023-06-08 00:00:00,26339.34000000,26810.00000000,26210.00000000,26498.61000000,31075.51083000,2023-06-08 23:59:59,823023638.23687500,848252,14614.60741000,387105933.43997990
2023-06-09 00:00:00,26498.62000000,26783.33000000,26269.91000000,26477.81000000,27934.70970000,2023-06-09 23:59:59,741158215.05390230,746911,12757.07361000,338454644.89561430
2023-06-10 00:00:00,26477.80000000,26533.87000000,25358.00000000,25841.21000000,64944.60108000,2023-06-10 23:59:59,1673795235.40089230,1713871,31558.13098000,813190388.24856080
2023-06-11 00:00:00,25841.22000000,26206.88000000,25634.70000000,25925.55000000,30014.29595000,2023-06-11 23:59:59,776111471.86699710,833902,14266.10759000,368954010.80744420
2023-06-12 00:00:00,25925.54000000,26106.48000000,25602.11000000,25905.19000000,29900.50893000,2023-06-12 23:59:59,773303698.86332210,858037,14219.97114000,367770742.66004000
2023-06-13 00:00:00,25905.20000000,26433.21000000,25712.57000000,25934.25000000,41065.60853000,2023-06-13 23:59:59,1068985236.51265540,1007138,20120.32689000,523776704.24149100
2023-06-14 00:00:00,25934.24000000,26098.00000000,24820.56000000,25128.60000000,45077.31608000,2023-06-14 23:59:59,1152808416.91979290,957418,20726.13761000,530122336.37885320
2023-06-15 00:00:00,25128.60000000,25759.01000000,24800.00000000,25598.49000000,48664.86063000,2023-06-15 23:59:59,1224436974.85028730,943268,24035.81623000,604884325.24625680
2023-06-16 00:00:00,25598.49000000,26518.00000000,25175.56000000,26345.00000000,51596.91662000,2023-06-16 23:59:59,1335158158.63961400,926194,24055.65943000,622525707.60499810
2023-06-17 00:00:00,26345.01000000,26839.99000000,26181.00000000,26516.99000000,27842.21950000,2023-06-17 23:59:59,738491809.88116250,666967,13843.65158000,367248705.00540730
2023-06-18 00:00:00,26516.99000000,26700.00000000,26255.85000000,26339.97000000,21538.31022000,2023-06-18 23:59:59,571013013.85533620,555956,10367.07533000,274864183.44428690
2023-06-19 00:00:00,26339.98000000,27068.09000000,26256.61000000,26844.35000000,35872.65974000,2023-06-19 23:59:59,954193987.29481130,732735,17593.19977000,468128198.05453100
2023-06-20 00:00:00,26844.35000000,28402.74000000,26652.00000000,28307.99000000,69666.95525000,2023-06-20 23:59:59,1912797983.53100540,1189024,35052.57462000,962782935.68992990
2023-06-21 00:00:00,28308.00000000,30800.00000000,28257.99000000,29993.89000000,108926.40412000,2023-06-21 23:59:59,3210301129.36629090,1872873,55846.96952000,1646165465.24493830
2023-06-22 00:00:00,29993.89000000,30500.00000000,29525.61000000,29884.92000000,59054.56460000,2023-06-22 23:59:59,1775822103.76325550,1146092,27902.93312000,839284260.17982540
2023-06-23 00:00:00,29884.92000000,31431.94000000,29800.00000000,30688.50000000,73931.89635000,2023-06-23 23:59:59,2265077496.19546880,1338533,36289.31740000,1112439184.95065560
2023-06-24 00:00:00,30688.51000000,30800.00000000,30250.00000000,30527.43000000,30513.30135000,2023-06-24 23:59:59,933244397.70400210,776343,14497.56447000,443500647.92208220
2023-06-25 00:00:00,30527.44000000,31046.01000000,30277.49000000,30462.66000000,30223.44801000,2023-06-25 23:59:59,926316644.41676650,789910,14627.97473000,448414594.55878750
2023-06-26 00:00:00,30462.67000000,30666.00000000,29930.00000000,30267.99000000,45180.41489000,2023-06-26 23:59:59,1367837657.54518250,954783,22277.58284000,674540668.57266040
2023-06-27 00:00:00,30267.99000000,30994.97000000,30226.17000000,30692.44000000,42699.64157000,2023-06-27 23:59:59,1306206257.01935710,824373,21151.29517000,647203906.76564110
2023-06-28 00:00:00,30692.44000000,30709.74000000,29858.80000000,30077.41000000,40463.51937000,2023-06-28 23:59:59,1224103637.61325620,895470,19176.75428000,580226725.83338870
2023-06-29 00:00:00,30077.40000000,30843.98000000,30049.98000000,30447.31000000,36330.62903000,2023-06-29 23:59:59,1107940389.92424060,758428,17834.38857000,543872730.26172690
2023-06-30 00:00:00,30447.31000000,31282.00000000,29500.00000000,30472.00000000,89419.07618000,2023-06-30 23:59:59,2726355505.50635030,1559366,44319.81254000,1351735332.85857690
2023-07-01 00:00:00,30471.99000000,30661.60000000,30320.57000000,30585.90000000,17501.75075000,2023-07-01 23:59:59,533859338.13253830,567975,8102.13876000,247175148.95076600
2023-07-02 00:00:00,30585.90000000,30791.00000000,30155.00000000,30617.03000000,23286.41019000,2023-07-02 23:59:59,711031423.43344250,591533,10630.24740000,324616031.95816840
2023-07-03 00:00:00,30617.02000000,31380.00000000,30570.27000000,31156.20000000,43761.64311000,2023-07-03 23:59:59,1352635339.50439350,781855,20885.94331000,645698735.37734940
2023-07-04 00:00:00,31156.20000000,31350.69000000,30620.00000000,30766.51000000,33206.11943000,2023-07-04 23:59:59,1028794008.52452120,779472,14107.36566000,437126154.08412250
2023-07-05 00:00:00,30766.52000000,30878.07000000,30200.00000000,30504.81000000,33215.67122000,2023-07-05 23:59:59,1013694790.31705010,827926,15619.11716000,476478254.94341330
2023-07-06 00:00:00,30504.80000000,31500.00000000,29850.45000000,29895.43000000,71319.62610000,2023-07-06 23:59:59,2181763648.99526960,1397042,33952.63237000,1039137135.29355100
2023-07-07 00:00:00,29895.42000000,30449.00000000,29701.02000000,30344.70000000,34070.53895000,2023-07-07 23:59:59,1027461795.23320910,912948,14875.86309000,448638761.38389170
2023-07-08 00:00:00,30344.70000000,30386.81000000,30044.47000000,30284.63000000,13094.59042000,2023-07-08 23:59:59,395759717.57242780,480214,5990.91468000,181083431.19993060
2023-07-09 00:00:00,30284.63000000,30445.52000000,30061.12000000,30160.71000000,15388.50196000,2023-07-09 23:59:59,465781514.25894760,473168,7017.35093000,212433521.88972890
2023-07-10 00:00:00,30160.71000000,31045.78000000,29950.00000000,30411.57000000,41262.87652000,2023-07-10 23:59:59,1254289037.74207280,896853,19574.23470000,595390893.14500850
2023-07-11 00:00:00,30411.57000000,30813.63000000,30300.00000000,30622.10000000,28476.83311000,2023-07-11 23:59:59,868966244.24126920,691213,13670.16079000,417204801.16296210
2023-07-12 00:00:00,30622.10000000,30983.25000000,30210.00000000,30380.00000000,38108.99669000,2023-07-12 23:59:59,1166497472.43317290,784195,18251.27965000,558742524.93122870
2023-07-13 00:00:00,30380.00000000,31804.20000000,30251.00000000,31454.23000000,70772.51836000,2023-07-13 23:59:59,2194927210.22441580,1301632,36084.84178000,1119542855.15131710
2023-07-14 00:00:00,31454.23000000,31630.00000000,29900.00000000,30312.01000000,60749.48424000,2023-07-14 23:59:59,1869443273.74762430,1274387,28513.77996000,877642037.82244150
2023-07-15 00:00:00,30312.00000000,30390.90000000,30200.00000000,30289.52000000,14118.55329000,2023-07-15 23:59:59,427921094.30217830,488354,6430.54981000,194912673.91192170
2023-07-16 00:00:00,30289.52000000,30441.46000000,30064.29000000,30231.99000000,15760.12810000,2023-07-16 23:59:59,477189328.00729370,494225,7322.44372000,221713710.22324300
2023-07-17 00:00:00,30232.00000000,30336.96000000,29659.20000000,30138.00000000,30882.76839000,2023-07-17 23:59:59,929647644.24334300,816466,14352.21893000,432105955.45477030
2023-07-18 00:00:00,30138.01000000,30239.78000000,29512.00000000,29859.13000000,30003.86010000,2023-07-18 23:59:59,897157095.47741110,754775,13771.19621000,411748868.06291270
2023-07-19 00:00:00,29859.14000000,30189.09000000,29761.96000000,29909.21000000,25657.36137000,2023-07-19 23:59:59,769254865.28511510,617415,12260.98321000,367624217.91743550
2023-07-20 00:00:00,29909.21000000,30417.46000000,29570.96000000,29800.00000000,37540.68193000,2023-07-20 23:59:59,1125950643.71164950,749723,18061.33493000,541742405.52049780
2023-07-21 00:00:00,29800.00000000,30061.70000000,29726.34000000,29901.72000000,23881.40865000,2023-07-21 23:59:59,713123417.76121390,555611,11566.38840000,345404092.64590830
2023-07-22 00:00:00,29901.72000000,29999.00000000,29625.10000000,29794.00000000,14660.40467000,2023-07-22 23:59:59,437785700.33961020,423988,6725.50525000,200848375.44856950
2023-07-23 00:00:00,29793.99000000,30350.00000000,29730.00000000,30083.75000000,18292.78637000,2023-07-23 23:59:59,548940321.09158660,519434,8889.35695000,266761143.41169810
2023-07-24 00:00:00,30083.75000000,30099.58000000,28861.90000000,29176.50000000,39628.99691000,2023-07-24 23:59:59,1162562413.81901540,869107,18047.66786000,529388757.49158140
2023-07-25 00:00:00,29176.50000000,29376.00000000,29047.65000000,29228.91000000,21565.74780000,2023-07-25 23:59:59,629531351.11456640,533797,10257.29455000,299466722.19760850
2023-07-26 00:00:00,29228.91000000,29690.00000000,29096.94000000,29351.96000000,33931.63366000,2023-07-26 23:59:59,995569172.13968360,750401,15987.94266000,469155943.83416000
2023-07-27 00:00:00,29351.95000000,29567.49000000,29083.85000000,29222.78000000,22476.47626000,2023-07-27 23:59:59,659594157.34435760,583045,10384.95749000,304728875.73123620
2023-07-28 00:00:00,29222.78000000,29542.22000000,29123.12000000,29314.14000000,23993.61627000,2023-07-28 23:59:59,702705076.83786600,543177,11422.36141000,334588917.08832910
2023-07-29 00:00:00,29314.14000000,29406.92000000,29256.18000000,29352.90000000,10851.36844000,2023-07-29 23:59:59,318276733.87664310,339750,5443.09222000,159659088.16467640
2023-07-30 00:00:00,29352.90000000,29449.00000000,29033.24000000,29281.09000000,15706.97441000,2023-07-30 23:59:59,459830379.65098240,454846,7720.41654000,226012721.37053510
2023-07-31 00:00:00,29281.09000000,29530.00000000,29101.80000000,29232.25000000,22605.48964000,2023-07-31 23:59:59,663025204.20723460,563115,11029.22580000,323482162.29208640
2023-08-01 00:00:00,29232.26000000,29739.25000000,28585.70000000,29705.99000000,44719.65162000,2023-08-01 23:59:59,1299160215.07792410,900141,21831.75056000,634595648.94353090
2023-08-02 00:00:00,29705.99000000,30047.50000000,28927.50000000,29186.01000000,48181.65141000,2023-08-02 23:59:59,1419729744.64975190,945158,22953.81440000,676256840.27505930
2023-08-03 00:00:00,29186.00000000,29433.33000000,28968.00000000,29193.64000000,26476.91994000,2023-08-03 23:59:59,773302705.49476290,651970,12901.09228000,376856740.48839370
2023-08-04 00:00:00,29193.65000000,29333.08000000,28807.54000000,29113.99000000,23551.95217000,2023-08-04 23:59:59,686643453.39309040,544850,10539.62903000,307284659.32142800
2023-08-05 00:00:00,29114.00000000,29152.23000000,28978.64000000,29072.13000000,11645.52018000,2023-08-05 23:59:59,338478560.12182470,331924,5491.49620000,159611625.16587780
2023-08-06 00:00:00,29072.13000000,29205.09000000,28991.88000000,29088.42000000,13178.19720000,2023-08-06 23:59:59,383209498.87775050,338654,6471.24487000,188192943.69621700
2023-08-07 00:00:00,29088.43000000,29276.78000000,28701.03000000,29211.06000000,30966.87746000,2023-08-07 23:59:59,899492595.68127170,671438,15375.49318000,446702609.56457520
2023-08-08 00:00:00,29211.06000000,30244.00000000,29146.45000000,29770.42000000,45700.53392000,2023-08-08 23:59:59,1352934531.66596730,877168,24189.62133000,716161501.57303640
2023-08-09 00:00:00,29770.41000000,30160.00000000,29376.67000000,29581.99000000,38003.88725000,2023-08-09 23:59:59,1130396850.09741150,750252,18700.85778000,556446376.25178500
2023-08-10 00:00:00,29581.99000000,29738.00000000,29320.20000000,29455.75000000,23463.45373000,2023-08-10 23:59:59,692863472.08772490,513691,11204.06553000,330886650.20038180
2023-08-11 00:00:00,29455.76000000,29564.52000000,29252.45000000,29426.03000000,20637.04430000,2023-08-11 23:59:59,607176051.30153670,437828,9803.94004000,288451712.10020850
2023-08-12 00:00:00,29426.02000000,29481.35000000,29381.56000000,29430.17000000,8971.48068000,2023-08-12 23:59:59,263949405.54340290,310852,4181.99127000,123039182.15878990
2023-08-13 00:00:00,29430.18000000,29474.65000000,29272.32000000,29303.84000000,11101.70947000,2023-08-13 23:59:59,326264625.22968240,341726,5257.07008000,154501729.24734910
2023-08-14 00:00:00,29303.85000000,29695.32000000,29102.45000000,29430.93000000,31443.11532000,2023-08-14 23:59:59,924613476.68179900,671592,15036.11048000,442247506.16738440
2023-08-15 00:00:00,29430.92000000,29499.26000000,29059.60000000,29200.00000000,27503.87691000,2023-08-15 23:59:59,806683957.31001560,591162,12751.63951000,374046205.25905360
2023-08-16 00:00:00,29200.01000000,29259.85000000,28723.08000000,28730.51000000,32996.69854000,2023-08-16 23:59:59,959870747.00631420,768028,14761.86053000,429510396.42982370
2023-08-17 00:00:00,28730.51000000,28783.48000000,25166.00000000,26623.41000000,100271.54033000,2023-08-17 23:59:59,2755821274.34060490,1976577,47495.99471000,1302553963.31062280
2023-08-18 00:00:00,26623.41000000,26832.60000000,25619.00000000,26054.00000000,69790.65711000,2023-08-18 23:59:59,1834219523.69940400,1293122,33522.24573000,881095856.19440350
2023-08-19 00:00:00,26054.00000000,26281.00000000,25801.09000000,26100.01000000,26160.75343000,2023-08-19 23:59:59,680623880.82475540,615764,12952.29598000,337010159.81151820
2023-08-20 00:00:00,26100.01000000,26299.00000000,25971.05000000,26189.99000000,19056.91209000,2023-08-20 23:59:59,497880752.23011580,451543,9909.12930000,258890029.08250630
2023-08-21 00:00:00,26190.00000000,26258.42000000,25812.00000000,26126.92000000,30267.24233000,2023-08-21 23:59:59,788205156.32159240,565987,14052.07264000,365942107.34064460
2023-08-22 00:00:00,26126.92000000,26139.42000000,25300.00000000,26056.00000000,34247.06688000,2023-08-22 23:59:59,886782344.16029290,603624,16436.92888000,425661908.61497380
2023-08-23 00:00:00,26055.99000000,26819.27000000,25812.82000000,26432.72000000,44023.69978000,2023-08-23 23:59:59,1156326251.92241100,673711,21955.66524000,576734438.29540010
2023-08-24 00:00:00,26432.71000000,26577.87000000,25864.00000000,26180.05000000,30205.22116000,2023-08-24 23:59:59,792966965.89826580,575619,13987.93493000,367233375.41684340
2023-08-25 00:00:00,26180.05000000,26314.05000000,25777.15000000,26060.01000000,27753.33772000,2023-08-25 23:59:59,722611079.18980740,611438,13258.65894000,345214226.91825400
2023-08-26 00:00:00,26060.00000000,26125.77000000,25985.92000000,26017.37000000,10022.22322000,2023-08-26 23:59:59,261041530.47580380,329412,4681.90628000,121952627.59767490
2023-08-27 00:00:00,26017.38000000,26182.23000000,25966.11000000,26101.77000000,12099.64216000,2023-08-27 23:59:59,315548363.01937760,349090,6170.48664000,160918200.39360970
2023-08-28 00:00:00,26101.78000000,26253.99000000,25864.50000000,26120.00000000,22692.62655000,2023-08-28 23:59:59,591008939.17657000,523057,10912.40549000,284226173.79343950
2023-08-29 00:00:00,26120.00000000,28142.85000000,25922.00000000,27716.34000000,74251.99488000,2023-08-29 23:59:59,2023326050.75847910,1137083,37945.55071000,1034244032.38146630
2023-08-30 00:00:00,27716.34000000,27768.57000000,27017.24000000,27299.99000000,35448.25848000,2023-08-30 23:59:59,969086451.16252570,690292,16715.57712000,456926409.72973200
2023-08-31 00:00:00,27299.99000000,27587.51000000,25655.01000000,25940.78000000,51032.80401000,2023-08-31 23:59:59,1360373186.01167090,944690,24598.11397000,655707233.88490080
2023-09-01 00:00:00,25940.77000000,26156.00000000,25333.75000000,25805.05000000,41032.15056000,2023-09-01 23:59:59,1059444591.70974940,881179,19960.99030000,515429946.18317240
2023-09-02 00:00:00,25805.04000000,25987.50000000,25752.47000000,25869.51000000,16250.77698000,2023-09-02 23:59:59,419812969.94685980,567728,7634.91416000,197234437.02204840
2023-09-03 00:00:00,25869.52000000,26135.00000000,25800.00000000,25971.21000000,17474.47667000,2023-09-03 23:59:59,453100690.10210770,496412,8583.16498000,222581536.02684670
2023-09-04 00:00:00,25971.21000000,26108.02000000,25631.21000000,25826.02000000,21777.59609000,2023-09-04 23:59:59,563532890.56999930,596830,10177.36860000,263365883.42955560
2023-09-05 00:00:00,25826.03000000,25915.49000000,25562.62000000,25792.10000000,21323.39337000,2023-09-05 23:59:59,548893707.60020050,566736,9926.65838000,255537038.46609570
2023-09-06 00:00:00,25792.11000000,26040.00000000,25372.51000000,25759.95000000,27262.52386000,2023-09-06 23:59:59,700763180.80116770,636302,12736.70564000,327416444.78409590
2023-09-07 00:00:00,25759.95000000,26443.14000000,25615.38000000,26255.00000000,27687.49567000,2023-09-07 23:59:59,718923008.90711830,631929,13506.19156000,350741324.29203730
2023-09-08 00:00:00,26255.00000000,26445.50000000,25647.26000000,25910.50000000,28999.76471000,2023-09-08 23:59:59,754184537.10969230,646852,14238.89945000,370236844.43140760
2023-09-09 00:00:00,25910.50000000,25945.09000000,25796.64000000,25901.61000000,10980.62277000,2023-09-09 23:59:59,284109473.80757830,359038,5212.44349000,134863388.76288590
2023-09-10 00:00:00,25901.60000000,26033.66000000,25570.57000000,25841.61000000,18738.26914000,2023-09-10 23:59:59,483577459.20553450,489773,8747.51072000,225752901.04035010
2023-09-11 00:00:00,25841.60000000,25900.69000000,24901.00000000,25162.52000000,41682.32000000,2023-09-11 23:59:59,1057371884.66970660,864138,19664.90243000,498821645.38522220
2023-09-12 00:00:00,25162.53000000,26567.00000000,25131.48000000,25840.10000000,56434.38537000,2023-09-12 23:59:59,1464393036.96166230,1047056,27720.51830000,719147319.97870640
2023-09-13 00:00:00,25840.10000000,26405.22000000,25764.17000000,26222.00000000,31610.82753000,2023-09-13 23:59:59,825437881.46875910,714880,15287.00038000,399099781.62076480
2023-09-14 00:00:00,26222.00000000,26860.49000000,26126.77000000,26522.73000000,38333.17250000,2023-09-14 23:59:59,1015267319.77302260,799278,19440.45467000,514863794.37838940
2023-09-15 00:00:00,26522.73000000,26888.00000000,26224.00000000,26600.00000000,26227.29369000,2023-09-15 23:59:59,695203258.00044450,654094,12600.39115000,334045930.76672120
2023-09-16 00:00:00,26599.99000000,26777.00000000,26445.00000000,26559.67000000,13960.93351000,2023-09-16 23:59:59,370889866.45927350,526416,6508.91352000,172926781.38884230
2023-09-17 00:00:00,26559.67000000,26623.25000000,26399.00000000,26527.51000000,12998.10277000,2023-09-17 23:59:59,344703727.56010710,476775,6359.89459000,168675580.01646300
2023-09-18 00:00:00,26527.50000000,27409.00000000,26377.35000000,26762.51000000,43000.43256000,2023-09-18 23:59:59,1158780347.62530490,938705,21551.71605000,580912488.75943090
2023-09-19 00:00:00,26762.50000000,27483.57000000,26667.79000000,27210.26000000,36190.52187000,2023-09-19 23:59:59,981539255.55962000,898076,17851.15558000,484061308.12493300
2023-09-20 00:00:00,27210.25000000,27388.63000000,26800.00000000,27125.00000000,34207.21867000,2023-09-20 23:59:59,927206075.96262730,867288,16983.43086000,460402346.17078340
2023-09-21 00:00:00,27125.01000000,27159.60000000,26377.70000000,26568.08000000,34476.82662000,2023-09-21 23:59:59,920768143.35131270,823416,16878.78202000,450738363.85069850
2023-09-22 00:00:00,26568.08000000,26743.38000000,26468.77000000,26580.14000000,18198.22920000,2023-09-22 23:59:59,484331618.94853190,567149,8484.09679000,225805692.72356930
2023-09-23 00:00:00,26580.14000000,26632.81000000,26509.00000000,26575.96000000,9440.70260000,2023-09-23 23:59:59,250873957.38867380,421717,4387.19730000,116581214.13013300
2023-09-24 00:00:00,26575.97000000,26738.54000000,26122.08000000,26248.38000000,15706.65771000,2023-09-24 23:59:59,416368301.37368480,545045,7547.06342000,200078452.01675770
2023-09-25 00:00:00,26248.39000000,26446.15000000,25990.46000000,26304.81000000,26266.20390000,2023-09-25 23:59:59,688252596.38099440,873488,12654.58207000,331622453.15180550
2023-09-26 00:00:00,26304.80000000,26397.46000000,26088.34000000,26221.67000000,18495.35066000,2023-09-26 23:59:59,485217905.04210480,697727,8813.76144000,231246870.54745880
2023-09-27 00:00:00,26221.68000000,26850.00000000,26112.06000000,26372.99000000,34771.57978000,2023-09-27 23:59:59,918797815.04848100,939690,16813.75506000,444221386.42614100
2023-09-28 00:00:00,26373.00000000,27308.48000000,26342.40000000,27021.39000000,44517.83491000,2023-09-28 23:59:59,1193420040.13091850,1158974,22463.19242000,602340703.60150620
2023-09-29 00:00:00,27021.39000000,27244.89000000,26665.16000000,26906.96000000,28478.76219000,2023-09-29 23:59:59,767827314.93190890,878610,14409.35554000,388591243.25915250
2023-09-30 00:00:00,26906.96000000,27094.99000000,26886.31000000,26962.56000000,12804.62307000,2023-09-30 23:59:59,345406056.68069530,534908,6221.24272000,167818583.05995750
2023-10-01 00:00:00,26962.57000000,28065.51000000,26954.09000000,27992.57000000,24602.81468000,2023-10-01 23:59:59,674657121.99442040,883593,12815.98694000,351622961.47012740
2023-10-02 00:00:00,27992.58000000,28580.00000000,27281.44000000,27494.51000000,57071.14241000,2023-10-02 23:59:59,1600944483.49020640,1464158,28423.61000000,797598852.47977820
2023-10-03 00:00:00,27494.51000000,27676.52000000,27160.50000000,27426.46000000,28928.96555000,2023-10-03 23:59:59,794301815.42650200,1202377,13562.03527000,372402100.79675110
2023-10-04 00:00:00,27426.45000000,27839.72000000,27202.00000000,27778.57000000,29816.14200000,2023-10-04 23:59:59,820421385.25578530,1188381,15077.70185000,414806576.34840140
2023-10-05 00:00:00,27778.57000000,28120.39000000,27352.00000000,27410.39000000,30681.49619000,2023-10-05 23:59:59,849415594.04725040,1210397,14985.99405000,415039706.58664760
2023-10-06 00:00:00,27410.39000000,28295.00000000,27175.94000000,27931.09000000,37983.24277000,2023-10-06 23:59:59,1052864393.81761350,1326700,19091.24006000,529241188.55736900
2023-10-07 00:00:00,27931.10000000,28029.67000000,27842.08000000,27956.67000000,13348.83825000,2023-10-07 23:59:59,372820279.52314300,641623,6392.35089000,178534947.77878390
2023-10-08 00:00:00,27956.67000000,28095.14000000,27687.50000000,27917.05000000,19693.56921000,2023-10-08 23:59:59,549839951.48008110,822730,9216.08271000,257333249.53307720
2023-10-09 00:00:00,27917.06000000,27987.93000000,27260.00000000,27590.12000000,31534.74639000,2023-10-09 23:59:59,870014634.36216090,1156525,15077.43003000,415887241.10445000
2023-10-10 00:00:00,27590.12000000,27735.00000000,27298.00000000,27390.12000000,22776.84383000,2023-10-10 23:59:59,626258724.27757830,1002272,10851.22317000,298354384.69814990
2023-10-11 00:00:00,27390.12000000,27477.39000000,26538.66000000,26875.52000000,37349.44706000,2023-10-11 23:59:59,1007065585.93464060,1336479,17460.07740000,470620209.78574460
2023-10-12 00:00:00,26875.52000000,26947.04000000,26555.00000000,26759.63000000,23428.64112000,2023-10-12 23:59:59,626909068.38687170,1066082,11128.85943000,297794983.54123170
2023-10-13 00:00:00,26759.63000000,27130.00000000,26685.00000000,26862.00000000,24115.76499000,2023-10-13 23:59:59,647553796.35806620,1035322,11209.65389000,301049285.74229300
2023-10-14 00:00:00,26862.00000000,26989.58000000,26789.00000000,26852.48000000,10417.25576000,2023-10-14 23:59:59,280059019.05340130,517837,4378.85219000,117730324.81867290
2023-10-15 00:00:00,26852.48000000,27293.33000000,26808.25000000,27154.15000000,15274.69170000,2023-10-15 23:59:59,412673965.34393480,682942,7802.69243000,210833694.13443270
2023-10-16 00:00:00,27154.14000000,30000.00000000,27112.66000000,28500.78000000,78399.22445000,2023-10-16 23:59:59,2210785548.23609620,2289339,40738.04173000,1148700588.67933450
2023-10-17 00:00:00,28500.77000000,28613.65000000,28069.32000000,28395.91000000,38428.44532000,2023-10-17 23:59:59,1090741746.48308740,1345810,18994.06799000,539218488.34158590
2023-10-18 00:00:00,28395.91000000,28982.36000000,28142.87000000,28320.00000000,32162.47591000,2023-10-18 23:59:59,914773525.15275810,1215235,15590.14442000,443515753.81707720
2023-10-19 00:00:00,28320.00000000,28916.89000000,28100.66000000,28713.71000000,35895.50179000,2023-10-19 23:59:59,1023984017.03227880,1330256,18427.23743000,525695852.56325010
2023-10-20 00:00:00,28713.71000000,30207.55000000,28578.29000000,29669.04000000,59422.09920000,2023-10-20 23:59:59,1753411192.55109090,1915748,29466.75927000,869634841.32812210
2023-10-21 00:00:00,29669.05000000,30379.99000000,29464.77000000,29909.80000000,27517.51897000,2023-10-21 23:59:59,821964508.43536290,1152137,13836.12444000,413323530.34217960
2023-10-22 00:00:00,29909.80000000,30248.00000000,29640.00000000,29992.46000000,22852.54563000,2023-10-22 23:59:59,683854827.89693230,1008299,11161.46844000,334011129.23149610
2023-10-23 00:00:00,29992.46000000,34741.91000000,29883.60000000,33069.99000000,93513.64246000,2023-10-23 23:59:59,2941620022.86518770,2839938,47839.23087000,1505815243.56769950
2023-10-24 00:00:00,33069.99000000,35280.00000000,32832.34000000,33922.73000000,115265.02418000,2023-10-24 23:59:59,3933194868.16119640,2850160,57409.31981000,1959449469.46579320
2023-10-25 00:00:00,33922.73000000,35132.85000000,33679.05000000,34496.05000000,54887.02529000,2023-10-25 23:59:59,1888210825.60638280,1643976,26150.50377000,900236395.37262640
2023-10-26 00:00:00,34496.05000000,34824.13000000,33751.00000000,34151.66000000,39744.66255000,2023-10-26 23:59:59,1363077907.10911990,1382785,18528.43061000,635547858.49281820
2023-10-27 00:00:00,34151.66000000,34245.00000000,33390.95000000,33892.02000000,32330.40106000,2023-10-27 23:59:59,1096889423.41984200,1112240,14310.32429000,485405697.92440140
2023-10-28 00:00:00,33892.01000000,34493.33000000,33860.00000000,34081.00000000,16880.13144000,2023-10-28 23:59:59,575936523.34735300,607438,8313.30759000,283656619.58636190
2023-10-29 00:00:00,34081.01000000,34750.11000000,33930.00000000,34525.89000000,20685.52176000,2023-10-29 23:59:59,711652985.17909640,717480,10053.96096000,345933681.79684670
2023-10-30 00:00:00,34525.88000000,34856.00000000,34062.84000000,34474.73000000,33657.95976000,2023-10-30 23:59:59,1159771907.64210540,1117727,15237.56781000,525162190.53711940
2023-10-31 00:00:00,34474.74000000,34720.49000000,34025.00000000,34639.77000000,32737.89822000,2023-10-31 23:59:59,1125442444.48848820,1179053,15843.79500000,544722903.49684810
2023-11-01 00:00:00,34639.78000000,35582.00000000,34097.39000000,35421.43000000,53473.28165000,2023-11-01 23:59:59,1856348820.47945360,1624635,25779.00290000,895387891.46766650
2023-11-02 00:00:00,35421.43000000,35984.99000000,34300.00000000,34941.59000000,48015.57732000,2023-11-02 23:59:59,1686141698.09217100,1450837,23303.35350000,818365718.95493110
2023-11-03 00:00:00,34941.58000000,34946.50000000,34120.00000000,34716.78000000,39071.20644000,2023-11-03 23:59:59,1347962831.56586230,1237373,19168.85669000,661176167.77493460
2023-11-04 00:00:00,34716.78000000,35255.00000000,34585.18000000,35062.07000000,18377.55545000,2023-11-04 23:59:59,639958598.41983530,794787,9229.16649000,321479754.91729340
2023-11-05 00:00:00,35062.06000000,35380.00000000,34448.00000000,35011.88000000,24528.73376000,2023-11-05 23:59:59,859350974.00148930,1038468,11870.33193000,415912075.90000270
2023-11-06 00:00:00,35011.89000000,35276.33000000,34725.90000000,35046.09000000,22346.47086000,2023-11-06 23:59:59,782427702.26532050,988246,10770.27727000,377126281.15309060
2023-11-07 00:00:00,35046.09000000,35888.00000000,34523.06000000,35399.12000000,38688.73692000,2023-11-07 23:59:59,1358031361.19785270,1352796,19375.26868000,680382009.65994160
2023-11-08 00:00:00,35399.13000000,36106.00000000,35100.00000000,35624.72000000,33401.34137000,2023-11-08 23:59:59,1185492160.49272780,1132568,17192.82450000,610314635.37988970
2023-11-09 00:00:00,35624.72000000,37972.24000000,35534.05000000,36701.09000000,82537.88885000,2023-11-09 23:59:59,3033417922.78268170,2138765,42156.81236000,1550254981.04518770
2023-11-10 00:00:00,36701.10000000,37526.00000000,36324.71000000,37301.63000000,43414.04898000,2023-11-10 23:59:59,1605069174.52410320,1297729,21388.56879000,790671818.76836700
2023-11-11 00:00:00,37301.63000000,37408.26000000,36666.93000000,37130.00000000,22984.97235000,2023-11-11 23:59:59,851924612.73394270,923300,10728.65792000,397673179.66791970
2023-11-12 00:00:00,37129.99000000,37222.22000000,36731.10000000,37064.13000000,17687.18874000,2023-11-12 23:59:59,655570813.13827110,810885,8506.46051000,315285367.54474800
2023-11-13 00:00:00,37064.13000000,37417.99000000,36333.00000000,36462.93000000,32798.18252000,2023-11-13 23:59:59,1208037462.30414440,1217191,15442.44512000,568916594.91131740
2023-11-14 00:00:00,36462.93000000,36744.00000000,34800.00000000,35551.19000000,45503.68416000,2023-11-14 23:59:59,1639130785.08681010,1404428,21205.18615000,763841642.88087800
2023-11-15 00:00:00,35551.20000000,37980.00000000,35360.00000000,37858.20000000,53569.13385000,2023-11-15 23:59:59,1963249656.50947370,1545427,28142.14240000,1031669501.99342080
2023-11-16 00:00:00,37858.20000000,37929.54000000,35500.00000000,36163.51000000,47490.39566000,2023-11-16 23:59:59,1744503339.01517260,1542446,22214.04928000,815932555.13312680
2023-11-17 00:00:00,36163.51000000,36800.00000000,35861.10000000,36613.92000000,38283.61112000,2023-11-17 23:59:59,1391225051.19232720,1349322,18403.36411000,668865883.14174650
2023-11-18 00:00:00,36613.91000000,36845.49000000,36178.58000000,36568.10000000,17102.24186000,2023-11-18 23:59:59,624434069.52566340,784498,8101.54756000,295795105.43003230
2023-11-19 00:00:00,36568.11000000,37500.00000000,36384.02000000,37359.86000000,21246.34648000,2023-11-19 23:59:59,781531839.43715920,862400,10575.25293000,389089868.80634200
2023-11-20 00:00:00,37359.85000000,37750.00000000,36677.00000000,37448.78000000,36022.70291000,2023-11-20 23:59:59,1343722642.38647510,1485050,17591.22652000,656245983.73971830
2023-11-21 00:00:00,37448.79000000,37649.44000000,35735.00000000,35741.65000000,47646.54804000,2023-11-21 23:59:59,1756747495.98185460,1936895,22371.42068000,824920009.55786000
2023-11-22 00:00:00,35741.65000000,37861.10000000,35632.01000000,37408.34000000,45051.30697000,2023-11-22 23:59:59,1657141022.42734800,1648374,23046.71174000,847145468.32595360
2023-11-23 00:00:00,37408.35000000,37653.44000000,36870.00000000,37294.28000000,23827.92882000,2023-11-23 23:59:59,888826648.85414730,992284,11086.35132000,413539343.94482050
2023-11-24 00:00:00,37294.27000000,38414.00000000,37251.51000000,37713.57000000,44680.80646000,2023-11-24 23:59:59,1688715728.07914810,1379414,22349.17236000,844803081.63218240
2023-11-25 00:00:00,37713.57000000,37888.00000000,37591.10000000,37780.67000000,11396.14464000,2023-11-25 23:59:59,430165251.76097490,569448,5153.91116000,194536221.28509410
2023-11-26 00:00:00,37780.67000000,37814.63000000,37150.00000000,37447.43000000,21264.53723000,2023-11-26 23:59:59,797321193.58939910,848020,10204.51641000,382571274.04607820
2023-11-27 00:00:00,37447.42000000,37569.23000000,36707.00000000,37242.70000000,30001.07376000,2023-11-27 23:59:59,1112557435.27679220,1238017,14458.63822000,536129095.56684420
2023-11-28 00:00:00,37242.70000000,38377.00000000,36868.41000000,37818.87000000,37544.46667000,2023-11-28 23:59:59,1414360251.68234560,1272779,18168.56198000,684514270.93887170
2023-11-29 00:00:00,37818.88000000,38450.00000000,37570.00000000,37854.64000000,32994.19107000,2023-11-29 23:59:59,1252586505.66259010,1131353,15588.96473000,591917955.47439680
2023-11-30 00:00:00,37854.65000000,38145.85000000,37500.00000000,37723.96000000,24740.29147000,2023-11-30 23:59:59,934491058.96081410,1007791,11484.45424000,433772722.50456340
2023-12-01 00:00:00,37723.97000000,38999.00000000,37615.86000000,38682.52000000,43415.66324000,2023-12-01 23:59:59,1669750777.62398140,1523417,22408.27301000,861977420.16319520
2023-12-02 00:00:00,38682.51000000,39717.14000000,38641.61000000,39450.35000000,26696.92161000,2023-12-02 23:59:59,1043421976.76606520,1034690,13166.65386000,514763687.57460090
2023-12-03 00:00:00,39450.35000000,40250.00000000,39274.86000000,39972.26000000,26710.65335000,2023-12-03 23:59:59,1059860641.04944440,1151524,13333.29632000,529259227.16750920
2023-12-04 00:00:00,39972.26000000,42420.00000000,39972.26000000,41991.10000000,79272.33059000,2023-12-04 23:59:59,3285736844.14088080,2112219,38595.61905000,1599710862.08717670
2023-12-05 00:00:00,41991.10000000,44488.00000000,41414.00000000,44073.32000000,67490.74644000,2023-12-05 23:59:59,2890205389.49012660,2072700,34815.80813000,1491813847.23896810
2023-12-06 00:00:00,44073.82000000,44297.21000000,43335.28000000,43762.69000000,51431.10492000,2023-12-06 23:59:59,2256979505.59480470,1876282,25092.62492000,1101273363.08642960
2023-12-07 00:00:00,43762.69000000,44047.33000000,42821.10000000,43273.14000000,47103.26845000,2023-12-07 23:59:59,2046945851.88364460,1414759,22635.67672000,983629776.49386140
2023-12-08 00:00:00,43273.15000000,44700.00000000,43081.10000000,44170.99000000,42900.37556000,2023-12-08 23:59:59,1875581755.44691050,1311268,20818.67861000,910357262.89407300
2023-12-09 00:00:00,44171.00000000,44358.02000000,43584.51000000,43713.60000000,24925.97008000,2023-12-09 23:59:59,1096487106.56483380,987352,11598.00774000,510255993.86808590
2023-12-10 00:00:00,43713.59000000,44049.00000000,43563.00000000,43789.51000000,18956.61758000,2023-12-10 23:59:59,830485162.55695350,830667,8841.90643000,387376075.38248430
2023-12-11 00:00:00,43789.50000000,43804.50000000,40222.00000000,41253.40000000,76663.89804000,2023-12-11 23:59:59,3205540835.51143390,2087142,36499.24269000,1525642878.15210340
2023-12-12 00:00:00,41253.41000000,42104.12000000,40680.00000000,41492.39000000,42722.69773000,2023-12-12 23:59:59,1773961284.33756360,1526411,21394.91158000,888438328.89153460
2023-12-13 00:00:00,41492.38000000,43475.20000000,40555.00000000,42869.03000000,45865.99773000,2023-12-13 23:59:59,1919703389.48488040,1724659,22354.97386000,935785466.02258570
2023-12-14 00:00:00,42869.03000000,43420.00000000,41400.00000000,43022.26000000,42047.05709000,2023-12-14 23:59:59,1798740625.30166000,1599536,20579.79343000,880356342.38151180
2023-12-15 00:00:00,43022.26000000,43080.81000000,41666.00000000,41940.30000000,33421.79320000,2023-12-15 23:59:59,1416898938.50997890,1323628,16321.13654000,691713304.74858880
2023-12-16 00:00:00,41940.29000000,42724.43000000,41605.00000000,42278.03000000,24118.85747000,2023-12-16 23:59:59,1020469627.88573310,1180886,12193.50511000,515909440.91009290
2023-12-17 00:00:00,42278.02000000,42424.07000000,41252.00000000,41374.65000000,27722.11452000,2023-12-17 23:59:59,1161963642.96279640,1227634,13245.86404000,555309260.12794100
2023-12-18 00:00:00,41374.64000000,42757.81000000,40542.93000000,42657.80000000,46734.09250000,2023-12-18 23:59:59,1936003306.08257260,1741647,23255.79871000,963775419.57314980
2023-12-19 00:00:00,42657.80000000,43497.00000000,41811.10000000,42275.99000000,40927.86444000,2023-12-19 23:59:59,1747830242.46159370,1609188,20163.65946000,861082883.31101580
2023-12-20 00:00:00,42275.99000000,44283.00000000,42206.00000000,43668.93000000,48710.29470000,2023-12-20 23:59:59,2115813869.77961900,1934588,23912.13682000,1038694005.77613990
2023-12-21 00:00:00,43668.92000000,44242.35000000,43286.72000000,43861.80000000,34624.29384000,2023-12-21 23:59:59,1514529919.18777960,1500702,17058.89545000,746266380.76924040
2023-12-22 00:00:00,43861.79000000,44398.26000000,43412.54000000,43969.04000000,32783.19638000,2023-12-22 23:59:59,1436074497.51285980,1404109,16049.22275000,703199211.03931960
2023-12-23 00:00:00,43969.04000000,43988.68000000,43291.10000000,43702.16000000,16557.12930000,2023-12-23 23:59:59,722943825.33321760,849658,7765.30564000,339046509.16771960
2023-12-24 00:00:00,43702.15000000,43946.00000000,42500.00000000,42991.50000000,25144.33496000,2023-12-24 23:59:59,1093460634.88942270,1137678,11841.26614000,514962029.17833470
2023-12-25 00:00:00,42991.50000000,43802.32000000,42720.43000000,43576.13000000,27021.23992000,2023-12-25 23:59:59,1172053386.51098150,1168428,13691.23930000,593900885.80314620
2023-12-26 00:00:00,43576.12000000,43592.68000000,41637.60000000,42508.93000000,41010.04282000,2023-12-26 23:59:59,1746333612.30494510,1475816,21096.16634000,898267435.23798300
2023-12-27 00:00:00,42508.93000000,43677.00000000,42098.69000000,43428.85000000,36191.21136000,2023-12-27 23:59:59,1554082990.05227590,1439770,18982.83267000,815239612.61736400
2023-12-28 00:00:00,43428.86000000,43787.57000000,42241.79000000,42563.76000000,35150.52485000,2023-12-28 23:59:59,1508408742.37808110,1391826,17422.81910000,747631903.05539890
2023-12-29 00:00:00,42563.76000000,43111.00000000,41300.00000000,42066.95000000,42597.18912000,2023-12-29 23:59:59,1803086285.24657750,1571137,21195.34128000,897324724.79689550
2023-12-30 00:00:00,42066.94000000,42612.32000000,41520.30000000,42140.28000000,22906.57818000,2023-12-30 23:59:59,964875790.98493500,936545,11727.69648000,494133887.90718110
2023-12-31 00:00:00,42140.29000000,42899.00000000,41965.84000000,42283.58000000,23585.91603000,2023-12-31 23:59:59,1001519241.55590540,1016484,11997.14865000,509478742.74451080
2024-01-01 00:00:00,42283.58000000,44184.10000000,42180.77000000,44179.55000000,27174.29903000,2024-01-01 23:59:59,1169995682.02800140,1114623,14331.73180000,617352094.56051940
2024-01-02 00:00:00,44179.55000000,45879.63000000,44148.34000000,44946.91000000,65146.40661000,2024-01-02 23:59:59,2944331821.82307620,2247532,33817.14447000,1527964124.23758480
2024-01-03 00:00:00,44946.91000000,45500.00000000,40750.00000000,42845.23000000,81194.55173000,2024-01-03 23:59:59,3507104563.74423210,2658041,39103.99162000,1687665202.95131440
2024-01-04 00:00:00,42845.23000000,44729.58000000,42613.77000000,44151.10000000,48038.06334000,2024-01-04 23:59:59,2095095359.49363480,1819944,23605.90059000,1030075267.83901300
2024-01-05 00:00:00,44151.10000000,44357.46000000,42450.00000000,44145.11000000,48075.25327000,2024-01-05 23:59:59,2100953924.36871550,2064845,24015.06426000,1049655019.14000940
2024-01-06 00:00:00,44145.12000000,44214.42000000,43397.05000000,43968.32000000,17835.06144000,2024-01-06 23:59:59,781212883.49160610,956642,9048.57073000,396341787.36387760
2024-01-07 00:00:00,43968.32000000,44480.59000000,43572.09000000,43929.02000000,23023.85080000,2024-01-07 23:59:59,1014635096.12414820,1109259,11613.52347000,511871007.52582630
2024-01-08 00:00:00,43929.01000000,47248.99000000,43175.00000000,46951.04000000,72814.57589000,2024-01-08 23:59:59,3298772150.68150740,2364464,38728.80530000,1755312207.66818340
2024-01-09 00:00:00,46951.04000000,47972.00000000,44748.67000000,46110.00000000,69927.66617000,2024-01-09 23:59:59,3251442072.80839630,2637745,34825.45429000,1620151226.33626950
2024-01-10 00:00:00,46110.00000000,47695.93000000,44300.36000000,46653.99000000,89911.41203000,2024-01-10 23:59:59,4123809481.71276720,3133588,46910.79439000,2153126701.35216420
2024-01-11 00:00:00,46654.00000000,48969.48000000,45606.06000000,46339.16000000,87470.32960000,2024-01-11 23:59:59,4105139605.02830200,2998451,44076.16830000,2070467939.65999250
2024-01-12 00:00:00,46339.16000000,46515.53000000,41500.00000000,42782.73000000,86327.93707000,2024-01-12 23:59:59,3827483735.57605690,2809192,41707.58066000,1850840878.97782980
2024-01-13 00:00:00,42782.74000000,43257.00000000,42436.12000000,42847.99000000,36118.47464000,2024-01-13 23:59:59,1547370611.55316620,1434243,17748.09824000,760432218.24545510
2024-01-14 00:00:00,42847.99000000,43079.00000000,41720.00000000,41732.35000000,28228.40894000,2024-01-14 23:59:59,1202212782.25769300,1235727,13690.30843000,583261659.73857610
2024-01-15 00:00:00,41732.35000000,43400.43000000,41718.05000000,42511.10000000,40269.89303000,2024-01-15 23:59:59,1718982911.10810270,1657611,19924.76030000,849997411.08758290
2024-01-16 00:00:00,42511.10000000,43578.01000000,42050.00000000,43137.95000000,45045.74589000,2024-01-16 23:59:59,1931947150.05907020,1716580,24064.55667000,1031525441.93520850
2024-01-17 00:00:00,43137.94000000,43198.00000000,42200.69000000,42776.10000000,33266.21388000,2024-01-17 23:59:59,1419888430.92288920,1438172,16648.20529000,710532768.04757790
2024-01-18 00:00:00,42776.09000000,42930.00000000,40683.28000000,41327.50000000,43907.51641000,2024-01-18 23:59:59,1839426541.26357900,1466087,21085.14336000,883292634.20636370
2024-01-19 00:00:00,41327.51000000,42196.86000000,40280.00000000,41659.03000000,48342.74559000,2024-01-19 23:59:59,1993846466.53875190,1641428,24347.50020000,1004478721.37920550
2024-01-20 00:00:00,41659.03000000,41872.56000000,41456.30000000,41696.04000000,15923.99493000,2024-01-20 23:59:59,662768008.15093430,807324,7557.36632000,314535141.99556360
2024-01-21 00:00:00,41696.05000000,41881.39000000,41500.98000000,41580.33000000,11730.16301000,2024-01-21 23:59:59,489151571.03090430,657817,5576.56045000,232552207.16073290
2024-01-22 00:00:00,41580.32000000,41689.65000000,39431.58000000,39568.02000000,55426.19911000,2024-01-22 23:59:59,2247452153.79543270,2147250,26788.13985000,1086650848.06705250
2024-01-23 00:00:00,39568.02000000,40176.74000000,38555.00000000,39897.60000000,57956.63351000,2024-01-23 23:59:59,2275851990.64682690,2043925,30913.97177000,1214417243.69641180
2024-01-24 00:00:00,39897.59000000,40555.00000000,39484.19000000,40084.88000000,39293.82861000,2024-01-24 23:59:59,1569704923.83074920,1675615,20673.05725000,825887009.47442260
2024-01-25 00:00:00,40084.89000000,40300.24000000,39550.00000000,39961.09000000,31022.11853000,2024-01-25 23:59:59,1238813296.15261370,1291233,15685.24919000,626369240.37339640
2024-01-26 00:00:00,39961.09000000,42246.82000000,39822.52000000,41823.51000000,47384.96726000,2024-01-26 23:59:59,1951700659.28980700,1624861,24674.75551000,1016105199.71712130
2024-01-27 00:00:00,41823.51000000,42200.00000000,41394.34000000,42120.63000000,16224.41667000,2024-01-27 23:59:59,678418702.35094450,751148,7485.64978000,312938659.24802430
2024-01-28 00:00:00,42120.63000000,42842.68000000,41620.81000000,42031.06000000,27294.99838000,2024-01-28 23:59:59,1154365891.66825870,1032493,12971.18820000,548670338.63940100
2024-01-29 00:00:00,42031.05000000,43333.00000000,41804.88000000,43302.70000000,31542.74207000,2024-01-29 23:59:59,1343462280.36186840,1197856,15996.88627000,681504721.35851260
2024-01-30 00:00:00,43302.71000000,43882.36000000,42683.99000000,42941.10000000,37619.24546000,2024-01-30 23:59:59,1633251085.67135960,1316610,19317.29993000,838876408.45566850
2024-01-31 00:00:00,42941.10000000,43745.11000000,42276.84000000,42580.00000000,39871.13688000,2024-01-31 23:59:59,1711665577.05308240,1499559,20289.94825000,871009715.17022070
2024-02-01 00:00:00,42580.00000000,43285.13000000,41884.28000000,43082.94000000,35231.04664000,2024-02-01 23:59:59,1497121440.64400210,1392269,18134.84304000,770635549.48421270
2024-02-02 00:00:00,43082.95000000,43488.00000000,42546.79000000,43200.00000000,29672.14418000,2024-02-02 23:59:59,1277919437.29056120,1086342,15645.57110000,673834785.74779100
2024-02-03 00:00:00,43199.99000000,43380.01000000,42880.00000000,43011.09000000,12033.40998000,2024-02-03 23:59:59,518775350.03360090,609962,5691.78572000,245377398.51059570
2024-02-04 00:00:00,43011.10000000,43119.04000000,42222.00000000,42582.88000000,17066.89404000,2024-02-04 23:59:59,730999557.70836820,931235,8427.12671000,360928641.05977220
2024-02-05 00:00:00,42582.88000000,43569.76000000,42258.10000000,42708.70000000,29467.75905000,2024-02-05 23:59:59,1262620640.54071730,1317397,14984.06962000,642077579.58272680
2024-02-06 00:00:00,42708.70000000,43399.98000000,42574.00000000,43098.95000000,24675.85433000,2024-02-06 23:59:59,1061049582.60027670,1120760,12810.98205000,550866463.74091940
2024-02-07 00:00:00,43098.96000000,44396.50000000,42788.00000000,44349.60000000,34392.59915000,2024-02-07 23:59:59,1496013692.38292190,1378809,17755.87738000,772721372.44438850
2024-02-08 00:00:00,44349.60000000,45614.30000000,44331.10000000,45288.65000000,45439.62231000,2024-02-08 23:59:59,2042912128.15176650,1863650,22731.52397000,1021963499.80033510
2024-02-09 00:00:00,45288.66000000,48200.00000000,45242.12000000,47132.77000000,73503.48100000,2024-02-09 23:59:59,3453043306.42097590,2323884,37360.96419000,1754880225.38020990
2024-02-10 00:00:00,47132.78000000,48170.00000000,46800.00000000,47751.09000000,24802.35936000,2024-02-10 23:59:59,1176079377.69227620,1323421,12740.69912000,604397015.51796000
2024-02-11 00:00:00,47751.08000000,48592.66000000,47557.16000000,48299.99000000,29958.80837000,2024-02-11 23:59:59,1443314885.77140530,1407270,15741.38294000,758411879.95568900
2024-02-12 00:00:00,48300.00000000,50334.82000000,47710.01000000,49917.27000000,59009.96705000,2024-02-12 23:59:59,2898220863.01818030,1939394,30797.43359000,1512688561.68886550
2024-02-13 00:00:00,49917.28000000,50368.61000000,48300.95000000,49699.59000000,55551.56706000,2024-02-13 23:59:59,2745025370.06744710,1741811,28409.79337000,1403783512.68099050
2024-02-14 00:00:00,49699.60000000,52043.71000000,49225.01000000,51795.17000000,57046.37401000,2024-02-14 23:59:59,2919604456.72331270,1859392,29664.51830000,1518339681.33460220
2024-02-15 00:00:00,51795.17000000,52816.62000000,51314.00000000,51880.00000000,53816.03055000,2024-02-15 23:59:59,2802825737.99201540,1786569,26722.58656000,1391971339.71580590
2024-02-16 00:00:00,51880.01000000,52572.08000000,51566.00000000,52124.11000000,37772.25318000,2024-02-16 23:59:59,1965003863.97133420,1583711,18309.89888000,952708587.73249880
2024-02-17 00:00:00,52124.10000000,52162.82000000,50625.00000000,51642.64000000,25674.00622000,2024-02-17 23:59:59,1319908544.97908910,1427773,12655.51593000,650426057.19761540
2024-02-18 00:00:00,51642.64000000,52377.00000000,51163.28000000,52137.67000000,21992.10363000,2024-02-18 23:59:59,1139209588.43346260,1375422,11281.34692000,584447328.11427220
2024-02-19 00:00:00,52137.68000000,52488.77000000,51677.00000000,51774.73000000,29534.99432000,2024-02-19 23:59:59,1539600521.60077290,1542990,15266.36204000,795825023.64422360
2024-02-20 00:00:00,51774.74000000,52985.00000000,50760.37000000,52258.82000000,49614.47318000,2024-02-20 23:59:59,2574874999.37871740,1971912,24994.25062000,1297330385.00509330
2024-02-21 00:00:00,52258.82000000,52366.80000000,50625.00000000,51849.39000000,43079.40049000,2024-02-21 23:59:59,2210278288.72509470,1824860,22239.73293000,1140905416.95625220
2024-02-22 00:00:00,51849.38000000,52065.78000000,50940.78000000,51288.42000000,35309.44574000,2024-02-22 23:59:59,1820949707.15853400,1688184,17830.46730000,919599483.90786170
2024-02-23 00:00:00,51288.42000000,51548.54000000,50521.00000000,50744.15000000,30545.79544000,2024-02-23 23:59:59,1559143576.82961640,1487039,14610.80906000,745820955.25604630
2024-02-24 00:00:00,50744.15000000,51698.00000000,50585.00000000,51568.22000000,16560.42110000,2024-02-24 23:59:59,847793393.57186800,855015,8462.15627000,433239599.42398870
2024-02-25 00:00:00,51568.21000000,51958.55000000,51279.80000000,51728.85000000,18721.63159000,2024-02-25 23:59:59,966951114.45046290,923992,9544.17672000,492952522.68163890
2024-02-26 00:00:00,51728.85000000,54910.00000000,50901.44000000,54476.47000000,51256.72199000,2024-02-26 23:59:59,2710403072.98059510,1808909,27198.83551000,1438371804.11010130
2024-02-27 00:00:00,54476.48000000,57588.15000000,54450.13000000,57037.34000000,67194.98562000,2024-02-27 23:59:59,3795949115.22493150,2414285,34970.25885000,1975472154.51157390
2024-02-28 00:00:00,57037.35000000,64000.00000000,56691.85000000,62432.10000000,118763.46984000,2024-02-28 23:59:59,7162581994.48573950,3895062,62066.63936000,3742433894.94507670
2024-02-29 00:00:00,62432.11000000,63676.35000000,60364.70000000,61130.98000000,78425.07603000,2024-02-29 23:59:59,4872212871.27608040,3169405,39463.06931000,2452515504.86865120
2024-03-01 00:00:00,61130.99000000,63114.23000000,60777.00000000,62387.90000000,47737.93473000,2024-03-01 23:59:59,2956537377.96602980,1947444,24195.70252000,1498771144.09995600
2024-03-02 00:00:00,62387.90000000,62433.19000000,61561.12000000,61987.28000000,25534.73659000,2024-03-02 23:59:59,1582566973.83409310,1641808,12691.37721000,786583052.08627260
2024-03-03 00:00:00,61987.28000000,63231.88000000,61320.00000000,63113.97000000,28994.90903000,2024-03-03 23:59:59,1804536272.94434580,1992011,14905.18600000,927868983.73084310
2024-03-04 00:00:00,63113.97000000,68499.00000000,62300.00000000,68245.71000000,84835.16005000,2024-03-04 23:59:59,5568877537.08125230,3887853,45319.08640000,2974396037.68572030
2024-03-05 00:00:00,68245.71000000,69000.00000000,59005.00000000,63724.01000000,132696.78130000,2024-03-05 23:59:59,8674526591.28714170,5310706,65991.84526000,4318205559.64365010
2024-03-06 00:00:00,63724.01000000,67641.10000000,62779.14000000,66074.04000000,78738.85491000,2024-03-06 23:59:59,5197743036.59727550,3302981,40344.32596000,2663883160.20696200
2024-03-07 00:00:00,66074.04000000,67980.00000000,65551.00000000,66823.17000000,53059.88690000,2024-03-07 23:59:59,3548088039.27360850,2428227,27935.66302000,1867854683.98202980
2024-03-08 00:00:00,66823.18000000,69990.00000000,66082.66000000,68124.19000000,74261.93284200,2024-03-08 23:59:59,5044395324.39905431,2943927,37711.51458100,2563347797.52868009
2024-03-09 00:00:00,68124.20000000,68541.10000000,67861.10000000,68313.27000000,19872.89743000,2024-03-09 23:59:59,1355964036.90929860,1345341,10005.59200000,682720256.00282270
2024-03-10 00:00:00,68313.28000000,69887.61000000,68094.75000000,68955.88000000,38404.66835000,2024-03-10 23:59:59,2659307501.09457810,2139518,19188.79904000,1328747995.99402550
2024-03-11 00:00:00,68955.88000000,72800.00000000,67024.96000000,72078.10000000,75292.82572600,2024-03-11 23:59:59,5352704377.61880469,3043414,39435.85545900,2803359303.28697282
2024-03-12 00:00:00,72078.10000000,73000.00000000,68620.82000000,71452.01000000,68783.54669100,2024-03-12 23:59:59,4909667978.55933818,3047890,34517.21293300,2465202174.40722632
2024-03-13 00:00:00,71452.00000000,73650.25000000,71333.31000000,73072.41000000,52659.71164700,2024-03-13 23:59:59,3829764501.25379279,2501197,26787.08223700,1948382241.88946039
2024-03-14 00:00:00,73072.40000000,73777.00000000,68555.00000000,71388.94000000,71757.62874600,2024-03-14 23:59:59,5132189849.09663160,2994869,35676.74832600,2552190396.88900670
2024-03-15 00:00:00,71388.94000000,72419.71000000,65600.00000000,69499.85000000,103334.03546000,2024-03-15 23:59:59,7065279917.87211180,3904445,49844.66515000,3409385750.02117660
2024-03-16 00:00:00,69499.84000000,70043.00000000,64780.00000000,65300.63000000,55926.95336000,2024-03-16 23:59:59,3788544202.88485590,2729019,27240.19894000,1846731512.27362330
2024-03-17 00:00:00,65300.64000000,68904.40000000,64533.00000000,68393.48000000,49742.21589000,2024-03-17 23:59:59,3322963634.24251290,2449156,25328.29435000,1692079618.21131060
2024-03-18 00:00:00,68393.47000000,68956.00000000,66565.20000000,67609.99000000,55691.08088000,2024-03-18 23:59:59,3768277912.41891810,2464515,28529.67219000,1930726566.24924600
2024-03-19 00:00:00,67610.00000000,68124.11000000,61555.00000000,61937.40000000,101005.32487000,2024-03-19 23:59:59,6484805948.53539280,3593832,48205.28434000,3095258881.70227350
2024-03-20 00:00:00,61937.41000000,68100.00000000,60775.00000000,67840.51000000,90420.58592000,2024-03-20 23:59:59,5769770052.06258300,3549793,45523.84281000,2907222064.13129160
2024-03-21 00:00:00,67840.51000000,68240.47000000,64529.01000000,65501.27000000,53357.48002000,2024-03-21 23:59:59,3551223142.96441700,2388390,26650.09786000,1774833851.22152450
2024-03-22 00:00:00,65501.28000000,66649.62000000,62260.00000000,63796.64000000,51482.37821000,2024-03-22 23:59:59,3310481978.10764530,2492881,24578.87957000,1580940164.12123740
2024-03-23 00:00:00,63796.64000000,65999.00000000,63000.00000000,63990.01000000,26410.11409000,2024-03-23 23:59:59,1706152172.63161340,1753566,12749.00823000,823892846.71497700
2024-03-24 00:00:00,63990.02000000,67628.69000000,63772.29000000,67209.99000000,31395.78015000,2024-03-24 23:59:59,2059312948.64868730,1880774,16689.65617000,1095820626.02919970
2024-03-25 00:00:00,67210.00000000,71150.00000000,66385.06000000,69880.01000000,53431.14486000,2024-03-25 23:59:59,3679964073.81121250,2632220,27815.58769000,1915614174.23976360
2024-03-26 00:00:00,69880.00000000,71561.10000000,69280.00000000,69988.00000000,38934.38417000,2024-03-26 23:59:59,2738537345.33588000,2176807,19498.85666000,1371708206.53887210
2024-03-27 00:00:00,69987.99000000,71769.54000000,68359.18000000,69469.99000000,49119.35685000,2024-03-27 23:59:59,3426458581.94334340,2453366,24902.33470000,1737325915.83441790
2024-03-28 00:00:00,69469.99000000,71552.06000000,68903.62000000,70780.60000000,35439.03239000,2024-03-28 23:59:59,2500571208.00262760,1799897,18007.26883000,1270852446.70774510
2024-03-29 00:00:00,70780.60000000,70916.16000000,69009.00000000,69850.54000000,25445.08353000,2024-03-29 23:59:59,1779608477.32245370,1522607,11839.09290000,828039936.68545330
2024-03-30 00:00:00,69850.53000000,70321.10000000,69540.00000000,69582.18000000,13644.61142000,2024-03-30 23:59:59,954555919.68557450,1110488,6423.89367000,449436189.73361900
2024-03-31 00:00:00,69582.17000000,71366.00000000,69562.99000000,71280.01000000,19396.34433000,2024-03-31 23:59:59,1367523707.26124510,1181926,10142.47988000,715151368.94630210
2024-04-01 00:00:00,71280.00000000,71288.23000000,68062.86000000,69649.80000000,41445.32039000,2024-04-01 23:59:59,2876486469.46552290,1893438,20211.15024000,1402849944.78228910
2024-04-02 00:00:00,69649.81000000,69674.23000000,64550.00000000,65463.99000000,71799.82793000,2024-04-02 23:59:59,4750030717.92242550,2662410,35520.17401000,2348263612.30347050
2024-04-03 00:00:00,65463.99000000,66903.63000000,64493.07000000,65963.28000000,39887.21778000,2024-04-03 23:59:59,2630556596.13592860,2172096,20618.58747000,1360363531.16595170
2024-04-04 00:00:00,65963.27000000,69309.91000000,65064.52000000,68487.79000000,41510.48453000,2024-04-04 23:59:59,2795469450.57238580,2000945,21013.32173000,1415699952.03815850
2024-04-05 00:00:00,68487.80000000,68756.67000000,65952.56000000,67820.62000000,37915.23073000,2024-04-05 23:59:59,2555458935.23600890,1901980,18889.98453000,1273220222.76258870
2024-04-06 00:00:00,67820.63000000,69692.00000000,67447.83000000,68896.00000000,20134.28919000,2024-04-06 23:59:59,1373131967.76481860,1171460,9973.86412000,680800856.20965050
2024-04-07 00:00:00,68896.00000000,70326.29000000,68824.00000000,69360.39000000,21534.74433000,2024-04-07 23:59:59,1496213373.18557760,1269048,11149.90398000,774906774.52828120
2024-04-08 00:00:00,69360.38000000,72797.99000000,69043.24000000,71620.00000000,45723.87624000,2024-04-08 23:59:59,3270853309.66294220,2037025,25309.90487000,1811209901.71635400
2024-04-09 00:00:00,71620.00000000,71758.19000000,68210.00000000,69146.00000000,39293.90242000,2024-04-09 23:59:59,2749007421.64210750,1804157,18896.53756000,1321865585.23805220
2024-04-10 00:00:00,69146.00000000,71172.08000000,67518.00000000,70631.08000000,42006.02377000,2024-04-10 23:59:59,2901564970.81580420,1852170,20269.34809000,1401023003.73182270
2024-04-11 00:00:00,70631.08000000,71305.89000000,69567.21000000,70006.23000000,31917.25595000,2024-04-11 23:59:59,2247473274.61625790,1658995,15908.49124000,1120249990.73575260
2024-04-12 00:00:00,70006.22000000,71227.46000000,65086.86000000,67116.52000000,56072.86229000,2024-04-12 23:59:59,3843551585.32127470,2496617,25935.86464000,1777808491.17045420
2024-04-13 00:00:00,67116.52000000,67929.00000000,60660.57000000,63924.51000000,71395.22019000,2024-04-13 23:59:59,4614468627.80904480,3341340,33221.66950000,2144846149.68091790
2024-04-14 00:00:00,63924.52000000,65840.00000000,62134.00000000,65661.84000000,61599.17818000,2024-04-14 23:59:59,3946124834.69703540,2657953,29732.29634000,1904847012.50930860
2024-04-15 00:00:00,65661.85000000,66867.07000000,62274.40000000,63419.99000000,52389.53069000,2024-04-15 23:59:59,3398072231.56122360,2539048,25206.68008000,1634572976.93981270
2024-04-16 00:00:00,63419.99000000,64365.00000000,61600.00000000,63793.39000000,53435.29331000,2024-04-16 23:59:59,3355338198.44691320,2604354,26041.26640000,1635683129.30765320
2024-04-17 00:00:00,63793.40000000,64499.00000000,59678.16000000,61277.37000000,50610.54509000,2024-04-17 23:59:59,3128625247.47385340,2458327,24346.74671000,1506361259.70135830
2024-04-18 00:00:00,61277.38000000,64117.09000000,60803.35000000,63470.08000000,43601.60918000,2024-04-18 23:59:59,2726741448.88680220,2142511,20870.20705000,1305027167.93950820
2024-04-19 00:00:00,63470.09000000,65450.00000000,59600.01000000,63818.01000000,69774.30271000,2024-04-19 23:59:59,4419893235.18328730,2828284,34941.50216000,2214809735.24024150
2024-04-20 00:00:00,63818.01000000,65419.00000000,63090.07000000,64940.59000000,23137.42975000,2024-04-20 23:59:59,1486949581.43947920,1376712,11811.84440000,759077474.29729040
2024-04-21 00:00:00,64940.58000000,65695.56000000,64237.50000000,64941.15000000,19316.42152000,2024-04-21 23:59:59,1254396628.15317660,1390153,9734.71767000,632257865.00824990
2024-04-22 00:00:00,64941.15000000,67232.35000000,64500.00000000,66819.32000000,31397.99371000,2024-04-22 23:59:59,2071690434.97655200,1816591,16466.05497000,1086399264.60922710
2024-04-23 00:00:00,66819.32000000,67183.01000000,65765.81000000,66414.00000000,22599.90004000,2024-04-23 23:59:59,1502139968.71988170,1433915,10854.17402000,721404825.84704100
2024-04-24 00:00:00,66414.00000000,67070.43000000,63606.06000000,64289.59000000,33595.69637000,2024-04-24 23:59:59,2195714861.65765590,1784897,16899.50969000,1104368114.10586980
2024-04-25 00:00:00,64289.58000000,65297.94000000,62794.00000000,64498.34000000,31341.46338000,2024-04-25 23:59:59,2007704069.26227290,1375324,14808.62959000,948738136.26843800
2024-04-26 00:00:00,64498.33000000,64820.01000000,63297.48000000,63770.01000000,27085.19346000,2024-04-26 23:59:59,1736631357.35373870,1025561,13570.23647000,870093757.51889900
2024-04-27 00:00:00,63770.00000000,63923.41000000,62391.24000000,63461.98000000,20933.06052000,2024-04-27 23:59:59,1320337707.78711590,912422,9903.95325000,624733409.21128790
2024-04-28 00:00:00,63461.98000000,64370.00000000,62781.00000000,63118.62000000,16949.20005000,2024-04-28 23:59:59,1078450016.47322960,790652,7941.33811000,505261267.56950520
2024-04-29 00:00:00,63118.62000000,64228.35000000,61765.53000000,63866.00000000,28150.22947000,2024-04-29 23:59:59,1765038324.68372130,1152296,13986.59437000,877053322.30799690
2024-04-30 00:00:00,63866.00000000,64734.00000000,59191.60000000,60672.00000000,54947.65535000,2024-04-30 23:59:59,3372142467.43225250,1985671,26385.41614000,1620421850.57869910
2024-05-01 00:00:00,60672.01000000,60841.63000000,56552.82000000,58364.97000000,81166.46823000,2024-05-01 23:59:59,4705572361.74020020,2401089,38203.57377000,2213404278.59001090
2024-05-02 00:00:00,58364.97000000,59625.00000000,56911.84000000,59060.61000000,47583.81961000,2024-05-02 23:59:59,2778840305.05057860,1572898,23240.75370000,1356148775.88673650
2024-05-03 00:00:00,59060.60000000,63333.00000000,58811.32000000,62882.01000000,43628.40143000,2024-05-03 23:59:59,2658193708.34790420,1558661,22145.44334000,1349687455.59576090
2024-05-04 00:00:00,62882.01000000,64540.00000000,62541.03000000,63892.04000000,24368.69282000,2024-05-04 23:59:59,1547468697.87657970,1113509,12671.20599000,804768764.30625010
2024-05-05 00:00:00,63892.03000000,64646.00000000,62822.17000000,64012.00000000,18526.75029000,2024-05-05 23:59:59,1182572239.53061830,992921,8954.93439000,571783428.23947070
2024-05-06 00:00:00,64012.00000000,65500.00000000,62700.00000000,63165.19000000,34674.91949000,2024-05-06 23:59:59,2218131198.46613250,1392557,17179.56031000,1099303474.28052170
2024-05-07 00:00:00,63165.18000000,64422.41000000,62261.00000000,62312.08000000,25598.79472000,2024-05-07 23:59:59,1624531631.59237700,1272898,12502.38281000,793575994.21410250
2024-05-08 00:00:00,62312.07000000,63020.22000000,60888.00000000,61193.03000000,26121.19004000,2024-05-08 23:59:59,1623561041.12551880,1415152,12669.58179000,787749415.54808140
2024-05-09 00:00:00,61193.03000000,63429.03000000,60630.00000000,63074.01000000,30660.80610000,2024-05-09 23:59:59,1895849912.77347550,1381957,15120.01471000,935341755.67823540
2024-05-10 00:00:00,63074.00000000,63469.13000000,60187.12000000,60799.99000000,36529.34025000,2024-05-10 23:59:59,2255550468.41385220,1500643,18066.83174000,1116494638.28048920
2024-05-11 00:00:00,60799.99000000,61515.00000000,60487.09000000,60825.99000000,13374.56936000,2024-05-11 23:59:59,814928013.45732880,753281,6223.09555000,379263096.21513300
2024-05-12 00:00:00,60825.99000000,61888.00000000,60610.00000000,61483.99000000,12753.13236000,2024-05-12 23:59:59,781041632.46238350,727113,6416.91108000,393132351.88839250
2024-05-13 00:00:00,61484.00000000,63450.00000000,60749.21000000,62940.08000000,32733.41839000,2024-05-13 23:59:59,2041896626.61081470,1371433,16717.90863000,1043060982.35746010
2024-05-14 00:00:00,62940.09000000,63118.36000000,61142.77000000,61577.49000000,29088.72041000,2024-05-14 23:59:59,1800171876.16766540,1127939,13815.81443000,855088066.21248800
2024-05-15 00:00:00,61577.49000000,66444.16000000,61319.47000000,66206.50000000,43559.74719000,2024-05-15 23:59:59,2794259631.89104640,1729454,21797.84094000,1398781701.44138860
2024-05-16 00:00:00,66206.51000000,66752.01000000,64602.77000000,65235.21000000,31106.36710000,2024-05-16 23:59:59,2045507646.82938490,1269793,15645.11263000,1028962305.10438390
2024-05-17 00:00:00,65235.21000000,67451.20000000,65106.38000000,67024.00000000,26292.23409000,2024-05-17 23:59:59,1745971822.34474550,1117254,13301.09525000,883129353.16334290
2024-05-18 00:00:00,67024.00000000,67400.01000000,66600.00000000,66915.20000000,14441.25774000,2024-05-18 23:59:59,967145944.68353170,734067,6911.13424000,462859253.58791080
2024-05-19 00:00:00,66915.20000000,67700.00000000,65857.25000000,66274.01000000,18025.30409000,2024-05-19 23:59:59,1204989222.87686860,823729,8692.17507000,581378180.33745970
2024-05-20 00:00:00,66274.00000000,71515.56000000,66060.31000000,71446.62000000,50816.70110000,2024-05-20 23:59:59,3485474763.75229410,1930939,26792.52994000,1839346667.54078900
2024-05-21 00:00:00,71446.62000000,71979.00000000,69162.94000000,70148.34000000,49607.43360000,2024-05-21 23:59:59,3509345769.23360780,2137448,24686.27911000,1746693652.32872200
2024-05-22 00:00:00,70148.34000000,70666.00000000,68842.19000000,69166.62000000,27673.18026000,2024-05-22 23:59:59,1931700812.30321440,1371973,13124.78731000,916344293.91047570
2024-05-23 00:00:00,69166.62000000,70096.12000000,66312.16000000,67969.65000000,40513.17374000,2024-05-23 23:59:59,2766790260.78860240,1827855,19791.15119000,1351640092.58136590
2024-05-24 00:00:00,67969.66000000,69250.00000000,66600.12000000,68549.99000000,28095.83664000,2024-05-24 23:59:59,1906438696.71560120,1165907,14344.29889000,973457354.69577570
2024-05-25 00:00:00,68549.99000000,69610.00000000,68500.00000000,69290.57000000,12130.39418000,2024-05-25 23:59:59,837339788.98389610,703803,5851.95991000,403954862.66947920
2024-05-26 00:00:00,69290.56000000,69562.23000000,68128.01000000,68507.67000000,11872.11797000,2024-05-26 23:59:59,818914878.99088980,722849,5934.62083000,409411078.54609240
2024-05-27 00:00:00,68507.67000000,70687.56000000,68250.00000000,69436.43000000,23136.92737000,2024-05-27 23:59:59,1604722197.83740280,1219341,11709.62174000,812172288.25763730
2024-05-28 00:00:00,69436.43000000,69591.81000000,67277.91000000,68398.39000000,32622.97042000,2024-05-28 23:59:59,2224860225.79922270,1459351,15543.09776000,1059920452.31461710
2024-05-29 00:00:00,68398.40000000,68935.68000000,67124.65000000,67652.42000000,23159.83149000,2024-05-29 23:59:59,1573095221.64839840,1221044,11748.55954000,797928379.36691790
2024-05-30 00:00:00,67652.41000000,69500.00000000,67128.00000000,68352.17000000,28478.21840000,2024-05-30 23:59:59,1945001081.52158660,1272851,14074.36655000,961595245.17878340
2024-05-31 00:00:00,68352.17000000,69044.10000000,66670.00000000,67540.01000000,26690.32184000,2024-05-31 23:59:59,1812659052.24967660,1177860,13258.10182000,900414200.11617690
2024-06-01 00:00:00,67540.01000000,67900.00000000,67428.44000000,67766.85000000,8837.66133000,2024-06-01 23:59:59,598305207.99320460,638484,4235.27045000,286752060.40289290
2024-06-02 00:00:00,67766.84000000,68460.00000000,67257.47000000,67765.63000000,15426.32529000,2024-06-02 23:59:59,1046827665.38293130,812348,7760.23377000,526768921.12622220
2024-06-03 00:00:00,67765.62000000,70288.00000000,67612.48000000,68809.90000000,29633.37400000,2024-06-03 23:59:59,2047757076.22683570,1253789,15308.67275000,1058024704.35337320
2024-06-04 00:00:00,68809.89000000,71063.45000000,68567.32000000,70537.84000000,29619.78489000,2024-06-04 23:59:59,2069902136.99324010,1254515,14922.96734000,1043071241.62848080
2024-06-05 00:00:00,70537.83000000,71758.00000000,70383.66000000,71108.00000000,28703.18082000,2024-06-05 23:59:59,2040073765.86763960,1055115,14210.23392000,1010053925.79108140
2024-06-06 00:00:00,71108.00000000,71700.00000000,70117.64000000,70799.06000000,21842.00449000,2024-06-06 23:59:59,1551467659.15429660,900226,10287.39110000,730849194.23039900
2024-06-07 00:00:00,70799.06000000,71997.02000000,68420.00000000,69355.60000000,35598.45045000,2024-06-07 23:59:59,2507250591.33297820,1516415,17318.78051000,1220810920.34443310
2024-06-08 00:00:00,69355.60000000,69582.20000000,69168.02000000,69310.46000000,9773.82967000,2024-06-08 23:59:59,678267390.53103880,714103,4772.23036000,331182466.90034250
2024-06-09 00:00:00,69310.46000000,69857.14000000,69130.24000000,69648.14000000,9890.56709000,2024-06-09 23:59:59,687344656.07255660,575583,4883.69296000,339405376.08154470
2024-06-10 00:00:00,69648.15000000,70195.94000000,69172.29000000,69540.00000000,17122.66941000,2024-06-10 23:59:59,1192466549.96912270,936731,8412.00246000,585909223.77581300
2024-06-11 00:00:00,69540.00000000,69590.01000000,66051.00000000,67314.24000000,41436.01588000,2024-06-11 23:59:59,2793799020.46912430,1782415,19839.82320000,1337254654.99899240
2024-06-12 00:00:00,67314.23000000,69999.00000000,66905.00000000,68263.99000000,37175.32356000,2024-06-12 23:59:59,2550285139.18437200,1670745,18975.89081000,1302069589.64168150
2024-06-13 00:00:00,68263.98000000,68449.30000000,66251.78000000,66773.01000000,29079.55571000,2024-06-13 23:59:59,1958897960.91729170,1518202,13886.14007000,935614189.69868110
2024-06-14 00:00:00,66773.01000000,67370.24000000,65078.00000000,66043.99000000,28408.18797000,2024-06-14 23:59:59,1884451554.42828490,1736314,13619.40861000,903708200.78497490
2024-06-15 00:00:00,66043.99000000,66478.48000000,65857.10000000,66228.25000000,11451.80242000,2024-06-15 23:59:59,758175888.02833720,700886,5495.02083000,363796116.45357520
2024-06-16 00:00:00,66228.25000000,66998.70000000,66034.50000000,66676.87000000,9392.52223000,2024-06-16 23:59:59,624653672.61385750,703295,4750.05166000,315940653.99261210
2024-06-17 00:00:00,66676.86000000,67298.81000000,65130.00000000,66504.33000000,27386.16851000,2024-06-17 23:59:59,1812061226.75656550,1542620,13716.89431000,907703353.53049530
2024-06-18 00:00:00,66504.33000000,66588.23000000,64060.00000000,65175.32000000,42350.10244000,2024-06-18 23:59:59,2755141806.03109010,2151711,20076.41361000,1305946733.58928080
2024-06-19 00:00:00,65175.32000000,65727.54000000,64666.00000000,64974.37000000,20060.79576000,2024-06-19 23:59:59,1307731953.95453160,1078458,10289.78180000,670875724.31372840
2024-06-20 00:00:00,64974.37000000,66482.94000000,64559.15000000,64869.99000000,24265.29031000,2024-06-20 23:59:59,1584896152.16637010,1282687,11828.87934000,772646071.21699650
2024-06-21 00:00:00,64869.99000000,65066.66000000,63379.35000000,64143.56000000,25993.56442000,2024-06-21 23:59:59,1665541539.70861590,1362617,12543.25960000,803462610.69190860
2024-06-22 00:00:00,64143.56000000,64546.81000000,63943.82000000,64262.01000000,7308.95542000,2024-06-22 23:59:59,470027247.34020830,562832,3756.29045000,241583895.45436180
2024-06-23 00:00:00,64262.01000000,64521.00000000,63178.32000000,63210.01000000,8224.45447000,2024-06-23 23:59:59,526848525.00294520,592759,3974.67964000,254685735.53387730
2024-06-24 00:00:00,63210.01000000,63369.80000000,58402.00000000,60293.30000000,52161.35414000,2024-06-24 23:59:59,3180853460.92475080,2190787,24495.59428000,1493633137.52665430
2024-06-25 00:00:00,60293.30000000,62420.00000000,60257.06000000,61806.01000000,31189.24361000,2024-06-25 23:59:59,1914901308.84587010,1277481,15360.08458000,943071608.51094150
2024-06-26 00:00:00,61806.01000000,62487.81000000,60712.00000000,60864.99000000,22485.66463000,2024-06-26 23:59:59,1381716993.35549190,1112152,11435.02653000,702676210.43654810
2024-06-27 00:00:00,60864.98000000,62389.22000000,60606.63000000,61706.47000000,18344.28631000,2024-06-27 23:59:59,1126705164.78289200,1062176,9298.26500000,570914131.05718340
2024-06-28 00:00:00,61706.46000000,62225.31000000,60063.00000000,60427.84000000,24821.19255000,2024-06-28 23:59:59,1519872032.02663600,1479626,12661.53908000,775499790.79123460
2024-06-29 00:00:00,60427.84000000,61224.00000000,60383.77000000,60986.68000000,11509.55904000,2024-06-29 23:59:59,701345872.48811430,767669,5461.68911000,332791254.69089930
2024-06-30 00:00:00,60986.68000000,63058.76000000,60712.21000000,62772.01000000,17326.30136000,2024-06-30 23:59:59,1070250012.54466050,1108912,8224.44601000,508208752.08569870
2024-07-01 00:00:00,62772.01000000,63861.76000000,62497.20000000,62899.99000000,24547.10538000,2024-07-01 23:59:59,1550980813.67013450,1461508,12388.60654000,782785773.83555930
2024-07-02 00:00:00,62900.00000000,63288.83000000,61806.28000000,62135.47000000,18573.11875000,2024-07-02 23:59:59,1160792332.61755960,1308816,9453.17931000,590763216.57998250
2024-07-03 00:00:00,62135.46000000,62285.94000000,59400.00000000,60208.58000000,32160.11127000,2024-07-03 23:59:59,1945901232.90665710,1839372,15055.45492000,910631739.67384830
2024-07-04 00:00:00,60208.57000000,60498.19000000,56771.00000000,57050.01000000,54568.77276000,2024-07-04 23:59:59,3168619756.24364850,2523236,24982.98822000,1450509608.68042170
2024-07-05 00:00:00,57050.02000000,57546.00000000,53485.93000000,56628.79000000,81348.24756000,2024-07-05 23:59:59,4515040083.53651490,3749255,37926.65162000,2104682004.51668210
2024-07-06 00:00:00,56628.79000000,58475.00000000,56018.00000000,58230.13000000,21651.31558000,2024-07-06 23:59:59,1235398733.43570290,1411065,11083.50401000,632724011.54747280
2024-07-07 00:00:00,58230.13000000,58449.46000000,55724.37000000,55857.81000000,19118.93918000,2024-07-07 23:59:59,1094135752.45286890,1289229,9081.66872000,519830378.93556300
2024-07-08 00:00:00,55857.81000000,58236.73000000,54260.16000000,56714.62000000,48090.20490000,2024-07-08 23:59:59,2699942701.37551110,2554389,23963.90684000,1346497811.21179220
2024-07-09 00:00:00,56714.61000000,58296.00000000,56289.45000000,58050.00000000,27732.20788000,2024-07-09 23:59:59,1592351321.65538700,1757693,14143.25001000,812249336.74934340
2024-07-10 00:00:00,58050.00000000,59470.00000000,57157.79000000,57725.85000000,24951.73799000,2024-07-10 23:59:59,1452293495.65014880,1766696,12423.53162000,723209557.64967550
2024-07-11 00:00:00,57725.85000000,59650.00000000,57050.00000000,57339.89000000,29761.05735000,2024-07-11 23:59:59,1728929618.05838440,2157661,15019.30135000,872986677.11952730
2024-07-12 00:00:00,57339.89000000,58526.68000000,56542.47000000,57889.10000000,23652.45690000,2024-07-12 23:59:59,1360201319.07615040,1749738,11488.82545000,661028735.66443120
2024-07-13 00:00:00,57889.09000000,59850.00000000,57756.63000000,59204.02000000,15357.74519000,2024-07-13 23:59:59,900429281.14823270,1114391,7889.36244000,462600767.86107760
2024-07-14 00:00:00,59204.01000000,61420.69000000,59194.01000000,60797.91000000,21178.33907000,2024-07-14 23:59:59,1273562988.61117610,1456088,10479.46025000,630300143.25984630
2024-07-15 00:00:00,60797.91000000,64900.00000000,60632.30000000,64724.14000000,38690.97820000,2024-07-15 23:59:59,2435540879.02893340,2600425,19076.54212000,1201411783.66660390
2024-07-16 00:00:00,64724.06000000,65388.97000000,62373.24000000,65043.99000000,42530.52915000,2024-07-16 23:59:59,2725231969.28845080,2484783,21595.04799000,1384337933.33100270
2024-07-17 00:00:00,65044.00000000,66128.63000000,63854.00000000,64087.99000000,29567.52954000,2024-07-17 23:59:59,1922412273.08820950,1868671,14616.17013000,950725865.58566080
2024-07-18 00:00:00,64087.99000000,65133.30000000,63238.48000000,63987.92000000,22568.72250000,2024-07-18 23:59:59,1449872437.64979730,1696742,11288.35191000,725073622.70567400
2024-07-19 00:00:00,63987.92000000,67386.00000000,63300.67000000,66660.00000000,35634.72739000,2024-07-19 23:59:59,2331517674.36865920,2184889,17971.06949000,1176753281.03832610
2024-07-20 00:00:00,66660.01000000,67598.00000000,66222.46000000,67139.96000000,14386.92434000,2024-07-20 23:59:59,961878801.84822110,995093,6868.63454000,459313955.25348910
2024-07-21 00:00:00,67139.97000000,68366.66000000,65777.00000000,68165.34000000,21819.11191000,2024-07-21 23:59:59,1465757867.97474330,1322942,11412.05459000,766856991.84253770
2024-07-22 00:00:00,68165.35000000,68474.55000000,66559.97000000,67532.01000000,21451.04303000,2024-07-22 23:59:59,1448418369.84670970,1558140,10263.95040000,693063991.11910680
2024-07-23 00:00:00,67532.00000000,67750.98000000,65441.08000000,65936.01000000,31406.15316000,2024-07-23 23:59:59,2088544473.32350770,1772089,15168.84798000,1008794779.03899120
2024-07-24 00:00:00,65936.00000000,67102.01000000,65111.00000000,65376.00000000,23082.56277000,2024-07-24 23:59:59,1526490826.46699670,1391053,10827.75551000,716084205.20164140
2024-07-25 00:00:00,65376.01000000,66175.49000000,63456.70000000,65799.95000000,35126.42934000,2024-07-25 23:59:59,2266419771.22486380,1830360,16579.45258000,1070150879.36395480
2024-07-26 00:00:00,65799.95000000,68200.00000000,65722.63000000,67907.99000000,24244.36023000,2024-07-26 23:59:59,1630839588.69665470,1406982,12444.52129000,837159298.56635020
2024-07-27 00:00:00,67908.00000000,69399.99000000,66650.00000000,67896.50000000,31710.21921000,2024-07-27 23:59:59,2162335067.02341760,1690591,15838.92820000,1080427116.19164440
2024-07-28 00:00:00,67896.49000000,68318.43000000,67066.66000000,68249.88000000,10868.69394000,2024-07-28 23:59:59,736755676.13774510,821210,5403.48694000,366295409.63502700
2024-07-29 00:00:00,68249.88000000,70079.99000000,66428.00000000,66784.69000000,36467.29633000,2024-07-29 23:59:59,2499265962.09145500,1952812,18196.23316000,1248743452.55767880
2024-07-30 00:00:00,66784.68000000,67000.00000000,65302.67000000,66188.00000000,23132.25441000,2024-07-30 23:59:59,1533270724.79942100,1622083,11096.82554000,735708436.02368670
2024-07-31 00:00:00,66188.00000000,66849.24000000,64530.00000000,64628.00000000,22625.43905000,2024-07-31 23:59:59,1489443332.59601170,1609976,10818.48504000,712275323.70693700
2024-08-01 00:00:00,64628.01000000,65659.78000000,62302.00000000,65354.02000000,35542.26854000,2024-08-01 23:59:59,2270877792.65867990,2397257,16886.93292000,1079221072.75802780
2024-08-02 00:00:00,65354.02000000,65596.14000000,61230.01000000,61498.33000000,38820.42937000,2024-08-02 23:59:59,2469588785.69815740,2457735,18202.35794000,1158565579.09029100
2024-08-03 00:00:00,61498.34000000,62198.22000000,59850.00000000,60697.99000000,28034.71567000,2024-08-03 23:59:59,1711555901.18010990,1669555,12947.95791000,790701622.63757370
2024-08-04 00:00:00,60697.99000000,61117.63000000,57122.77000000,58161.00000000,31616.52003000,2024-08-04 23:59:59,1874490041.54373530,1886195,14556.62470000,863334319.96789840
2024-08-05 00:00:00,58161.00000000,58305.59000000,49000.00000000,54018.81000000,162065.59186000,2024-08-05 23:59:59,8580928177.42990090,7568497,77363.26323000,4097736999.06792360
2024-08-06 00:00:00,54018.82000000,57040.99000000,53950.00000000,56022.01000000,55884.77676000,2024-08-06 23:59:59,3119018848.32988790,3433824,27934.19288000,1559417942.64908360
2024-08-07 00:00:00,56022.00000000,57736.05000000,54558.62000000,55134.16000000,44269.37684000,2024-08-07 23:59:59,2490553853.60258280,2397504,21897.14983000,1232415104.44728570
2024-08-08 00:00:00,55133.76000000,62745.14000000,54730.00000000,61685.99000000,48349.52949000,2024-08-08 23:59:59,2836312292.43181820,2603042,25676.29533000,1508140014.00051670
2024-08-09 00:00:00,61686.00000000,61744.37000000,59535.00000000,60837.99000000,30972.48017000,2024-08-09 23:59:59,1878350555.51226330,1827809,15023.05073000,911225295.62634360
2024-08-10 00:00:00,60837.99000000,61470.58000000,60242.00000000,60923.51000000,9995.20621000,2024-08-10 23:59:59,607372221.24603980,800499,4893.63854000,297435046.00250790
2024-08-11 00:00:00,60923.51000000,61858.00000000,58286.73000000,58712.59000000,19189.84512000,2024-08-11 23:59:59,1152081498.15677740,1319469,9094.74521000,546165456.95507360
2024-08-12 00:00:00,58712.59000000,60711.09000000,57642.21000000,59346.64000000,37009.91743000,2024-08-12 23:59:59,2186851067.31658610,2293837,18279.26596000,1080368631.14278460
2024-08-13 00:00:00,59346.64000000,61578.10000000,58392.88000000,60587.15000000,27858.95851000,2024-08-13 23:59:59,1668247896.84771860,1713485,13647.22341000,817397824.22938570
2024-08-14 00:00:00,60587.16000000,61800.00000000,58433.18000000,58683.39000000,28422.76326000,2024-08-14 23:59:59,1705464263.50586500,1729342,13263.89620000,796386901.36411660
2024-08-15 00:00:00,58683.39000000,59849.38000000,56078.54000000,57541.06000000,37686.17622000,2024-08-15 23:59:59,2194915865.05222870,2507858,17255.22311000,1005337423.72642390
2024-08-16 00:00:00,57541.05000000,59817.76000000,57098.62000000,58874.60000000,27610.84344000,2024-08-16 23:59:59,1614654900.33327160,1999539,13963.51824000,816740633.54544620
2024-08-17 00:00:00,58874.59000000,59700.00000000,58785.05000000,59491.99000000,7721.72931000,2024-08-17 23:59:59,457737705.77228390,807159,3871.65310000,229477473.80983910
2024-08-18 00:00:00,59491.99000000,60284.99000000,58408.92000000,58427.35000000,13634.85717000,2024-08-18 23:59:59,813166580.72648510,1099730,6660.58254000,397459480.87198230
2024-08-19 00:00:00,58427.35000000,59617.63000000,57787.30000000,59438.50000000,22809.31251000,2024-08-19 23:59:59,1336287900.19763400,1636295,11350.30776000,665066212.75953550
2024-08-20 00:00:00,59438.50000000,61400.00000000,58548.23000000,59013.80000000,31477.44548000,2024-08-20 23:59:59,1890620149.79102020,1904519,16041.22019000,964180516.15293990
2024-08-21 00:00:00,59013.80000000,61820.93000000,58783.47000000,61156.03000000,27983.64220000,2024-08-21 23:59:59,1682529555.09605460,1981525,14156.90984000,851829721.39945480
2024-08-22 00:00:00,61156.03000000,61400.00000000,59724.87000000,60375.84000000,21241.20588000,2024-08-22 23:59:59,1288544247.95601750,1718280,10269.33376000,623042041.07817350
2024-08-23 00:00:00,60375.83000000,64955.00000000,60342.14000000,64037.24000000,38118.07089000,2024-08-23 23:59:59,2375916932.79354870,2555682,20372.88336000,1270318490.02577540
2024-08-24 00:00:00,64037.24000000,64494.50000000,63531.00000000,64157.01000000,15857.15616000,2024-08-24 23:59:59,1015774255.17407640,1551856,7643.02686000,489673236.65980020
2024-08-25 00:00:00,64157.02000000,65000.00000000,63773.27000000,64220.00000000,12305.47977000,2024-08-25 23:59:59,789935122.99302420,1263065,6315.72233000,405555580.86044380
2024-08-26 00:00:00,64219.99000000,64481.00000000,62800.00000000,62834.00000000,19470.05276000,2024-08-26 23:59:59,1238341818.43201660,2152841,8995.67609000,572188217.62956750
2024-08-27 00:00:00,62834.00000000,63212.00000000,58034.01000000,59415.00000000,35135.94178000,2024-08-27 23:59:59,2158144642.99299270,2995281,15873.15360000,975361314.87765910
2024-08-28 00:00:00,59415.00000000,60234.98000000,57860.00000000,59034.90000000,36868.54275000,2024-08-28 23:59:59,2183054412.97408700,3664134,17135.91162000,1014904733.06851290
2024-08-29 00:00:00,59034.90000000,61166.99000000,58713.09000000,59359.01000000,27020.90743000,2024-08-29 23:59:59,1617931684.25857600,2743900,13152.38590000,787682410.35188690
2024-08-30 00:00:00,59359.00000000,59944.07000000,57701.10000000,59123.99000000,28519.32195000,2024-08-30 23:59:59,1680918972.46584970,2845696,13783.34749000,812769089.28498120
2024-08-31 00:00:00,59123.99000000,59462.38000000,58744.00000000,58973.99000000,8798.40900000,2024-08-31 23:59:59,519849184.86904460,895944,4195.93079000,247955494.35915920
2024-09-01 00:00:00,58974.00000000,59076.59000000,57201.00000000,57301.86000000,20705.15741000,2024-09-01 23:59:59,1202176847.39105850,2153180,9651.50531000,560452387.89854740
2024-09-02 00:00:00,57301.77000000,59425.69000000,57128.00000000,59132.13000000,22895.01461000,2024-09-02 23:59:59,1333092369.44656860,1966119,11295.25452000,657496577.63048030
2024-09-03 00:00:00,59132.12000000,59809.65000000,57415.00000000,57487.73000000,22828.18447000,2024-09-03 23:59:59,1335076815.85992480,2208758,10979.79204000,642252673.11321130
2024-09-04 00:00:00,57487.74000000,58519.00000000,55606.00000000,57970.90000000,35560.82146000,2024-09-04 23:59:59,2027630870.17967540,3177549,16861.75483000,961923197.77825300
2024-09-05 00:00:00,57970.90000000,58327.07000000,55643.65000000,56180.00000000,27806.91413000,2024-09-05 23:59:59,1577770853.10079750,3368058,12955.88970000,734996919.35909540
2024-09-06 00:00:00,56180.00000000,57008.00000000,52550.00000000,53962.97000000,54447.76826000,2024-09-06 23:59:59,2988914918.92433420,5287281,25325.18849000,1390546230.88109310
2024-09-07 00:00:00,53962.97000000,54850.00000000,53745.54000000,54160.86000000,16694.04774000,2024-09-07 23:59:59,905693342.58983220,1920923,8023.90683000,435381439.00959560
2024-09-08 00:00:00,54160.86000000,55318.00000000,53629.01000000,54869.95000000,16274.14779000,2024-09-08 23:59:59,885743172.91847590,1796092,8031.76084000,437221897.11041520
2024-09-09 00:00:00,54869.95000000,58088.00000000,54591.96000000,57042.00000000,32384.51737000,2024-09-09 23:59:59,1809715390.04932940,3355912,16412.83148000,917669512.22202930
2024-09-10 00:00:00,57042.01000000,58044.36000000,56386.40000000,57635.99000000,23626.78126000,2024-09-10 23:59:59,1349365460.09005710,2843148,11690.37506000,667774722.69939110
2024-09-11 00:00:00,57635.99000000,57981.71000000,55545.19000000,57338.00000000,33026.56757000,2024-09-11 23:59:59,1875738697.37841530,4045103,15979.30786000,907634258.56498910
2024-09-12 00:00:00,57338.00000000,58588.00000000,57324.00000000,58132.32000000,31074.40631000,2024-09-12 23:59:59,1802848638.07570170,3706764,14783.00418000,857572456.51008690
2024-09-13 00:00:00,58132.31000000,60625.00000000,57632.62000000,60498.00000000,29825.23333000,2024-09-13 23:59:59,1760671733.54929960,3378012,15395.13731000,909141733.97476540
2024-09-14 00:00:00,60497.99000000,60610.45000000,59400.00000000,59993.03000000,12137.90901000,2024-09-14 23:59:59,728527024.34169630,1288784,5570.22098000,334303099.74321360
2024-09-15 00:00:00,59993.02000000,60395.80000000,58691.05000000,59132.00000000,13757.92361000,2024-09-15 23:59:59,822410872.39069560,1552950,6431.24697000,384460724.57039670
2024-09-16 00:00:00,59132.00000000,59210.70000000,57493.30000000,58213.99000000,26477.56420000,2024-09-16 23:59:59,1543273198.70274520,3145152,12859.75840000,749563220.80605080
2024-09-17 00:00:00,58213.99000000,61320.00000000,57610.01000000,60313.99000000,33116.25878000,2024-09-17 23:59:59,1983378424.77570380,3918209,16390.65993000,981860543.27358150
2024-09-18 00:00:00,60313.99000000,61786.24000000,59174.80000000,61759.99000000,36087.02469000,2024-09-18 23:59:59,2174000496.82077610,5167671,18429.59712000,1110622778.75108520
2024-09-19 00:00:00,61759.98000000,63850.00000000,61555.00000000,62947.99000000,34332.52608000,2024-09-19 23:59:59,2153175931.17387170,4438284,17609.62958000,1104427424.52469690
2024-09-20 00:00:00,62948.00000000,64133.32000000,62350.00000000,63201.05000000,25466.37794000,2024-09-20 23:59:59,1611195963.99080440,3969296,12411.32227000,785440558.81257280
2024-09-21 00:00:00,63201.05000000,63559.90000000,62758.00000000,63348.96000000,8375.34608000,2024-09-21 23:59:59,528657852.31830240,1283611,3877.73743000,244802615.78455930
2024-09-22 00:00:00,63348.97000000,64000.00000000,62357.93000000,63578.76000000,14242.19892000,2024-09-22 23:59:59,897477338.37351270,2145736,6923.17369000,436456231.95378810
2024-09-23 00:00:00,63578.76000000,64745.88000000,62538.75000000,63339.99000000,24078.05287000,2024-09-23 23:59:59,1531015038.36802670,3999187,12331.07643000,784350440.71456530
2024-09-24 00:00:00,63339.99000000,64688.00000000,62700.00000000,64262.70000000,23185.04759000,2024-09-24 23:59:59,1472720338.85629160,3870157,11522.89363000,732118662.41710540
2024-09-25 00:00:00,64262.70000000,64817.99000000,62947.08000000,63152.01000000,17813.11168000,2024-09-25 23:59:59,1135250828.27321490,3355531,8384.67983000,534590429.21054930
2024-09-26 00:00:00,63152.01000000,65839.00000000,62670.00000000,65173.99000000,28373.30593000,2024-09-26 23:59:59,1831204595.94489680,4361333,15041.98860000,971176161.38708060
2024-09-27 00:00:00,65173.99000000,66498.00000000,64819.90000000,65769.95000000,22048.80487000,2024-09-27 23:59:59,1448852210.36022120,3498529,11092.85716000,729156061.36792320
2024-09-28 00:00:00,65769.95000000,66260.00000000,65422.23000000,65858.00000000,9127.23316000,2024-09-28 23:59:59,600118483.12225210,1341703,4501.22534000,296026669.83370660
2024-09-29 00:00:00,65858.00000000,66076.12000000,65432.00000000,65602.01000000,8337.74111000,2024-09-29 23:59:59,547980013.71523030,1413449,4132.93780000,271622295.35352910
2024-09-30 00:00:00,65602.01000000,65618.80000000,62856.30000000,63327.59000000,30011.08752000,2024-09-30 23:59:59,1920250261.74421610,3978584,14451.93044000,924324016.73584480
2024-10-01 00:00:00,63327.60000000,64130.63000000,60164.00000000,60805.78000000,43671.48108000,2024-10-01 23:59:59,2723672081.83262550,5607069,20951.74486000,1308603194.33104010
2024-10-02 00:00:00,60804.92000000,62390.31000000,60000.00000000,60649.28000000,31534.70118000,2024-10-02 23:59:59,1928377637.83678390,5313210,15719.32519000,961468320.51547270
2024-10-03 00:00:00,60649.27000000,61477.19000000,59828.11000000,60752.71000000,26221.43472000,2024-10-03 23:59:59,1590773866.80744340,5244004,12906.51464000,783073701.73311730
2024-10-04 00:00:00,60752.72000000,62484.85000000,60459.90000000,62086.00000000,21294.65994000,2024-10-04 23:59:59,1311145630.50204980,3798631,10689.34488000,658151113.93518280
2024-10-05 00:00:00,62086.00000000,62370.56000000,61689.26000000,62058.00000000,7807.46141000,2024-10-05 23:59:59,484588468.34191230,1183175,3690.55536000,229107774.75427000
2024-10-06 00:00:00,62058.01000000,62975.00000000,61798.97000000,62819.91000000,8906.86177000,2024-10-06 23:59:59,555669634.47735140,1556553,4798.29924000,299426562.83034480
2024-10-07 00:00:00,62819.91000000,64478.19000000,62128.00000000,62224.00000000,25966.18520000,2024-10-07 23:59:59,1646315506.57919460,4809342,12760.73415000,809108823.51261260
2024-10-08 00:00:00,62224.01000000,63200.00000000,61860.31000000,62160.49000000,19702.22371000,2024-10-08 23:59:59,1230076253.81865700,3798438,9614.36947000,600357593.78737790
2024-10-09 00:00:00,62160.50000000,62543.75000000,60301.00000000,60636.02000000,20011.15684000,2024-10-09 23:59:59,1234778807.59324170,3668363,9454.70171000,583725546.03098850
2024-10-10 00:00:00,60636.01000000,61321.68000000,58946.00000000,60326.39000000,23967.92481000,2024-10-10 23:59:59,1445604381.93637920,3872577,10827.77272000,653182369.94276710
2024-10-11 00:00:00,60326.40000000,63417.56000000,60087.64000000,62540.00000000,23641.35209000,2024-10-11 23:59:59,1462219576.84986490,3222180,12099.56755000,748431117.91657060
2024-10-12 00:00:00,62539.99000000,63480.00000000,62487.23000000,63206.22000000,10911.30116000,2024-10-12 23:59:59,686978508.98875430,1770837,5196.91695000,327263147.47604010
2024-10-13 00:00:00,63206.23000000,63285.72000000,62050.00000000,62870.02000000,11909.21995000,2024-10-13 23:59:59,746564374.20823870,2242529,5855.04617000,367046338.91942090
2024-10-14 00:00:00,62870.02000000,66500.00000000,62457.81000000,66083.99000000,37669.95222000,2024-10-14 23:59:59,2450094472.81354500,4977577,19941.11906000,1297062359.24748640
2024-10-15 00:00:00,66084.00000000,67950.00000000,64800.01000000,67074.14000000,43683.95423000,2024-10-15 23:59:59,2894021862.31951800,6245619,21820.68200000,1446378130.56598510
2024-10-16 00:00:00,67074.14000000,68424.00000000,66750.49000000,67620.01000000,29938.25544000,2024-10-16 23:59:59,2024560410.10626740,5109685,15212.87402000,1029210667.47582840
2024-10-17 00:00:00,67620.00000000,67939.40000000,66666.00000000,67421.78000000,25328.22861000,2024-10-17 23:59:59,1702164439.56545950,3981960,12153.94712000,816887407.40423790
2024-10-18 00:00:00,67421.78000000,69000.00000000,67192.36000000,68428.00000000,28725.63500000,2024-10-18 23:59:59,1959735899.87696440,4010969,14218.17850000,970440964.26681170
2024-10-19 00:00:00,68427.99000000,68693.26000000,68010.00000000,68378.00000000,8193.66737000,2024-10-19 23:59:59,559628628.96131050,1152428,4071.19627000,278085065.51769250
2024-10-20 00:00:00,68377.99000000,69400.00000000,68100.00000000,69031.99000000,12442.47378000,2024-10-20 23:59:59,854082429.81058610,1563795,6772.92574000,465001555.93098300
2024-10-21 00:00:00,69032.00000000,69519.52000000,66840.67000000,67377.50000000,31374.42184000,2024-10-21 23:59:59,2130833593.54669770,3686777,13593.60828000,923860758.42088440
2024-10-22 00:00:00,67377.50000000,67836.01000000,66571.42000000,67426.00000000,24598.96268000,2024-10-22 23:59:59,1654285791.66055570,3669291,12400.51857000,834160889.23987370
2024-10-23 00:00:00,67426.01000000,67472.83000000,65260.00000000,66668.65000000,25530.24070000,2024-10-23 23:59:59,1695101430.91874660,3807365,11888.33995000,789384635.11068600
2024-10-24 00:00:00,66668.65000000,68850.00000000,66510.00000000,68198.28000000,22589.83877000,2024-10-24 23:59:59,1526736320.91293800,3797462,11502.58514000,777936396.52474600
2024-10-25 00:00:00,68198.27000000,68771.49000000,65596.29000000,66698.33000000,34479.71125000,2024-10-25 23:59:59,2320667435.29325390,5332593,16031.03200000,1079347459.15496360
2024-10-26 00:00:00,66698.32000000,67454.55000000,66439.90000000,67092.76000000,11842.90770000,2024-10-26 23:59:59,792887047.14789200,2373501,6069.18986000,406369780.15329440
2024-10-27 00:00:00,67092.76000000,68332.05000000,66913.73000000,68021.70000000,8653.19592000,2024-10-27 23:59:59,585006148.47048090,1771989,4417.73620000,298699666.99843930
2024-10-28 00:00:00,68021.69000000,70270.00000000,67618.00000000,69962.21000000,29046.75459000,2024-10-28 23:59:59,2005105729.81744490,4432446,15218.34976000,1051606096.42982590
2024-10-29 00:00:00,69962.21000000,73620.12000000,69760.00000000,72736.42000000,50128.60594000,2024-10-29 23:59:59,3602465986.89175740,5645430,26898.46516000,1932608784.16303730
2024-10-30 00:00:00,72736.41000000,72961.00000000,71436.00000000,72344.74000000,26885.99056000,2024-10-30 23:59:59,1941210537.28828680,4040734,13487.21433000,973898183.74672780
2024-10-31 00:00:00,72344.75000000,72700.00000000,69685.76000000,70292.01000000,29352.10297000,2024-10-31 23:59:59,2091144977.49468470,4525542,14205.13879000,1012048241.84989380
2024-11-01 00:00:00,70292.01000000,71632.95000000,68820.14000000,69496.01000000,38301.86755000,2024-11-01 23:59:59,2677358022.00497000,4569271,18044.16220000,1261663986.75969040
2024-11-02 00:00:00,69496.00000000,69914.37000000,69000.14000000,69374.74000000,10521.67243000,2024-11-02 23:59:59,731232427.63115480,1603561,5227.50713000,363370734.81580110
2024-11-03 00:00:00,69374.74000000,69391.00000000,67478.73000000,68775.99000000,24995.70243000,2024-11-03 23:59:59,1709666206.40620230,3668029,12277.58177000,839939073.13895770
2024-11-04 00:00:00,68775.99000000,69500.00000000,66835.00000000,67850.01000000,29800.39187000,2024-11-04 23:59:59,2033902307.00277610,5377048,14927.24077000,1019257547.52468490
2024-11-05 00:00:00,67850.01000000,70577.91000000,67476.63000000,69372.01000000,33355.06888000,2024-11-05 23:59:59,2310418908.06992200,4955644,17059.88663000,1181816730.92378330
2024-11-06 00:00:00,69372.01000000,76400.00000000,69298.00000000,75571.99000000,104126.99478700,2024-11-06 23:59:59,7702283270.25800886,8434184,53243.88442700,3938516657.23273316
2024-11-07 00:00:00,75571.99000000,76849.99000000,74416.00000000,75857.89000000,44869.42234500,2024-11-07 23:59:59,3391796661.97195520,5207722,21805.46029500,1648278335.30073320
2024-11-08 00:00:00,75857.89000000,77199.99000000,75555.00000000,76509.78000000,36521.09958300,2024-11-08 23:59:59,2784449097.53151828,4877489,17555.39363300,1339019332.19671258
2024-11-09 00:00:00,76509.78000000,76900.00000000,75714.66000000,76677.46000000,16942.07915000,2024-11-09 23:59:59,1294709001.60288990,2585264,8032.79327000,614028515.30017060
2024-11-10 00:00:00,76677.46000000,81500.00000000,76492.00000000,80370.01000000,61830.10043500,2024-11-10 23:59:59,4905441473.90073684,7128598,32751.01217700,2597409399.23496312
2024-11-11 00:00:00,80370.01000000,89530.54000000,80216.01000000,88647.99000000,82323.66577600,2024-11-11 23:59:59,6944268709.94272134,9348890,42837.29531400,3613896167.37191224
2024-11-12 00:00:00,88648.00000000,89940.00000000,85072.00000000,87952.01000000,97299.88791100,2024-11-12 23:59:59,8540084566.27981860,11499058,49589.33345100,4353451682.82940400
2024-11-13 00:00:00,87952.00000000,93265.64000000,86127.99000000,90375.20000000,86763.85412700,2024-11-13 23:59:59,7790928962.04303818,11962100,44342.32932700,3983689817.40144438
2024-11-14 00:00:00,90375.21000000,91790.00000000,86668.21000000,87325.59000000,56729.51086000,2024-11-14 23:59:59,5073860815.92866480,9828858,27940.85600000,2499212755.77314710
2024-11-15 00:00:00,87325.59000000,91850.00000000,87073.38000000,91032.07000000,47927.95068000,2024-11-15 23:59:59,4276238971.18142940,8009111,24800.61087000,2213154236.50961540
2024-11-16 00:00:00,91032.08000000,91779.66000000,90056.17000000,90586.92000000,22717.87689000,2024-11-16 23:59:59,2067958511.90484730,4239455,11496.31366000,1046686701.00294610
2024-11-17 00:00:00,90587.98000000,91449.99000000,88722.00000000,89855.99000000,23867.55609000,2024-11-17 23:59:59,2153871724.81039480,4930719,11852.78227000,1070094820.67389380
2024-11-18 00:00:00,89855.98000000,92594.00000000,89376.90000000,90464.08000000,46545.03448000,2024-11-18 23:59:59,4239909950.66189400,7161125,23628.87098000,2153158394.31631090
2024-11-19 00:00:00,90464.07000000,93905.51000000,90357.00000000,92310.79000000,43660.04682000,2024-11-19 23:59:59,4025108502.84961394,5647789,22127.85272400,2040301638.11617274
2024-11-20 00:00:00,92310.80000000,94831.97000000,91500.00000000,94286.56000000,42203.19871200,2024-11-20 23:59:59,3950932314.64606898,7365987,20425.30796200,1912348704.24726208
2024-11-21 00:00:00,94286.56000000,98988.00000000,94040.00000000,98317.12000000,69228.36047700,2024-11-21 23:59:59,6722807908.32565552,9048605,35424.06322700,3440467290.31852712
2024-11-22 00:00:00,98317.12000000,99588.01000000,97122.11000000,98892.00000000,46189.30924300,2024-11-22 23:59:59,4555536773.36320499,7271311,22709.66819300,2240635299.64648389
2024-11-23 00:00:00,98892.00000000,98908.85000000,97136.00000000,97672.40000000,24757.84367000,2024-11-23 23:59:59,2431609866.32951430,3839138,11176.24870000,1097538914.94125850
2024-11-24 00:00:00,97672.40000000,98564.00000000,95734.77000000,97900.04000000,31200.97838000,2024-11-24 23:59:59,3034172011.95178840,4964720,15124.12176000,1471313633.74677250
2024-11-25 00:00:00,97900.05000000,98871.80000000,92600.19000000,93010.01000000,50847.45096000,2024-11-25 23:59:59,4883444806.32219350,8289691,23486.92705000,2255516841.61021860
2024-11-26 00:00:00,93010.01000000,94973.37000000,90791.10000000,91965.16000000,57858.73138000,2024-11-26 23:59:59,5370918648.81816690,10225809,29120.26765000,2702543576.08910800
2024-11-27 00:00:00,91965.16000000,97208.21000000,91792.14000000,95863.11000000,41153.42734000,2024-11-27 23:59:59,3894358511.61756510,6648690,20316.58245000,1922620637.30761870
2024-11-28 00:00:00,95863.11000000,96564.00000000,94640.00000000,95643.98000000,28814.54357000,2024-11-28 23:59:59,2749861591.25960980,4988161,14805.69321000,1412851841.07519470
2024-11-29 00:00:00,95643.99000000,98619.99000000,95364.99000000,97460.00000000,27701.78231000,2024-11-29 23:59:59,2690451030.63428740,5094070,13840.21172000,1344148785.26364260
2024-11-30 00:00:00,97460.00000000,97463.95000000,96092.01000000,96407.99000000,14503.83306000,2024-11-30 23:59:59,1402672950.69982080,3354759,7075.91503000,684284805.02344440
2024-12-01 00:00:00,96407.99000000,97836.00000000,95693.88000000,97185.18000000,16938.60452000,2024-12-01 23:59:59,1641327626.60622060,3342200,8114.89569000,786489040.19363780
2024-12-02 00:00:00,97185.17000000,98130.00000000,94395.00000000,95840.62000000,37958.66981000,2024-12-02 23:59:59,3646639621.73758780,7560103,18821.93327000,1808458555.89058410
2024-12-03 00:00:00,95840.61000000,96305.52000000,93578.17000000,95849.69000000,35827.32283000,2024-12-03 23:59:59,3413995542.01865610,5361712,17339.11167000,1652090703.17559560
2024-12-04 00:00:00,95849.69000000,99000.00000000,94587.83000000,98587.32000000,43850.53728000,2024-12-04 23:59:59,4241994533.78610610,6648724,22033.60112000,2132655972.04500000
2024-12-05 00:00:00,98587.32000000,104088.00000000,90500.00000000,96945.63000000,109921.72966200,2024-12-05 23:59:59,11048002942.14993118,12012364,56235.07835600,5657171374.76345580
2024-12-06 00:00:00,96945.63000000,101898.99000000,95981.72000000,99740.84000000,45049.53310000,2024-12-06 23:59:59,4456641685.36444370,6919102,21999.62416000,2175645718.55336060
2024-12-07 00:00:00,99740.84000000,100439.18000000,98844.00000000,99831.99000000,14931.94590000,2024-12-07 23:59:59,1487953846.83854580,2634566,6776.55000000,675350661.29733480
2024-12-08 00:00:00,99831.99000000,101351.00000000,98657.70000000,101109.59000000,14612.99688000,2024-12-08 23:59:59,1459576946.40215100,2994709,7152.80173000,714745738.91883560
2024-12-09 00:00:00,101109.60000000,101215.93000000,94150.05000000,97276.47000000,53949.11595000,2024-12-09 23:59:59,5283626995.70564880,8445872,25472.08477000,2495722030.53709450
2024-12-10 00:00:00,97276.48000000,98270.00000000,94256.54000000,96593.00000000,51708.68933000,2024-12-10 23:59:59,4988660195.09242860,11556189,24523.09586000,2367164879.17077290
2024-12-11 00:00:00,96593.00000000,101888.00000000,95658.24000000,101125.00000000,37753.78291000,2024-12-11 23:59:59,3745703763.01844990,8250511,19112.84559000,1897146318.21117040
2024-12-12 00:00:00,101125.00000000,102540.00000000,99311.64000000,100004.29000000,29232.08745000,2024-12-12 23:59:59,2949462583.86617050,8066322,14175.88661000,1430984456.67036050
2024-12-13 00:00:00,100004.29000000,101895.26000000,99205.00000000,101424.25000000,21904.03923000,2024-12-13 23:59:59,2203903393.07410050,5481660,10669.09365000,1073720887.63545590
2024-12-14 00:00:00,101424.24000000,102650.00000000,100609.41000000,101420.00000000,14191.70326000,2024-12-14 23:59:59,1441594367.04631920,3374538,6790.24676000,689981854.13948960
2024-12-15 00:00:00,101420.00000000,105250.00000000,101237.14000000,104463.99000000,22228.92177500,2024-12-15 23:59:59,2290462903.83579120,3638809,12668.89435500,1305611448.30009750
2024-12-16 00:00:00,104463.99000000,107793.07000000,103333.00000000,106058.66000000,41302.40274000,2024-12-16 23:59:59,4364964400.63455291,8048054,20349.09950000,2150550899.24752251
2024-12-17 00:00:00,106058.65000000,108353.00000000,105321.49000000,106133.74000000,29064.93646600,2024-12-17 23:59:59,3103833327.77510671,7212799,14187.32044600,1515158210.55198001
2024-12-18 00:00:00,106133.74000000,106524.98000000,100000.00000000,100204.01000000,50307.99755000,2024-12-18 23:59:59,5194263316.25923660,8762120,23308.37525000,2407213144.26949820
2024-12-19 00:00:00,100204.01000000,102800.11000000,95700.00000000,97461.86000000,55147.39800000,2024-12-19 23:59:59,5487546517.70775260,7273941,26898.63715000,2677636003.90650610
2024-12-20 00:00:00,97461.86000000,98233.00000000,92232.54000000,97805.44000000,62884.13570000,2024-12-20 23:59:59,6022845238.83232620,7429007,29463.23021000,2822939306.66307790
2024-12-21 00:00:00,97805.44000000,99540.61000000,96398.39000000,97291.99000000,23483.54143000,2024-12-21 23:59:59,2296232055.19592620,3717638,11726.94119000,1146732451.42181330
2024-12-22 00:00:00,97292.00000000,97448.08000000,94250.35000000,95186.27000000,19353.83036000,2024-12-22 23:59:59,1857819866.36039980,3633551,9293.39749000,892081877.76277080
2024-12-23 00:00:00,95186.28000000,96538.92000000,92520.00000000,94881.47000000,32810.76703000,2024-12-23 23:59:59,3100007213.49456320,5464919,16339.58355000,1544707289.74436910
2024-12-24 00:00:00,94881.47000000,99487.99000000,93569.02000000,98663.58000000,23674.22488000,2024-12-24 23:59:59,2287214424.70647590,3421549,11969.25390000,1156798174.58232600
2024-12-25 00:00:00,98663.58000000,99569.15000000,97632.02000000,99429.60000000,14474.16510000,2024-12-25 23:59:59,1426143976.04936360,3283028,7006.52650000,690465056.58718590
2024-12-26 00:00:00,99429.61000000,99963.70000000,95199.14000000,95791.60000000,21192.36727000,2024-12-26 23:59:59,2049123567.38677240,5203490,10071.87249000,973940616.12924430
2024-12-27 00:00:00,95791.60000000,97544.58000000,93500.01000000,94299.03000000,26501.26429000,2024-12-27 23:59:59,2528567849.77946140,5718866,12945.51657000,1235623739.05781850
2024-12-28 00:00:00,94299.03000000,95733.99000000,94135.66000000,95300.00000000,8385.89290000,2024-12-28 23:59:59,794651624.83495550,2732061,4203.59876000,398416342.12816700
2024-12-29 00:00:00,95300.00000000,95340.00000000,93009.52000000,93738.20000000,13576.00578000,2024-12-29 23:59:59,1278370863.97684710,2865838,5651.38589000,532195414.10274130
2024-12-30 00:00:00,93738.19000000,95024.50000000,91530.45000000,92792.05000000,27619.42250000,2024-12-30 23:59:59,2573126059.76947800,5560563,13092.19646000,1220209278.25232730
2024-12-31 00:00:00,92792.05000000,96250.00000000,92033.73000000,93576.00000000,19612.03389000,2024-12-31 23:59:59,1845718801.92270400,3347847,9687.96775000,911716321.60540200
2025-01-01 00:00:00,93576.00000000,95151.15000000,92888.00000000,94591.79000000,10373.32613000,2025-01-01 23:59:59,975444194.13799830,1516556,5347.73648000,502914035.64059070
2025-01-02 00:00:00,94591.78000000,97839.50000000,94392.00000000,96984.79000000,21970.48948000,2025-01-02 23:59:59,2118411852.68127950,3569079,10915.96986000,1052226710.33367170
2025-01-03 00:00:00,96984.79000000,98976.91000000,96100.01000000,98174.18000000,15253.82936000,2025-01-03 23:59:59,1486610768.59079170,2851164,7468.60797000,727787246.89655880
2025-01-04 00:00:00,98174.17000000,98778.43000000,97514.79000000,98220.50000000,8990.05651000,2025-01-04 23:59:59,881223751.63536030,1559982,4350.80221000,426524714.13055390
2025-01-05 00:00:00,98220.51000000,98836.85000000,97276.79000000,98363.61000000,8095.63723000,2025-01-05 23:59:59,793931715.95463240,1685799,3877.90985000,380355340.46860360
2025-01-06 00:00:00,98363.61000000,102480.00000000,97920.00000000,102235.60000000,25263.43375000,2025-01-06 23:59:59,2540561688.77714340,3853702,12539.59534000,1260943259.46625620
2025-01-07 00:00:00,102235.60000000,102724.38000000,96181.81000000,96954.61000000,32059.87537000,2025-01-07 23:59:59,3170421659.71723590,4480562,14815.11453000,1464336049.70553450
2025-01-08 00:00:00,96954.60000000,97268.65000000,92500.90000000,95060.61000000,33704.67894000,2025-01-08 23:59:59,3205849081.11296200,5171208,15803.85091000,1503791328.69930850
2025-01-09 00:00:00,95060.61000000,95382.32000000,91203.67000000,92552.49000000,34544.83685000,2025-01-09 23:59:59,3217669887.24539790,6027161,15323.62663000,1427812152.27276120
2025-01-10 00:00:00,92552.49000000,95836.00000000,92206.02000000,94726.11000000,31482.86424000,2025-01-10 23:59:59,2962085343.28370360,5531444,15617.43823000,1469711545.65712720
2025-01-11 00:00:00,94726.10000000,95050.94000000,93831.73000000,94599.99000000,7047.90430000,2025-01-11 23:59:59,665685994.93301000,1496191,3412.37671000,322346977.43545530
2025-01-12 00:00:00,94599.99000000,95450.10000000,93711.19000000,94545.06000000,8606.86622000,2025-01-12 23:59:59,813278829.65839490,1658863,4028.33031000,380691769.91844270
2025-01-13 00:00:00,94545.07000000,95940.00000000,89256.69000000,94536.10000000,42619.56423000,2025-01-13 23:59:59,3930666134.34745740,5740963,19473.88042000,1797888178.84960790
2025-01-14 00:00:00,94536.11000000,97371.00000000,94346.22000000,96560.86000000,27846.61753000,2025-01-14 23:59:59,2676048470.35695040,4532923,14248.69616000,1369464111.69349600
2025-01-15 00:00:00,96560.85000000,100681.94000000,96500.00000000,100497.35000000,30509.99179000,2025-01-15 23:59:59,3006242382.88679460,3487945,15494.17873000,1527728226.30833280
2025-01-16 00:00:00,100497.35000000,100866.66000000,97335.13000000,99987.30000000,27832.85317000,2025-01-16 23:59:59,2765162040.63979910,3762755,13513.53707000,1342462621.62732850
2025-01-17 00:00:00,99987.30000000,105865.22000000,99950.77000000,104077.48000000,39171.85292000,2025-01-17 23:59:59,4040993985.47504680,3886907,20673.21300000,2131223293.20484620
2025-01-18 00:00:00,104077.47000000,104988.88000000,102277.55000000,104556.23000000,24307.82998000,2025-01-18 23:59:59,2521522119.37952530,3403162,11607.51274000,1204170928.37481190
2025-01-19 00:00:00,104556.23000000,106422.43000000,99651.60000000,101331.57000000,43397.28298000,2025-01-19 23:59:59,4513423971.41025210,5271920,21079.51082000,2193270771.00194450
2025-01-20 00:00:00,101331.57000000,109588.00000000,99550.00000000,102260.01000000,89529.23173200,2025-01-20 23:59:59,9398787064.32071500,11597937,44770.52949200,4704453254.51538250
2025-01-21 00:00:00,102260.00000000,107240.81000000,100119.04000000,106143.82000000,45941.02002000,2025-01-21 23:59:59,4768512258.15650130,6842980,23227.02741000,2411854258.51271880
2025-01-22 00:00:00,106143.82000000,106394.46000000,103339.12000000,103706.66000000,22248.69254000,2025-01-22 23:59:59,2331144640.65857870,4364035,10501.59306000,1100173331.98765840
2025-01-23 00:00:00,103706.66000000,106850.00000000,101262.28000000,103910.34000000,53953.12031000,2025-01-23 23:59:59,5610760848.13163840,6961383,27045.92646000,2813824950.57188350
2025-01-24 00:00:00,103910.35000000,107120.00000000,102750.00000000,104870.50000000,23609.24017000,2025-01-24 23:59:59,2483818574.37374800,4798886,11893.46050000,1251601023.34846860
2025-01-25 00:00:00,104870.51000000,105286.52000000,104106.09000000,104746.85000000,9068.32377000,2025-01-25 23:59:59,949511531.35780170,1770765,4462.60438000,467284996.37609660
2025-01-26 00:00:00,104746.86000000,105500.00000000,102520.44000000,102620.00000000,9812.51238000,2025-01-26 23:59:59,1024352365.47155230,1813011,4642.17247000,484871090.33614970
2025-01-27 00:00:00,102620.01000000,103260.00000000,97777.77000000,102082.83000000,50758.13410000,2025-01-27 23:59:59,5092886322.82924400,9368910,23529.22433000,2361569760.84189380
2025-01-28 00:00:00,102082.83000000,103800.00000000,100272.68000000,101335.52000000,22022.05765000,2025-01-28 23:59:59,2253977324.03620920,5428644,10756.64741000,1101357650.29198760
2025-01-29 00:00:00,101335.52000000,104782.68000000,101328.01000000,103733.24000000,23155.35802000,2025-01-29 23:59:59,2380383694.77213620,5189699,11675.17182000,1200636637.81436690
2025-01-30 00:00:00,103733.25000000,106457.44000000,103278.54000000,104722.94000000,19374.07472000,2025-01-30 23:59:59,2038112603.51264120,3990075,10140.92834000,1066933244.99202070
2025-01-31 00:00:00,104722.94000000,106012.00000000,101560.00000000,102429.56000000,21983.18193000,2025-01-31 23:59:59,2282174002.19521760,4331904,10697.39968000,1111485874.12928450
2025-02-01 00:00:00,102429.56000000,102783.71000000,100279.51000000,100635.65000000,12290.95747000,2025-02-01 23:59:59,1250354228.23722970,2588786,5625.89331000,572540016.14901110
2025-02-02 00:00:00,100635.66000000,101456.60000000,96150.00000000,97700.59000000,34619.49939000,2025-02-02 23:59:59,3412084312.58362790,7202339,15587.16669000,1536076091.30301330
2025-02-03 00:00:00,97700.59000000,102500.01000000,91231.00000000,101328.52000000,75164.73850000,2025-02-03 23:59:59,7228589180.71162140,10625262,36736.56946000,3537845694.48126590
2025-02-04 00:00:00,101328.51000000,101732.31000000,96150.00000000,97763.13000000,40267.98697000,2025-02-04 23:59:59,3989698644.26493070,6618911,19091.58154000,1891457194.35983290
2025-02-05 00:00:00,97763.14000000,99149.00000000,96155.00000000,96612.43000000,26233.30444000,2025-02-05 23:59:59,2562342153.82968530,4471763,11032.55174000,1078316288.14255890
2025-02-06 00:00:00,96612.44000000,99120.00000000,95676.64000000,96554.35000000,23515.20405000,2025-02-06 23:59:59,2289071921.21756010,4242807,11261.53049000,1096611639.37600890
2025-02-07 00:00:00,96554.35000000,100137.99000000,95620.34000000,96506.80000000,31794.22065000,2025-02-07 23:59:59,3107592434.67383420,5012456,15249.35370000,1491114588.55985190
2025-02-08 00:00:00,96506.80000000,96880.00000000,95688.00000000,96444.74000000,10147.24294000,2025-02-08 23:59:59,977040267.51586310,1757892,4450.52682000,428452764.90474110
2025-02-09 00:00:00,96444.75000000,97323.09000000,94713.00000000,96462.75000000,14120.91613000,2025-02-09 23:59:59,1359495152.31079740,2293192,6663.72875000,641795598.17527620
2025-02-10 00:00:00,96462.75000000,98345.00000000,95256.00000000,97430.82000000,20572.87537000,2025-02-10 23:59:59,1999112052.66878620,3475919,9607.62329000,933665618.50501910
2025-02-11 00:00:00,97430.82000000,98478.42000000,94876.88000000,95778.20000000,18647.76379000,2025-02-11 23:59:59,1806534846.38631950,3716586,8594.50066000,832320054.87637160
2025-02-12 00:00:00,95778.21000000,98119.99000000,94088.23000000,97869.99000000,29151.16625000,2025-02-12 23:59:59,2800142168.39436540,4992737,13820.70553000,1328044257.04013340
2025-02-13 00:00:00,97870.00000000,98083.91000000,95217.36000000,96608.14000000,19921.77616000,2025-02-13 23:59:59,1916988246.39211860,3909456,8852.16215000,851823567.09393470
2025-02-14 00:00:00,96608.13000000,98826.00000000,96252.82000000,97500.48000000,18173.02646000,2025-02-14 23:59:59,1768073218.86901540,3499564,9061.31682000,881925349.64442130
2025-02-15 00:00:00,97500.47000000,97972.26000000,97223.58000000,97569.66000000,7349.37683000,2025-02-15 23:59:59,717245393.77809200,1694327,3579.14202000,349322778.23397690
2025-02-16 00:00:00,97569.67000000,97704.47000000,96046.18000000,96118.12000000,8191.42490000,2025-02-16 23:59:59,794694242.29497320,1596701,3719.73063000,360842416.66441670
2025-02-17 00:00:00,96118.12000000,97046.59000000,95205.00000000,95780.00000000,16492.04510000,2025-02-17 23:59:59,1584593526.17546780,2831237,8010.41565000,769979077.13619730
2025-02-18 00:00:00,95780.01000000,96753.91000000,93388.09000000,95671.74000000,23368.19471000,2025-02-18 23:59:59,2223994802.89200520,4234248,11432.47367000,1088319233.52198970
2025-02-19 00:00:00,95671.74000000,96899.99000000,95029.99000000,96644.37000000,16438.50954000,2025-02-19 23:59:59,1576817572.10325050,2784225,7173.61807000,688586919.97592590
2025-02-20 00:00:00,96644.37000000,98711.36000000,96415.09000000,98305.00000000,17057.39177000,2025-02-20 23:59:59,1663386824.73155060,2386973,8356.42859000,815056614.17382700
2025-02-21 00:00:00,98305.01000000,99475.00000000,94871.95000000,96181.98000000,32249.28140000,2025-02-21 23:59:59,3143975917.57346420,4528525,15313.58184000,1493403646.84830270
2025-02-22 00:00:00,96181.99000000,96980.00000000,95770.49000000,96551.01000000,11268.17708000,2025-02-22 23:59:59,1087077133.82263640,1506418,5293.28051000,510722895.16754260
2025-02-23 00:00:00,96551.01000000,96650.00000000,95227.94000000,96258.00000000,10884.84913000,2025-02-23 23:59:59,1044392011.79102410,1457368,4619.93267000,443381984.41102550
2025-02-24 00:00:00,96258.00000000,96500.00000000,91349.26000000,91552.88000000,31550.10299000,2025-02-24 23:59:59,2981809595.44537670,4972684,14438.63366000,1366473567.87477310
2025-02-25 00:00:00,91552.88000000,92540.69000000,86050.99000000,88680.40000000,78333.11111000,2025-02-25 23:59:59,6962982500.90447390,10289145,35822.15275000,3183981371.47505020
2025-02-26 00:00:00,88680.39000000,89414.15000000,82256.01000000,84250.09000000,56893.54409000,2025-02-26 23:59:59,4898429925.63647610,8490006,28077.18450000,2417690848.81898720
2025-02-27 00:00:00,84250.09000000,87078.46000000,82716.49000000,84708.58000000,42505.45439000,2025-02-27 23:59:59,3618738891.22216230,6357581,20355.71969000,1732725913.28176280
2025-02-28 00:00:00,84708.57000000,85120.00000000,78258.52000000,84349.94000000,83648.03969000,2025-02-28 23:59:59,6806705236.69067870,11344216,40224.85287000,3274291175.81039970
2025-03-01 00:00:00,84349.95000000,86558.00000000,83824.78000000,86064.53000000,25785.05464000,2025-03-01 23:59:59,2194003507.85264280,3700728,11748.10769000,1000093822.53835250
2025-03-02 00:00:00,86064.54000000,95000.00000000,85050.60000000,94270.00000000,54889.09045000,2025-03-02 23:59:59,4972549515.78866870,7403218,29273.81031000,2652973441.15453900
2025-03-03 00:00:00,94269.99000000,94416.46000000,85117.11000000,86220.61000000,59171.10218000,2025-03-03 23:59:59,5321123743.47192310,9797860,27915.43650000,2513464571.35691100
2025-03-04 00:00:00,86221.16000000,88967.52000000,81500.00000000,87281.98000000,55609.10706000,2025-03-04 23:59:59,4704901219.59043560,10326631,27584.71590000,2335087296.23928690
2025-03-05 00:00:00,87281.98000000,91000.00000000,86334.53000000,90606.01000000,38264.01163000,2025-03-05 23:59:59,3400243670.30497560,8070266,19230.28436000,1709708737.46989350
2025-03-06 00:00:00,90606.00000000,92810.64000000,87836.00000000,89931.89000000,34342.44902000,2025-03-06 23:59:59,3105145628.39939920,7643526,17283.99411000,1563426526.42899340
2025-03-07 00:00:00,89931.88000000,91283.02000000,84667.03000000,86801.75000000,57980.35713000,2025-03-07 23:59:59,5097554826.61315770,9510442,28394.41537000,2497922400.45044460
2025-03-08 00:00:00,86801.74000000,86897.25000000,85218.47000000,86222.45000000,12989.23054000,2025-03-08 23:59:59,1119358968.65200550,2553974,6491.56581000,559581591.34707420
2025-03-09 00:00:00,86222.46000000,86500.00000000,80000.00000000,80734.37000000,26115.39345000,2025-03-09 23:59:59,2173552660.45447930,5189138,12093.87232000,1006299692.71041280
2025-03-10 00:00:00,80734.48000000,84123.46000000,77459.91000000,78595.86000000,47633.38405000,2025-03-10 23:59:59,3834924947.75818610,8701538,22898.57072000,1846606255.35214860
2025-03-11 00:00:00,78595.86000000,83617.40000000,76606.00000000,82932.99000000,48770.06853000,2025-03-11 23:59:59,3927000827.11079190,6983310,24029.16770000,1935950413.20181940
2025-03-12 00:00:00,82932.99000000,84539.85000000,80607.65000000,83680.12000000,31933.98600000,2025-03-12 23:59:59,2638600996.82539610,5253577,15749.41702000,1301890518.49940810
2025-03-13 00:00:00,83680.12000000,84336.33000000,79939.90000000,81115.78000000,27546.27412000,2025-03-13 23:59:59,2260870111.23938940,4367093,13013.18135000,1067945431.12194690
2025-03-14 00:00:00,81115.78000000,85309.71000000,80818.84000000,83983.20000000,26858.52755000,2025-03-14 23:59:59,2244729595.54117160,3290987,14082.88688000,1177807467.01818000
2025-03-15 00:00:00,83983.19000000,84676.28000000,83618.00000000,84338.44000000,11324.73320000,2025-03-15 23:59:59,953445671.83375050,1329670,5195.29128000,437551330.25316600
2025-03-16 00:00:00,84338.44000000,85117.04000000,81981.12000000,82574.53000000,17596.12531000,2025-03-16 23:59:59,1468056556.29672260,2767947,8505.95317000,710037465.07574800
2025-03-17 00:00:00,82574.52000000,84756.83000000,82456.00000000,84010.03000000,17214.74358000,2025-03-17 23:59:59,1437716814.04687390,3014756,8387.89111000,700505421.78772940
2025-03-18 00:00:00,84010.02000000,84021.74000000,81134.66000000,82715.03000000,17610.89883000,2025-03-18 23:59:59,1450813055.47972610,3126371,8047.23418000,662808749.34278870
2025-03-19 00:00:00,82715.03000000,87000.00000000,82547.16000000,86845.94000000,28151.05374000,2025-03-19 23:59:59,2375813941.94376220,3774761,13804.24847000,1166238970.28114650
2025-03-20 00:00:00,86845.93000000,87453.67000000,83655.23000000,84223.39000000,22090.30463000,2025-03-20 23:59:59,1885241921.15565180,3252595,10163.59262000,867440339.29626070
2025-03-21 00:00:00,84223.38000000,84850.33000000,83175.25000000,84088.79000000,11956.97443000,2025-03-21 23:59:59,1005135519.25600170,2360005,5466.41961000,459501348.08175830
2025-03-22 00:00:00,84088.79000000,84539.17000000,83625.10000000,83840.59000000,5420.22114000,2025-03-22 23:59:59,456235443.80165220,864481,2284.19178000,192291026.78742480
2025-03-23 00:00:00,83840.59000000,86129.64000000,83809.75000000,86082.50000000,8461.97813000,2025-03-23 23:59:59,718692319.14990380,1206533,4424.81013000,376007261.52135970
2025-03-24 00:00:00,86082.50000000,88765.43000000,85519.09000000,87498.16000000,30115.62111000,2025-03-24 23:59:59,2636765917.95184350,2916713,14379.95578000,1258638667.11290410
2025-03-25 00:00:00,87498.16000000,88539.63000000,86310.00000000,87392.87000000,22643.25248000,2025-03-25 23:59:59,1979571590.89829370,2802815,9440.56294000,825308072.63378140
2025-03-26 00:00:00,87392.88000000,88275.00000000,85860.00000000,86909.17000000,18408.78485000,2025-03-26 23:59:59,1606406955.58646330,2380154,8590.97753000,749604853.29681350
2025-03-27 00:00:00,86909.17000000,87756.39000000,85800.00000000,87232.01000000,17098.03897000,2025-03-27 23:59:59,1487968807.70790220,2376381,8185.05517000,712324893.28891680
2025-03-28 00:00:00,87232.01000000,87515.67000000,83585.00000000,84424.38000000,27182.73169000,2025-03-28 23:59:59,2309946560.66411380,3236085,11274.83736000,958523321.81127310
2025-03-29 00:00:00,84424.38000000,84624.73000000,81644.81000000,82648.54000000,11696.39864000,2025-03-29 23:59:59,970199917.98687160,2172387,5621.60485000,466215575.48490690
2025-03-30 00:00:00,82648.53000000,83534.64000000,81565.00000000,82389.99000000,9864.49508000,2025-03-30 23:59:59,816584795.52881260,1907663,4725.07105000,391214080.11011610
2025-03-31 00:00:00,82390.00000000,83943.08000000,81278.52000000,82550.01000000,20569.13885000,2025-03-31 23:59:59,1696009191.08096490,3964358,9912.88184000,817875871.11074120
2025-04-01 00:00:00,82550.00000000,85579.46000000,82432.74000000,85158.34000000,20190.39697000,2025-04-01 23:59:59,1698895702.57546820,3328693,10246.42648000,862302772.43308630
2025-04-02 00:00:00,85158.35000000,88500.00000000,82320.00000000,82516.29000000,39931.45700000,2025-04-02 23:59:59,3417279759.83076360,5338238,20739.67809000,1777735583.84074790
2025-04-03 00:00:00,82516.28000000,83998.02000000,81211.24000000,83213.09000000,27337.84135000,2025-04-03 23:59:59,2259299724.86439270,4117486,13951.52792000,1153439398.61980140
2025-04-04 00:00:00,83213.09000000,84720.00000000,81659.00000000,83889.87000000,32915.53976000,2025-04-04 23:59:59,2739842666.42673680,4992586,15896.18779000,1323832046.26468800
2025-04-05 00:00:00,83889.87000000,84266.00000000,82379.95000000,83537.99000000,9360.40468000,2025-04-05 23:59:59,779626577.90134360,1575750,4029.64658000,335654613.72771840
2025-04-06 00:00:00,83537.99000000,83817.63000000,77153.83000000,78430.00000000,27942.71436000,2025-04-06 23:59:59,2239085051.15296450,3948493,12493.84490000,1001459573.49446610
2025-04-07 00:00:00,78430.00000000,81243.58000000,74508.00000000,79163.24000000,78387.53089000,2025-04-07 23:59:59,6084614024.15064720,9736596,39075.84274000,3034375055.68439650
2025-04-08 00:00:00,79163.24000000,80867.99000000,76239.90000000,76322.42000000,35317.32063000,2025-04-08 23:59:59,2775277777.10246080,5512751,15704.73031000,1235370767.11535030
2025-04-09 00:00:00,76322.42000000,83588.00000000,74620.00000000,82615.22000000,75488.28772000,2025-04-09 23:59:59,5980231256.22249600,7741252,39491.62958000,3137004042.95926080
2025-04-10 00:00:00,82615.22000000,82753.21000000,78464.36000000,79607.30000000,33284.80718000,2025-04-10 23:59:59,2690294353.84784260,4529545,16339.91910000,1321475356.02008490
2025-04-11 00:00:00,79607.30000000,84300.00000000,78969.58000000,83423.84000000,34435.43797000,2025-04-11 23:59:59,2830363945.17875230,4423157,18019.58367000,1482515278.91770430
2025-04-12 00:00:00,83423.83000000,85905.00000000,82792.95000000,85276.90000000,18470.74437000,2025-04-12 23:59:59,1557403252.92675150,2501196,9526.72644000,803747272.78346800
2025-04-13 00:00:00,85276.91000000,86100.00000000,83034.23000000,83760.00000000,24680.04181000,2025-04-13 23:59:59,2086106375.43925540,3275879,11658.67909000,986303246.09318360
2025-04-14 00:00:00,83760.00000000,85799.99000000,83678.00000000,84591.58000000,28659.09348000,2025-04-14 23:59:59,2429132805.08152890,3921522,15196.58929000,1288815999.14061730
2025-04-15 00:00:00,84591.58000000,86496.42000000,83600.00000000,83643.99000000,20910.99528000,2025-04-15 23:59:59,1780972414.39560070,2910533,10439.36072000,889895753.16736510
2025-04-16 00:00:00,83643.99000000,85500.00000000,83111.64000000,84030.38000000,20867.24519000,2025-04-16 23:59:59,1753910031.20092420,3264730,10456.76900000,878939829.48483680
2025-04-17 00:00:00,84030.38000000,85470.01000000,83736.26000000,84947.91000000,13728.84772000,2025-04-17 23:59:59,1161659427.38626280,2003405,6424.41565000,543726754.41870160
2025-04-18 00:00:00,84947.92000000,85132.08000000,84303.96000000,84474.69000000,6529.96315000,2025-04-18 23:59:59,552648483.64748710,840009,2911.78856000,246467088.26214660
2025-04-19 00:00:00,84474.70000000,85677.99000000,84364.45000000,85077.01000000,9666.58153000,2025-04-19 23:59:59,823222752.28424930,875226,5416.30087000,461342923.99908200
2025-04-20 00:00:00,85077.00000000,85320.76000000,83949.52000000,85179.24000000,8091.67725000,2025-04-20 23:59:59,685253644.89183620,944130,3843.48314000,325482835.73783290
2025-04-21 00:00:00,85179.24000000,88465.99000000,85144.76000000,87516.23000000,31773.37262000,2025-04-21 23:59:59,2773299591.46706560,3041395,17216.39877000,1502705225.13413500
2025-04-22 00:00:00,87516.22000000,93888.00000000,87076.03000000,93442.99000000,43872.74705000,2025-04-22 23:59:59,3967785064.12817020,3268475,22777.77047000,2062639579.20308550
2025-04-23 00:00:00,93442.99000000,94696.05000000,91935.41000000,93691.08000000,27404.16808000,2025-04-23 23:59:59,2560279933.94795160,3016536,13128.05774000,1226992558.57654620
2025-04-24 00:00:00,93691.07000000,94005.00000000,91660.01000000,93980.47000000,19497.06071000,2025-04-24 23:59:59,1811120137.31467870,2797383,8565.18128000,795787487.36089810
2025-04-25 00:00:00,93980.47000000,95758.04000000,92855.96000000,94638.68000000,27500.66648000,2025-04-25 23:59:59,2596877713.64017280,3331828,13072.22136000,1234153095.72926820
2025-04-26 00:00:00,94638.68000000,95199.00000000,93870.69000000,94628.00000000,9415.06875000,2025-04-26 23:59:59,889627361.84144470,1475983,4156.22463000,392757114.43835790
2025-04-27 00:00:00,94628.00000000,95369.00000000,93602.58000000,93749.30000000,11162.84100000,2025-04-27 23:59:59,1052334792.18661890,1918160,5250.08719000,495112239.10816970
2025-04-28 00:00:00,93749.29000000,95630.00000000,92800.01000000,95011.18000000,22157.53351000,2025-04-28 23:59:59,2092532996.55517170,3424740,11626.77592000,1098667305.23999790
2025-04-29 00:00:00,95011.18000000,95461.53000000,93742.54000000,94256.82000000,16955.34020000,2025-04-29 23:59:59,1607154803.46754770,3020875,7112.68469000,674688527.81306600
2025-04-30 00:00:00,94256.82000000,95228.45000000,92910.00000000,94172.00000000,17661.27510000,2025-04-30 23:59:59,1664825670.98312510,3214149,8393.21620000,791272380.03124470
2025-05-01 00:00:00,94172.00000000,97424.02000000,94130.43000000,96489.91000000,21380.45343000,2025-05-01 23:59:59,2053857614.27326720,2925716,10925.87308000,1049157198.85876350
2025-05-02 00:00:00,96489.90000000,97895.68000000,96350.00000000,96887.14000000,14905.74811000,2025-05-02 23:59:59,1446387651.58405750,2698263,7440.33531000,722022817.22461990
2025-05-03 00:00:00,96887.13000000,96935.67000000,95753.01000000,95856.42000000,9723.34838000,2025-05-03 23:59:59,935906144.96514980,1181239,3929.40490000,378271292.44431450
2025-05-04 00:00:00,95856.42000000,96304.48000000,94151.38000000,94277.62000000,11036.38342000,2025-05-04 23:59:59,1053542403.85315880,1674726,4385.33486000,418573470.85696230
2025-05-05 00:00:00,94277.61000000,95199.00000000,93514.10000000,94733.68000000,17251.18189000,2025-05-05 23:59:59,1626999380.17599680,2623300,8399.64855000,792299650.33952020
2025-05-06 00:00:00,94733.68000000,96920.65000000,93377.00000000,96834.02000000,16122.64513000,2025-05-06 23:59:59,1526847764.56366820,2512960,7505.95734000,711372483.61171350
2025-05-07 00:00:00,96834.02000000,97732.00000000,95784.61000000,97030.50000000,16644.83854000,2025-05-07 23:59:59,1611730124.59245430,2849139,8316.74471000,805430612.40553540
2025-05-08 00:00:00,97030.50000000,104145.76000000,96876.29000000,103261.60000000,34962.02847000,2025-05-08 23:59:59,3508645830.56501440,4991147,18547.23009000,1861334478.36442700
2025-05-09 00:00:00,103261.61000000,104361.30000000,102315.14000000,102971.99000000,27617.39907000,2025-05-09 23:59:59,2847518447.98151310,4406929,14525.20381000,1497826622.32618800
2025-05-10 00:00:00,102971.99000000,104984.57000000,102818.76000000,104809.53000000,15324.78611000,2025-05-10 23:59:59,1588386278.50241500,2227845,8258.23478000,856095289.52166460
2025-05-11 00:00:00,104809.53000000,104972.00000000,103345.06000000,104118.00000000,17987.12197000,2025-05-11 23:59:59,1873381777.21242540,3100176,9071.95578000,944903285.10730800
2025-05-12 00:00:00,104118.00000000,105819.45000000,100718.37000000,102791.32000000,31272.77792000,2025-05-12 23:59:59,3242348937.38306910,5298407,16455.99797000,1707457796.58813950
2025-05-13 00:00:00,102791.32000000,104976.25000000,101429.70000000,104103.72000000,21253.42409000,2025-05-13 23:59:59,2197244118.15236690,3703531,10705.97845000,1106609664.70779500
2025-05-14 00:00:00,104103.72000000,104356.95000000,102602.05000000,103507.82000000,16452.90810000,2025-05-14 23:59:59,1704708279.38841090,3025221,8026.03333000,831783471.65436100
2025-05-15 00:00:00,103507.83000000,104192.70000000,101383.07000000,103763.71000000,17998.98604000,2025-05-15 23:59:59,1850183474.52920360,4139477,8475.18036000,871244345.56413600
2025-05-16 00:00:00,103763.71000000,104550.33000000,103100.49000000,103463.90000000,15683.88024000,2025-05-16 23:59:59,1628832372.32414810,3237442,7555.15801000,784850382.19427470
2025-05-17 00:00:00,103463.90000000,103709.86000000,102612.50000000,103126.65000000,11250.89622000,2025-05-17 23:59:59,1160418362.95061810,2568597,5335.11525000,550379728.73385010
2025-05-18 00:00:00,103126.65000000,106660.00000000,103105.09000000,106454.26000000,21599.98726000,2025-05-18 23:59:59,2262214972.07493840,3193300,11664.89904000,1221914552.05520120
2025-05-19 00:00:00,106454.27000000,107108.62000000,102000.00000000,105573.74000000,30260.03524000,2025-05-19 23:59:59,3150324504.59545150,4881371,14208.30900000,1480452895.08415620
2025-05-20 00:00:00,105573.73000000,107320.00000000,104184.72000000,106849.99000000,23705.48275000,2025-05-20 23:59:59,2509102444.66959820,3878351,12350.46275000,1307273652.38952320
2025-05-21 00:00:00,106850.00000000,110797.38000000,106100.01000000,109643.99000000,45531.04034500,2025-05-21 23:59:59,4914709514.32002680,6835279,23661.64939500,2555528481.09872580
2025-05-22 00:00:00,109643.99000000,111980.00000000,109177.37000000,111696.21000000,31630.77313000,2025-05-22 23:59:59,3509432834.57341730,5794216,16584.56293000,1840083098.58278590
2025-05-23 00:00:00,111696.22000000,111800.00000000,106800.00000000,107318.30000000,31737.72309000,2025-05-23 23:59:59,3469704446.39040470,5251192,14309.31652000,1565622441.18751700
2025-05-24 00:00:00,107318.30000000,109506.03000000,106875.41000000,107761.91000000,16782.53129000,2025-05-24 23:59:59,1819958819.77485860,2805418,8786.90747000,953683093.32165700
2025-05-25 00:00:00,107761.90000000,109299.99000000,106600.64000000,109004.19000000,17710.04695000,2025-05-25 23:59:59,1904366455.42585800,3151168,7867.16712000,846688135.00971360
2025-05-26 00:00:00,109004.20000000,110422.22000000,108670.58000000,109434.79000000,14649.11593000,2025-05-26 23:59:59,1605578282.10790310,2887863,7301.11288000,800269021.19227970
2025-05-27 00:00:00,109434.78000000,110718.00000000,107516.57000000,108938.17000000,21276.65635000,2025-05-27 23:59:59,2327603851.11926510,3735509,9969.89271000,1090553624.46159920
2025-05-28 00:00:00,108938.17000000,109284.70000000,106769.43000000,107781.78000000,15633.78829000,2025-05-28 23:59:59,1689136748.51303130,2933262,6877.27341000,743282966.72071960
2025-05-29 00:00:00,107781.78000000,108891.91000000,105322.86000000,105589.75000000,19834.70116000,2025-05-29 23:59:59,2128639017.50816180,3774926,9457.49356000,1015173771.54898980
2025-05-30 00:00:00,105589.75000000,106313.12000000,103621.00000000,103985.48000000,23706.49799000,2025-05-30 23:59:59,2493078549.59186090,4307572,11070.98746000,1164158558.64358540
2025-05-31 00:00:00,103985.47000000,104900.00000000,103068.55000000,104591.88000000,11289.35922000,2025-05-31 23:59:59,1174000801.50703790,2343787,5278.95175000,548980630.84935780
2025-06-01 00:00:00,104591.88000000,105866.91000000,103752.49000000,105642.93000000,9709.70006000,2025-06-01 23:59:59,1016188486.95059960,1939359,4640.35070000,485683466.93478430
2025-06-02 00:00:00,105642.93000000,105935.63000000,103659.88000000,105857.99000000,13453.98813000,2025-06-02 23:59:59,1409004206.98637330,2997656,6494.65497000,680177826.61441720
2025-06-03 00:00:00,105858.00000000,106794.67000000,104872.50000000,105376.89000000,13259.52634000,2025-06-03 23:59:59,1402493746.59932180,2470698,6260.22436000,662160926.82412260
2025-06-04 00:00:00,105376.90000000,106000.00000000,104179.00000000,104696.86000000,14034.89482000,2025-06-04 23:59:59,1476928482.36887810,2274464,6979.94910000,734803757.41858380
2025-06-05 00:00:00,104696.86000000,105909.71000000,100372.26000000,101508.68000000,22321.50154000,2025-06-05 23:59:59,2301567892.53054470,3963295,10005.36019000,1031668517.04271110
2025-06-06 00:00:00,101508.69000000,105333.00000000,101095.80000000,104288.44000000,15839.07385000,2025-06-06 23:59:59,1642382404.93557530,2709327,7655.60679000,793575821.43579320
2025-06-07 00:00:00,104288.43000000,105900.00000000,103871.09000000,105552.15000000,8344.93206000,2025-06-07 23:59:59,877915380.95482310,1402494,3970.01912000,417664199.19127120
2025-06-08 00:00:00,105552.15000000,106488.14000000,104964.14000000,105734.00000000,8048.06305000,2025-06-08 23:59:59,850887129.42829760,1295154,4361.42266000,461098506.08832400
2025-06-09 00:00:00,105734.01000000,110530.17000000,105318.37000000,110263.02000000,19975.37451000,2025-06-09 23:59:59,2154922022.22117280,2839846,10623.88217000,1146790065.51356160
2025-06-10 00:00:00,110263.02000000,110400.00000000,108331.03000000,110274.39000000,17071.82839000,2025-06-10 23:59:59,1867620550.19217290,3003420,8009.29581000,876411274.39694880
2025-06-11 00:00:00,110274.39000000,110392.01000000,108064.00000000,108645.12000000,13115.91638000,2025-06-11 23:59:59,1434884639.75063030,2667014,6030.96867000,659947218.00338690
2025-06-12 00:00:00,108645.13000000,108813.55000000,105671.72000000,105671.73000000,17778.67218000,2025-06-12 23:59:59,1908309274.08683440,3517420,8291.22648000,890420511.47044150
2025-06-13 00:00:00,105671.74000000,106179.53000000,102664.31000000,106066.59000000,26180.81734000,2025-06-13 23:59:59,2735461890.69297020,5452577,12793.70705000,1337300355.99521930
2025-06-14 00:00:00,106066.59000000,106252.00000000,104300.00000000,105414.64000000,8798.93969000,2025-06-14 23:59:59,925568614.17840650,1521776,3848.55498000,405001275.92627160
2025-06-15 00:00:00,105414.63000000,106128.57000000,104494.53000000,105594.01000000,7164.20047000,2025-06-15 23:59:59,754596887.87480040,1564768,3356.46912000,353608577.68537740
2025-06-16 00:00:00,105594.02000000,108952.38000000,104980.37000000,106794.53000000,14922.66540000,2025-06-16 23:59:59,1599849840.73252440,2928998,7442.34921000,797865030.13661780
2025-06-17 00:00:00,106794.53000000,107771.34000000,103371.02000000,104551.17000000,17866.33025000,2025-06-17 23:59:59,1883173484.89909980,3723010,8082.65290000,852365443.21135600
2025-06-18 00:00:00,104551.17000000,105550.27000000,103500.00000000,104886.78000000,13968.64167000,2025-06-18 23:59:59,1461383024.36220930,3468170,6656.31474000,696386846.69042960
2025-06-19 00:00:00,104886.79000000,105226.17000000,103929.27000000,104658.59000000,7678.60737000,2025-06-19 23:59:59,803402575.96204490,1718045,3583.19736000,374871407.41073340
2025-06-20 00:00:00,104658.59000000,106524.65000000,102345.00000000,103297.99000000,16419.06283000,2025-06-20 23:59:59,1714411911.01140170,3029404,7113.97039000,743649283.08002110
2025-06-21 00:00:00,103297.98000000,103982.64000000,100837.90000000,102120.01000000,11154.21332000,2025-06-21 23:59:59,1144829784.73064180,2172578,4632.93703000,475270667.42267620
2025-06-22 00:00:00,102120.02000000,103399.62000000,98200.00000000,100963.87000000,28746.41072000,2025-06-22 23:59:59,2892695407.80868790,5121309,13142.02965000,1322387353.31664010
2025-06-23 00:00:00,100963.87000000,106074.20000000,99613.33000000,105333.93000000,27666.50609000,2025-06-23 23:59:59,2836166831.04444880,4944207,13408.20163000,1375654853.25846600
2025-06-24 00:00:00,105333.94000000,106290.00000000,104622.02000000,106083.00000000,14651.69335000,2025-06-24 23:59:59,1543451113.45636120,2973481,6848.32158000,721631005.28932640
2025-06-25 00:00:00,106083.00000000,108135.30000000,105808.03000000,107340.58000000,16701.15551000,2025-06-25 23:59:59,1789545470.94629000,2988892,8576.13709000,919352853.80641200
2025-06-26 00:00:00,107340.59000000,108272.45000000,106562.50000000,106947.06000000,10573.27279000,2025-06-26 23:59:59,1136093974.68160140,2597742,4983.08998000,535471528.19449270
2025-06-27 00:00:00,106947.06000000,107735.34000000,106356.76000000,107047.59000000,12232.44042000,2025-06-27 23:59:59,1308420348.91000950,2304499,4862.28010000,520251258.37876640
2025-06-28 00:00:00,107047.58000000,107577.75000000,106811.51000000,107296.79000000,3282.17352000,2025-06-28 23:59:59,352025390.60311350,653305,1514.41959000,162441164.01323960
2025-06-29 00:00:00,107296.79000000,108528.50000000,107172.52000000,108356.93000000,6831.73640000,2025-06-29 23:59:59,736708189.94956840,1223202,3771.10895000,406653127.09208040
2025-06-30 00:00:00,108356.93000000,108789.99000000,106733.33000000,107146.50000000,9754.12491000,2025-06-30 23:59:59,1050407152.34505800,1773485,4331.38130000,466474537.78821220
2025-07-01 00:00:00,107146.51000000,107540.00000000,105250.85000000,105681.14000000,10505.62437000,2025-07-01 23:59:59,1117432945.89263660,2013289,4648.91727000,494549276.18377850
2025-07-02 00:00:00,105681.13000000,109730.00000000,105100.19000000,108849.60000000,17691.89592000,2025-07-02 23:59:59,1915699005.87728970,2444708,9248.43029000,1002261738.20887520
2025-07-03 00:00:00,108849.59000000,110529.18000000,108530.40000000,109584.78000000,13047.08225000,2025-07-03 23:59:59,1429459048.63832610,2568944,6961.89686000,763022147.91167700
2025-07-04 00:00:00,109584.77000000,109767.59000000,107245.00000000,107984.24000000,11793.86615000,2025-07-04 23:59:59,1276215111.66836520,1975212,4787.79822000,518313226.96675600
2025-07-05 00:00:00,107984.25000000,108420.56000000,107756.31000000,108198.12000000,3736.97570000,2025-07-05 23:59:59,403928702.19674760,710020,1803.68528000,194976807.36330110
2025-07-06 00:00:00,108198.12000000,109700.00000000,107800.01000000,109203.84000000,6447.60700000,2025-07-06 23:59:59,700733299.51121990,1256591,3209.35902000,348780644.23317400
2025-07-07 00:00:00,109203.85000000,109700.00000000,107513.20000000,108262.94000000,9405.37601000,2025-07-07 23:59:59,1020848316.05370420,1961940,3920.92229000,425664101.80223870
2025-07-08 00:00:00,108262.94000000,109216.56000000,107429.57000000,108922.98000000,9216.02080000,2025-07-08 23:59:59,1000112813.43989430,1723244,4371.98866000,474674358.99748990
2025-07-09 00:00:00,108922.99000000,111999.79000000,108324.53000000,111233.99000000,17282.28650000,2025-07-09 23:59:59,1902054744.19492400,2328484,8935.70327000,983405508.74821380
2025-07-10 00:00:00,111234.00000000,116868.00000000,110500.00000000,116010.00000000,24883.45066500,2025-07-10 23:59:59,2826460280.44522334,3227017,12900.13546700,1465777460.94107554
2025-07-11 00:00:00,116010.01000000,118869.98000000,115222.22000000,117527.66000000,25873.52114800,2025-07-11 23:59:59,3039521803.02724685,3708194,12502.93116800,1468374333.95021235
2025-07-12 00:00:00,117527.66000000,118200.00000000,116900.05000000,117420.00000000,8446.60437000,2025-07-12 23:59:59,993093353.40689040,1441851,3784.55219000,444996040.90597870
2025-07-13 00:00:00,117420.00000000,119488.00000000,117224.79000000,119086.64000000,9550.79294700,2025-07-13 23:59:59,1132096857.01169159,1650283,4766.47430700,565024389.37239190
2025-07-14 00:00:00,119086.65000000,123218.00000000,118905.18000000,119841.18000000,27269.34887700,2025-07-14 23:59:59,3299746181.07707340,4076133,14099.58074700,1705505292.66472420
2025-07-15 00:00:00,119841.17000000,119940.83000000,115736.92000000,117758.09000000,32018.46083000,2025-07-15 23:59:59,3755258445.55327170,3805374,15667.30508000,1837578524.92386480
2025-07-16 00:00:00,117758.08000000,120063.84000000,117017.29000000,118630.43000000,17039.90851000,2025-07-16 23:59:59,2023850383.72348730,2429625,8355.96881000,992430971.36759030
2025-07-17 00:00:00,118630.44000000,120998.71000000,117453.57000000,119177.56000000,15728.57651000,2025-07-17 23:59:59,1869114355.12316430,2347985,7696.17927000,914659207.57442780
2025-07-18 00:00:00,119177.56000000,120820.71000000,116812.76000000,117924.84000000,19924.66266000,2025-07-18 23:59:59,2367355518.47030790,2805236,8951.37863000,1063782057.47856260
2025-07-19 00:00:00,117924.84000000,118499.90000000,117277.34000000,117840.00000000,6635.80306000,2025-07-19 23:59:59,783327898.49696960,1133382,2978.38320000,351626384.05029030
2025-07-20 00:00:00,117840.01000000,118856.80000000,116467.02000000,117265.12000000,12962.92889000,2025-07-20 23:59:59,1528864683.81608200,1615935,6581.33371000,776457462.98182540
2025-07-21 00:00:00,117265.11000000,119676.73000000,116515.00000000,117380.36000000,17107.33128000,2025-07-21 23:59:59,2020783266.96336490,2509543,8426.31812000,995117241.66790940
2025-07-22 00:00:00,117380.36000000,120247.80000000,116128.00000000,119954.42000000,20959.12973000,2025-07-22 23:59:59,2481252763.65191060,2778733,10811.45507000,1280627214.62852240
2025-07-23 00:00:00,119954.43000000,120090.00000000,117301.00000000,118755.99000000,14558.75083000,2025-07-23 23:59:59,1722126986.88666100,2101404,7070.08701000,836266328.74468310
2025-07-24 00:00:00,118756.00000000,119450.00000000,117103.10000000,118340.99000000,15806.89043000,2025-07-24 23:59:59,1873181653.20180740,2081435,7651.73992000,906619084.60359310
2025-07-25 00:00:00,118340.98000000,118451.57000000,114723.16000000,117614.31000000,38406.34873000,2025-07-25 23:59:59,4456778786.62049410,3282355,17042.77355000,1977873720.89647240
2025-07-26 00:00:00,117614.31000000,118297.35000000,117138.38000000,117919.99000000,6991.67206000,2025-07-26 23:59:59,823629079.74931030,790372,3167.88355000,373290310.21643520
2025-07-27 00:00:00,117919.99000000,119766.65000000,117825.50000000,119415.55000000,9328.30919000,2025-07-27 23:59:59,1107883542.16079820,1095080,5238.30358000,622261561.25072770
2025-07-28 00:00:00,119415.56000000,119800.00000000,117427.50000000,118062.32000000,13961.74754000,2025-07-28 23:59:59,1655882235.89651800,1824777,7224.91774000,857128354.22340880
2025-07-29 00:00:00,118062.32000000,119273.36000000,116950.75000000,117950.76000000,15137.93445000,2025-07-29 23:59:59,1788682083.68564630,1956694,7988.93736000,944162800.07458740
2025-07-30 00:00:00,117950.75000000,118792.00000000,115796.23000000,117840.30000000,15586.73631000,2025-07-30 23:59:59,1832696878.22298590,1997369,7803.61434000,917632890.23365260
2025-07-31 00:00:00,117840.29000000,118922.45000000,115500.00000000,115764.08000000,17010.00730000,2025-07-31 23:59:59,2002870016.70224260,1859532,8313.51616000,979519362.06854240
2025-08-01 00:00:00,115764.07000000,116052.00000000,112722.58000000,113297.93000000,24487.10206000,2025-08-01 23:59:59,2810268577.15136990,4160829,11487.22120000,1318593418.06125480
2025-08-02 00:00:00,113297.92000000,114063.49000000,112003.00000000,112546.35000000,11507.33428000,2025-08-02 23:59:59,1301882737.32672200,2165714,5060.00835000,572586383.07173130
2025-08-03 00:00:00,112546.35000000,114799.97000000,111920.00000000,114208.80000000,7397.76046000,2025-08-03 23:59:59,841090034.15425410,1419281,3738.18331000,425246221.29553040
2025-08-04 00:00:00,114208.81000000,115720.00000000,114107.60000000,115055.03000000,9667.67916000,2025-08-04 23:59:59,1109938874.06297080,1954230,4715.29351000,541443274.80937470
2025-08-05 00:00:00,115055.03000000,115127.81000000,112650.00000000,114129.75000000,12042.79078000,2025-08-05 23:59:59,1371861747.14661660,2581052,5622.66754000,640570774.10106840
2025-08-06 00:00:00,114129.75000000,115716.00000000,113355.13000000,114992.27000000,9761.15318000,2025-08-06 23:59:59,1118028732.85891840,2026500,4872.24748000,558193207.67707200
2025-08-07 00:00:00,114992.27000000,117621.00000000,114259.00000000,117472.01000000,13468.56263000,2025-08-07 23:59:59,1564454297.83692700,2314671,7008.73753000,814088870.44463200
2025-08-08 00:00:00,117472.02000000,117630.00000000,115878.71000000,116674.74000000,10045.31278000,2025-08-08 23:59:59,1172199778.72425470,2095304,4584.90574000,534970598.46875020
2025-08-09 00:00:00,116674.74000000,117944.05000000,116299.13000000,116462.25000000,9514.13144000,2025-08-09 23:59:59,1111837601.70237220,1390951,4869.85416000,569228301.11699460
2025-08-10 00:00:00,116462.25000000,119311.11000000,116460.63000000,119294.01000000,14322.77073000,2025-08-10 23:59:59,1694198747.87187080,2317065,8023.43513000,949082473.72132200
2025-08-11 00:00:00,119294.27000000,122335.16000000,118050.11000000,118686.00000000,26494.33429000,2025-08-11 23:59:59,3194611530.54106930,4021743,13243.42946000,1596640461.64307680
2025-08-12 00:00:00,118686.00000000,120324.43000000,118207.47000000,120134.08000000,16720.10893000,2025-08-12 23:59:59,1992762473.58525770,2737841,9265.05962000,1104367998.19617160
2025-08-13 00:00:00,120134.09000000,123667.79000000,118920.92000000,123306.43000000,23210.07102000,2025-08-13 23:59:59,2811581348.38745740,3712817,11931.26825000,1446045988.04831460
2025-08-14 00:00:00,123306.44000000,124474.00000000,117180.00000000,118295.09000000,27980.94758600,2025-08-14 23:59:59,3359128391.10852380,4350449,13402.07847600,1608719584.86973360
2025-08-15 00:00:00,118295.09000000,119216.82000000,116803.99000000,117342.05000000,13623.33874000,2025-08-15 23:59:59,1607609329.68510110,2895016,6141.41708000,724799635.81724670
2025-08-16 00:00:00,117342.04000000,117898.99000000,117143.98000000,117380.66000000,6393.68117000,2025-08-16 23:59:59,751719391.77236380,1179842,2995.22865000,352158781.09645510
2025-08-17 00:00:00,117380.66000000,118575.00000000,117172.21000000,117405.01000000,5898.64192000,2025-08-17 23:59:59,695629197.90380730,1177563,2804.73113000,330799448.09036540
2025-08-18 00:00:00,117405.01000000,117543.75000000,114640.14000000,116227.05000000,17745.93954000,2025-08-18 23:59:59,2053814085.47177750,3346280,7647.70667000,885108979.48874850
2025-08-19 00:00:00,116227.05000000,116725.69000000,112732.58000000,112872.94000000,18065.47424000,2025-08-19 23:59:59,2065010895.85846640,3291182,8609.41370000,984093545.59442210
2025-08-20 00:00:00,112872.95000000,114615.38000000,112380.00000000,114271.24000000,15636.34194000,2025-08-20 23:59:59,1776149566.12477360,2998370,7209.58575000,819330970.21586190
2025-08-21 00:00:00,114271.23000000,114821.76000000,112015.67000000,112500.00000000,10839.69235000,2025-08-21 23:59:59,1227373788.61556290,2357380,5346.48007000,605400341.45449280
2025-08-22 00:00:00,112500.00000000,117429.05000000,111684.79000000,116935.99000000,23128.09037000,2025-08-22 23:59:59,2656625122.27778650,3438518,11843.59711000,1359907711.87266930
2025-08-23 00:00:00,116936.00000000,117030.00000000,114560.00000000,115438.05000000,11329.36197000,2025-08-23 23:59:59,1308825428.01435860,1559569,5083.35014000,587273893.13144330
2025-08-24 00:00:00,115438.06000000,115666.68000000,110680.00000000,113493.59000000,21175.98462000,2025-08-24 23:59:59,2411284606.18917640,2573906,9325.06710000,1061855201.33431230
2025-08-25 00:00:00,113493.59000000,113667.28000000,109274.10000000,110111.98000000,25182.79379000,2025-08-25 23:59:59,2805570653.63102300,4695718,11387.58170000,1269662985.34417990
2025-08-26 00:00:00,110111.98000000,112371.00000000,108666.66000000,111763.22000000,18452.43877000,2025-08-26 23:59:59,2033437347.49993920,4077474,9863.43157000,1087468493.59696390
2025-08-27 00:00:00,111763.22000000,112625.00000000,110345.42000000,111262.01000000,13392.60875000,2025-08-27 23:59:59,1493774927.19083180,3111496,6261.84550000,698586344.17747960
2025-08-28 00:00:00,111262.01000000,113485.90000000,110862.42000000,112566.90000000,11104.27744000,2025-08-28 23:59:59,1250788481.94532180,2066780,5139.46509000,578866003.68381480
2025-08-29 00:00:00,112566.90000000,112638.64000000,107463.90000000,108377.40000000,22580.31045000,2025-08-29 23:59:59,2475492492.57752970,3606959,10616.35644000,1164321513.10445710
2025-08-30 00:00:00,108377.40000000,108926.15000000,107350.10000000,108816.33000000,10708.39159000,2025-08-30 23:59:59,1160666772.73875230,1411040,5797.17783000,628457794.84340100
2025-08-31 00:00:00,108816.33000000,109480.02000000,108076.93000000,108246.35000000,9489.51596000,2025-08-31 23:59:59,1031806894.35133180,1366633,4573.61058000,497406888.16918830
2025-09-01 00:00:00,108246.36000000,109912.40000000,107255.00000000,109237.42000000,16053.60219000,2025-09-01 23:59:59,1742516638.78113520,2729384,7532.99101000,817730948.98443340
2025-09-02 00:00:00,109237.43000000,111771.52000000,108393.39000000,111240.01000000,18510.28756000,2025-09-02 23:59:59,2042681451.90163840,2596328,9088.71727000,1003032805.53679950
2025-09-03 00:00:00,111240.01000000,112575.27000000,110528.71000000,111705.71000000,11773.72084000,2025-09-03 23:59:59,1313762617.34366450,2214249,5539.29462000,618293676.50751790
2025-09-04 00:00:00,111705.72000000,112180.00000000,109329.12000000,110730.87000000,12203.13536000,2025-09-04 23:59:59,1349031325.53208460,2230255,6070.78151000,670681185.82571010
2025-09-05 00:00:00,110730.87000000,113384.62000000,110206.96000000,110659.99000000,21587.40888000,2025-09-05 23:59:59,2413132200.62332500,2970419,10787.81127000,1206066261.22720100
2025-09-06 00:00:00,110660.00000000,111307.70000000,109977.00000000,110187.97000000,5000.29897000,2025-09-06 23:59:59,552785936.54346990,795201,2308.83297000,255237426.94601100
2025-09-07 00:00:00,110187.98000000,111600.00000000,110180.00000000,111137.34000000,5681.29944000,2025-09-07 23:59:59,630447950.15886890,874961,2570.85199000,285303923.54046230
2025-09-08 00:00:00,111137.35000000,112924.37000000,110621.78000000,112065.23000000,11582.40211000,2025-09-08 23:59:59,1295903862.46496030,1744598,5531.65969000,618773275.35763070
2025-09-09 00:00:00,112065.23000000,113293.29000000,110766.66000000,111546.39000000,15379.28248000,2025-09-09 23:59:59,1721465997.90636600,2143242,7597.38038000,849973176.17756840
2025-09-10 00:00:00,111546.38000000,114313.13000000,110917.45000000,113960.00000000,17517.41823000,2025-09-10 23:59:59,1978834750.22231150,2182534,8274.63998000,934646697.48233240
2025-09-11 00:00:00,113960.00000000,115488.09000000,113430.00000000,115482.69000000,13676.73119000,2025-09-11 23:59:59,1562241144.95654100,2166359,6744.29993000,770595422.69052130
2025-09-12 00:00:00,115482.69000000,116665.63000000,114740.99000000,116029.42000000,15324.10719000,2025-09-12 23:59:59,1772122269.50186350,2481491,7995.57276000,924775389.85693960
2025-09-13 00:00:00,116029.41000000,116298.78000000,115127.27000000,115918.29000000,8269.40394000,2025-09-13 23:59:59,957724220.64976110,1223635,3590.09359000,415773029.43935270
2025-09-14 00:00:00,115918.29000000,116165.19000000,115135.00000000,115268.01000000,6707.60197000,2025-09-14 23:59:59,775762364.96859910,1237218,3406.90777000,393977059.30354210
2025-09-15 00:00:00,115268.01000000,116757.99000000,114384.00000000,115349.71000000,13212.51149000,2025-09-15 23:59:59,1522648235.22351530,2857989,6621.36360000,763138585.68502490
2025-09-16 00:00:00,115349.71000000,116964.27000000,114737.11000000,116788.96000000,10926.90940000,2025-09-16 23:59:59,1265779287.51692670,2047058,5292.18365000,613182568.99191850
2025-09-17 00:00:00,116788.96000000,117286.73000000,114720.81000000,116447.59000000,16754.24540000,2025-09-17 23:59:59,1946083704.62174570,3227418,7975.00190000,926282110.83307900
2025-09-18 00:00:00,116447.60000000,117900.00000000,116092.76000000,117073.53000000,11657.23365000,2025-09-18 23:59:59,1367513347.48650940,2252654,5717.34538000,670700552.93472770
2025-09-19 00:00:00,117073.53000000,117459.99000000,115100.00000000,115632.38000000,8992.09065000,2025-09-19 23:59:59,1045792401.45323890,1732471,4020.81483000,467345983.07867990
2025-09-20 00:00:00,115632.39000000,116121.81000000,115408.47000000,115685.63000000,4674.92752000,2025-09-20 23:59:59,541264273.24168940,740451,2276.16483000,263511469.84325880
2025-09-21 00:00:00,115685.63000000,115819.06000000,115188.00000000,115232.29000000,4511.52219000,2025-09-21 23:59:59,521299751.15040960,945965,2016.72489000,233031538.74699310
2025-09-22 00:00:00,115232.29000000,115379.25000000,111800.00000000,112650.99000000,20781.71356000,2025-09-22 23:59:59,2348872511.69887510,3045876,9312.35777000,1052684266.89818760
2025-09-23 00:00:00,112650.99000000,113290.50000000,111458.73000000,111998.80000000,12301.32030000,2025-09-23 23:59:59,1383869800.27370310,2455729,5543.36090000,623665658.72003280
2025-09-24 00:00:00,111998.80000000,113940.00000000,111042.66000000,113307.00000000,12369.25967000,2025-09-24 23:59:59,1394470628.50258200,2229837,6100.69487000,687826281.22047700
2025-09-25 00:00:00,113307.01000000,113510.23000000,108631.51000000,108994.49000000,21231.14957000,2025-09-25 23:59:59,2356639689.92521460,4409953,9511.07937000,1055527535.76844470
2025-09-26 00:00:00,108994.49000000,110300.00000000,108620.07000000,109643.46000000,14243.01591000,2025-09-26 23:59:59,1557098915.93925960,3257155,6978.29033000,762955442.75240000
2025-09-27 00:00:00,109643.46000000,109743.91000000,109064.40000000,109635.85000000,5501.78643000,2025-09-27 23:59:59,601947588.99707650,919594,2523.25886000,276080500.99419540
2025-09-28 00:00:00,109635.85000000,112350.00000000,109189.99000000,112163.95000000,7542.33160000,2025-09-28 23:59:59,832254944.32033530,1484866,3781.87606000,417495757.16935000
2025-09-29 00:00:00,112163.96000000,114400.00000000,111560.65000000,114311.96000000,15541.12005000,2025-09-29 23:59:59,1755247635.87113600,2442653,7836.68768000,884934987.56875300
2025-09-30 00:00:00,114311.97000000,114792.00000000,112656.27000000,114048.93000000,15044.15633000,2025-09-30 23:59:59,1710713267.13009550,3018331,7185.72154000,817044461.27018150
2025-10-01 00:00:00,114048.94000000,118649.10000000,113966.67000000,118594.99000000,20036.39516000,2025-10-01 23:59:59,2332096981.26593350,3430343,10071.04092000,1172422657.40651740
2025-10-02 00:00:00,118594.99000000,121022.07000000,118279.31000000,120529.35000000,19670.83503000,2025-10-02 23:59:59,2349861127.34458050,3472073,9753.07848000,1164986423.98980750
2025-10-03 00:00:00,120529.35000000,123894.99000000,119248.30000000,122232.00000000,23936.32800000,2025-10-03 23:59:59,2907381076.68131880,4246820,11288.62355000,1372792607.61362140
2025-10-04 00:00:00,122232.21000000,122800.00000000,121510.00000000,122391.00000000,8208.16678000,2025-10-04 23:59:59,1002272903.34464720,1703590,3767.80335000,460154433.12366190
2025-10-05 00:00:00,122390.99000000,125708.42000000,122136.00000000,123482.31000000,22043.09755300,2025-10-05 23:59:59,2730817470.93956400,3690670,11780.67240300,1459478400.91099630
2025-10-06 00:00:00,123482.32000000,126199.63000000,123084.00000000,124658.54000000,19494.62879300,2025-10-06 23:59:59,2428828952.26531830,4206167,9963.00815300,1241625129.71771830
2025-10-07 00:00:00,124658.54000000,125126.00000000,120574.94000000,121332.95000000,21633.99385000,2025-10-07 23:59:59,2657405799.87054860,4390785,9699.35099000,1191947741.69890580
2025-10-08 00:00:00,121332.96000000,124197.25000000,121066.14000000,123306.00000000,17012.61800000,2025-10-08 23:59:59,2084842842.44161690,4184997,9039.06222000,1107976264.69485960
2025-10-09 00:00:00,123306.01000000,123762.94000000,119651.47000000,121662.40000000,21559.36007000,2025-10-09 23:59:59,2621438087.56673310,4231167,10144.15364000,1233882833.56423890
2025-10-10 00:00:00,121662.41000000,122550.00000000,102000.00000000,112774.50000000,64171.93927000,2025-10-10 23:59:59,7349750905.04115730,11404522,30502.14297000,3493298452.84600770
2025-10-11 00:00:00,112774.49000000,113322.39000000,109561.59000000,110644.40000000,35448.51652000,2025-10-11 23:59:59,3961069473.23113630,6661929,15375.94796000,1718429599.56695220
2025-10-12 00:00:00,110644.40000000,115770.00000000,109565.06000000,114958.80000000,32255.30272000,2025-10-12 23:59:59,3638546528.74015580,6048575,16915.44533000,1907676479.17725090
2025-10-13 00:00:00,114958.81000000,115963.81000000,113616.50000000,115166.00000000,22557.24033000,2025-10-13 23:59:59,2591831660.98574920,5739352,10710.89723000,1230950583.84246650
2025-10-14 00:00:00,115166.00000000,115409.96000000,109866.00000000,113028.14000000,31870.32974000,2025-10-14 23:59:59,3578140778.80849870,7425642,14944.19197000,1677011392.63438070
2025-10-15 00:00:00,113028.13000000,113612.35000000,110164.00000000,110763.28000000,22986.48811000,2025-10-15 23:59:59,2569639641.35276860,5243141,10499.31831000,1173678794.92077390
2025-10-16 00:00:00,110763.28000000,111982.45000000,107427.00000000,108194.28000000,29857.17252000,2025-10-16 23:59:59,3277596494.76191940,6127094,13126.95119000,1441416875.12637710
2025-10-17 00:00:00,108194.27000000,109240.00000000,103528.23000000,106431.68000000,37920.66838000,2025-10-17 23:59:59,4022645635.22120190,7570685,17996.99946000,1909654487.45622080
2025-10-18 00:00:00,106431.68000000,107499.00000000,106322.20000000,107185.01000000,11123.18766000,2025-10-18 23:59:59,1189002999.14311300,2105450,4845.85641000,518065716.66181290
2025-10-19 00:00:00,107185.00000000,109450.07000000,106103.36000000,108642.78000000,15480.66423000,2025-10-19 23:59:59,1670074079.58023430,3205640,7100.31013000,766423535.81773780
2025-10-20 00:00:00,108642.77000000,111705.56000000,107402.52000000,110532.09000000,19193.44160000,2025-10-20 23:59:59,2119912185.59346830,4283542,9280.50075000,1024925788.72169910
2025-10-21 00:00:00,110532.09000000,114000.00000000,107473.72000000,108297.67000000,37228.01659000,2025-10-21 23:59:59,4114477849.93205410,6004063,17034.07155000,1881327751.33461280
2025-10-22 00:00:00,108297.66000000,109163.88000000,106666.69000000,107567.44000000,28610.78451000,2025-10-22 23:59:59,3090291706.44398170,5547903,13766.58861000,1487179903.59997880
2025-10-23 00:00:00,107567.45000000,111293.61000000,107500.00000000,110078.18000000,17573.09294000,2025-10-23 23:59:59,1924582289.41139380,3721614,8575.33716000,938905317.70341070
2025-10-24 00:00:00,110078.19000000,112104.98000000,109700.01000000,111004.89000000,15005.16913000,2025-10-24 23:59:59,1662806764.95333240,3241022,7511.24340000,832390454.80762260
2025-10-25 00:00:00,111004.90000000,111943.19000000,110672.86000000,111646.27000000,6407.96864000,2025-10-25 23:59:59,714201332.97512240,1238199,3087.08660000,344113931.79994520
2025-10-26 00:00:00,111646.27000000,115466.80000000,111260.45000000,114559.40000000,13454.47737000,2025-10-26 23:59:59,1525108635.87482900,2463951,6982.18154000,791462349.35160560
2025-10-27 00:00:00,114559.41000000,116400.00000000,113830.01000000,114107.65000000,21450.23241000,2025-10-27 23:59:59,2470872744.54896810,3660488,10969.70182000,1263753536.99738980
2025-10-28 00:00:00,114107.65000000,116086.00000000,112211.00000000,112898.45000000,15523.42257000,2025-10-28 23:59:59,1772753529.86427430,3829845,7765.31574000,887031686.01637250
2025-10-29 00:00:00,112898.44000000,113643.73000000,109200.00000000,110021.29000000,21079.71376000,2025-10-29 23:59:59,2356715986.53354560,4481480,10407.07233000,1163985607.35690850
2025-10-30 00:00:00,110021.30000000,111592.00000000,106304.34000000,108322.88000000,25988.82838000,2025-10-30 23:59:59,2827221287.42279770,6373451,12551.13144000,1365671836.74559240
2025-10-31 00:00:00,108322.87000000,111190.00000000,108275.28000000,109608.01000000,21518.20439000,2025-10-31 23:59:59,2361590437.94141060,5256872,10798.53938000,1185034290.92377970
2025-11-01 00:00:00,109608.01000000,110564.49000000,109394.81000000,110098.10000000,7378.50431000,2025-11-01 23:59:59,812389216.43467980,1994214,3406.68401000,375126956.08097220
2025-11-02 00:00:00,110098.10000000,111250.01000000,109471.34000000,110540.68000000,12107.00087000,2025-11-02 23:59:59,1336870531.14150130,2652188,5921.86453000,654016950.25497770
2025-11-03 00:00:00,110540.69000000,110750.00000000,105306.56000000,106583.04000000,28681.18779000,2025-11-03 23:59:59,3076006652.00156760,7074546,12847.08574000,1377869106.66817760
2025-11-04 00:00:00,106583.05000000,107299.00000000,98944.36000000,101497.22000000,50534.87376000,2025-11-04 23:59:59,5197697635.21241310,9099609,23388.99033000,2406186713.17052980
2025-11-05 00:00:00,101497.23000000,104534.74000000,98966.80000000,103885.16000000,33778.77571000,2025-11-05 23:59:59,3454273922.70038500,6500368,18126.84828000,1854232277.03301110
2025-11-06 00:00:00,103885.16000000,104200.00000000,100300.95000000,101346.04000000,25814.62139000,2025-11-06 23:59:59,2641767846.30582700,5755001,11972.54796000,1225474173.02042840
2025-11-07 00:00:00,101346.04000000,104096.36000000,99260.86000000,103339.08000000,32059.50942000,2025-11-07 23:59:59,3251112979.30588400,6335759,16056.80582000,1629564159.11657990
2025-11-08 00:00:00,103339.09000000,103406.22000000,101454.00000000,102312.94000000,12390.77985000,2025-11-08 23:59:59,1267165565.37527010,2743819,5862.65977000,599611355.36714670
2025-11-09 00:00:00,102312.95000000,105495.62000000,101400.00000000,104722.96000000,16338.97096000,2025-11-09 23:59:59,1687020822.36682080,3404204,8224.94939000,849620657.08690970
2025-11-10 00:00:00,104722.95000000,106670.11000000,104265.02000000,106011.13000000,22682.25673000,2025-11-10 23:59:59,2400141664.38934170,4710957,11595.81944000,1226965888.74676980
2025-11-11 00:00:00,106011.13000000,107500.00000000,102476.09000000,103058.99000000,24196.50718000,2025-11-11 23:59:59,2532279071.00692150,5532149,10717.03395000,1121890584.19977650
2025-11-12 00:00:00,103059.00000000,105333.33000000,100813.59000000,101654.37000000,20457.63906000,2025-11-12 23:59:59,2108514405.26087720,5314132,10155.72095000,1047214063.13828700
2025-11-13 00:00:00,101654.37000000,104085.01000000,98000.40000000,99692.02000000,36198.50771000,2025-11-13 23:59:59,3654698026.54038050,8125404,17250.22426000,1742449117.57636070
2025-11-14 00:00:00,99692.03000000,99866.02000000,94012.45000000,94594.00000000,47288.14481000,2025-11-14 23:59:59,4566085156.74720680,9551025,21184.91518000,2045542286.86348350
2025-11-15 00:00:00,94594.00000000,96846.68000000,94558.49000000,95596.24000000,15110.89391000,2025-11-15 23:59:59,1449074019.06748560,4263558,7115.78198000,682358960.75404210
2025-11-16 00:00:00,95596.23000000,96635.11000000,93005.55000000,94261.44000000,23889.40510000,2025-11-16 23:59:59,2261295524.81733930,5141394,10828.62752000,1025540141.31118660
2025-11-17 00:00:00,94261.45000000,96043.00000000,91220.00000000,92215.14000000,39218.59806000,2025-11-17 23:59:59,3674562070.23860600,8134322,18690.19245000,1750979467.78626070
2025-11-18 00:00:00,92215.14000000,93836.01000000,89253.78000000,92960.83000000,39835.14769000,2025-11-18 23:59:59,3641033186.30045840,8786593,20130.95957000,1841176605.14182350
2025-11-19 00:00:00,92960.83000000,92980.22000000,88608.00000000,91554.96000000,32286.63760000,2025-11-19 23:59:59,2925773651.25595790,6822174,15060.08451000,1365200809.17455710
2025-11-20 00:00:00,91554.96000000,93160.00000000,86100.00000000,86637.23000000,39733.19073000,2025-11-20 23:59:59,3548950335.09842180,7841395,18283.84047000,1634256490.95743210
2025-11-21 00:00:00,86637.22000000,87498.94000000,80600.00000000,85129.43000000,72256.12679000,2025-11-21 23:59:59,6061348756.34156410,11826480,34071.85828000,2859133223.22405230
2025-11-22 00:00:00,85129.42000000,85620.00000000,83500.00000000,84739.74000000,14193.93263000,2025-11-22 23:59:59,1197657354.96903850,4697593,6688.79428000,564562148.93739320
2025-11-23 00:00:00,84739.75000000,88127.64000000,84667.57000000,86830.00000000,19734.46418000,2025-11-23 23:59:59,1708685030.27986950,5063493,10406.51703000,901210513.52044730
2025-11-24 00:00:00,86830.00000000,89228.00000000,85272.00000000,88300.01000000,24663.12795000,2025-11-24 23:59:59,2150393686.92031830,6189156,12438.87518000,1085485389.02341670
2025-11-25 00:00:00,88300.01000000,88519.99000000,86116.00000000,87369.96000000,19567.04110000,2025-11-25 23:59:59,1708989000.03893710,4838747,9423.17985000,823123525.14025590
2025-11-26 00:00:00,87369.97000000,90656.08000000,86306.77000000,90484.02000000,21675.82239000,2025-11-26 23:59:59,1916851896.66996890,4668280,10883.61063000,962765375.81638320
2025-11-27 00:00:00,90484.01000000,91950.00000000,90089.91000000,91333.95000000,16833.50932000,2025-11-27 23:59:59,1535778106.57870780,3920172,8898.35835000,812005498.75948750
2025-11-28 00:00:00,91333.94000000,93092.00000000,90180.63000000,90890.70000000,18830.86012000,2025-11-28 23:59:59,1721418035.07955960,4229754,8961.64712000,820315728.91869100
2025-11-29 00:00:00,90890.71000000,91165.65000000,90155.47000000,90802.44000000,7429.88291000,2025-11-29 23:59:59,673725652.97876550,1677860,3359.04932000,304614219.14525830
2025-11-30 00:00:00,90802.44000000,92000.01000000,90336.90000000,90360.00000000,9687.74175000,2025-11-30 23:59:59,884051773.16553380,2154030,5002.96698000,456606490.12032460
2025-12-01 00:00:00,90360.01000000,90417.00000000,83822.76000000,86286.01000000,34509.01227000,2025-12-01 23:59:59,2977024047.22316070,7709685,15524.33346000,1338718794.00131230
2025-12-02 00:00:00,86286.01000000,92307.65000000,86184.39000000,91277.88000000,28210.22732000,2025-12-02 23:59:59,2519515177.66236480,6397299,13512.33949000,1206199898.29415110
2025-12-03 00:00:00,91277.88000000,94150.00000000,90990.23000000,93429.95000000,25712.52585000,2025-12-03 23:59:59,2386223626.86139030,6733182,12993.19312000,1206219500.45773430
2025-12-04 00:00:00,93429.95000000,94080.00000000,90889.00000000,92078.06000000,19803.94059000,2025-12-04 23:59:59,1836645629.33462010,5856049,8312.69539000,770992235.20799200
2025-12-05 00:00:00,92078.06000000,92692.36000000,88056.00000000,89330.04000000,19792.97218000,2025-12-05 23:59:59,1788436983.81065460,5520352,8722.13995000,787809723.72132390
2025-12-06 00:00:00,89330.04000000,90289.97000000,88908.01000000,89236.79000000,8409.50016000,2025-12-06 23:59:59,753420679.80632590,2482221,4041.72834000,362232786.26957140
2025-12-07 00:00:00,89236.80000000,91760.00000000,87719.28000000,90395.31000000,13021.11185000,2025-12-07 23:59:59,1167866486.84552130,3953071,6370.56683000,571547237.85676710
2025-12-08 00:00:00,90395.32000000,92287.15000000,89612.00000000,90634.34000000,15793.63887000,2025-12-08 23:59:59,1436920018.89361330,5458731,7296.74328000,663654575.45218350
2025-12-09 00:00:00,90634.35000000,94588.99000000,89500.00000000,92678.80000000,21240.43014000,2025-12-09 23:59:59,1956261065.60717330,5940223,10517.75959000,969426006.12226280
2025-12-10 00:00:00,92678.81000000,94476.00000000,91563.15000000,92015.37000000,18998.68083000,2025-12-10 23:59:59,1758773276.24780480,6025707,9197.33116000,852012295.39671150
2025-12-11 00:00:00,92015.38000000,93555.00000000,89260.63000000,92513.38000000,19972.58758000,2025-12-11 23:59:59,1814322119.06584890,6250438,9150.89797000,831529923.80888190
2025-12-12 00:00:00,92513.38000000,92754.00000000,89480.00000000,90268.42000000,16679.19169000,2025-12-12 23:59:59,1521683425.56480040,4956719,7986.68273000,728724357.38865630
2025-12-13 00:00:00,90268.43000000,90634.55000000,89766.39000000,90240.01000000,5895.70788000,2025-12-13 23:59:59,532250544.59040150,1363754,2237.98470000,202065519.49614060
2025-12-14 00:00:00,90240.00000000,90472.40000000,87577.36000000,88172.17000000,9416.94004000,2025-12-14 23:59:59,839079130.83786510,3115749,4005.70835000,356905157.32666930
2025-12-15 00:00:00,88172.16000000,90052.64000000,85146.64000000,86432.08000000,19778.69190000,2025-12-15 23:59:59,1732823429.50172870,6747167,9592.41076000,840349649.32506230
2025-12-16 00:00:00,86432.08000000,88175.98000000,85266.00000000,87863.42000000,18456.05017000,2025-12-16 23:59:59,1604673428.65278360,6099692,9065.97746000,788731082.46646000
2025-12-17 00:00:00,87863.43000000,90365.85000000,85314.00000000,86243.22000000,19834.11729000,2025-12-17 23:59:59,1733348496.67035940,6058638,9277.27838000,810618013.25664380
2025-12-18 00:00:00,86243.23000000,89477.61000000,84450.01000000,85516.41000000,25405.41763000,2025-12-18 23:59:59,2204223872.66964650,6946947,12668.53838000,1098646854.97003660
2025-12-19 00:00:00,85516.41000000,89399.97000000,85110.24000000,88136.94000000,21256.65004000,2025-12-19 23:59:59,1863236625.93286390,6482253,10880.14451000,953886285.36474160
2025-12-20 00:00:00,88136.95000000,88573.07000000,87795.76000000,88360.90000000,5123.13194000,2025-12-20 23:59:59,451919022.72775950,1174426,2456.37063000,216687645.32920050
2025-12-21 00:00:00,88360.91000000,89081.77000000,87600.04000000,88658.86000000,7132.87258000,2025-12-21 23:59:59,629720971.78666510,2030666,3450.39397000,304712061.79802450
2025-12-22 00:00:00,88658.87000000,90588.23000000,87900.00000000,88620.79000000,14673.21970000,2025-12-22 23:59:59,1310235631.74792590,4847747,7269.61435000,649186791.77154220
2025-12-23 00:00:00,88620.79000000,88940.00000000,86601.90000000,87486.00000000,13910.32904000,2025-12-23 23:59:59,1219899607.26775480,4465080,6381.76747000,559905195.88713040
2025-12-24 00:00:00,87486.00000000,88049.89000000,86420.00000000,87669.45000000,9140.84320000,2025-12-24 23:59:59,797460526.47384620,2877239,4543.27331000,396385690.40460260
2025-12-25 00:00:00,87669.44000000,88592.74000000,86934.72000000,87225.27000000,7096.58235000,2025-12-25 23:59:59,622970453.64976470,1992172,3390.95708000,297591128.72330410
2025-12-26 00:00:00,87225.27000000,89567.75000000,86655.08000000,87369.56000000,18344.61505000,2025-12-26 23:59:59,1616722115.63664600,4509482,8846.80613000,780464877.72490640
2025-12-27 00:00:00,87369.56000000,87984.00000000,87253.05000000,87877.01000000,4469.55156000,2025-12-27 23:59:59,391274205.27443600,957536,2065.72405000,180860481.23924240
2025-12-28 00:00:00,87877.00000000,88088.75000000,87435.00000000,87952.71000000,4446.29285000,2025-12-28 23:59:59,390327299.15027630,1241426,2230.75216000,195842128.18741430
2025-12-29 00:00:00,87952.71000000,90406.08000000,86806.50000000,87237.13000000,19894.98575000,2025-12-29 23:59:59,1762011993.03779530,4793589,10079.10102000,892298235.37550200
2025-12-30 00:00:00,87237.13000000,89400.00000000,86845.66000000,88485.49000000,13105.91001000,2025-12-30 23:59:59,1155016404.47867530,3542176,6561.56089000,578303387.40254340
2025-12-31 00:00:00,88485.50000000,89200.00000000,87250.00000000,87648.22000000,11558.62047000,2025-12-31 23:59:59,1019746835.27952680,2897396,5432.03408000,479104976.96454890
