timestamp,equity,cash,position
2021-01-01 00:00:00+00:00,10000.0,10000.0,0.0
2021-01-02 00:00:00+00:00,10000.0,10000.0,0.0
2021-01-03 00:00:00+00:00,10000.0,10000.0,0.0
2021-01-04 00:00:00+00:00,10000.0,10000.0,0.0
2021-01-05 00:00:00+00:00,10000.0,10000.0,0.0
2021-01-06 00:00:00+00:00,10000.0,10000.0,0.0
2021-01-07 00:00:00+00:00,10000.0,10000.0,0.0
2021-01-08 00:00:00+00:00,10000.0,10000.0,0.0
2021-01-09 00:00:00+00:00,10000.0,10000.0,0.0
2021-01-10 00:00:00+00:00,10000.0,10000.0,0.0
2021-01-11 00:00:00+00:00,10000.0,10000.0,0.0
2021-01-12 00:00:00+00:00,10000.0,10000.0,0.0
2021-01-13 00:00:00+00:00,10000.0,10000.0,0.0
2021-01-14 00:00:00+00:00,10000.0,10000.0,0.0
2021-01-15 00:00:00+00:00,10000.0,10000.0,0.0
2021-01-16 00:00:00+00:00,10000.0,10000.0,0.0
2021-01-17 00:00:00+00:00,10000.0,10000.0,0.0
2021-01-18 00:00:00+00:00,10000.0,10000.0,0.0
2021-01-19 00:00:00+00:00,10000.0,10000.0,0.0
2021-01-20 00:00:00+00:00,10000.0,10000.0,0.0
2021-01-21 00:00:00+00:00,10000.0,10000.0,0.0
2021-01-22 00:00:00+00:00,10000.0,10000.0,0.0
2021-01-23 00:00:00+00:00,10000.0,10000.0,0.0
2021-01-24 00:00:00+00:00,10000.0,10000.0,0.0
2021-01-25 00:00:00+00:00,9452.058560891952,0.0,7.172169363593007
2021-01-26 00:00:00+00:00,9796.968185587139,0.0,7.172169363593007
2021-01-27 00:00:00+00:00,8886.533006572643,0.0,7.172169363593007
2021-01-28 00:00:00+00:00,9536.761881075985,0.0,7.172169363593007
2021-01-29 00:00:00+00:00,9894.007637076553,0.0,7.172169363593007
2021-01-30 00:00:00+00:00,9883.607991499342,0.0,7.172169363593007
2021-01-31 00:00:00+00:00,9413.830898184,0.0,7.172169363593007
2021-02-01 00:00:00+00:00,9855.779974368603,0.0,7.172169363593007
2021-02-02 00:00:00+00:00,10843.387695735359,0.0,7.172169363593007
2021-02-03 00:00:00+00:00,11938.004184006924,0.0,7.172169363593007
2021-02-04 00:00:00+00:00,11444.415488404453,0.0,7.172169363593007
2021-02-05 00:00:00+00:00,12330.321848195461,0.0,7.172169363593007
2021-02-06 00:00:00+00:00,12023.066112659137,0.0,7.172169363593007
2021-02-07 00:00:00+00:00,11558.811589753761,0.0,7.172169363593007
2021-02-08 00:00:00+00:00,12552.372211692302,0.0,7.172169363593007
2021-02-09 00:00:00+00:00,12688.499986213297,0.0,7.172169363593007
2021-02-10 00:00:00+00:00,12485.168984755433,0.0,7.172169363593007
2021-02-11 00:00:00+00:00,12806.769059018943,0.0,7.172169363593007
2021-02-12 00:00:00+00:00,13198.656393045667,0.0,7.172169363593007
2021-02-13 00:00:00+00:00,13017.200508146763,0.0,7.172169363593007
2021-02-14 00:00:00+00:00,12912.917165600122,0.0,7.172169363593007
2021-02-15 00:00:00+00:00,12761.082340172858,0.0,7.172169363593007
2021-02-16 00:00:00+00:00,12780.734084229101,0.0,7.172169363593007
2021-02-17 00:00:00+00:00,13267.652662323431,0.0,7.172169363593007
2021-02-18 00:00:00+00:00,13911.211419318632,0.0,7.172169363593007
2021-02-19 00:00:00+00:00,14021.591105824327,0.0,7.172169363593007
2021-02-20 00:00:00+00:00,13720.359992553422,0.0,7.172169363593007
2021-02-21 00:00:00+00:00,13867.604629587986,0.0,7.172169363593007
2021-02-22 00:00:00+00:00,12749.104817335656,0.0,7.172169363593007
2021-02-23 00:00:00+00:00,11316.89431711977,0.0,7.172169363593007
2021-02-24 00:00:00+00:00,11643.228023163252,0.0,7.172169363593007
2021-02-25 00:00:00+00:00,10627.361954503938,0.0,7.172169363593007
2021-02-26 00:00:00+00:00,10433.383324028495,3043.864644224759,5.115305159113476
2021-02-27 00:00:00+00:00,10502.644555882893,3043.864644224759,5.115305159113476
2021-02-28 00:00:00+00:00,10303.403419935423,3043.864644224759,5.115305159113476
2021-03-01 00:00:00+00:00,11074.177601310641,3043.864644224759,5.115305159113476
2021-03-02 00:00:00+00:00,10649.198048691494,3043.864644224759,5.115305159113476
2021-03-03 00:00:00+00:00,11063.077389115366,3043.864644224759,5.115305159113476
2021-03-04 00:00:00+00:00,10972.183379268557,6323.9031223574175,3.019873740059082
2021-03-05 00:00:00+00:00,10939.206358027113,6323.9031223574175,3.019873740059082
2021-03-06 00:00:00+00:00,11307.751749263924,6323.9031223574175,3.019873740059082
2021-03-07 00:00:00+00:00,11536.688377497803,6323.9031223574175,3.019873740059082
2021-03-08 00:00:00+00:00,11859.875265158926,6323.9031223574175,3.019873740059082
2021-03-09 00:00:00+00:00,12091.422754919826,8.304139406628565,6.459798993597039
2021-03-10 00:00:00+00:00,11604.418508792543,8.304139406628565,6.459798993597039
2021-03-11 00:00:00+00:00,11802.475945936229,8.304139406628565,6.459798993597039
2021-03-12 00:00:00+00:00,11416.955141998358,8.304139406628565,6.459798993597039
2021-03-13 00:00:00+00:00,12426.298734747896,8.304139406628565,6.459798993597039
2021-03-14 00:00:00+00:00,11946.658659473316,8.304139406628565,6.459798993597039
2021-03-15 00:00:00+00:00,11593.824438443044,8.304139406628565,6.459798993597039
2021-03-16 00:00:00+00:00,11669.016498728513,8.304139406628565,6.459798993597039
2021-03-17 00:00:00+00:00,11788.264388150317,8.304139406628565,6.459798993597039
2021-03-18 00:00:00+00:00,11481.423935954455,8.304139406628565,6.459798993597039
2021-03-19 00:00:00+00:00,11694.72649872303,8.304139406628565,6.459798993597039
2021-03-20 00:00:00+00:00,11675.347101742238,8.304139406628565,6.459798993597039
2021-03-21 00:00:00+00:00,11525.996549010277,8.304139406628565,6.459798993597039
2021-03-22 00:00:00+00:00,10867.032453673444,8.304139406628565,6.459798993597039
2021-03-23 00:00:00+00:00,10783.765644645977,8.304139406628565,6.459798993597039
2021-03-24 00:00:00+00:00,10226.672579438167,8.304139406628565,6.459798993597039
2021-03-25 00:00:00+00:00,10234.594534631637,4385.148099295812,3.688780276297391
2021-03-26 00:00:00+00:00,10651.795583880872,4385.148099295812,3.688780276297391
2021-03-27 00:00:00+00:00,10702.663863891014,4385.148099295812,3.688780276297391
2021-03-28 00:00:00+00:00,10608.157313212274,4385.148099295812,3.688780276297391
2021-03-29 00:00:00+00:00,11086.702778456334,4385.148099295812,3.688780276297391
2021-03-30 00:00:00+00:00,11206.378159523447,1593.8776646909873,5.222879331706453
2021-03-31 00:00:00+00:00,11618.515567588402,1593.8776646909873,5.222879331706453
2021-04-01 00:00:00+00:00,11872.76533345587,1593.8776646909873,5.222879331706453
2021-04-02 00:00:00+00:00,12737.88306595973,1593.8776646909873,5.222879331706453
2021-04-03 00:00:00+00:00,11605.39260732605,-6353.6177934861535,8.941414773471115
2021-04-04 00:00:00+00:00,11983.597979036691,7.826452209323179,5.769537612469765
2021-04-05 00:00:00+00:00,12166.434625975859,7.826452209323179,5.769537612469765
2021-04-06 00:00:00+00:00,12194.301492644086,7.826452209323179,5.769537612469765
2021-04-07 00:00:00+00:00,11336.140468165333,7.826452209323179,5.769537612469765
2021-04-08 00:00:00+00:00,12011.11867344817,7.826452209323179,5.769537612469765
2021-04-09 00:00:00+00:00,11932.710657294707,7.826452209323179,5.769537612469765
2021-04-10 00:00:00+00:00,12317.077253037442,7.826452209323179,5.769537612469765
2021-04-11 00:00:00+00:00,12420.178890172278,7.826452209323179,5.769537612469765
2021-04-12 00:00:00+00:00,12341.309311009816,7.826452209323179,5.769537612469765
2021-04-13 00:00:00+00:00,13273.089635423683,7.826452209323179,5.769537612469765
2021-04-14 00:00:00+00:00,14042.803648303274,7.826452209323179,5.769537612469765
2021-04-15 00:00:00+00:00,14512.674791462812,7.826452209323179,5.769537612469765
2021-04-16 00:00:00+00:00,13985.51213981145,7.826452209323179,5.769537612469765
2021-04-17 00:00:00+00:00,13379.30682286925,7.826452209323179,5.769537612469765
2021-04-18 00:00:00+00:00,12906.435520151228,7.826452209323179,5.769537612469765
2021-04-19 00:00:00+00:00,12476.489577269982,7.826452209323179,5.769537612469765
2021-04-20 00:00:00+00:00,13451.022175392252,7.826452209323179,5.769537612469765
2021-04-21 00:00:00+00:00,13606.972777057308,7.826452209323179,5.769537612469765
2021-04-22 00:00:00+00:00,13842.831474655073,7.826452209323179,5.769537612469765
2021-04-23 00:00:00+00:00,13666.57210059412,7.826452209323179,5.769537612469765
2021-04-24 00:00:00+00:00,13125.615307416956,5470.703707068187,3.458518354688038
2021-04-25 00:00:00+00:00,13496.160963938231,5470.703707068187,3.458518354688038
2021-04-26 00:00:00+00:00,14229.74729215111,5470.703707068187,3.458518354688038
2021-04-27 00:00:00+00:00,14691.563248052606,5470.703707068187,3.458518354688038
2021-04-28 00:00:00+00:00,14975.54219015604,5470.703707068187,3.458518354688038
2021-04-29 00:00:00+00:00,15005.977151677294,5470.703707068187,3.458518354688038
2021-04-30 00:00:00+00:00,15059.169163972398,5470.703707068187,3.458518354688038
2021-05-01 00:00:00+00:00,15655.24480240288,5470.703707068187,3.458518354688038
2021-05-02 00:00:00+00:00,15671.811105321836,5470.703707068187,3.458518354688038
2021-05-03 00:00:00+00:00,19482.932863185822,-7821.921373192024,7.958185925077483
2021-05-04 00:00:00+00:00,17953.008026267566,-7823.635766917655,7.958185925077483
2021-05-05 00:00:00+00:00,20221.365791912758,-7825.350536400815,7.958185925077483
2021-05-06 00:00:00+00:00,19944.85448659678,-7827.065681723862,7.958185925077483
2021-05-07 00:00:00+00:00,19861.965468915685,-7828.781202969171,7.958185925077483
2021-05-08 00:00:00+00:00,23288.078995174343,-7830.497100219137,7.958185925077483
2021-05-09 00:00:00+00:00,23395.310287151617,-7832.213373556171,7.958185925077483
2021-05-10 00:00:00+00:00,23568.116654982037,-7833.930023062704,7.958185925077483
2021-05-11 00:00:00+00:00,25377.444000193434,-7835.6470488211835,7.958185925077483
2021-05-12 00:00:00+00:00,22588.45155970141,-7837.364450914076,7.958185925077483
2021-05-13 00:00:00+00:00,21748.73680328096,-7839.082229423865,7.958185925077483
2021-05-14 00:00:00+00:00,22975.42935251549,8694.233941774033,3.504579230662368
2021-05-15 00:00:00+00:00,21474.312930645876,8694.233941774033,3.504579230662368
2021-05-16 00:00:00+00:00,21247.9872039297,8694.233941774033,3.504579230662368
2021-05-17 00:00:00+00:00,20198.050312215564,8694.233941774033,3.504579230662368
2021-05-18 00:00:00+00:00,20522.434165805673,8694.233941774033,3.504579230662368
2021-05-19 00:00:00+00:00,17241.622319021095,8694.233941774033,3.504579230662368
2021-05-20 00:00:00+00:00,17632.190376289902,14281.948392485314,1.2100764943562456
2021-05-21 00:00:00+00:00,17223.62014873546,14281.948392485314,1.2100764943562456
2021-05-22 00:00:00+00:00,17058.91663708863,14281.948392485314,1.2100764943562456
2021-05-23 00:00:00+00:00,16818.740654488804,14281.948392485314,1.2100764943562456
2021-05-24 00:00:00+00:00,17486.751282433226,14281.948392485314,1.2100764943562456
2021-05-25 00:00:00+00:00,17555.33841813334,14281.948392485314,1.2100764943562456
2021-05-26 00:00:00+00:00,17772.94647411342,14281.948392485314,1.2100764943562456
2021-05-27 00:00:00+00:00,17600.256457603842,14281.948392485314,1.2100764943562456
2021-05-28 00:00:00+00:00,17200.773904522015,14281.948392485314,1.2100764943562456
2021-05-29 00:00:00+00:00,17039.398103234664,14281.948392485314,1.2100764943562456
2021-05-30 00:00:00+00:00,17169.166706489428,14281.948392485314,1.2100764943562456
2021-05-31 00:00:00+00:00,17556.59689768747,14281.948392485314,1.2100764943562456
2021-06-01 00:00:00+00:00,17469.97962222145,14281.948392485314,1.2100764943562456
2021-06-02 00:00:00+00:00,17556.681603042074,14281.948392485314,1.2100764943562456
2021-06-03 00:00:00+00:00,17739.4394559847,14281.948392485314,1.2100764943562456
2021-06-04 00:00:00+00:00,17536.46122482138,14281.948392485314,1.2100764943562456
2021-06-05 00:00:00+00:00,17461.702699000052,14281.948392485314,1.2100764943562456
2021-06-06 00:00:00+00:00,17563.579039059903,14281.948392485314,1.2100764943562456
2021-06-07 00:00:00+00:00,17418.52716968142,14281.948392485314,1.2100764943562456
2021-06-08 00:00:00+00:00,17315.888481430124,14281.948392485314,1.2100764943562456
2021-06-09 00:00:00+00:00,17440.465856524097,14281.948392485314,1.2100764943562456
2021-06-10 00:00:00+00:00,17272.15631692409,14281.948392485314,1.2100764943562456
2021-06-11 00:00:00+00:00,17130.48056096486,14281.948392485314,1.2100764943562456
2021-06-12 00:00:00+00:00,17180.8092485463,8875.46479427347,3.503270900340328
2021-06-13 00:00:00+00:00,17666.327562624465,8875.46479427347,3.503270900340328
2021-06-14 00:00:00+00:00,17916.601235744776,8875.46479427347,3.503270900340328
2021-06-15 00:00:00+00:00,17786.17446012511,8875.46479427347,3.503270900340328
2021-06-16 00:00:00+00:00,17170.82492648033,8875.46479427347,3.503270900340328
2021-06-17 00:00:00+00:00,17189.707556633162,8875.46479427347,3.503270900340328
2021-06-18 00:00:00+00:00,16702.087280014795,8875.46479427347,3.503270900340328
2021-06-19 00:00:00+00:00,16584.663357638252,13122.04961807248,1.5996035144228777
2021-06-20 00:00:00+00:00,16710.712114574773,13122.04961807248,1.5996035144228777
2021-06-21 00:00:00+00:00,16138.086048481673,13122.04961807248,1.5996035144228777
2021-06-22 00:00:00+00:00,16133.210608932044,16133.210608932044,0.0
2021-06-23 00:00:00+00:00,16133.210608932044,16133.210608932044,0.0
2021-06-24 00:00:00+00:00,16133.210608932044,16133.210608932044,0.0
2021-06-25 00:00:00+00:00,16133.210608932044,16133.210608932044,0.0
2021-06-26 00:00:00+00:00,16133.210608932044,16133.210608932044,0.0
2021-06-27 00:00:00+00:00,16133.210608932044,16133.210608932044,0.0
2021-06-28 00:00:00+00:00,16133.210608932044,16133.210608932044,0.0
2021-06-29 00:00:00+00:00,16133.210608932044,16133.210608932044,0.0
2021-06-30 00:00:00+00:00,16133.210608932044,16133.210608932044,0.0
2021-07-01 00:00:00+00:00,16028.434380799337,14750.363985309297,0.606752909210477
2021-07-02 00:00:00+00:00,16057.388629626863,14750.363985309297,0.606752909210477
2021-07-03 00:00:00+00:00,16101.596646591937,14750.363985309297,0.606752909210477
2021-07-04 00:00:00+00:00,16159.66290000338,14750.363985309297,0.606752909210477
2021-07-05 00:00:00+00:00,16083.114952977387,14750.363985309297,0.606752909210477
2021-07-06 00:00:00+00:00,16159.54761695063,14750.363985309297,0.606752909210477
2021-07-07 00:00:00+00:00,16155.949572199012,14750.363985309297,0.606752909210477
2021-07-08 00:00:00+00:00,16034.453369658706,14750.363985309297,0.606752909210477
2021-07-09 00:00:00+00:00,16053.0564138551,14750.363985309297,0.606752909210477
2021-07-10 00:00:00+00:00,16031.031283250759,14750.363985309297,0.606752909210477
2021-07-11 00:00:00+00:00,16049.088249828863,14750.363985309297,0.606752909210477
2021-07-12 00:00:00+00:00,15983.031060603118,14750.363985309297,0.606752909210477
2021-07-13 00:00:00+00:00,15927.555642114005,14750.363985309297,0.606752909210477
2021-07-14 00:00:00+00:00,15925.965549034952,15925.965549034952,0.0
2021-07-15 00:00:00+00:00,15925.965549034952,15925.965549034952,0.0
2021-07-16 00:00:00+00:00,15925.965549034952,15925.965549034952,0.0
2021-07-17 00:00:00+00:00,15925.965549034952,15925.965549034952,0.0
2021-07-18 00:00:00+00:00,15925.965549034952,15925.965549034952,0.0
2021-07-19 00:00:00+00:00,15925.965549034952,15925.965549034952,0.0
2021-07-20 00:00:00+00:00,15925.965549034952,15925.965549034952,0.0
2021-07-21 00:00:00+00:00,15925.965549034952,15925.965549034952,0.0
2021-07-22 00:00:00+00:00,15925.965549034952,15925.965549034952,0.0
2021-07-23 00:00:00+00:00,15925.965549034952,15925.965549034952,0.0
2021-07-24 00:00:00+00:00,15925.965549034952,15925.965549034952,0.0
2021-07-25 00:00:00+00:00,15927.64228752775,13650.827613458532,1.039741104886412
2021-07-26 00:00:00+00:00,15967.453974433849,13650.827613458532,1.039741104886412
2021-07-27 00:00:00+00:00,16041.701886733787,13650.827613458532,1.039741104886412
2021-07-28 00:00:00+00:00,16037.230009910678,6878.592462465549,3.980458754159298
2021-07-29 00:00:00+00:00,16519.655240338536,2304.7708148798383,5.965321716825868
2021-07-30 00:00:00+00:00,16990.25947057893,2304.7708148798383,5.965321716825868
2021-07-31 00:00:00+00:00,17592.101820583994,-4833.322924879265,8.860127119362817
2021-08-01 00:00:00+00:00,17809.355994355807,-4834.382283328554,8.860127119362817
2021-08-02 00:00:00+00:00,18262.28931731451,-4835.441873965996,8.860127119362817
2021-08-03 00:00:00+00:00,17393.9116507236,-4836.501696842482,8.860127119362817
2021-08-04 00:00:00+00:00,19304.335420288502,-4837.561752008913,8.860127119362817
2021-08-05 00:00:00+00:00,20208.868725651286,-4838.622039516203,8.860127119362817
2021-08-06 00:00:00+00:00,20890.34533869566,-10069.157917260267,10.706777352159003
2021-08-07 00:00:00+00:00,23765.370677819763,-10071.364855981858,10.706777352159003
2021-08-08 00:00:00+00:00,22173.635089684045,-10073.572278416046,10.706777352159003
2021-08-09 00:00:00+00:00,23763.203772376724,-10075.780184668849,10.706777352159003
2021-08-10 00:00:00+00:00,23559.065561337542,-10077.988574846311,10.706777352159003
2021-08-11 00:00:00+00:00,23758.572372444032,-10080.197449054496,10.706777352159003
2021-08-12 00:00:00+00:00,22530.00873618274,-10082.406807399495,10.706777352159003
2021-08-13 00:00:00+00:00,25486.72388263748,-10084.616649987418,10.706777352159003
2021-08-14 00:00:00+00:00,24851.100607546774,-10086.826976924402,10.706777352159003
2021-08-15 00:00:00+00:00,25319.238525234916,-10089.037788316604,10.706777352159003
2021-08-16 00:00:00+00:00,23597.947057618658,-10091.249084270208,10.706777352159003
2021-08-17 00:00:00+00:00,22152.354622152892,-10093.460864891418,10.706777352159003
2021-08-18 00:00:00+00:00,22180.442536664465,-10095.673130286463,10.706777352159003
2021-08-19 00:00:00+00:00,23993.778021994927,-10097.885880561595,10.706777352159003
2021-08-20 00:00:00+00:00,25069.73726609585,-10100.099115823088,10.706777352159003
2021-08-21 00:00:00+00:00,24410.234484092653,-10102.312836177241,10.706777352159003
2021-08-22 00:00:00+00:00,24564.01802456048,-10104.527041730376,10.706777352159003
2021-08-23 00:00:00+00:00,25453.46375158982,-10106.741732588838,10.706777352159003
2021-08-24 00:00:00+00:00,23838.165499443385,-10108.956908858994,10.706777352159003
2021-08-25 00:00:00+00:00,24438.20606371409,-10111.172570647237,10.706777352159003
2021-08-26 00:00:00+00:00,23004.81498763825,-10113.388718059981,10.706777352159003
2021-08-27 00:00:00+00:00,24932.49497222122,-10115.605351203665,10.706777352159003
2021-08-28 00:00:00+00:00,24674.328565877688,-3086.369262928735,8.556285700268278
2021-08-29 00:00:00+00:00,24493.884538819064,-3087.0457274247196,8.556285700268278
2021-08-30 00:00:00+00:00,24546.000208827547,-3087.722340186895,8.556285700268278
2021-08-31 00:00:00+00:00,26252.81582211222,-3088.399101247758,8.556285700268278
2021-09-01 00:00:00+00:00,29654.28923286084,-3089.0760106398125,8.556285700268278
2021-09-02 00:00:00+00:00,29157.689128646292,-14781.26858874457,11.606193035429804
2021-09-03 00:00:00+00:00,30921.956535910253,-14784.508318846212,11.606193035429804
2021-09-04 00:00:00+00:00,30308.34640399753,-14787.748759025686,11.606193035429804
2021-09-05 00:00:00+00:00,31056.838376489377,-14790.989909438624,11.606193035429804
2021-09-06 00:00:00+00:00,30780.618855493994,-14794.231770240693,11.606193035429804
2021-09-07 00:00:00+00:00,25064.80807210855,-14797.474341587595,11.606193035429804
2021-09-08 00:00:00+00:00,25311.199365202865,10012.43328663253,4.372325258236735
2021-09-09 00:00:00+00:00,24987.34123332527,10012.43328663253,4.372325258236735
2021-09-10 00:00:00+00:00,24042.61291477806,10012.43328663253,4.372325258236735
2021-09-11 00:00:00+00:00,24297.738093596174,10012.43328663253,4.372325258236735
2021-09-12 00:00:00+00:00,24896.746653974606,10012.43328663253,4.372325258236735
2021-09-13 00:00:00+00:00,24377.052073780585,10012.43328663253,4.372325258236735
2021-09-14 00:00:00+00:00,25028.615983763026,10012.43328663253,4.372325258236735
2021-09-15 00:00:00+00:00,25812.049223533882,10012.43328663253,4.372325258236735
2021-09-16 00:00:00+00:00,25612.802361516035,10012.43328663253,4.372325258236735
2021-09-17 00:00:00+00:00,24877.508422838364,10012.43328663253,4.372325258236735
2021-09-18 00:00:00+00:00,25034.168836840985,10012.43328663253,4.372325258236735
2021-09-19 00:00:00+00:00,24566.242587704488,10012.43328663253,4.372325258236735
2021-09-20 00:00:00+00:00,23030.069831475597,10012.43328663253,4.372325258236735
2021-09-21 00:00:00+00:00,22105.847718389516,10012.43328663253,4.372325258236735
2021-09-22 00:00:00+00:00,23465.728320206304,10012.43328663253,4.372325258236735
2021-09-23 00:00:00+00:00,23796.18866322384,10012.43328663253,4.372325258236735
2021-09-24 00:00:00+00:00,22816.918975136556,10012.43328663253,4.372325258236735
2021-09-25 00:00:00+00:00,22787.187163380546,10012.43328663253,4.372325258236735
2021-09-26 00:00:00+00:00,23388.99401192425,10012.43328663253,4.372325258236735
2021-09-27 00:00:00+00:00,22804.06433887734,10012.43328663253,4.372325258236735
2021-09-28 00:00:00+00:00,22276.41212671333,10012.43328663253,4.372325258236735
2021-09-29 00:00:00+00:00,22360.013889086335,16547.733577085233,2.0390746415482126
2021-09-30 00:00:00+00:00,22666.201337261216,16547.733577085233,2.0390746415482126
2021-10-01 00:00:00+00:00,23296.887123892076,16547.733577085233,2.0390746415482126
2021-10-02 00:00:00+00:00,23455.629084736607,16547.733577085233,2.0390746415482126
2021-10-03 00:00:00+00:00,23516.740151743805,16547.733577085233,2.0390746415482126
2021-10-04 00:00:00+00:00,23452.67242650636,16547.733577085233,2.0390746415482126
2021-10-05 00:00:00+00:00,24074.94287374476,6711.120958704521,4.939541461975961
2021-10-06 00:00:00+00:00,24472.231215508036,26.047288828122873,6.838303815412479
2021-10-07 00:00:00+00:00,24558.257077505925,26.047288828122873,6.838303815412479
2021-10-08 00:00:00+00:00,24391.812762638787,26.047288828122873,6.838303815412479
2021-10-09 00:00:00+00:00,24471.75253424096,26.047288828122873,6.838303815412479
2021-10-10 00:00:00+00:00,23373.520941485713,26.047288828122873,6.838303815412479
2021-10-11 00:00:00+00:00,24248.13999947697,26.047288828122873,6.838303815412479
2021-10-12 00:00:00+00:00,23901.711528188174,26.047288828122873,6.838303815412479
2021-10-13 00:00:00+00:00,24694.681238623405,26.047288828122873,6.838303815412479
2021-10-14 00:00:00+00:00,25948.826158370055,26.047288828122873,6.838303815412479
2021-10-15 00:00:00+00:00,26483.376367620847,26.047288828122873,6.838303815412479
2021-10-16 00:00:00+00:00,26216.4773697053,26.047288828122873,6.838303815412479
2021-10-17 00:00:00+00:00,26331.976321147617,26.047288828122873,6.838303815412479
2021-10-18 00:00:00+00:00,25635.221545395238,26.047288828122873,6.838303815412479
2021-10-19 00:00:00+00:00,26538.356330296767,26.047288828122873,6.838303815412479
2021-10-20 00:00:00+00:00,28481.255210331754,26.047288828122873,6.838303815412479
2021-10-21 00:00:00+00:00,27347.288393557053,-14201.806792747997,10.251467481120125
2021-10-22 00:00:00+00:00,26515.95961098087,-14204.91951752449,10.251467481120125
2021-10-23 00:00:00+00:00,28511.062245383262,-14208.032924542029,10.251467481120125
2021-10-24 00:00:00+00:00,27638.72622825097,-14211.147013950147,10.251467481120125
2021-10-25 00:00:00+00:00,29050.72402739653,-14214.26178589841,10.251467481120125
2021-10-26 00:00:00+00:00,28136.765687061008,-14217.377240536416,10.251467481120125
2021-10-27 00:00:00+00:00,25985.762082939335,-14220.493378013794,10.251467481120125
2021-10-28 00:00:00+00:00,29714.384454950276,-14223.610198480208,10.251467481120125
2021-10-29 00:00:00+00:00,31073.379435561557,-14226.727702085354,10.251467481120125
2021-10-30 00:00:00+00:00,30083.967562309386,-14229.845888978962,10.251467481120125
2021-10-31 00:00:00+00:00,29717.22914042222,-14232.964759310793,10.251467481120125
2021-11-01 00:00:00+00:00,30044.411868744064,-14236.084313230642,10.251467481120125
2021-11-02 00:00:00+00:00,32813.90352603012,-14239.204550888337,10.251467481120125
2021-11-03 00:00:00+00:00,32948.76735678059,-14242.325472433737,10.251467481120125
2021-11-04 00:00:00+00:00,32217.484016013626,-14245.447078016736,10.251467481120125
2021-11-05 00:00:00+00:00,31618.956494939644,-14248.56936778726,10.251467481120125
2021-11-06 00:00:00+00:00,32064.43773780546,-14251.692341895268,10.251467481120125
2021-11-07 00:00:00+00:00,33031.00038824913,-14254.816000490751,10.251467481120125
2021-11-08 00:00:00+00:00,35030.9102761522,-14257.940343723736,10.251467481120125
2021-11-09 00:00:00+00:00,34252.261733184925,-14261.065371744278,10.251467481120125
2021-11-10 00:00:00+00:00,33187.59656255674,-14264.191084702468,10.251467481120125
2021-11-11 00:00:00+00:00,34109.35756065744,-14267.31748274843,10.251467481120125
2021-11-12 00:00:00+00:00,33557.36690843437,-14270.444566032322,10.251467481120125
2021-11-13 00:00:00+00:00,33337.11305851224,-14273.57233470433,10.251467481120125
2021-11-14 00:00:00+00:00,33151.71351248758,-14276.700788914675,10.251467481120125
2021-11-15 00:00:00+00:00,32505.612332172783,-14279.829928813615,10.251467481120125
2021-11-16 00:00:00+00:00,28873.257988768823,-14282.959754551437,10.251467481120125
2021-11-17 00:00:00+00:00,29302.93473628727,4133.900308971799,5.869918006277221
2021-11-18 00:00:00+00:00,27595.375588261224,4133.900308971799,5.869918006277221
2021-11-19 00:00:00+00:00,29343.789365610955,4133.900308971799,5.869918006277221
2021-11-20 00:00:00+00:00,30032.976438727965,4133.900308971799,5.869918006277221
2021-11-21 00:00:00+00:00,29129.830854282154,4133.900308971799,5.869918006277221
2021-11-22 00:00:00+00:00,28118.209185080334,4133.900308971799,5.869918006277221
2021-11-23 00:00:00+00:00,29606.05730213142,4133.900308971799,5.869918006277221
2021-11-24 00:00:00+00:00,29194.693448251513,4133.900308971799,5.869918006277221
2021-11-25 00:00:00+00:00,30694.398799675284,4133.900308971799,5.869918006277221
2021-11-26 00:00:00+00:00,27855.4129559393,4133.900308971799,5.869918006277221
2021-11-27 00:00:00+00:00,28172.916820898838,4133.900308971799,5.869918006277221
2021-11-28 00:00:00+00:00,29343.90676397108,4133.900308971799,5.869918006277221
2021-11-29 00:00:00+00:00,30222.926985411093,4133.900308971799,5.869918006277221
2021-11-30 00:00:00+00:00,31313.146856716965,4133.900308971799,5.869918006277221
2021-12-01 00:00:00+00:00,31035.441035839987,4133.900308971799,5.869918006277221
2021-12-02 00:00:00+00:00,30614.33311806966,4133.900308971799,5.869918006277221
2021-12-03 00:00:00+00:00,28879.889745574863,4133.900308971799,5.869918006277221
2021-12-04 00:00:00+00:00,28301.820220316687,4133.900308971799,5.869918006277221
2021-12-05 00:00:00+00:00,28416.23422905758,21009.757559196525,1.7649428253140886
2021-12-06 00:00:00+00:00,28683.005337103805,21009.757559196525,1.7649428253140886
2021-12-07 00:00:00+00:00,28610.307342129116,21009.757559196525,1.7649428253140886
2021-12-08 00:00:00+00:00,28840.65003026086,21009.757559196525,1.7649428253140886
2021-12-09 00:00:00+00:00,28255.977420519062,21009.757559196525,1.7649428253140886
2021-12-10 00:00:00+00:00,27889.398795701323,21009.757559196525,1.7649428253140886
2021-12-11 00:00:00+00:00,28227.2618007512,21009.757559196525,1.7649428253140886
2021-12-12 00:00:00+00:00,28298.971427743712,21009.757559196525,1.7649428253140886
2021-12-13 00:00:00+00:00,27684.647778536637,21009.757559196525,1.7649428253140886
2021-12-14 00:00:00+00:00,27820.654272655338,21009.757559196525,1.7649428253140886
2021-12-15 00:00:00+00:00,28103.203969559872,21009.757559196525,1.7649428253140886
2021-12-16 00:00:00+00:00,27995.595405500473,21009.757559196525,1.7649428253140886
2021-12-17 00:00:00+00:00,27849.652283275253,21009.757559196525,1.7649428253140886
2021-12-18 00:00:00+00:00,27998.807601442546,21009.757559196525,1.7649428253140886
2021-12-19 00:00:00+00:00,27935.640297724553,21009.757559196525,1.7649428253140886
2021-12-20 00:00:00+00:00,27971.98047049777,21009.757559196525,1.7649428253140886
2021-12-21 00:00:00+00:00,28094.502801431074,21009.757559196525,1.7649428253140886
2021-12-22 00:00:00+00:00,28033.365181962195,21009.757559196525,1.7649428253140886
2021-12-23 00:00:00+00:00,28266.161140621123,21009.757559196525,1.7649428253140886
2021-12-24 00:00:00+00:00,28151.35160983444,21009.757559196525,1.7649428253140886
2021-12-25 00:00:00+00:00,28236.898388577414,21009.757559196525,1.7649428253140886
2021-12-26 00:00:00+00:00,28181.70862642984,21009.757559196525,1.7649428253140886
2021-12-27 00:00:00+00:00,28135.237681839324,21009.757559196525,1.7649428253140886
2021-12-28 00:00:00+00:00,27703.744459906535,21009.757559196525,1.7649428253140886
2021-12-29 00:00:00+00:00,27416.835354223476,21009.757559196525,1.7649428253140886
2021-12-30 00:00:00+00:00,27556.407032849314,21009.757559196525,1.7649428253140886
2021-12-31 00:00:00+00:00,27498.09332190094,21009.757559196525,1.7649428253140886
2022-01-01 00:00:00+00:00,27655.72036562974,21009.757559196525,1.7649428253140886
2022-01-02 00:00:00+00:00,27766.43522906169,21009.757559196525,1.7649428253140886
2022-01-03 00:00:00+00:00,27656.338095618597,21009.757559196525,1.7649428253140886
2022-01-04 00:00:00+00:00,27690.260296721135,21009.757559196525,1.7649428253140886
2022-01-05 00:00:00+00:00,27258.767074788346,21009.757559196525,1.7649428253140886
2022-01-06 00:00:00+00:00,27022.582425904817,21009.757559196525,1.7649428253140886
2022-01-07 00:00:00+00:00,26656.23324365437,21009.757559196525,1.7649428253140886
2022-01-08 00:00:00+00:00,26646.776644697482,26646.776644697482,0.0
2022-01-09 00:00:00+00:00,26646.776644697482,26646.776644697482,0.0
2022-01-10 00:00:00+00:00,26646.776644697482,26646.776644697482,0.0
2022-01-11 00:00:00+00:00,26646.776644697482,26646.776644697482,0.0
2022-01-12 00:00:00+00:00,26646.776644697482,26646.776644697482,0.0
2022-01-13 00:00:00+00:00,26646.776644697482,26646.776644697482,0.0
2022-01-14 00:00:00+00:00,26646.776644697482,26646.776644697482,0.0
2022-01-15 00:00:00+00:00,26646.776644697482,26646.776644697482,0.0
2022-01-16 00:00:00+00:00,26646.776644697482,26646.776644697482,0.0
2022-01-17 00:00:00+00:00,26646.776644697482,26646.776644697482,0.0
2022-01-18 00:00:00+00:00,26646.776644697482,26646.776644697482,0.0
2022-01-19 00:00:00+00:00,26646.776644697482,26646.776644697482,0.0
2022-01-20 00:00:00+00:00,26646.776644697482,26646.776644697482,0.0
2022-01-21 00:00:00+00:00,26646.776644697482,26646.776644697482,0.0
2022-01-22 00:00:00+00:00,26646.776644697482,26646.776644697482,0.0
2022-01-23 00:00:00+00:00,26646.776644697482,26646.776644697482,0.0
2022-01-24 00:00:00+00:00,26646.776644697482,26646.776644697482,0.0
2022-01-25 00:00:00+00:00,26646.776644697482,26646.776644697482,0.0
2022-01-26 00:00:00+00:00,26646.776644697482,26646.776644697482,0.0
2022-01-27 00:00:00+00:00,26646.776644697482,26646.776644697482,0.0
2022-01-28 00:00:00+00:00,26646.776644697482,26646.776644697482,0.0
2022-01-29 00:00:00+00:00,26646.776644697482,26646.776644697482,0.0
2022-01-30 00:00:00+00:00,26646.776644697482,26646.776644697482,0.0
2022-01-31 00:00:00+00:00,26646.776644697482,26646.776644697482,0.0
2022-02-01 00:00:00+00:00,26646.776644697482,26646.776644697482,0.0
2022-02-02 00:00:00+00:00,26646.776644697482,26646.776644697482,0.0
2022-02-03 00:00:00+00:00,26646.776644697482,26646.776644697482,0.0
2022-02-04 00:00:00+00:00,26646.776644697482,26646.776644697482,0.0
2022-02-05 00:00:00+00:00,26651.789964251184,25504.771931353305,0.38073391628562137
2022-02-06 00:00:00+00:00,26667.910238266715,25504.771931353305,0.38073391628562137
2022-02-07 00:00:00+00:00,26700.18885968941,25504.771931353305,0.38073391628562137
2022-02-08 00:00:00+00:00,26691.401520901538,25504.771931353305,0.38073391628562137
2022-02-09 00:00:00+00:00,26739.849911748883,25504.771931353305,0.38073391628562137
2022-02-10 00:00:00+00:00,26674.573081801715,25504.771931353305,0.38073391628562137
2022-02-11 00:00:00+00:00,26619.385700636114,25504.771931353305,0.38073391628562137
2022-02-12 00:00:00+00:00,26616.08854492108,25504.771931353305,0.38073391628562137
2022-02-13 00:00:00+00:00,26597.90850041844,25504.771931353305,0.38073391628562137
2022-02-14 00:00:00+00:00,26620.227122591103,25504.771931353305,0.38073391628562137
2022-02-15 00:00:00+00:00,26716.845968526908,25504.771931353305,0.38073391628562137
2022-02-16 00:00:00+00:00,26693.5374381719,25504.771931353305,0.38073391628562137
2022-02-17 00:00:00+00:00,26605.804921842206,25504.771931353305,0.38073391628562137
2022-02-18 00:00:00+00:00,26563.014236990864,25504.771931353305,0.38073391628562137
2022-02-19 00:00:00+00:00,26556.97960441774,25504.771931353305,0.38073391628562137
2022-02-20 00:00:00+00:00,26503.052452515043,25504.771931353305,0.38073391628562137
2022-02-21 00:00:00+00:00,26501.5550317333,26501.5550317333,0.0
2022-02-22 00:00:00+00:00,26501.5550317333,26501.5550317333,0.0
2022-02-23 00:00:00+00:00,26501.5550317333,26501.5550317333,0.0
2022-02-24 00:00:00+00:00,26501.5550317333,26501.5550317333,0.0
2022-02-25 00:00:00+00:00,26501.5550317333,26501.5550317333,0.0
2022-02-26 00:00:00+00:00,26501.5550317333,26501.5550317333,0.0
2022-02-27 00:00:00+00:00,26501.5550317333,26501.5550317333,0.0
2022-02-28 00:00:00+00:00,26501.5550317333,26501.5550317333,0.0
2022-03-01 00:00:00+00:00,26501.5550317333,26501.5550317333,0.0
2022-03-02 00:00:00+00:00,26488.792525380548,25365.77410180187,0.3810329534077548
2022-03-03 00:00:00+00:00,26445.617681429914,25365.77410180187,0.3810329534077548
2022-03-04 00:00:00+00:00,26364.880608932344,25365.77410180187,0.3810329534077548
2022-03-05 00:00:00+00:00,26363.38575378569,26363.38575378569,0.0
2022-03-06 00:00:00+00:00,26363.38575378569,26363.38575378569,0.0
2022-03-07 00:00:00+00:00,26363.38575378569,26363.38575378569,0.0
2022-03-08 00:00:00+00:00,26363.38575378569,26363.38575378569,0.0
2022-03-09 00:00:00+00:00,26363.38575378569,26363.38575378569,0.0
2022-03-10 00:00:00+00:00,26363.38575378569,26363.38575378569,0.0
2022-03-11 00:00:00+00:00,26363.38575378569,26363.38575378569,0.0
2022-03-12 00:00:00+00:00,26363.38575378569,26363.38575378569,0.0
2022-03-13 00:00:00+00:00,26363.38575378569,26363.38575378569,0.0
2022-03-14 00:00:00+00:00,26363.38575378569,26363.38575378569,0.0
2022-03-15 00:00:00+00:00,26363.38575378569,26363.38575378569,0.0
2022-03-16 00:00:00+00:00,26363.38575378569,26363.38575378569,0.0
2022-03-17 00:00:00+00:00,26363.38575378569,26363.38575378569,0.0
2022-03-18 00:00:00+00:00,26445.494860882947,24480.286771372426,0.6686837646177914
2022-03-19 00:00:00+00:00,26453.465571357192,24480.286771372426,0.6686837646177914
2022-03-20 00:00:00+00:00,26393.645121774483,24480.286771372426,0.6686837646177914
2022-03-21 00:00:00+00:00,26412.80291163078,24480.286771372426,0.6686837646177914
2022-03-22 00:00:00+00:00,26466.036826132004,24480.286771372426,0.6686837646177914
2022-03-23 00:00:00+00:00,26510.41068075204,24480.286771372426,0.6686837646177914
2022-03-24 00:00:00+00:00,26775.82537615957,15151.847458070612,3.736700329851534
2022-03-25 00:00:00+00:00,26743.615019316247,15151.847458070612,3.736700329851534
2022-03-26 00:00:00+00:00,26903.769995453687,15151.847458070612,3.736700329851534
2022-03-27 00:00:00+00:00,27466.703900145818,15151.847458070612,3.736700329851534
2022-03-28 00:00:00+00:00,27605.970721439386,15151.847458070612,3.736700329851534
2022-03-29 00:00:00+00:00,27858.534296734055,15151.847458070612,3.736700329851534
2022-03-30 00:00:00+00:00,27803.530067878637,15151.847458070612,3.736700329851534
2022-03-31 00:00:00+00:00,27413.866957481718,15151.847458070612,3.736700329851534
2022-04-01 00:00:00+00:00,28062.93180477693,15151.847458070612,3.736700329851534
2022-04-02 00:00:00+00:00,28020.183953003427,15151.847458070612,3.736700329851534
2022-04-03 00:00:00+00:00,28312.16971677803,15151.847458070612,3.736700329851534
2022-04-04 00:00:00+00:00,28303.164268983084,15151.847458070612,3.736700329851534
2022-04-05 00:00:00+00:00,27882.748114871487,15151.847458070612,3.736700329851534
2022-04-06 00:00:00+00:00,26991.619820208496,15151.847458070612,3.736700329851534
2022-04-07 00:00:00+00:00,27210.889395564183,15151.847458070612,3.736700329851534
2022-04-08 00:00:00+00:00,27080.85222408535,15151.847458070612,3.736700329851534
2022-04-09 00:00:00+00:00,27328.147051914926,15151.847458070612,3.736700329851534
2022-04-10 00:00:00+00:00,27120.64808259827,15151.847458070612,3.736700329851534
2022-04-11 00:00:00+00:00,26286.242898942422,15151.847458070612,3.736700329851534
2022-04-12 00:00:00+00:00,26465.305578748907,15151.847458070612,3.736700329851534
2022-04-13 00:00:00+00:00,26803.925362640053,15151.847458070612,3.736700329851534
2022-04-14 00:00:00+00:00,26444.08112087535,15151.847458070612,3.736700329851534
2022-04-15 00:00:00+00:00,26513.50901300399,15151.847458070612,3.736700329851534
2022-04-16 00:00:00+00:00,26583.53477718541,15151.847458070612,3.736700329851534
2022-04-17 00:00:00+00:00,26317.332245686786,15151.847458070612,3.736700329851534
2022-04-18 00:00:00+00:00,26569.559517951762,15151.847458070612,3.736700329851534
2022-04-19 00:00:00+00:00,26742.232440194202,15151.847458070612,3.736700329851534
2022-04-20 00:00:00+00:00,26646.087140707124,15151.847458070612,3.736700329851534
2022-04-21 00:00:00+00:00,26300.59182820905,15151.847458070612,3.736700329851534
2022-04-22 00:00:00+00:00,26221.411148219497,15151.847458070612,3.736700329851534
2022-04-23 00:00:00+00:00,26111.701626535058,15151.847458070612,3.736700329851534
2022-04-24 00:00:00+00:00,26066.749121566943,15151.847458070612,3.736700329851534
2022-04-25 00:00:00+00:00,26386.685403808828,15151.847458070612,3.736700329851534
2022-04-26 00:00:00+00:00,26098.83442242001,22141.85027062557,1.4083448062564057
2022-04-27 00:00:00+00:00,26092.913008515206,26092.913008515206,0.0
2022-04-28 00:00:00+00:00,26092.913008515206,26092.913008515206,0.0
2022-04-29 00:00:00+00:00,26092.913008515206,26092.913008515206,0.0
2022-04-30 00:00:00+00:00,26092.913008515206,26092.913008515206,0.0
2022-05-01 00:00:00+00:00,26092.913008515206,26092.913008515206,0.0
2022-05-02 00:00:00+00:00,26092.913008515206,26092.913008515206,0.0
2022-05-03 00:00:00+00:00,26092.913008515206,26092.913008515206,0.0
2022-05-04 00:00:00+00:00,26092.913008515206,26092.913008515206,0.0
2022-05-05 00:00:00+00:00,26092.913008515206,26092.913008515206,0.0
2022-05-06 00:00:00+00:00,26092.913008515206,26092.913008515206,0.0
2022-05-07 00:00:00+00:00,26092.913008515206,26092.913008515206,0.0
2022-05-08 00:00:00+00:00,26092.913008515206,26092.913008515206,0.0
2022-05-09 00:00:00+00:00,26092.913008515206,26092.913008515206,0.0
2022-05-10 00:00:00+00:00,26092.913008515206,26092.913008515206,0.0
2022-05-11 00:00:00+00:00,26092.913008515206,26092.913008515206,0.0
2022-05-12 00:00:00+00:00,26092.913008515206,26092.913008515206,0.0
2022-05-13 00:00:00+00:00,26092.913008515206,26092.913008515206,0.0
2022-05-14 00:00:00+00:00,26092.913008515206,26092.913008515206,0.0
2022-05-15 00:00:00+00:00,26092.913008515206,26092.913008515206,0.0
2022-05-16 00:00:00+00:00,26092.913008515206,26092.913008515206,0.0
2022-05-17 00:00:00+00:00,26092.913008515206,26092.913008515206,0.0
2022-05-18 00:00:00+00:00,26092.913008515206,26092.913008515206,0.0
2022-05-19 00:00:00+00:00,26092.913008515206,26092.913008515206,0.0
2022-05-20 00:00:00+00:00,26092.913008515206,26092.913008515206,0.0
2022-05-21 00:00:00+00:00,26092.913008515206,26092.913008515206,0.0
2022-05-22 00:00:00+00:00,26092.913008515206,26092.913008515206,0.0
2022-05-23 00:00:00+00:00,26092.913008515206,26092.913008515206,0.0
2022-05-24 00:00:00+00:00,26092.913008515206,26092.913008515206,0.0
2022-05-25 00:00:00+00:00,26092.913008515206,26092.913008515206,0.0
2022-05-26 00:00:00+00:00,26092.913008515206,26092.913008515206,0.0
2022-05-27 00:00:00+00:00,26092.913008515206,26092.913008515206,0.0
2022-05-28 00:00:00+00:00,26092.913008515206,26092.913008515206,0.0
2022-05-29 00:00:00+00:00,26092.913008515206,26092.913008515206,0.0
2022-05-30 00:00:00+00:00,26092.913008515206,26092.913008515206,0.0
2022-05-31 00:00:00+00:00,26092.913008515206,26092.913008515206,0.0
2022-06-01 00:00:00+00:00,26092.913008515206,26092.913008515206,0.0
2022-06-02 00:00:00+00:00,26092.913008515206,26092.913008515206,0.0
2022-06-03 00:00:00+00:00,26092.913008515206,26092.913008515206,0.0
2022-06-04 00:00:00+00:00,26092.913008515206,26092.913008515206,0.0
2022-06-05 00:00:00+00:00,26092.913008515206,26092.913008515206,0.0
2022-06-06 00:00:00+00:00,26092.913008515206,26092.913008515206,0.0
2022-06-07 00:00:00+00:00,26092.913008515206,26092.913008515206,0.0
2022-06-08 00:00:00+00:00,26092.913008515206,26092.913008515206,0.0
2022-06-09 00:00:00+00:00,26092.913008515206,26092.913008515206,0.0
2022-06-10 00:00:00+00:00,26092.913008515206,26092.913008515206,0.0
2022-06-11 00:00:00+00:00,26092.913008515206,26092.913008515206,0.0
2022-06-12 00:00:00+00:00,26092.913008515206,26092.913008515206,0.0
2022-06-13 00:00:00+00:00,26092.913008515206,26092.913008515206,0.0
2022-06-14 00:00:00+00:00,26092.913008515206,26092.913008515206,0.0
2022-06-15 00:00:00+00:00,26092.913008515206,26092.913008515206,0.0
2022-06-16 00:00:00+00:00,26092.913008515206,26092.913008515206,0.0
2022-06-17 00:00:00+00:00,26092.913008515206,26092.913008515206,0.0
2022-06-18 00:00:00+00:00,26092.913008515206,26092.913008515206,0.0
2022-06-19 00:00:00+00:00,26092.913008515206,26092.913008515206,0.0
2022-06-20 00:00:00+00:00,26092.913008515206,26092.913008515206,0.0
2022-06-21 00:00:00+00:00,26092.913008515206,26092.913008515206,0.0
2022-06-22 00:00:00+00:00,26092.913008515206,26092.913008515206,0.0
2022-06-23 00:00:00+00:00,26092.913008515206,26092.913008515206,0.0
2022-06-24 00:00:00+00:00,26092.913008515206,26092.913008515206,0.0
2022-06-25 00:00:00+00:00,26092.913008515206,26092.913008515206,0.0
2022-06-26 00:00:00+00:00,26092.913008515206,26092.913008515206,0.0
2022-06-27 00:00:00+00:00,26092.913008515206,26092.913008515206,0.0
2022-06-28 00:00:00+00:00,26092.913008515206,26092.913008515206,0.0
2022-06-29 00:00:00+00:00,26092.913008515206,26092.913008515206,0.0
2022-06-30 00:00:00+00:00,26092.913008515206,26092.913008515206,0.0
2022-07-01 00:00:00+00:00,26092.913008515206,26092.913008515206,0.0
2022-07-02 00:00:00+00:00,26092.913008515206,26092.913008515206,0.0
2022-07-03 00:00:00+00:00,26092.913008515206,26092.913008515206,0.0
2022-07-04 00:00:00+00:00,26092.913008515206,26092.913008515206,0.0
2022-07-05 00:00:00+00:00,26092.913008515206,26092.913008515206,0.0
2022-07-06 00:00:00+00:00,26092.913008515206,26092.913008515206,0.0
2022-07-07 00:00:00+00:00,26139.15514563799,24974.64530815027,0.9410256547428429
2022-07-08 00:00:00+00:00,26117.088094034272,24974.64530815027,0.9410256547428429
2022-07-09 00:00:00+00:00,26119.892350485403,24974.64530815027,0.9410256547428429
2022-07-10 00:00:00+00:00,26074.102042125618,24974.64530815027,0.9410256547428429
2022-07-11 00:00:00+00:00,26006.385836010322,24974.64530815027,0.9410256547428429
2022-07-12 00:00:00+00:00,25951.975732653093,24974.64530815027,0.9410256547428429
2022-07-13 00:00:00+00:00,25950.50973701634,25950.50973701634,0.0
2022-07-14 00:00:00+00:00,25950.50973701634,25950.50973701634,0.0
2022-07-15 00:00:00+00:00,25950.50973701634,25950.50973701634,0.0
2022-07-16 00:00:00+00:00,26116.581473443923,24282.26268249386,1.3528921274108967
2022-07-17 00:00:00+00:00,26093.311728852455,24282.26268249386,1.3528921274108967
2022-07-18 00:00:00+00:00,26421.239251615585,24282.26268249386,1.3528921274108967
2022-07-19 00:00:00+00:00,26368.855268442232,24282.26268249386,1.3528921274108967
2022-07-20 00:00:00+00:00,26340.79628571973,24282.26268249386,1.3528921274108967
2022-07-21 00:00:00+00:00,26413.676584623357,24282.26268249386,1.3528921274108967
2022-07-22 00:00:00+00:00,26359.317378943986,24282.26268249386,1.3528921274108967
2022-07-23 00:00:00+00:00,26377.446133451293,24282.26268249386,1.3528921274108967
2022-07-24 00:00:00+00:00,26443.77843445825,24282.26268249386,1.3528921274108967
2022-07-25 00:00:00+00:00,26231.496130746207,24282.26268249386,1.3528921274108967
2022-07-26 00:00:00+00:00,26242.76572216754,24282.26268249386,1.3528921274108967
2022-07-27 00:00:00+00:00,26495.24245098496,24282.26268249386,1.3528921274108967
2022-07-28 00:00:00+00:00,26615.3522140565,24282.26268249386,1.3528921274108967
2022-07-29 00:00:00+00:00,26611.51000041465,24282.26268249386,1.3528921274108967
2022-07-30 00:00:00+00:00,26578.12062271015,24282.26268249386,1.3528921274108967
2022-07-31 00:00:00+00:00,26552.578019344634,24282.26268249386,1.3528921274108967
2022-08-01 00:00:00+00:00,26487.855659969297,24282.26268249386,1.3528921274108967
2022-08-02 00:00:00+00:00,26488.707982009564,24282.26268249386,1.3528921274108967
2022-08-03 00:00:00+00:00,26471.458607385077,24282.26268249386,1.3528921274108967
2022-08-04 00:00:00+00:00,26457.659107685486,24282.26268249386,1.3528921274108967
2022-08-05 00:00:00+00:00,26631.97925830238,24282.26268249386,1.3528921274108967
2022-08-06 00:00:00+00:00,26569.46211309472,24282.26268249386,1.3528921274108967
2022-08-07 00:00:00+00:00,26582.43634859659,24282.26268249386,1.3528921274108967
2022-08-08 00:00:00+00:00,26686.419637509392,24282.26268249386,1.3528921274108967
2022-08-09 00:00:00+00:00,26585.91328136404,24282.26268249386,1.3528921274108967
2022-08-10 00:00:00+00:00,26789.942943098875,24282.26268249386,1.3528921274108967
2022-08-11 00:00:00+00:00,26825.956931530553,24282.26268249386,1.3528921274108967
2022-08-12 00:00:00+00:00,27404.227494545514,12458.724116727028,7.6319542546614825
2022-08-13 00:00:00+00:00,27597.08697856081,12458.724116727028,7.6319542546614825
2022-08-14 00:00:00+00:00,27228.921505315942,12458.724116727028,7.6319542546614825
2022-08-15 00:00:00+00:00,26952.263163584463,12458.724116727028,7.6319542546614825
2022-08-16 00:00:00+00:00,26781.38370782259,12458.724116727028,7.6319542546614825
2022-08-17 00:00:00+00:00,26457.636208339853,12458.724116727028,7.6319542546614825
2022-08-18 00:00:00+00:00,26550.288132991445,12458.724116727028,7.6319542546614825
2022-08-19 00:00:00+00:00,24738.6148320199,12458.724116727028,7.6319542546614825
2022-08-20 00:00:00+00:00,24659.824947709552,21548.977269702962,1.9738380231508028
2022-08-21 00:00:00+00:00,24742.90379010397,21548.977269702962,1.9738380231508028
2022-08-22 00:00:00+00:00,24755.792952395146,21548.977269702962,1.9738380231508028
2022-08-23 00:00:00+00:00,24836.22685183854,21548.977269702962,1.9738380231508028
2022-08-24 00:00:00+00:00,24818.758385333655,21548.977269702962,1.9738380231508028
2022-08-25 00:00:00+00:00,24894.84984112612,21548.977269702962,1.9738380231508028
2022-08-26 00:00:00+00:00,24525.88029945854,21548.977269702962,1.9738380231508028
2022-08-27 00:00:00+00:00,24492.088192502197,21548.977269702962,1.9738380231508028
2022-08-28 00:00:00+00:00,24365.1704076136,21548.977269702962,1.9738380231508028
2022-08-29 00:00:00+00:00,24611.979114028378,21548.977269702962,1.9738380231508028
2022-08-30 00:00:00+00:00,24558.270981418445,21548.977269702962,1.9738380231508028
2022-08-31 00:00:00+00:00,24616.518941481623,21548.977269702962,1.9738380231508028
2022-09-01 00:00:00+00:00,24679.80018850384,21548.977269702962,1.9738380231508028
2022-09-02 00:00:00+00:00,24658.46299947358,21548.977269702962,1.9738380231508028
2022-09-03 00:00:00+00:00,24623.15103723941,21548.977269702962,1.9738380231508028
2022-09-04 00:00:00+00:00,24666.220182904563,21548.977269702962,1.9738380231508028
2022-09-05 00:00:00+00:00,24742.252423556332,21548.977269702962,1.9738380231508028
2022-09-06 00:00:00+00:00,24626.210486175296,21548.977269702962,1.9738380231508028
2022-09-07 00:00:00+00:00,24766.33324743877,21548.977269702962,1.9738380231508028
2022-09-08 00:00:00+00:00,24776.93275762309,21548.977269702962,1.9738380231508028
2022-09-09 00:00:00+00:00,24940.484976221367,21548.977269702962,1.9738380231508028
2022-09-10 00:00:00+00:00,25050.802783335264,21548.977269702962,1.9738380231508028
2022-09-11 00:00:00+00:00,25034.992340769826,21548.977269702962,1.9738380231508028
2022-09-12 00:00:00+00:00,24936.813637498304,21548.977269702962,1.9738380231508028
2022-09-13 00:00:00+00:00,24656.587853351586,21548.977269702962,1.9738380231508028
2022-09-14 00:00:00+00:00,25074.269237005545,14094.140189219237,6.701779825185888
2022-09-15 00:00:00+00:00,23964.186426761753,14094.140189219237,6.701779825185888
2022-09-16 00:00:00+00:00,23923.927823119775,22925.485344883404,0.6963124891808148
2022-09-17 00:00:00+00:00,23948.25001836686,22925.485344883404,0.6963124891808148
2022-09-18 00:00:00+00:00,23854.721324820093,22925.485344883404,0.6963124891808148
2022-09-19 00:00:00+00:00,23853.32747085019,23853.32747085019,0.0
2022-09-20 00:00:00+00:00,23853.32747085019,23853.32747085019,0.0
2022-09-21 00:00:00+00:00,23853.32747085019,23853.32747085019,0.0
2022-09-22 00:00:00+00:00,23853.32747085019,23853.32747085019,0.0
2022-09-23 00:00:00+00:00,23853.32747085019,23853.32747085019,0.0
2022-09-24 00:00:00+00:00,23853.32747085019,23853.32747085019,0.0
2022-09-25 00:00:00+00:00,23853.32747085019,23853.32747085019,0.0
2022-09-26 00:00:00+00:00,23853.32747085019,23853.32747085019,0.0
2022-09-27 00:00:00+00:00,23853.32747085019,23853.32747085019,0.0
2022-09-28 00:00:00+00:00,23853.32747085019,23853.32747085019,0.0
2022-09-29 00:00:00+00:00,23853.32747085019,23853.32747085019,0.0
2022-09-30 00:00:00+00:00,23853.32747085019,23853.32747085019,0.0
2022-10-01 00:00:00+00:00,23853.32747085019,23853.32747085019,0.0
2022-10-02 00:00:00+00:00,23853.32747085019,23853.32747085019,0.0
2022-10-03 00:00:00+00:00,23853.32747085019,23853.32747085019,0.0
2022-10-04 00:00:00+00:00,23853.32747085019,23853.32747085019,0.0
2022-10-05 00:00:00+00:00,23853.32747085019,23853.32747085019,0.0
2022-10-06 00:00:00+00:00,23853.32747085019,23853.32747085019,0.0
2022-10-07 00:00:00+00:00,23853.32747085019,23853.32747085019,0.0
2022-10-08 00:00:00+00:00,23853.32747085019,23853.32747085019,0.0
2022-10-09 00:00:00+00:00,23853.32747085019,23853.32747085019,0.0
2022-10-10 00:00:00+00:00,23853.32747085019,23853.32747085019,0.0
2022-10-11 00:00:00+00:00,23853.32747085019,23853.32747085019,0.0
2022-10-12 00:00:00+00:00,23853.32747085019,23853.32747085019,0.0
2022-10-13 00:00:00+00:00,23853.32747085019,23853.32747085019,0.0
2022-10-14 00:00:00+00:00,23853.32747085019,23853.32747085019,0.0
2022-10-15 00:00:00+00:00,23853.32747085019,23853.32747085019,0.0
2022-10-16 00:00:00+00:00,23853.32747085019,23853.32747085019,0.0
2022-10-17 00:00:00+00:00,23853.32747085019,23853.32747085019,0.0
2022-10-18 00:00:00+00:00,23853.32747085019,23853.32747085019,0.0
2022-10-19 00:00:00+00:00,23853.32747085019,23853.32747085019,0.0
2022-10-20 00:00:00+00:00,23853.32747085019,23853.32747085019,0.0
2022-10-21 00:00:00+00:00,23853.32747085019,23853.32747085019,0.0
2022-10-22 00:00:00+00:00,23853.32747085019,23853.32747085019,0.0
2022-10-23 00:00:00+00:00,23853.32747085019,23853.32747085019,0.0
2022-10-24 00:00:00+00:00,23811.002211134917,21297.613813259097,1.8706234680270484
2022-10-25 00:00:00+00:00,24028.2377144769,21297.613813259097,1.8706234680270484
2022-10-26 00:00:00+00:00,24227.197226536256,21297.613813259097,1.8706234680270484
2022-10-27 00:00:00+00:00,23781.379140927773,11252.74465768006,8.274914621873593
2022-10-28 00:00:00+00:00,24115.35469506659,11252.74465768006,8.274914621873593
2022-10-29 00:00:00+00:00,24654.38263353544,11252.74465768006,8.274914621873593
2022-10-30 00:00:00+00:00,24413.499868892697,11252.74465768006,8.274914621873593
2022-10-31 00:00:00+00:00,24266.62013435444,11252.74465768006,8.274914621873593
2022-11-01 00:00:00+00:00,24314.53189001509,11252.74465768006,8.274914621873593
2022-11-02 00:00:00+00:00,23816.87852465561,11252.74465768006,8.274914621873593
2022-11-03 00:00:00+00:00,23921.721692914747,11252.74465768006,8.274914621873593
2022-11-04 00:00:00+00:00,24863.158729445306,11252.74465768006,8.274914621873593
2022-11-05 00:00:00+00:00,24715.865249175957,11252.74465768006,8.274914621873593
2022-11-06 00:00:00+00:00,24230.210510018194,11252.74465768006,8.274914621873593
2022-11-07 00:00:00+00:00,24228.63827624004,11252.74465768006,8.274914621873593
2022-11-08 00:00:00+00:00,22297.852447518275,11252.74465768006,8.274914621873593
2022-11-09 00:00:00+00:00,22116.913062819214,21328.60420022042,0.7148702425786873
2022-11-10 00:00:00+00:00,22115.730599525315,22115.730599525315,0.0
2022-11-11 00:00:00+00:00,22115.730599525315,22115.730599525315,0.0
2022-11-12 00:00:00+00:00,22115.730599525315,22115.730599525315,0.0
2022-11-13 00:00:00+00:00,22115.730599525315,22115.730599525315,0.0
2022-11-14 00:00:00+00:00,22115.730599525315,22115.730599525315,0.0
2022-11-15 00:00:00+00:00,22115.730599525315,22115.730599525315,0.0
2022-11-16 00:00:00+00:00,22115.730599525315,22115.730599525315,0.0
2022-11-17 00:00:00+00:00,22115.730599525315,22115.730599525315,0.0
2022-11-18 00:00:00+00:00,22115.730599525315,22115.730599525315,0.0
2022-11-19 00:00:00+00:00,22115.730599525315,22115.730599525315,0.0
2022-11-20 00:00:00+00:00,22115.730599525315,22115.730599525315,0.0
2022-11-21 00:00:00+00:00,22115.730599525315,22115.730599525315,0.0
2022-11-22 00:00:00+00:00,22115.730599525315,22115.730599525315,0.0
2022-11-23 00:00:00+00:00,22115.730599525315,22115.730599525315,0.0
2022-11-24 00:00:00+00:00,22115.730599525315,22115.730599525315,0.0
2022-11-25 00:00:00+00:00,22115.730599525315,22115.730599525315,0.0
2022-11-26 00:00:00+00:00,22115.730599525315,22115.730599525315,0.0
2022-11-27 00:00:00+00:00,22115.730599525315,22115.730599525315,0.0
2022-11-28 00:00:00+00:00,22115.730599525315,22115.730599525315,0.0
2022-11-29 00:00:00+00:00,22115.730599525315,22115.730599525315,0.0
2022-11-30 00:00:00+00:00,22115.730599525315,22115.730599525315,0.0
2022-12-01 00:00:00+00:00,22091.370269055013,20536.035556702078,1.218522819746738
2022-12-02 00:00:00+00:00,22114.741536737754,20536.035556702078,1.218522819746738
2022-12-03 00:00:00+00:00,22047.625299826104,20536.035556702078,1.218522819746738
2022-12-04 00:00:00+00:00,22095.02583751425,20536.035556702078,1.218522819746738
2022-12-05 00:00:00+00:00,22070.655381119315,20536.035556702078,1.218522819746738
2022-12-06 00:00:00+00:00,22085.1679879025,20536.035556702078,1.218522819746738
2022-12-07 00:00:00+00:00,22036.256481917866,20536.035556702078,1.218522819746738
2022-12-08 00:00:00+00:00,22095.964100085457,20536.035556702078,1.218522819746738
2022-12-09 00:00:00+00:00,22075.15173032418,20536.035556702078,1.218522819746738
2022-12-10 00:00:00+00:00,22079.11192948836,20536.035556702078,1.218522819746738
2022-12-11 00:00:00+00:00,22075.042063270404,20536.035556702078,1.218522819746738
2022-12-12 00:00:00+00:00,22090.13956100707,20536.035556702078,1.218522819746738
2022-12-13 00:00:00+00:00,22145.3264595134,20536.035556702078,1.218522819746738
2022-12-14 00:00:00+00:00,22129.18103215175,20536.035556702078,1.218522819746738
2022-12-15 00:00:00+00:00,22079.34344882411,20536.035556702078,1.218522819746738
2022-12-16 00:00:00+00:00,21957.844538467165,20536.035556702078,1.218522819746738
2022-12-17 00:00:00+00:00,21955.699658044163,21955.699658044163,0.0
2022-12-18 00:00:00+00:00,21955.699658044163,21955.699658044163,0.0
2022-12-19 00:00:00+00:00,21955.699658044163,21955.699658044163,0.0
2022-12-20 00:00:00+00:00,21955.699658044163,21955.699658044163,0.0
2022-12-21 00:00:00+00:00,21955.699658044163,21955.699658044163,0.0
2022-12-22 00:00:00+00:00,21955.699658044163,21955.699658044163,0.0
2022-12-23 00:00:00+00:00,21955.699658044163,21955.699658044163,0.0
2022-12-24 00:00:00+00:00,21955.699658044163,21955.699658044163,0.0
2022-12-25 00:00:00+00:00,21955.699658044163,21955.699658044163,0.0
2022-12-26 00:00:00+00:00,21955.699658044163,21955.699658044163,0.0
2022-12-27 00:00:00+00:00,21955.699658044163,21955.699658044163,0.0
2022-12-28 00:00:00+00:00,21955.699658044163,21955.699658044163,0.0
2022-12-29 00:00:00+00:00,21955.699658044163,21955.699658044163,0.0
2022-12-30 00:00:00+00:00,21955.699658044163,21955.699658044163,0.0
2022-12-31 00:00:00+00:00,21955.699658044163,21955.699658044163,0.0
2023-01-01 00:00:00+00:00,21955.699658044163,21955.699658044163,0.0
2023-01-02 00:00:00+00:00,21955.699658044163,21955.699658044163,0.0
2023-01-03 00:00:00+00:00,21955.699658044163,21955.699658044163,0.0
2023-01-04 00:00:00+00:00,21955.699658044163,21955.699658044163,0.0
2023-01-05 00:00:00+00:00,21948.64004618829,20779.50146207751,0.9343839584018896
2023-01-06 00:00:00+00:00,21965.365519043684,20779.50146207751,0.9343839584018896
2023-01-07 00:00:00+00:00,21960.62819237459,20779.50146207751,0.9343839584018896
2023-01-08 00:00:00+00:00,21985.00626984929,20779.50146207751,0.9343839584018896
2023-01-09 00:00:00+00:00,22013.252696911783,20779.50146207751,0.9343839584018896
2023-01-10 00:00:00+00:00,22085.953034485392,14939.421311377868,5.350722303580005
2023-01-11 00:00:00+00:00,22373.66137274889,14939.421311377868,5.350722303580005
2023-01-12 00:00:00+00:00,22515.61603546287,14939.421311377868,5.350722303580005
2023-01-13 00:00:00+00:00,22865.46326908785,8052.63654333952,10.207295152803423
2023-01-14 00:00:00+00:00,25162.88998032271,-11413.064223197602,23.598912319194987
2023-01-15 00:00:00+00:00,25222.217637070626,-11415.565716725974,23.598912319194987
2023-01-16 00:00:00+00:00,25796.001034104447,-11418.0677585269,23.598912319194987
2023-01-17 00:00:00+00:00,25525.178810841546,-11420.57034872055,23.598912319194987
2023-01-18 00:00:00+00:00,24245.03055917376,-11423.073487427118,23.598912319194987
2023-01-19 00:00:00+00:00,25178.45973441332,-11425.577174766828,23.598912319194987
2023-01-20 00:00:00+00:00,27711.18664877134,-11428.081410859928,23.598912319194987
2023-01-21 00:00:00+00:00,26956.820517315027,-11430.586195826692,23.598912319194987
2023-01-22 00:00:00+00:00,26972.72233496327,-11433.091529787422,23.598912319194987
2023-01-23 00:00:00+00:00,26943.077702721173,-11435.597412862444,23.598912319194987
2023-01-24 00:00:00+00:00,25281.095756125716,-11438.103845172112,23.598912319194987
2023-01-25 00:00:00+00:00,26599.41989696636,-11440.610826836808,23.598912319194987
2023-01-26 00:00:00+00:00,26340.864167162967,-11443.118357976937,23.598912319194987
2023-01-27 00:00:00+00:00,26256.46786067936,-11445.626438712932,23.598912319194987
2023-01-28 00:00:00+00:00,25651.71498784118,-11448.135069165253,23.598912319194987
2023-01-29 00:00:00+00:00,27362.95882017199,-11450.644249454386,23.598912319194987
2023-01-30 00:00:00+00:00,25507.46249462235,-11453.153979700843,23.598912319194987
2023-01-31 00:00:00+00:00,25956.39940696423,-11455.66426002516,23.598912319194987
2023-02-01 00:00:00+00:00,27283.68728562812,-11458.175090547906,23.598912319194987
2023-02-02 00:00:00+00:00,27315.158338525995,-11460.68647138967,23.598912319194987
2023-02-03 00:00:00+00:00,27794.064218556174,-11463.19840267107,23.598912319194987
2023-02-04 00:00:00+00:00,27859.044625947397,-11465.710884512751,23.598912319194987
2023-02-05 00:00:00+00:00,26974.87622917963,-11468.223917035384,23.598912319194987
2023-02-06 00:00:00+00:00,26624.750667393608,-11470.737500359666,23.598912319194987
2023-02-07 00:00:00+00:00,27961.23881813808,-11473.25163460632,23.598912319194987
2023-02-08 00:00:00+00:00,27561.23763361815,-3460.83712211841,18.796358982650922
2023-02-09 00:00:00+00:00,25585.357692077985,-3461.5956617616143,18.796358982650922
2023-02-10 00:00:00+00:00,25223.262266536316,9143.326603045816,10.627427639016627
2023-02-11 00:00:00+00:00,25493.73029994929,9143.326603045816,10.627427639016627
2023-02-12 00:00:00+00:00,25242.072813457373,9143.326603045816,10.627427639016627
2023-02-13 00:00:00+00:00,25140.155782399204,9143.326603045816,10.627427639016627
2023-02-14 00:00:00+00:00,25676.52205534037,9143.326603045816,10.627427639016627
2023-02-15 00:00:00+00:00,26943.417704187545,9143.326603045816,10.627427639016627
2023-02-16 00:00:00+00:00,26334.173259727188,26.700136651717912,16.062297369141962
2023-02-17 00:00:00+00:00,27234.143781320214,26.700136651717912,16.062297369141962
2023-02-18 00:00:00+00:00,27198.00361223964,26.700136651717912,16.062297369141962
2023-02-19 00:00:00+00:00,27007.34414246793,26.700136651717912,16.062297369141962
2023-02-20 00:00:00+00:00,27385.129376590146,26.700136651717912,16.062297369141962
2023-02-21 00:00:00+00:00,26686.25881805878,26.700136651717912,16.062297369141962
2023-02-22 00:00:00+00:00,26419.303435783644,26.700136651717912,16.062297369141962
2023-02-23 00:00:00+00:00,26538.003813341602,26.700136651717912,16.062297369141962
2023-02-24 00:00:00+00:00,25851.661846758165,26.700136651717912,16.062297369141962
2023-02-25 00:00:00+00:00,25639.318275538106,26.700136651717912,16.062297369141962
2023-02-26 00:00:00+00:00,26390.712546466566,26.700136651717912,16.062297369141962
2023-02-27 00:00:00+00:00,26263.659774276657,26.700136651717912,16.062297369141962
2023-02-28 00:00:00+00:00,25810.381742519472,26.700136651717912,16.062297369141962
2023-03-01 00:00:00+00:00,26773.958961694298,26.700136651717912,16.062297369141962
2023-03-02 00:00:00+00:00,26495.117479365992,26.700136651717912,16.062297369141962
2023-03-03 00:00:00+00:00,25235.67274265157,26.700136651717912,16.062297369141962
2023-03-04 00:00:00+00:00,25193.663995601757,7226.374201695933,11.468019246395885
2023-03-05 00:00:00+00:00,25169.007754222006,7226.374201695933,11.468019246395885
2023-03-06 00:00:00+00:00,25183.457458472465,7226.374201695933,11.468019246395885
2023-03-07 00:00:00+00:00,25138.96154379645,7226.374201695933,11.468019246395885
2023-03-08 00:00:00+00:00,24799.73753448806,7226.374201695933,11.468019246395885
2023-03-09 00:00:00+00:00,23709.587624925665,7226.374201695933,11.468019246395885
2023-03-10 00:00:00+00:00,23584.81557552488,7226.374201695933,11.468019246395885
2023-03-11 00:00:00+00:00,24106.954491813285,7226.374201695933,11.468019246395885
2023-03-12 00:00:00+00:00,24856.36050827781,13780.76790276678,7.008404956883075
2023-03-13 00:00:00+00:00,25508.983177862763,13780.76790276678,7.008404956883075
2023-03-14 00:00:00+00:00,25883.425191976054,17.59221778657229,15.22056783228756
2023-03-15 00:00:00+00:00,24733.336116740335,-12905.817773598988,22.812161440482996
2023-03-16 00:00:00+00:00,25069.627154562622,17.62980304474513,14.967765022744334
2023-03-17 00:00:00+00:00,26799.0027252905,17.62980304474513,14.967765022744334
2023-03-18 00:00:00+00:00,26093.48460955637,-13362.182744775486,22.432778055043016
2023-03-19 00:00:00+00:00,26580.487784690617,-13365.111442363383,22.432778055043016
2023-03-20 00:00:00+00:00,25503.02837635984,-13368.040781857599,22.432778055043016
2023-03-21 00:00:00+00:00,26071.064538245693,10188.651645034231,8.817537401226641
2023-03-22 00:00:00+00:00,25481.17128610363,10188.651645034231,8.817537401226641
2023-03-23 00:00:00+00:00,26181.812808005103,10188.651645034231,8.817537401226641
2023-03-24 00:00:00+00:00,25615.550556098326,10188.651645034231,8.817537401226641
2023-03-25 00:00:00+00:00,25547.743693482895,10188.651645034231,8.817537401226641
2023-03-26 00:00:00+00:00,25829.90489032215,10188.651645034231,8.817537401226641
2023-03-27 00:00:00+00:00,24961.796517165123,23.46187986793302,14.539437878113121
2023-03-28 00:00:00+00:00,25801.739843383715,23.46187986793302,14.539437878113121
2023-03-29 00:00:00+00:00,26093.691755976226,23.46187986793302,14.539437878113121
2023-03-30 00:00:00+00:00,26101.543052430407,23.46187986793302,14.539437878113121
2023-03-31 00:00:00+00:00,26507.338763608546,23.46187986793302,14.539437878113121
2023-04-01 00:00:00+00:00,26496.724973957524,23.46187986793302,14.539437878113121
2023-04-02 00:00:00+00:00,26114.62854652071,23.46187986793302,14.539437878113121
2023-04-03 00:00:00+00:00,26347.25955257052,23.46187986793302,14.539437878113121
2023-04-04 00:00:00+00:00,27217.59030395437,23.46187986793302,14.539437878113121
2023-04-05 00:00:00+00:00,27774.741563443666,23.46187986793302,14.539437878113121
2023-04-06 00:00:00+00:00,27247.250757225724,23.46187986793302,14.539437878113121
2023-04-07 00:00:00+00:00,27120.90304206492,23.46187986793302,14.539437878113121
2023-04-08 00:00:00+00:00,26904.265417681032,23.46187986793302,14.539437878113121
2023-04-09 00:00:00+00:00,27051.113740249977,23.46187986793302,14.539437878113121
2023-04-10 00:00:00+00:00,27796.696114639617,23.46187986793302,14.539437878113121
2023-04-11 00:00:00+00:00,27329.48928946453,-13859.797783297814,21.794888019621744
2023-04-12 00:00:00+00:00,27926.464792747014,-13862.835547195524,21.794888019621744
2023-04-13 00:00:00+00:00,29985.65866745465,-13865.873976904499,21.794888019621744
2023-04-14 00:00:00+00:00,31900.13381975479,-13868.91307257067,21.794888019621744
2023-04-15 00:00:00+00:00,31692.440059481218,-13871.95283434,21.794888019621744
2023-04-16 00:00:00+00:00,32301.18213817352,-13874.993262358485,21.794888019621744
2023-04-17 00:00:00+00:00,31324.563395923346,-13878.034356772152,21.794888019621744
2023-04-18 00:00:00+00:00,31964.470831547274,-13881.076117727062,21.794888019621744
2023-04-19 00:00:00+00:00,28261.310264813852,-13884.118545369303,21.794888019621744
2023-04-20 00:00:00+00:00,28375.478491476348,21.4391281051212,14.593068051843677
2023-04-21 00:00:00+00:00,27000.811480992674,21.4391281051212,14.593068051843677
2023-04-22 00:00:00+00:00,27371.183548148467,21.4391281051212,14.593068051843677
2023-04-23 00:00:00+00:00,27193.731840638047,21.4391281051212,14.593068051843677
2023-04-24 00:00:00+00:00,26899.53558871288,21.4391281051212,14.593068051843677
2023-04-25 00:00:00+00:00,27253.563419650603,21.4391281051212,14.593068051843677
2023-04-26 00:00:00+00:00,27252.25004352594,21.4391281051212,14.593068051843677
2023-04-27 00:00:00+00:00,27874.93625729811,21.4391281051212,14.593068051843677
2023-04-28 00:00:00+00:00,27616.055230058402,21.4391281051212,14.593068051843677
2023-04-29 00:00:00+00:00,27862.094357412487,21.4391281051212,14.593068051843677
2023-04-30 00:00:00+00:00,27311.78976117746,21.4391281051212,14.593068051843677
2023-05-01 00:00:00+00:00,26737.406602656894,21.4391281051212,14.593068051843677
2023-05-02 00:00:00+00:00,27135.82074341594,7656.393707894031,10.416360281657424
2023-05-03 00:00:00+00:00,27500.81000768522,7656.393707894031,10.416360281657424
2023-05-04 00:00:00+00:00,27208.631101784733,7656.393707894031,10.416360281657424
2023-05-05 00:00:00+00:00,28419.32465732177,7656.393707894031,10.416360281657424
2023-05-06 00:00:00+00:00,27027.432148821532,31.144396424148,14.236070595517333
2023-05-07 00:00:00+00:00,26658.29083827977,31.144396424148,14.236070595517333
2023-05-08 00:00:00+00:00,26333.13898587815,31.144396424148,14.236070595517333
2023-05-09 00:00:00+00:00,26309.475008257978,9415.89787492194,9.148873087394689
2023-05-10 00:00:00+00:00,26257.50940912158,9415.89787492194,9.148873087394689
2023-05-11 00:00:00+00:00,25831.72085563423,9415.89787492194,9.148873087394689
2023-05-12 00:00:00+00:00,25952.028536733473,9415.89787492194,9.148873087394689
2023-05-13 00:00:00+00:00,25839.131442835016,9415.89787492194,9.148873087394689
2023-05-14 00:00:00+00:00,25876.641822493337,9415.89787492194,9.148873087394689
2023-05-15 00:00:00+00:00,26032.081176248175,9415.89787492194,9.148873087394689
2023-05-16 00:00:00+00:00,26105.363649678206,9415.89787492194,9.148873087394689
2023-05-17 00:00:00+00:00,26086.242504925547,9415.89787492194,9.148873087394689
2023-05-18 00:00:00+00:00,25888.992801161323,9415.89787492194,9.148873087394689
2023-05-19 00:00:00+00:00,25996.583548669085,9415.89787492194,9.148873087394689
2023-05-20 00:00:00+00:00,26061.54054758959,9415.89787492194,9.148873087394689
2023-05-21 00:00:00+00:00,25928.790399091486,9415.89787492194,9.148873087394689
2023-05-22 00:00:00+00:00,26042.602380298675,9415.89787492194,9.148873087394689
2023-05-23 00:00:00+00:00,26378.36602260606,9415.89787492194,9.148873087394689
2023-05-24 00:00:00+00:00,25882.86305619277,9415.89787492194,9.148873087394689
2023-05-25 00:00:00+00:00,25935.103121521788,9415.89787492194,9.148873087394689
2023-05-26 00:00:00+00:00,26138.116615331077,9415.89787492194,9.148873087394689
2023-05-27 00:00:00+00:00,26157.32924881461,9415.89787492194,9.148873087394689
2023-05-28 00:00:00+00:00,26877.80300444694,9415.89787492194,9.148873087394689
2023-05-29 00:00:00+00:00,26731.05508012513,9415.89787492194,9.148873087394689
2023-05-30 00:00:00+00:00,26804.15457609341,9415.89787492194,9.148873087394689
2023-05-31 00:00:00+00:00,26557.500957657256,9415.89787492194,9.148873087394689
2023-06-01 00:00:00+00:00,26449.086811571622,9415.89787492194,9.148873087394689
2023-06-02 00:00:00+00:00,26859.87121319565,9415.89787492194,9.148873087394689
2023-06-03 00:00:00+00:00,26726.114688657937,9415.89787492194,9.148873087394689
2023-06-04 00:00:00+00:00,26707.359498828773,9415.89787492194,9.148873087394689
2023-06-05 00:00:00+00:00,25979.932599650027,9415.89787492194,9.148873087394689
2023-06-06 00:00:00+00:00,26658.23005034947,9415.89787492194,9.148873087394689
2023-06-07 00:00:00+00:00,26177.82272453037,9415.89787492194,9.148873087394689
2023-06-08 00:00:00+00:00,26301.42399994108,9415.89787492194,9.148873087394689
2023-06-09 00:00:00+00:00,26253.2094387705,9415.89787492194,9.148873087394689
2023-06-10 00:00:00+00:00,25440.42355368636,9415.89787492194,9.148873087394689
2023-06-11 00:00:00+00:00,25428.314060057353,19981.125689644035,3.107777659470388
2023-06-12 00:00:00+00:00,25396.64580570735,19981.125689644035,3.107777659470388
2023-06-13 00:00:00+00:00,25389.031750441645,19981.125689644035,3.107777659470388
2023-06-14 00:00:00+00:00,25111.911216546672,19981.125689644035,3.107777659470388
2023-06-15 00:00:00+00:00,25161.666736874795,19981.125689644035,3.107777659470388
2023-06-16 00:00:00+00:00,25320.039086401404,19981.125689644035,3.107777659470388
2023-06-17 00:00:00+00:00,25350.619618570592,19981.125689644035,3.107777659470388
2023-06-18 00:00:00+00:00,25329.4556527096,19981.125689644035,3.107777659470388
2023-06-19 00:00:00+00:00,25379.67733968664,19981.125689644035,3.107777659470388
2023-06-20 00:00:00+00:00,25550.232177638376,19981.125689644035,3.107777659470388
2023-06-21 00:00:00+00:00,25852.059543926138,19981.125689644035,3.107777659470388
2023-06-22 00:00:00+00:00,25627.48319075662,3701.9532779004094,11.712293157011027
2023-06-23 00:00:00+00:00,25868.99067565419,3701.9532779004094,11.712293157011027
2023-06-24 00:00:00+00:00,25662.034455569803,3701.9532779004094,11.712293157011027
2023-06-25 00:00:00+00:00,25941.25552443295,3701.9532779004094,11.712293157011027
2023-06-26 00:00:00+00:00,25474.7548879892,3701.9532779004094,11.712293157011027
2023-06-27 00:00:00+00:00,25833.2681815253,3701.9532779004094,11.712293157011027
2023-06-28 00:00:00+00:00,25112.259414779706,3701.9532779004094,11.712293157011027
2023-06-29 00:00:00+00:00,25393.00308175326,3701.9532779004094,11.712293157011027
2023-06-30 00:00:00+00:00,26351.06866199676,3701.9532779004094,11.712293157011027
2023-07-01 00:00:00+00:00,26242.26145856813,3701.9532779004094,11.712293157011027
2023-07-02 00:00:00+00:00,26394.287023746132,3701.9532779004094,11.712293157011027
2023-07-03 00:00:00+00:00,26605.81103816175,3701.9532779004094,11.712293157011027
2023-07-04 00:00:00+00:00,26379.295288505164,3701.9532779004094,11.712293157011027
2023-07-05 00:00:00+00:00,26076.649633327994,3701.9532779004094,11.712293157011027
2023-07-06 00:00:00+00:00,25324.837535579456,3701.9532779004094,11.712293157011027
2023-07-07 00:00:00+00:00,25614.59966828391,3701.9532779004094,11.712293157011027
2023-07-08 00:00:00+00:00,25548.19096608366,3701.9532779004094,11.712293157011027
2023-07-09 00:00:00+00:00,25519.612970780552,3701.9532779004094,11.712293157011027
2023-07-10 00:00:00+00:00,25725.749330343948,3701.9532779004094,11.712293157011027
2023-07-11 00:00:00+00:00,25701.15351471422,3701.9532779004094,11.712293157011027
2023-07-12 00:00:00+00:00,25625.257855056792,3701.9532779004094,11.712293157011027
2023-07-13 00:00:00+00:00,27179.127788197446,3701.9532779004094,11.712293157011027
2023-07-14 00:00:00+00:00,25796.565132900734,-13557.318948362281,20.30822315748183
2023-07-15 00:00:00+00:00,25684.244295489883,-3197.344088578115,14.953628894987599
2023-07-16 00:00:00+00:00,25544.474759021054,-3198.0448763235568,14.953628894987599
2023-07-17 00:00:00+00:00,25310.197845849016,-12731.98810513457,19.904869166483667
2023-07-18 00:00:00+00:00,25087.026541781288,-3136.2557896689136,14.876203652442376
2023-07-19 00:00:00+00:00,24958.70131591409,-3136.9431881981563,14.876203652442376
2023-07-20 00:00:00+00:00,25002.047329533383,-3137.6307373900904,14.876203652442376
2023-07-21 00:00:00+00:00,24989.30874436644,6264.472666247961,9.898260363856616
2023-07-22 00:00:00+00:00,24739.77360059361,6264.472666247961,9.898260363856616
2023-07-23 00:00:00+00:00,24959.613963274867,6264.472666247961,9.898260363856616
2023-07-24 00:00:00+00:00,24576.2543393827,6264.472666247961,9.898260363856616
2023-07-25 00:00:00+00:00,24652.07501376984,6264.472666247961,9.898260363856616
2023-07-26 00:00:00+00:00,24794.016067387543,6264.472666247961,9.898260363856616
2023-07-27 00:00:00+00:00,24687.906716287005,6264.472666247961,9.898260363856616
2023-07-28 00:00:00+00:00,24815.693257584397,6264.472666247961,9.898260363856616
2023-07-29 00:00:00+00:00,24877.755350065774,6264.472666247961,9.898260363856616
2023-07-30 00:00:00+00:00,24692.954829072572,6264.472666247961,9.898260363856616
2023-07-31 00:00:00+00:00,24637.029658016785,6264.472666247961,9.898260363856616
2023-08-01 00:00:00+00:00,24808.566510122415,6264.472666247961,9.898260363856616
2023-08-02 00:00:00+00:00,24476.28190970775,6264.472666247961,9.898260363856616
2023-08-03 00:00:00+00:00,24435.798024819574,6264.472666247961,9.898260363856616
2023-08-04 00:00:00+00:00,24380.565731989256,6264.472666247961,9.898260363856616
2023-08-05 00:00:00+00:00,24404.71109502586,13935.933739755808,5.7004581347306
2023-08-06 00:00:00+00:00,24369.368254590532,13935.933739755808,5.7004581347306
2023-08-07 00:00:00+00:00,24362.64171399155,13935.933739755808,5.7004581347306
2023-08-08 00:00:00+00:00,24517.69417525622,13935.933739755808,5.7004581347306
2023-08-09 00:00:00+00:00,24512.278740028225,13935.933739755808,5.7004581347306
2023-08-10 00:00:00+00:00,24495.861420600202,13935.933739755808,5.7004581347306
2023-08-11 00:00:00+00:00,24475.168757571133,13935.933739755808,5.7004581347306
2023-08-12 00:00:00+00:00,24481.382256937988,13935.933739755808,5.7004581347306
2023-08-13 00:00:00+00:00,24428.938042098467,13935.933739755808,5.7004581347306
2023-08-14 00:00:00+00:00,24456.12922740113,13935.933739755808,5.7004581347306
2023-08-15 00:00:00+00:00,24361.95765901538,13935.933739755808,5.7004581347306
2023-08-16 00:00:00+00:00,24241.278960303134,13935.933739755808,5.7004581347306
2023-08-17 00:00:00+00:00,23959.83795809094,20341.571363683994,2.151821654845968
2023-08-18 00:00:00+00:00,23954.410558199328,23954.410558199328,0.0
2023-08-19 00:00:00+00:00,23954.410558199328,23954.410558199328,0.0
2023-08-20 00:00:00+00:00,23954.410558199328,23954.410558199328,0.0
2023-08-21 00:00:00+00:00,23954.410558199328,23954.410558199328,0.0
2023-08-22 00:00:00+00:00,23954.410558199328,23954.410558199328,0.0
2023-08-23 00:00:00+00:00,23954.410558199328,23954.410558199328,0.0
2023-08-24 00:00:00+00:00,23954.410558199328,23954.410558199328,0.0
2023-08-25 00:00:00+00:00,23954.410558199328,23954.410558199328,0.0
2023-08-26 00:00:00+00:00,23954.410558199328,23954.410558199328,0.0
2023-08-27 00:00:00+00:00,23954.410558199328,23954.410558199328,0.0
2023-08-28 00:00:00+00:00,23954.410558199328,23954.410558199328,0.0
2023-08-29 00:00:00+00:00,23954.410558199328,23954.410558199328,0.0
2023-08-30 00:00:00+00:00,23954.410558199328,23954.410558199328,0.0
2023-08-31 00:00:00+00:00,23954.410558199328,23954.410558199328,0.0
2023-09-01 00:00:00+00:00,23954.410558199328,23954.410558199328,0.0
2023-09-02 00:00:00+00:00,23954.410558199328,23954.410558199328,0.0
2023-09-03 00:00:00+00:00,23954.410558199328,23954.410558199328,0.0
2023-09-04 00:00:00+00:00,23954.410558199328,23954.410558199328,0.0
2023-09-05 00:00:00+00:00,23954.410558199328,23954.410558199328,0.0
2023-09-06 00:00:00+00:00,23954.410558199328,23954.410558199328,0.0
2023-09-07 00:00:00+00:00,23954.410558199328,23954.410558199328,0.0
2023-09-08 00:00:00+00:00,23954.410558199328,23954.410558199328,0.0
2023-09-09 00:00:00+00:00,23954.410558199328,23954.410558199328,0.0
2023-09-10 00:00:00+00:00,23954.410558199328,23954.410558199328,0.0
2023-09-11 00:00:00+00:00,23954.410558199328,23954.410558199328,0.0
2023-09-12 00:00:00+00:00,23954.410558199328,23954.410558199328,0.0
2023-09-13 00:00:00+00:00,23954.410558199328,23954.410558199328,0.0
2023-09-14 00:00:00+00:00,23954.410558199328,23954.410558199328,0.0
2023-09-15 00:00:00+00:00,23954.410558199328,23954.410558199328,0.0
2023-09-16 00:00:00+00:00,23954.410558199328,23954.410558199328,0.0
2023-09-17 00:00:00+00:00,23954.410558199328,23954.410558199328,0.0
2023-09-18 00:00:00+00:00,23954.410558199328,23954.410558199328,0.0
2023-09-19 00:00:00+00:00,23954.410558199328,23954.410558199328,0.0
2023-09-20 00:00:00+00:00,23954.410558199328,23954.410558199328,0.0
2023-09-21 00:00:00+00:00,23954.410558199328,23954.410558199328,0.0
2023-09-22 00:00:00+00:00,23954.410558199328,23954.410558199328,0.0
2023-09-23 00:00:00+00:00,23954.410558199328,23954.410558199328,0.0
2023-09-24 00:00:00+00:00,23954.410558199328,23954.410558199328,0.0
2023-09-25 00:00:00+00:00,23954.410558199328,23954.410558199328,0.0
2023-09-26 00:00:00+00:00,23954.410558199328,23954.410558199328,0.0
2023-09-27 00:00:00+00:00,23954.410558199328,23954.410558199328,0.0
2023-09-28 00:00:00+00:00,23954.410558199328,23954.410558199328,0.0
2023-09-29 00:00:00+00:00,23972.968815678738,21387.866569820828,1.550332691149905
2023-09-30 00:00:00+00:00,23978.301960136294,21387.866569820828,1.550332691149905
2023-10-01 00:00:00+00:00,24075.817886409623,21387.866569820828,1.550332691149905
2023-10-02 00:00:00+00:00,23965.139635588428,21387.866569820828,1.550332691149905
2023-10-03 00:00:00+00:00,23956.58179913328,21387.866569820828,1.550332691149905
2023-10-04 00:00:00+00:00,23940.61337241444,21387.866569820828,1.550332691149905
2023-10-05 00:00:00+00:00,23886.677298089333,21387.866569820828,1.550332691149905
2023-10-06 00:00:00+00:00,23938.210356743155,21387.866569820828,1.550332691149905
2023-10-07 00:00:00+00:00,23920.443544102578,21387.866569820828,1.550332691149905
2023-10-08 00:00:00+00:00,23919.311801238036,21387.866569820828,1.550332691149905
2023-10-09 00:00:00+00:00,23837.593765087528,21387.866569820828,1.550332691149905
2023-10-10 00:00:00+00:00,23833.919174294628,23833.919174294628,0.0
2023-10-11 00:00:00+00:00,23833.919174294628,23833.919174294628,0.0
2023-10-12 00:00:00+00:00,23833.919174294628,23833.919174294628,0.0
2023-10-13 00:00:00+00:00,23833.919174294628,23833.919174294628,0.0
2023-10-14 00:00:00+00:00,23833.919174294628,23833.919174294628,0.0
2023-10-15 00:00:00+00:00,23833.919174294628,23833.919174294628,0.0
2023-10-16 00:00:00+00:00,23833.919174294628,23833.919174294628,0.0
2023-10-17 00:00:00+00:00,23833.919174294628,23833.919174294628,0.0
2023-10-18 00:00:00+00:00,23833.919174294628,23833.919174294628,0.0
2023-10-19 00:00:00+00:00,23833.919174294628,23833.919174294628,0.0
2023-10-20 00:00:00+00:00,23833.919174294628,23833.919174294628,0.0
2023-10-21 00:00:00+00:00,23833.919174294628,23833.919174294628,0.0
2023-10-22 00:00:00+00:00,23867.6430060056,22131.496376130726,1.0435454888951592
2023-10-23 00:00:00+00:00,23973.834194955572,22131.496376130726,1.0435454888951592
2023-10-24 00:00:00+00:00,24099.087658033473,11133.47710078628,7.263728757323441
2023-10-25 00:00:00+00:00,24114.849949436866,11133.47710078628,7.263728757323441
2023-10-26 00:00:00+00:00,24232.74026716823,11133.47710078628,7.263728757323441
2023-10-27 00:00:00+00:00,24058.55605156761,11133.47710078628,7.263728757323441
2023-10-28 00:00:00+00:00,24035.312119544178,11133.47710078628,7.263728757323441
2023-10-29 00:00:00+00:00,24172.88714220788,11133.47710078628,7.263728757323441
2023-10-30 00:00:00+00:00,24210.696202184532,17956.06248821269,3.4574325133616957
2023-10-31 00:00:00+00:00,24245.18358365158,8656.046765802115,8.590618028539328
2023-11-01 00:00:00+00:00,24858.19997298877,-12101.859967823466,20.010969166488305
2023-11-02 00:00:00+00:00,23931.24084472997,-12104.512430282168,20.010969166488305
2023-11-03 00:00:00+00:00,24152.626453184082,9561.374320555984,7.961571734004888
2023-11-04 00:00:00+00:00,24334.389135871414,9561.374320555984,7.961571734004888
2023-11-05 00:00:00+00:00,24622.35918549037,9561.374320555984,7.961571734004888
2023-11-06 00:00:00+00:00,24695.924108312574,9561.374320555984,7.961571734004888
2023-11-07 00:00:00+00:00,24355.342783067303,-12327.961656374255,19.457851893596967
2023-11-08 00:00:00+00:00,24408.095641970875,-12330.663675367432,19.457851893596967
2023-11-09 00:00:00+00:00,28942.96409234117,-12333.36628658395,19.457851893596967
2023-11-10 00:00:00+00:00,28091.898546210672,-12336.069490153614,19.457851893596967
2023-11-11 00:00:00+00:00,27611.50448617024,-12338.77328620625,19.457851893596967
2023-11-12 00:00:00+00:00,27443.60293492813,-12341.47767487172,19.457851893596967
2023-11-13 00:00:00+00:00,27480.830540757284,10967.165940848176,8.04112901414998
2023-11-14 00:00:00+00:00,26883.696300166506,10967.165940848176,8.04112901414998
2023-11-15 00:00:00+00:00,27519.66919389563,10967.165940848176,8.04112901414998
2023-11-16 00:00:00+00:00,26742.011606937183,10967.165940848176,8.04112901414998
2023-11-17 00:00:00+00:00,26734.37253437374,10967.165940848176,8.04112901414998
2023-11-18 00:00:00+00:00,26748.685744018927,10967.165940848176,8.04112901414998
2023-11-19 00:00:00+00:00,27141.655718940438,10967.165940848176,8.04112901414998
2023-11-20 00:00:00+00:00,27221.504130050947,10967.165940848176,8.04112901414998
2023-11-21 00:00:00+00:00,26510.74873649023,10967.165940848176,8.04112901414998
2023-11-22 00:00:00+00:00,27557.703734132556,10967.165940848176,8.04112901414998
2023-11-23 00:00:00+00:00,27549.582193828264,10967.165940848176,8.04112901414998
2023-11-24 00:00:00+00:00,27699.46883865202,10967.165940848176,8.04112901414998
2023-11-25 00:00:00+00:00,27717.56137893386,10967.165940848176,8.04112901414998
2023-11-26 00:00:00+00:00,27550.627540600104,10967.165940848176,8.04112901414998
2023-11-27 00:00:00+00:00,27270.55501703726,10967.165940848176,8.04112901414998
2023-11-28 00:00:00+00:00,27436.523919889314,10967.165940848176,8.04112901414998
2023-11-29 00:00:00+00:00,27281.088896045796,10967.165940848176,8.04112901414998
2023-11-30 00:00:00+00:00,27467.24103272337,10967.165940848176,8.04112901414998
2023-12-01 00:00:00+00:00,27975.52239004693,-3409.392185951021,15.036562434601652
2023-12-02 00:00:00+00:00,29140.1087146878,-3410.1394499917774,15.036562434601652
2023-12-03 00:00:00+00:00,29688.99293662991,-14524.48669390962,20.161645103873564
2023-12-04 00:00:00+00:00,30702.359633628825,-14527.67014304801,20.161645103873564
2023-12-05 00:00:00+00:00,31706.451276137683,-14530.854289928679,20.161645103873564
2023-12-06 00:00:00+00:00,30480.865888713954,-14534.039134704553,20.161645103873564
2023-12-07 00:00:00+00:00,32958.167543019474,-14537.224677528598,20.161645103873564
2023-12-08 00:00:00+00:00,33015.26462085484,-14540.410918553811,20.161645103873564
2023-12-09 00:00:00+00:00,32644.530891231814,-14543.59785793322,20.161645103873564
2023-12-10 00:00:00+00:00,32881.26683008124,-14546.785495819891,20.161645103873564
2023-12-11 00:00:00+00:00,30312.10592116422,-14549.97383236692,20.161645103873564
2023-12-12 00:00:00+00:00,30095.158102130663,12111.948612865863,8.161350552887185
2023-12-13 00:00:00+00:00,30557.90667847936,12111.948612865863,8.161350552887185
2023-12-14 00:00:00+00:00,31008.086774976626,12111.948612865863,8.161350552887185
2023-12-15 00:00:00+00:00,30234.22751555186,12111.948612865863,8.161350552887185
2023-12-16 00:00:00+00:00,30303.272541229286,12111.948612865863,8.161350552887185
2023-12-17 00:00:00+00:00,30038.51832929362,12111.948612865863,8.161350552887185
2023-12-18 00:00:00+00:00,30225.494870460265,12111.948612865863,8.161350552887185
2023-12-19 00:00:00+00:00,29886.63559550439,12111.948612865863,8.161350552887185
2023-12-20 00:00:00+00:00,30084.629959917438,12111.948612865863,8.161350552887185
2023-12-21 00:00:00+00:00,30390.190924617535,12111.948612865863,8.161350552887185
2023-12-22 00:00:00+00:00,31083.33442707424,12111.948612865863,8.161350552887185
2023-12-23 00:00:00+00:00,30949.977959040065,12111.948612865863,8.161350552887185
2023-12-24 00:00:00+00:00,30589.6543321301,12111.948612865863,8.161350552887185
2023-12-25 00:00:00+00:00,30649.23219116617,12111.948612865863,8.161350552887185
2023-12-26 00:00:00+00:00,30318.942334290827,12111.948612865863,8.161350552887185
2023-12-27 00:00:00+00:00,31522.4967003251,12111.948612865863,8.161350552887185
2023-12-28 00:00:00+00:00,31243.378511416362,12111.948612865863,8.161350552887185
2023-12-29 00:00:00+00:00,30876.525804064077,12111.948612865863,8.161350552887185
2023-12-30 00:00:00+00:00,30815.152447906366,12111.948612865863,8.161350552887185
2023-12-31 00:00:00+00:00,30735.089598982544,12111.948612865863,8.161350552887185
2024-01-01 00:00:00+00:00,31307.771567278636,12111.948612865863,8.161350552887185
2024-01-02 00:00:00+00:00,31334.704024103165,12111.948612865863,8.161350552887185
2024-01-03 00:00:00+00:00,30146.248156591733,12111.948612865863,8.161350552887185
2024-01-04 00:00:00+00:00,30614.628064821933,12111.948612865863,8.161350552887185
2024-01-05 00:00:00+00:00,30628.25752024525,12111.948612865863,8.161350552887185
2024-01-06 00:00:00+00:00,30399.73970476441,12111.948612865863,8.161350552887185
2024-01-07 00:00:00+00:00,30241.73595806051,12111.948612865863,8.161350552887185
2024-01-08 00:00:00+00:00,31131.486395336273,12111.948612865863,8.161350552887185
2024-01-09 00:00:00+00:00,31244.52110049376,12111.948612865863,8.161350552887185
2024-01-10 00:00:00+00:00,33203.97975473645,12111.948612865863,8.161350552887185
2024-01-11 00:00:00+00:00,33478.44597383004,12111.948612865863,8.161350552887185
2024-01-12 00:00:00+00:00,32699.281836545902,12111.948612865863,8.161350552887185
2024-01-13 00:00:00+00:00,33153.46099481408,12111.948612865863,8.161350552887185
2024-01-14 00:00:00+00:00,32293.907554583995,12111.948612865863,8.161350552887185
2024-01-15 00:00:00+00:00,32611.46570459684,12111.948612865863,8.161350552887185
2024-01-16 00:00:00+00:00,33228.62703340617,12111.948612865863,8.161350552887185
2024-01-17 00:00:00+00:00,32761.71616827549,12111.948612865863,8.161350552887185
2024-01-18 00:00:00+00:00,32277.09517244505,12111.948612865863,8.161350552887185
2024-01-19 00:00:00+00:00,32450.03419066073,12111.948612865863,8.161350552887185
2024-01-20 00:00:00+00:00,32286.88879310852,12111.948612865863,8.161350552887185
2024-01-21 00:00:00+00:00,32164.794988837326,12111.948612865863,8.161350552887185
2024-01-22 00:00:00+00:00,30998.946062357383,12111.948612865863,8.161350552887185
2024-01-23 00:00:00+00:00,30414.59336277066,12111.948612865863,8.161350552887185
2024-01-24 00:00:00+00:00,30367.564324560404,19990.515540779023,4.642933299827913
2024-01-25 00:00:00+00:00,30291.513077109223,19990.515540779023,4.642933299827913
2024-01-26 00:00:00+00:00,30519.202526132784,19990.515540779023,4.642933299827913
2024-01-27 00:00:00+00:00,30520.40968879074,19990.515540779023,4.642933299827913
2024-01-28 00:00:00+00:00,30469.15170516064,19990.515540779023,4.642933299827913
2024-01-29 00:00:00+00:00,30750.977756460194,19990.515540779023,4.642933299827913
2024-01-30 00:00:00+00:00,30868.954691608822,19990.515540779023,4.642933299827913
2024-01-31 00:00:00+00:00,30590.982274948125,19990.515540779023,4.642933299827913
2024-02-01 00:00:00+00:00,30689.133884906485,19990.515540779023,4.642933299827913
2024-02-02 00:00:00+00:00,30711.32710607966,19990.515540779023,4.642933299827913
2024-02-03 00:00:00+00:00,30652.965434500824,19990.515540779023,4.642933299827913
2024-02-04 00:00:00+00:00,30621.857781391976,19990.515540779023,4.642933299827913
2024-02-05 00:00:00+00:00,30677.758698321908,19990.515540779023,4.642933299827913
2024-02-06 00:00:00+00:00,31006.524805282723,19990.515540779023,4.642933299827913
2024-02-07 00:00:00+00:00,31250.093086191693,19990.515540779023,4.642933299827913
2024-02-08 00:00:00+00:00,31165.718397305347,4481.181676225364,11.028718861391575
2024-02-09 00:00:00+00:00,31904.752848207194,4481.181676225364,11.028718861391575
2024-02-10 00:00:00+00:00,32055.62572223103,4481.181676225364,11.028718861391575
2024-02-11 00:00:00+00:00,32132.495892694933,4481.181676225364,11.028718861391575
2024-02-12 00:00:00+00:00,33817.463560338336,4481.181676225364,11.028718861391575
2024-02-13 00:00:00+00:00,33400.9661209742,-16868.423735941862,19.04150767878517
2024-02-14 00:00:00+00:00,35964.44499746397,-16872.120924705905,19.04150767878517
2024-02-15 00:00:00+00:00,36870.55023524954,-16875.81892381269,19.04150767878517
2024-02-16 00:00:00+00:00,36470.97848098047,-16879.51773343983,19.04150767878517
2024-02-17 00:00:00+00:00,36165.090133793,-16883.217353764965,19.04150767878517
2024-02-18 00:00:00+00:00,37975.47413915004,-16886.91778496579,19.04150767878517
2024-02-19 00:00:00+00:00,39182.812785266535,-16890.61902722003,19.04150767878517
2024-02-20 00:00:00+00:00,40512.20668437287,-16894.321080705446,19.04150767878517
2024-02-21 00:00:00+00:00,39615.26669426666,-16898.023945599845,19.04150767878517
2024-02-22 00:00:00+00:00,39678.20829466118,-16901.72762208107,19.04150767878517
2024-02-23 00:00:00+00:00,38738.42328892616,-16905.432110327005,19.04150767878517
2024-02-24 00:00:00+00:00,39248.835004925866,15481.604479946294,7.941947365512352
2024-02-25 00:00:00+00:00,40201.630430366386,15481.604479946294,7.941947365512352
2024-02-26 00:00:00+00:00,40704.752795971595,15481.604479946294,7.941947365512352
2024-02-27 00:00:00+00:00,41232.256939988925,15481.604479946294,7.941947365512352
2024-02-28 00:00:00+00:00,43854.46394743542,-20581.97302955172,19.04656586473564
2024-02-29 00:00:00+00:00,43030.76003221681,-20586.484146928058,19.04656586473564
2024-03-01 00:00:00+00:00,44804.05438391683,-20590.996253042453,19.04656586473564
2024-03-02 00:00:00+00:00,44570.41110149491,-20595.509348111613,19.04656586473564
2024-03-03 00:00:00+00:00,45830.779456331315,-20600.023432352296,19.04656586473564
2024-03-04 00:00:00+00:00,46873.942340133595,18314.961180563347,7.872345789018635
2024-03-05 00:00:00+00:00,45372.2571425868,-23399.220927221693,19.3523498571352
2024-03-06 00:00:00+00:00,50494.3401173686,-23404.349523589302,19.3523498571352
2024-03-07 00:00:00+00:00,50604.75226920091,35280.43153846692,3.9610419697096724
2024-03-08 00:00:00+00:00,50662.583481958674,35280.43153846692,3.9610419697096724
2024-03-09 00:00:00+00:00,50749.13224899683,35280.43153846692,3.9610419697096724
2024-03-10 00:00:00+00:00,50518.58402088916,20322.840047081016,7.785478287522695
2024-03-11 00:00:00+00:00,51969.25219020327,20322.840047081016,7.785478287522695
2024-03-12 00:00:00+00:00,51308.73221228984,20322.840047081016,7.785478287522695
2024-03-13 00:00:00+00:00,51502.04563816903,20322.840047081016,7.785478287522695
2024-03-14 00:00:00+00:00,50543.73111575786,20322.840047081016,7.785478287522695
2024-03-15 00:00:00+00:00,49457.579039865566,20322.840047081016,7.785478287522695
2024-03-16 00:00:00+00:00,48568.69894751588,34621.04837282249,3.9589254247530943
2024-03-17 00:00:00+00:00,49050.18345767434,34621.04837282249,3.9589254247530943
2024-03-18 00:00:00+00:00,48558.28697364877,34621.04837282249,3.9589254247530943
2024-03-19 00:00:00+00:00,47125.86857646461,34621.04837282249,3.9589254247530943
2024-03-20 00:00:00+00:00,48542.72839672949,34621.04837282249,3.9589254247530943
2024-03-21 00:00:00+00:00,48448.98104267134,34621.04837282249,3.9589254247530943
2024-03-22 00:00:00+00:00,47829.40921369748,34621.04837282249,3.9589254247530943
2024-03-23 00:00:00+00:00,47802.40934230066,34621.04837282249,3.9589254247530943
2024-03-24 00:00:00+00:00,48299.05653683594,34621.04837282249,3.9589254247530943
2024-03-25 00:00:00+00:00,48835.2533963645,34621.04837282249,3.9589254247530943
2024-03-26 00:00:00+00:00,48823.02031680201,34621.04837282249,3.9589254247530943
2024-03-27 00:00:00+00:00,48481.99848071378,34621.04837282249,3.9589254247530943
2024-03-28 00:00:00+00:00,48716.76275840164,34621.04837282249,3.9589254247530943
2024-03-29 00:00:00+00:00,48515.847293095416,34621.04837282249,3.9589254247530943
2024-03-30 00:00:00+00:00,48499.61569885393,34621.04837282249,3.9589254247530943
2024-03-31 00:00:00+00:00,49052.4796344207,34621.04837282249,3.9589254247530943
2024-04-01 00:00:00+00:00,48492.331276072386,34621.04837282249,3.9589254247530943
2024-04-02 00:00:00+00:00,47602.2064835709,34621.04837282249,3.9589254247530943
2024-04-03 00:00:00+00:00,47728.37743685778,34621.04837282249,3.9589254247530943
2024-04-04 00:00:00+00:00,47793.97683114594,34621.04837282249,3.9589254247530943
2024-04-05 00:00:00+00:00,47756.169093339544,34621.04837282249,3.9589254247530943
2024-04-06 00:00:00+00:00,47889.74323717072,34621.04837282249,3.9589254247530943
2024-04-07 00:00:00+00:00,48295.968575004634,34621.04837282249,3.9589254247530943
2024-04-08 00:00:00+00:00,49247.73383636952,34621.04837282249,3.9589254247530943
2024-04-09 00:00:00+00:00,48502.584892922496,34621.04837282249,3.9589254247530943
2024-04-10 00:00:00+00:00,48657.97271584405,34621.04837282249,3.9589254247530943
2024-04-11 00:00:00+00:00,48487.2638515287,34621.04837282249,3.9589254247530943
2024-04-12 00:00:00+00:00,47437.7923106809,34621.04837282249,3.9589254247530943
2024-04-13 00:00:00+00:00,46525.576714309296,34621.04837282249,3.9589254247530943
2024-04-14 00:00:00+00:00,47111.893569715234,34621.04837282249,3.9589254247530943
2024-04-15 00:00:00+00:00,46901.595451152345,34621.04837282249,3.9589254247530943
2024-04-16 00:00:00+00:00,46831.24534635448,34621.04837282249,3.9589254247530943
2024-04-17 00:00:00+00:00,46440.06392513463,34621.04837282249,3.9589254247530943
2024-04-18 00:00:00+00:00,46752.77944443587,34621.04837282249,3.9589254247530943
2024-04-19 00:00:00+00:00,46721.34557656334,34621.04837282249,3.9589254247530943
2024-04-20 00:00:00+00:00,47114.58563900406,34621.04837282249,3.9589254247530943
2024-04-21 00:00:00+00:00,47082.439164555064,34621.04837282249,3.9589254247530943
2024-04-22 00:00:00+00:00,47290.401517117345,34621.04837282249,3.9589254247530943
2024-04-23 00:00:00+00:00,47366.65042079809,34621.04837282249,3.9589254247530943
2024-04-24 00:00:00+00:00,47055.241346887015,34621.04837282249,3.9589254247530943
2024-04-25 00:00:00+00:00,47114.62522825831,34621.04837282249,3.9589254247530943
2024-04-26 00:00:00+00:00,47017.63155535186,34621.04837282249,3.9589254247530943
2024-04-27 00:00:00+00:00,47509.567628631674,34621.04837282249,3.9589254247530943
2024-04-28 00:00:00+00:00,47540.80355023298,34621.04837282249,3.9589254247530943
2024-04-29 00:00:00+00:00,47355.84255438852,34621.04837282249,3.9589254247530943
2024-04-30 00:00:00+00:00,46553.447549299555,34621.04837282249,3.9589254247530943
2024-05-01 00:00:00+00:00,46388.79584088408,34621.04837282249,3.9589254247530943
2024-05-02 00:00:00+00:00,46443.151886965934,34621.04837282249,3.9589254247530943
2024-05-03 00:00:00+00:00,46904.04998491569,34621.04837282249,3.9589254247530943
2024-05-04 00:00:00+00:00,46961.929474625584,34621.04837282249,3.9589254247530943
2024-05-05 00:00:00+00:00,47037.86166427234,34621.04837282249,3.9589254247530943
2024-05-06 00:00:00+00:00,46745.65337867132,34621.04837282249,3.9589254247530943
2024-05-07 00:00:00+00:00,46520.350932748624,34621.04837282249,3.9589254247530943
2024-05-08 00:00:00+00:00,46395.72396037739,34621.04837282249,3.9589254247530943
2024-05-09 00:00:00+00:00,46641.25651522058,34621.04837282249,3.9589254247530943
2024-05-10 00:00:00+00:00,46141.48176959975,34621.04837282249,3.9589254247530943
2024-05-11 00:00:00+00:00,46151.220726144646,34621.04837282249,3.9589254247530943
2024-05-12 00:00:00+00:00,46217.88903029748,34621.04837282249,3.9589254247530943
2024-05-13 00:00:00+00:00,46303.797712014624,34621.04837282249,3.9589254247530943
2024-05-14 00:00:00+00:00,46030.39432218118,34621.04837282249,3.9589254247530943
2024-05-15 00:00:00+00:00,46626.68766965749,34621.04837282249,3.9589254247530943
2024-05-16 00:00:00+00:00,46278.89607109293,34621.04837282249,3.9589254247530943
2024-05-17 00:00:00+00:00,46862.08537541331,34621.04837282249,3.9589254247530943
2024-05-18 00:00:00+00:00,46984.53493880092,34621.04837282249,3.9589254247530943
2024-05-19 00:00:00+00:00,46779.66054806995,34621.04837282249,3.9589254247530943
2024-05-20 00:00:00+00:00,49117.76231467488,34621.04837282249,3.9589254247530943
2024-05-21 00:00:00+00:00,51591.55702983149,-24542.533828423322,20.090270967451662
2024-05-22 00:00:00+00:00,50544.09548925314,-24547.913013919962,20.090270967451662
2024-05-23 00:00:00+00:00,51460.456756743624,-24553.293378416165,20.090270967451662
2024-05-24 00:00:00+00:00,50343.48052036035,-24558.67492217034,20.090270967451662
2024-05-25 00:00:00+00:00,50759.591681986865,-24564.057645440953,20.090270967451662
2024-05-26 00:00:00+00:00,52305.37760033822,-24569.441548486528,20.090270967451662
2024-05-27 00:00:00+00:00,53661.10837530396,-24574.826631565647,20.090270967451662
2024-05-28 00:00:00+00:00,52660.650990914786,-24580.21289493695,20.090270967451662
2024-05-29 00:00:00+00:00,51103.08921204728,-24585.600338859127,20.090270967451662
2024-05-30 00:00:00+00:00,50705.538498030815,-24590.98896359093,20.090270967451662
2024-05-31 00:00:00+00:00,50989.04678874255,-24596.37876939117,20.090270967451662
2024-06-01 00:00:00+00:00,51356.122527510364,20373.883397149573,8.119418402954224
2024-06-02 00:00:00+00:00,51072.673631063226,20373.883397149573,8.119418402954224
2024-06-03 00:00:00+00:00,50960.21968618232,20373.883397149573,8.119418402954224
2024-06-04 00:00:00+00:00,51310.73497863785,20373.883397149573,8.119418402954224
2024-06-05 00:00:00+00:00,51763.47374878657,20373.883397149573,8.119418402954224
2024-06-06 00:00:00+00:00,51336.96070007939,20373.883397149573,8.119418402954224
2024-06-07 00:00:00+00:00,48537.53326517233,-25627.692006911373,20.162798579809177
2024-06-08 00:00:00+00:00,48597.44533217163,-25633.30903529645,20.162798579809177
2024-06-09 00:00:00+00:00,48934.89722739306,-6023.600854603072,14.827999698358552
2024-06-10 00:00:00+00:00,48361.95759773814,-6024.921095886272,14.827999698358552
2024-06-11 00:00:00+00:00,44962.10186613619,-24104.680540769637,19.748431634105398
2024-06-12 00:00:00+00:00,45978.604325071836,-12779.549874154027,16.50454316124902
2024-06-13 00:00:00+00:00,44478.51117225063,-12782.350871386718,16.50454316124902
2024-06-14 00:00:00+00:00,44680.36589630024,-12785.15248253661,16.50454316124902
2024-06-15 00:00:00+00:00,46112.468653537566,-12787.954707738263,16.50454316124902
2024-06-16 00:00:00+00:00,47028.473731936305,-12790.75754712626,16.50454316124902
2024-06-17 00:00:00+00:00,45161.482128164265,-12793.56100083522,16.50454316124902
2024-06-18 00:00:00+00:00,44695.89066975828,-12796.365068999787,16.50454316124902
2024-06-19 00:00:00+00:00,45965.421219304124,-12799.169751754636,16.50454316124902
2024-06-20 00:00:00+00:00,45489.739202869874,13143.180411247673,9.20746433090684
2024-06-21 00:00:00+00:00,45539.64365954339,13143.180411247673,9.20746433090684
2024-06-22 00:00:00+00:00,45330.173846015256,13143.180411247673,9.20746433090684
2024-06-23 00:00:00+00:00,44266.73770770781,-3190.2945983523887,13.872633979280426
2024-06-24 00:00:00+00:00,43320.20228034878,-3190.9938410040822,13.872633979280426
2024-06-25 00:00:00+00:00,43459.35359825827,28442.37698731005,4.4233798866385925
2024-06-26 00:00:00+00:00,43168.94602366971,6231.004550381898,10.956131941629634
2024-06-27 00:00:00+00:00,44034.48044705845,6231.004550381898,10.956131941629634
2024-06-28 00:00:00+00:00,43264.37393288131,6231.004550381898,10.956131941629634
2024-06-29 00:00:00+00:00,43249.583154760105,6231.004550381898,10.956131941629634
2024-06-30 00:00:00+00:00,43899.93914681524,6231.004550381898,10.956131941629634
2024-07-01 00:00:00+00:00,43944.20191985942,6231.004550381898,10.956131941629634
2024-07-02 00:00:00+00:00,43715.76656887645,6231.004550381898,10.956131941629634
2024-07-03 00:00:00+00:00,42336.718241383525,6231.004550381898,10.956131941629634
2024-07-04 00:00:00+00:00,40854.9364136455,21931.415427802887,6.18476353428199
2024-07-05 00:00:00+00:00,40373.01963905424,21931.415427802887,6.18476353428199
2024-07-06 00:00:00+00:00,40345.41898760125,40345.41898760125,0.0
2024-07-07 00:00:00+00:00,40345.41898760125,40345.41898760125,0.0
2024-07-08 00:00:00+00:00,40345.41898760125,40345.41898760125,0.0
2024-07-09 00:00:00+00:00,40345.41898760125,40345.41898760125,0.0
2024-07-10 00:00:00+00:00,40345.41898760125,40345.41898760125,0.0
2024-07-11 00:00:00+00:00,40345.41898760125,40345.41898760125,0.0
2024-07-12 00:00:00+00:00,40345.41898760125,40345.41898760125,0.0
2024-07-13 00:00:00+00:00,40345.41898760125,40345.41898760125,0.0
2024-07-14 00:00:00+00:00,40345.41898760125,40345.41898760125,0.0
2024-07-15 00:00:00+00:00,40593.68146344716,36887.240217235434,1.0640328089050393
2024-07-16 00:00:00+00:00,40378.13501636504,23201.833242741952,4.987123532974391
2024-07-17 00:00:00+00:00,40093.47000510286,23201.833242741952,4.987123532974391
2024-07-18 00:00:00+00:00,40290.21202847871,23201.833242741952,4.987123532974391
2024-07-19 00:00:00+00:00,40674.370154223725,23201.833242741952,4.987123532974391
2024-07-20 00:00:00+00:00,40744.04026997938,23201.833242741952,4.987123532974391
2024-07-21 00:00:00+00:00,40835.90308545676,23201.833242741952,4.987123532974391
2024-07-22 00:00:00+00:00,40355.54334676066,23201.833242741952,4.987123532974391
2024-07-23 00:00:00+00:00,40823.45612069821,25.73063996287965,11.715034696450356
2024-07-24 00:00:00+00:00,39104.86053072894,25.73063996287965,11.715034696450356
2024-07-25 00:00:00+00:00,37226.58901784706,25.73063996287965,11.715034696450356
2024-07-26 00:00:00+00:00,37274.92051584603,33989.388493934326,1.003335365711246
2024-07-27 00:00:00+00:00,37249.23513048382,33989.388493934326,1.003335365711246
2024-07-28 00:00:00+00:00,37270.45567346861,33989.388493934326,1.003335365711246
2024-07-29 00:00:00+00:00,37318.114103339896,33989.388493934326,1.003335365711246
2024-07-30 00:00:00+00:00,37279.5358585283,33989.388493934326,1.003335365711246
2024-07-31 00:00:00+00:00,37232.9108640837,33989.388493934326,1.003335365711246
2024-08-01 00:00:00+00:00,37203.47300445373,33989.388493934326,1.003335365711246
2024-08-02 00:00:00+00:00,36988.96993661833,33989.388493934326,1.003335365711246
2024-08-03 00:00:00+00:00,36984.4705644543,36984.4705644543,0.0
2024-08-04 00:00:00+00:00,36984.4705644543,36984.4705644543,0.0
2024-08-05 00:00:00+00:00,36984.4705644543,36984.4705644543,0.0
2024-08-06 00:00:00+00:00,36984.4705644543,36984.4705644543,0.0
2024-08-07 00:00:00+00:00,36984.4705644543,36984.4705644543,0.0
2024-08-08 00:00:00+00:00,36984.4705644543,36984.4705644543,0.0
2024-08-09 00:00:00+00:00,36984.4705644543,36984.4705644543,0.0
2024-08-10 00:00:00+00:00,36984.4705644543,36984.4705644543,0.0
2024-08-11 00:00:00+00:00,36984.4705644543,36984.4705644543,0.0
2024-08-12 00:00:00+00:00,36984.4705644543,36984.4705644543,0.0
2024-08-13 00:00:00+00:00,36984.4705644543,36984.4705644543,0.0
2024-08-14 00:00:00+00:00,36984.4705644543,36984.4705644543,0.0
2024-08-15 00:00:00+00:00,36984.4705644543,36984.4705644543,0.0
2024-08-16 00:00:00+00:00,36984.4705644543,36984.4705644543,0.0
2024-08-17 00:00:00+00:00,36984.4705644543,36984.4705644543,0.0
2024-08-18 00:00:00+00:00,36984.4705644543,36984.4705644543,0.0
2024-08-19 00:00:00+00:00,36984.4705644543,36984.4705644543,0.0
2024-08-20 00:00:00+00:00,36984.4705644543,36984.4705644543,0.0
2024-08-21 00:00:00+00:00,36984.4705644543,36984.4705644543,0.0
2024-08-22 00:00:00+00:00,36984.4705644543,36984.4705644543,0.0
2024-08-23 00:00:00+00:00,36984.4705644543,36984.4705644543,0.0
2024-08-24 00:00:00+00:00,36985.25331953578,35399.42182597769,0.5729160020079826
2024-08-25 00:00:00+00:00,36972.723646571874,35399.42182597769,0.5729160020079826
2024-08-26 00:00:00+00:00,36935.11744020007,35399.42182597769,0.5729160020079826
2024-08-27 00:00:00+00:00,36807.265505191965,35399.42182597769,0.5729160020079826
2024-08-28 00:00:00+00:00,36805.153739673144,36805.153739673144,0.0
2024-08-29 00:00:00+00:00,36805.153739673144,36805.153739673144,0.0
2024-08-30 00:00:00+00:00,36805.153739673144,36805.153739673144,0.0
2024-08-31 00:00:00+00:00,36805.153739673144,36805.153739673144,0.0
2024-09-01 00:00:00+00:00,36805.153739673144,36805.153739673144,0.0
2024-09-02 00:00:00+00:00,36805.153739673144,36805.153739673144,0.0
2024-09-03 00:00:00+00:00,36805.153739673144,36805.153739673144,0.0
2024-09-04 00:00:00+00:00,36805.153739673144,36805.153739673144,0.0
2024-09-05 00:00:00+00:00,36805.153739673144,36805.153739673144,0.0
2024-09-06 00:00:00+00:00,36805.153739673144,36805.153739673144,0.0
2024-09-07 00:00:00+00:00,36805.153739673144,36805.153739673144,0.0
2024-09-08 00:00:00+00:00,36805.153739673144,36805.153739673144,0.0
2024-09-09 00:00:00+00:00,36805.153739673144,36805.153739673144,0.0
2024-09-10 00:00:00+00:00,36805.153739673144,36805.153739673144,0.0
2024-09-11 00:00:00+00:00,36805.153739673144,36805.153739673144,0.0
2024-09-12 00:00:00+00:00,36805.153739673144,36805.153739673144,0.0
2024-09-13 00:00:00+00:00,36805.153739673144,36805.153739673144,0.0
2024-09-14 00:00:00+00:00,36805.153739673144,36805.153739673144,0.0
2024-09-15 00:00:00+00:00,36805.153739673144,36805.153739673144,0.0
2024-09-16 00:00:00+00:00,36805.153739673144,36805.153739673144,0.0
2024-09-17 00:00:00+00:00,36805.153739673144,36805.153739673144,0.0
2024-09-18 00:00:00+00:00,36805.153739673144,36805.153739673144,0.0
2024-09-19 00:00:00+00:00,36805.153739673144,36805.153739673144,0.0
2024-09-20 00:00:00+00:00,36864.24619229463,35227.790007972864,0.6388913033191874
2024-09-21 00:00:00+00:00,36896.82964876391,35227.790007972864,0.6388913033191874
2024-09-22 00:00:00+00:00,36876.76846183969,35227.790007972864,0.6388913033191874
2024-09-23 00:00:00+00:00,36918.916121119655,35227.790007972864,0.6388913033191874
2024-09-24 00:00:00+00:00,36922.896413939336,35227.790007972864,0.6388913033191874
2024-09-25 00:00:00+00:00,36876.097625971204,35227.790007972864,0.6388913033191874
2024-09-26 00:00:00+00:00,36909.51803004783,35227.790007972864,0.6388913033191874
2024-09-27 00:00:00+00:00,36949.237902375186,35227.790007972864,0.6388913033191874
2024-09-28 00:00:00+00:00,36936.95841152539,35227.790007972864,0.6388913033191874
2024-09-29 00:00:00+00:00,36925.7203135,35227.790007972864,0.6388913033191874
2024-09-30 00:00:00+00:00,36890.332124209155,35227.790007972864,0.6388913033191874
2024-10-01 00:00:00+00:00,36791.66175132454,35227.790007972864,0.6388913033191874
2024-10-02 00:00:00+00:00,36738.192938149754,35227.790007972864,0.6388913033191874
2024-10-03 00:00:00+00:00,36735.92095442483,36735.92095442483,0.0
2024-10-04 00:00:00+00:00,36735.92095442483,36735.92095442483,0.0
2024-10-05 00:00:00+00:00,36735.92095442483,36735.92095442483,0.0
2024-10-06 00:00:00+00:00,36735.92095442483,36735.92095442483,0.0
2024-10-07 00:00:00+00:00,36735.92095442483,36735.92095442483,0.0
2024-10-08 00:00:00+00:00,36735.92095442483,36735.92095442483,0.0
2024-10-09 00:00:00+00:00,36735.92095442483,36735.92095442483,0.0
2024-10-10 00:00:00+00:00,36735.92095442483,36735.92095442483,0.0
2024-10-11 00:00:00+00:00,36735.92095442483,36735.92095442483,0.0
2024-10-12 00:00:00+00:00,36735.92095442483,36735.92095442483,0.0
2024-10-13 00:00:00+00:00,36735.92095442483,36735.92095442483,0.0
2024-10-14 00:00:00+00:00,36735.92095442483,36735.92095442483,0.0
2024-10-15 00:00:00+00:00,36631.011640360244,26239.94353887488,3.985206814994712
2024-10-16 00:00:00+00:00,36645.71705350757,26239.94353887488,3.985206814994712
2024-10-17 00:00:00+00:00,36624.5954573881,26239.94353887488,3.985206814994712
2024-10-18 00:00:00+00:00,36769.53742924946,26239.94353887488,3.985206814994712
2024-10-19 00:00:00+00:00,36793.56822634387,26239.94353887488,3.985206814994712
2024-10-20 00:00:00+00:00,37186.947991052,26239.94353887488,3.985206814994712
2024-10-21 00:00:00+00:00,36867.29455242128,26239.94353887488,3.985206814994712
2024-10-22 00:00:00+00:00,36692.38382531116,26239.94353887488,3.985206814994712
2024-10-23 00:00:00+00:00,36301.036516078675,26239.94353887488,3.985206814994712
2024-10-24 00:00:00+00:00,36345.71068447477,26239.94353887488,3.985206814994712
2024-10-25 00:00:00+00:00,35966.318995687274,26239.94353887488,3.985206814994712
2024-10-26 00:00:00+00:00,36133.259309167406,26239.94353887488,3.985206814994712
2024-10-27 00:00:00+00:00,36234.04518951862,26239.94353887488,3.985206814994712
2024-10-28 00:00:00+00:00,36471.8823322375,26239.94353887488,3.985206814994712
2024-10-29 00:00:00+00:00,36756.10728228292,26239.94353887488,3.985206814994712
2024-10-30 00:00:00+00:00,36837.365649240666,26239.94353887488,3.985206814994712
2024-10-31 00:00:00+00:00,36277.12527518871,26239.94353887488,3.985206814994712
2024-11-01 00:00:00+00:00,36248.75060266595,26239.94353887488,3.985206814994712
2024-11-02 00:00:00+00:00,36179.96593303914,26239.94353887488,3.985206814994712
2024-11-03 00:00:00+00:00,36034.50588429183,26239.94353887488,3.985206814994712
2024-11-04 00:00:00+00:00,35797.30637466335,26239.94353887488,3.985206814994712
2024-11-05 00:00:00+00:00,35782.97033040966,35782.97033040966,0.0
2024-11-06 00:00:00+00:00,35782.97033040966,35782.97033040966,0.0
2024-11-07 00:00:00+00:00,36259.772011653906,28115.190973893306,2.8128701170312937
2024-11-08 00:00:00+00:00,36446.20904301074,28115.190973893306,2.8128701170312937
2024-11-09 00:00:00+00:00,36908.81366245771,28115.190973893306,2.8128701170312937
2024-11-10 00:00:00+00:00,37843.115321479185,-18445.244282408337,17.682892301760653
2024-11-11 00:00:00+00:00,41170.17578001748,-18449.287075675715,17.682892301760653
2024-11-12 00:00:00+00:00,38906.43529341644,-18453.330755034767,17.682892301760653
2024-11-13 00:00:00+00:00,37900.83170779978,-18457.375320679705,17.682892301760653
2024-11-14 00:00:00+00:00,35627.363857666736,-18461.420772804784,17.682892301760653
2024-11-15 00:00:00+00:00,36174.84692975914,-18465.467111604303,17.682892301760653
2024-11-16 00:00:00+00:00,36928.68846814429,-18469.514337272598,17.682892301760653
2024-11-17 00:00:00+00:00,35919.014270211715,-18473.562450004054,17.682892301760653
2024-11-18 00:00:00+00:00,38245.57047559472,-18477.611449993095,17.682892301760653
2024-11-19 00:00:00+00:00,36466.865516748934,-18481.66133743419,17.682892301760653
2024-11-20 00:00:00+00:00,35800.2367671143,-18485.712112521847,17.682892301760653
2024-11-21 00:00:00+00:00,37747.96601537967,14303.009693841603,6.986377751284511
2024-11-22 00:00:00+00:00,37552.137847011174,14303.009693841603,6.986377751284511
2024-11-23 00:00:00+00:00,38014.14700770362,14303.009693841603,6.986377751284511
2024-11-24 00:00:00+00:00,37785.622591459105,14303.009693841603,6.986377751284511
2024-11-25 00:00:00+00:00,38157.926661825055,14303.009693841603,6.986377751284511
2024-11-26 00:00:00+00:00,37530.829394869754,14303.009693841603,6.986377751284511
2024-11-27 00:00:00+00:00,39826.20380505428,14303.009693841603,6.986377751284511
2024-11-28 00:00:00+00:00,39305.788526361095,14303.009693841603,6.986377751284511
2024-11-29 00:00:00+00:00,39399.54571578334,14303.009693841603,6.986377751284511
2024-11-30 00:00:00+00:00,40177.75833349892,14303.009693841603,6.986377751284511
2024-12-01 00:00:00+00:00,40205.77370828157,14303.009693841603,6.986377751284511
2024-12-02 00:00:00+00:00,39757.318120426615,14303.009693841603,6.986377751284511
2024-12-03 00:00:00+00:00,39555.341939636986,14303.009693841603,6.986377751284511
2024-12-04 00:00:00+00:00,41115.3302277213,14303.009693841603,6.986377751284511
2024-12-05 00:00:00+00:00,40747.84675800373,14303.009693841603,6.986377751284511
2024-12-06 00:00:00+00:00,42240.6260921207,14303.009693841603,6.986377751284511
2024-12-07 00:00:00+00:00,42222.112191079796,14303.009693841603,6.986377751284511
2024-12-08 00:00:00+00:00,42277.51416664748,14303.009693841603,6.986377751284511
2024-12-09 00:00:00+00:00,40236.44390660971,14303.009693841603,6.986377751284511
2024-12-10 00:00:00+00:00,39651.334769939625,14303.009693841603,6.986377751284511
2024-12-11 00:00:00+00:00,41073.481824991104,14303.009693841603,6.986377751284511
2024-12-12 00:00:00+00:00,41421.40343700508,14303.009693841603,6.986377751284511
2024-12-13 00:00:00+00:00,41597.39029255993,14303.009693841603,6.986377751284511
2024-12-14 00:00:00+00:00,41342.317640860536,14303.009693841603,6.986377751284511
2024-12-15 00:00:00+00:00,41962.707985174595,14303.009693841603,6.986377751284511
2024-12-16 00:00:00+00:00,42152.38814112197,14303.009693841603,6.986377751284511
2024-12-17 00:00:00+00:00,41501.04814336972,14303.009693841603,6.986377751284511
2024-12-18 00:00:00+00:00,39641.20452220026,14303.009693841603,6.986377751284511
2024-12-19 00:00:00+00:00,38175.532333758296,14303.009693841603,6.986377751284511
2024-12-20 00:00:00+00:00,38561.180385629195,14303.009693841603,6.986377751284511
2024-12-21 00:00:00+00:00,37629.96609516048,14303.009693841603,6.986377751284511
2024-12-22 00:00:00+00:00,37231.11378933965,14303.009693841603,6.986377751284511
2024-12-23 00:00:00+00:00,37762.285179786406,24470.00583763638,3.883758313922748
2024-12-24 00:00:00+00:00,38036.67270466505,24470.00583763638,3.883758313922748
2024-12-25 00:00:00+00:00,38051.50866142423,24470.00583763638,3.883758313922748
2024-12-26 00:00:00+00:00,37422.53400248444,24470.00583763638,3.883758313922748
2024-12-27 00:00:00+00:00,37416.553014681005,24470.00583763638,3.883758313922748
2024-12-28 00:00:00+00:00,37690.31913822942,24470.00583763638,3.883758313922748
2024-12-29 00:00:00+00:00,37505.76294315181,24470.00583763638,3.883758313922748
2024-12-30 00:00:00+00:00,37526.57988771443,24470.00583763638,3.883758313922748
2024-12-31 00:00:00+00:00,37413.69196644388,37413.69196644388,0.0
