timestamp,equity,cash,position
2021-01-01 00:00:00+00:00,10000.0,10000.0,0.0
2021-01-02 00:00:00+00:00,10000.0,10000.0,0.0
2021-01-03 00:00:00+00:00,10000.0,10000.0,0.0
2021-01-04 00:00:00+00:00,10000.0,10000.0,0.0
2021-01-05 00:00:00+00:00,10000.0,10000.0,0.0
2021-01-06 00:00:00+00:00,10000.0,10000.0,0.0
2021-01-07 00:00:00+00:00,10000.0,10000.0,0.0
2021-01-08 00:00:00+00:00,10000.0,10000.0,0.0
2021-01-09 00:00:00+00:00,10000.0,10000.0,0.0
2021-01-10 00:00:00+00:00,10000.0,10000.0,0.0
2021-01-11 00:00:00+00:00,10000.0,10000.0,0.0
2021-01-12 00:00:00+00:00,10000.0,10000.0,0.0
2021-01-13 00:00:00+00:00,10000.0,10000.0,0.0
2021-01-14 00:00:00+00:00,10000.0,10000.0,0.0
2021-01-15 00:00:00+00:00,10000.0,10000.0,0.0
2021-01-16 00:00:00+00:00,10000.0,10000.0,0.0
2021-01-17 00:00:00+00:00,10000.0,10000.0,0.0
2021-01-18 00:00:00+00:00,10000.0,10000.0,0.0
2021-01-19 00:00:00+00:00,10000.0,10000.0,0.0
2021-01-20 00:00:00+00:00,10000.0,10000.0,0.0
2021-01-21 00:00:00+00:00,10000.0,10000.0,0.0
2021-01-22 00:00:00+00:00,10000.0,10000.0,0.0
2021-01-23 00:00:00+00:00,10000.0,10000.0,0.0
2021-01-24 00:00:00+00:00,10000.0,10000.0,0.0
2021-01-25 00:00:00+00:00,10000.0,10000.0,0.0
2021-01-26 00:00:00+00:00,10000.0,10000.0,0.0
2021-01-27 00:00:00+00:00,10000.0,10000.0,0.0
2021-01-28 00:00:00+00:00,10000.0,10000.0,0.0
2021-01-29 00:00:00+00:00,10000.0,10000.0,0.0
2021-01-30 00:00:00+00:00,10000.0,10000.0,0.0
2021-01-31 00:00:00+00:00,10000.0,10000.0,0.0
2021-02-01 00:00:00+00:00,10000.0,10000.0,0.0
2021-02-02 00:00:00+00:00,10000.0,10000.0,0.0
2021-02-03 00:00:00+00:00,10000.0,10000.0,0.0
2021-02-04 00:00:00+00:00,9852.688018306588,2500.0,0.19906207053660477
2021-02-05 00:00:00+00:00,10209.481450776422,11.02902904153052,0.2663460041445259
2021-02-06 00:00:00+00:00,10448.31391269282,11.02902904153052,0.2663460041445259
2021-02-07 00:00:00+00:00,10344.106038571274,11.02902904153052,0.2663460041445259
2021-02-08 00:00:00+00:00,12362.790346263382,11.02902904153052,0.2663460041445259
2021-02-09 00:00:00+00:00,12370.38099741724,-6164.216968616297,0.3992768261474915
2021-02-10 00:00:00+00:00,11725.060299880122,-6165.5680298696925,0.3992768261474915
2021-02-11 00:00:00+00:00,12986.194317404255,-6166.919387246102,0.3992768261474915
2021-02-12 00:00:00+00:00,12792.478094881797,10.17005449332919,0.27030993411356186
2021-02-13 00:00:00+00:00,12725.830953220522,-6379.885217218225,0.40517966187670035
2021-02-14 00:00:00+00:00,13301.448978692617,-6381.283548224738,0.40517966187670035
2021-02-15 00:00:00+00:00,13029.921112426018,-6382.68218571476,0.40517966187670035
2021-02-16 00:00:00+00:00,13352.25069074778,9.912311565299206,0.271553053554808
2021-02-17 00:00:00+00:00,14163.178712456363,9.912311565299206,0.271553053554808
2021-02-18 00:00:00+00:00,14009.178260254896,9.912311565299206,0.271553053554808
2021-02-19 00:00:00+00:00,15191.357323600398,9.912311565299206,0.271553053554808
2021-02-20 00:00:00+00:00,15151.963614480643,-7574.566309404178,0.40698505751551534
2021-02-21 00:00:00+00:00,15788.203675012179,-7576.226488321308,0.40698505751551534
2021-02-22 00:00:00+00:00,14434.986454716942,-7577.88703111327,0.40698505751551534
2021-02-23 00:00:00+00:00,13038.77049194472,10.220788986584012,0.2664815549479073
2021-02-24 00:00:00+00:00,13248.011808889816,10.220788986584012,0.2664815549479073
2021-02-25 00:00:00+00:00,12554.501556584539,10.220788986584012,0.2664815549479073
2021-02-26 00:00:00+00:00,12342.15306470875,10.220788986584012,0.2664815549479073
2021-02-27 00:00:00+00:00,12296.733948483427,10.220788986584012,0.2664815549479073
2021-02-28 00:00:00+00:00,12038.041649386647,10.220788986584012,0.2664815549479073
2021-03-01 00:00:00+00:00,13224.249648635112,10.220788986584012,0.2664815549479073
2021-03-02 00:00:00+00:00,12918.760523673931,10.220788986584012,0.2664815549479073
2021-03-03 00:00:00+00:00,13427.399197234101,10.220788986584012,0.2664815549479073
2021-03-04 00:00:00+00:00,12901.023511376598,10.220788986584012,0.2664815549479073
2021-03-05 00:00:00+00:00,12943.340015331993,6266.749840066093,0.1369508920869832
2021-03-06 00:00:00+00:00,12966.832861530787,1858.9665866682399,0.22723744583636885
2021-03-07 00:00:00+00:00,13441.656866478173,1858.9665866682399,0.22723744583636885
2021-03-08 00:00:00+00:00,13760.56644271385,1858.9665866682399,0.22723744583636885
2021-03-09 00:00:00+00:00,14330.780182674425,1858.9665866682399,0.22723744583636885
2021-03-10 00:00:00+00:00,14550.539244168318,1858.9665866682399,0.22723744583636885
2021-03-11 00:00:00+00:00,14987.19190296411,1858.9665866682399,0.22723744583636885
2021-03-12 00:00:00+00:00,14861.884085832105,1858.9665866682399,0.22723744583636885
2021-03-13 00:00:00+00:00,15763.260045107854,1858.9665866682399,0.22723744583636885
2021-03-14 00:00:00+00:00,15258.774736355448,1858.9665866682399,0.22723744583636885
2021-03-15 00:00:00+00:00,14494.550209888697,1858.9665866682399,0.22723744583636885
2021-03-16 00:00:00+00:00,14788.947682842005,1858.9665866682399,0.22723744583636885
2021-03-17 00:00:00+00:00,15246.199416102863,1858.9665866682399,0.22723744583636885
2021-03-18 00:00:00+00:00,14958.787222234565,1858.9665866682399,0.22723744583636885
2021-03-19 00:00:00+00:00,15045.557840927184,1858.9665866682399,0.22723744583636885
2021-03-20 00:00:00+00:00,15061.980291137777,1858.9665866682399,0.22723744583636885
2021-03-21 00:00:00+00:00,14891.388595799497,1858.9665866682399,0.22723744583636885
2021-03-22 00:00:00+00:00,14148.706179198034,1858.9665866682399,0.22723744583636885
2021-03-23 00:00:00+00:00,14207.251634743316,1858.9665866682399,0.22723744583636885
2021-03-24 00:00:00+00:00,13744.314420587634,1858.9665866682399,0.22723744583636885
2021-03-25 00:00:00+00:00,13514.83414116086,1858.9665866682399,0.22723744583636885
2021-03-26 00:00:00+00:00,14362.841113907478,1858.9665866682399,0.22723744583636885
2021-03-27 00:00:00+00:00,14542.710914159255,1858.9665866682399,0.22723744583636885
2021-03-28 00:00:00+00:00,14533.732762674263,1858.9665866682399,0.22723744583636885
2021-03-29 00:00:00+00:00,14955.903579046902,1858.9665866682399,0.22723744583636885
2021-03-30 00:00:00+00:00,15208.38710511569,1858.9665866682399,0.22723744583636885
2021-03-31 00:00:00+00:00,15207.019135691757,1858.9665866682399,0.22723744583636885
2021-04-01 00:00:00+00:00,15202.449390655987,1858.9665866682399,0.22723744583636885
2021-04-02 00:00:00+00:00,15254.616291096641,1858.9665866682399,0.22723744583636885
2021-04-03 00:00:00+00:00,14823.303712278004,1858.9665866682399,0.22723744583636885
2021-04-04 00:00:00+00:00,15084.64268161104,1858.9665866682399,0.22723744583636885
2021-04-05 00:00:00+00:00,15295.51448659827,1858.9665866682399,0.22723744583636885
2021-04-06 00:00:00+00:00,15036.727393781981,1858.9665866682399,0.22723744583636885
2021-04-07 00:00:00+00:00,14573.68565040121,1858.9665866682399,0.22723744583636885
2021-04-08 00:00:00+00:00,15056.353891978866,1858.9665866682399,0.22723744583636885
2021-04-09 00:00:00+00:00,15071.12887070715,1858.9665866682399,0.22723744583636885
2021-04-10 00:00:00+00:00,15440.751027730126,1858.9665866682399,0.22723744583636885
2021-04-11 00:00:00+00:00,15493.765523843755,1858.9665866682399,0.22723744583636885
2021-04-12 00:00:00+00:00,15461.40009443328,1858.9665866682399,0.22723744583636885
2021-04-13 00:00:00+00:00,16305.58720571539,1858.9665866682399,0.22723744583636885
2021-04-14 00:00:00+00:00,16165.729374926479,1858.9665866682399,0.22723744583636885
2021-04-15 00:00:00+00:00,16211.279120944379,1858.9665866682399,0.22723744583636885
2021-04-16 00:00:00+00:00,15796.529879552756,1858.9665866682399,0.22723744583636885
2021-04-17 00:00:00+00:00,15494.726738239642,1858.9665866682399,0.22723744583636885
2021-04-18 00:00:00+00:00,14618.35144275481,1858.9665866682399,0.22723744583636885
2021-04-19 00:00:00+00:00,14500.899224125365,1858.9665866682399,0.22723744583636885
2021-04-20 00:00:00+00:00,14603.977219612505,6736.867566545056,0.13942595752002568
2021-04-21 00:00:00+00:00,14236.259382027914,6736.867566545056,0.13942595752002568
2021-04-22 00:00:00+00:00,13943.929159674404,6736.867566545056,0.13942595752002568
2021-04-23 00:00:00+00:00,13865.039164390422,6736.867566545056,0.13942595752002568
2021-04-24 00:00:00+00:00,13714.835580354098,6736.867566545056,0.13942595752002568
2021-04-25 00:00:00+00:00,13578.048956209926,6736.867566545056,0.13942595752002568
2021-04-26 00:00:00+00:00,14266.063074707396,6736.867566545056,0.13942595752002568
2021-04-27 00:00:00+00:00,14406.964158857983,6736.867566545056,0.13942595752002568
2021-04-28 00:00:00+00:00,14383.85430639904,6736.867566545056,0.13942595752002568
2021-04-29 00:00:00+00:00,14203.824721530033,6736.867566545056,0.13942595752002568
2021-04-30 00:00:00+00:00,14780.946404713948,6736.867566545056,0.13942595752002568
2021-05-01 00:00:00+00:00,14795.739498806823,6736.867566545056,0.13942595752002568
2021-05-02 00:00:00+00:00,14625.33867056415,6736.867566545056,0.13942595752002568
2021-05-03 00:00:00+00:00,14707.764508130836,6736.867566545056,0.13942595752002568
2021-05-04 00:00:00+00:00,14154.329900869998,6736.867566545056,0.13942595752002568
2021-05-05 00:00:00+00:00,14744.95219952058,6736.867566545056,0.13942595752002568
2021-05-06 00:00:00+00:00,14599.61039862298,6736.867566545056,0.13942595752002568
2021-05-07 00:00:00+00:00,14728.031465315948,6736.867566545056,0.13942595752002568
2021-05-08 00:00:00+00:00,14943.765249386684,6736.867566545056,0.13942595752002568
2021-05-09 00:00:00+00:00,14857.152450315669,6736.867566545056,0.13942595752002568
2021-05-10 00:00:00+00:00,14519.086331116861,6736.867566545056,0.13942595752002568
2021-05-11 00:00:00+00:00,14638.139367724061,6736.867566545056,0.13942595752002568
2021-05-12 00:00:00+00:00,13656.761880527858,6736.867566545056,0.13942595752002568
2021-05-13 00:00:00+00:00,13662.290119743528,6736.867566545056,0.13942595752002568
2021-05-14 00:00:00+00:00,13686.05945698154,6736.867566545056,0.13942595752002568
2021-05-15 00:00:00+00:00,13256.842223794441,6736.867566545056,0.13942595752002568
2021-05-16 00:00:00+00:00,13282.224812966357,19848.95345683031,-0.1414283114666542
2021-05-17 00:00:00+00:00,13273.03618092043,13273.03618092043,0.0
2021-05-18 00:00:00+00:00,13273.03618092043,13273.03618092043,0.0
2021-05-19 00:00:00+00:00,13273.03618092043,13273.03618092043,0.0
2021-05-20 00:00:00+00:00,13273.03618092043,13273.03618092043,0.0
2021-05-21 00:00:00+00:00,13273.03618092043,13273.03618092043,0.0
2021-05-22 00:00:00+00:00,13273.03618092043,13273.03618092043,0.0
2021-05-23 00:00:00+00:00,13273.03618092043,13273.03618092043,0.0
2021-05-24 00:00:00+00:00,13273.03618092043,13273.03618092043,0.0
2021-05-25 00:00:00+00:00,13273.03618092043,13273.03618092043,0.0
2021-05-26 00:00:00+00:00,13273.03618092043,13273.03618092043,0.0
2021-05-27 00:00:00+00:00,13273.03618092043,13273.03618092043,0.0
2021-05-28 00:00:00+00:00,13273.03618092043,13273.03618092043,0.0
2021-05-29 00:00:00+00:00,13273.03618092043,13273.03618092043,0.0
2021-05-30 00:00:00+00:00,13273.03618092043,13273.03618092043,0.0
2021-05-31 00:00:00+00:00,13273.03618092043,13273.03618092043,0.0
2021-06-01 00:00:00+00:00,13273.03618092043,13273.03618092043,0.0
2021-06-02 00:00:00+00:00,13273.03618092043,13273.03618092043,0.0
2021-06-03 00:00:00+00:00,13273.03618092043,13273.03618092043,0.0
2021-06-04 00:00:00+00:00,13273.03618092043,13273.03618092043,0.0
2021-06-05 00:00:00+00:00,13273.03618092043,13273.03618092043,0.0
2021-06-06 00:00:00+00:00,13273.03618092043,13273.03618092043,0.0
2021-06-07 00:00:00+00:00,13273.03618092043,13273.03618092043,0.0
2021-06-08 00:00:00+00:00,13296.075131213192,19887.86856590724,-0.19747254289797186
2021-06-09 00:00:00+00:00,12502.732487641544,19885.845795138062,-0.19747254289797186
2021-06-10 00:00:00+00:00,12491.657817680301,12491.657817680301,0.0
2021-06-11 00:00:00+00:00,12491.657817680301,12491.657817680301,0.0
2021-06-12 00:00:00+00:00,12779.013789065437,18717.15041718039,-0.16705447173023863
2021-06-13 00:00:00+00:00,12196.803802174314,18715.36451013711,-0.16705447173023863
2021-06-14 00:00:00+00:00,12211.038262584598,11534.151153761319,0.01670654220372298
2021-06-15 00:00:00+00:00,12204.819252249263,11534.151153761319,0.01670654220372298
2021-06-16 00:00:00+00:00,12174.830507797313,11534.151153761319,0.01670654220372298
2021-06-17 00:00:00+00:00,12170.552964731472,11534.151153761319,0.01670654220372298
2021-06-18 00:00:00+00:00,12132.576822451923,11534.151153761319,0.01670654220372298
2021-06-19 00:00:00+00:00,12126.961419486408,11534.151153761319,0.01670654220372298
2021-06-20 00:00:00+00:00,12128.906729260609,11534.151153761319,0.01670654220372298
2021-06-21 00:00:00+00:00,12062.227076820844,11534.151153761319,0.01670654220372298
2021-06-22 00:00:00+00:00,12061.52153982986,12061.52153982986,0.0
2021-06-23 00:00:00+00:00,12061.52153982986,12061.52153982986,0.0
2021-06-24 00:00:00+00:00,11874.114421755829,18072.518932195286,-0.1788185793718753
2021-06-25 00:00:00+00:00,11864.818605858241,11864.818605858241,0.0
2021-06-26 00:00:00+00:00,11864.818605858241,11864.818605858241,0.0
2021-06-27 00:00:00+00:00,11864.818605858241,11864.818605858241,0.0
2021-06-28 00:00:00+00:00,11864.818605858241,11864.818605858241,0.0
2021-06-29 00:00:00+00:00,11864.818605858241,11864.818605858241,0.0
2021-06-30 00:00:00+00:00,11864.818605858241,11864.818605858241,0.0
2021-07-01 00:00:00+00:00,11864.818605858241,11864.818605858241,0.0
2021-07-02 00:00:00+00:00,11864.818605858241,11864.818605858241,0.0
2021-07-03 00:00:00+00:00,11864.818605858241,11864.818605858241,0.0
2021-07-04 00:00:00+00:00,11864.818605858241,11864.818605858241,0.0
2021-07-05 00:00:00+00:00,12122.625178496142,17777.9079441981,-0.16786165820925522
2021-07-06 00:00:00+00:00,12032.10656066833,17776.334183205625,-0.16786165820925522
2021-07-07 00:00:00+00:00,12090.62526771287,17774.776881393656,-0.16786165820925522
2021-07-08 00:00:00+00:00,12254.693748673251,17773.264944079845,-0.16786165820925522
2021-07-09 00:00:00+00:00,12095.331831752295,17771.70977204141,-0.16786165820925522
2021-07-10 00:00:00+00:00,12146.321678986551,17770.168991955663,-0.16786165820925522
2021-07-11 00:00:00+00:00,12017.822568318365,17768.593438292657,-0.16786165820925522
2021-07-12 00:00:00+00:00,12213.095224518387,17767.071800874477,-0.16786165820925522
2021-07-13 00:00:00+00:00,12271.49311026009,17765.566575267625,-0.16786165820925522
2021-07-14 00:00:00+00:00,12254.834219447894,17764.057199108815,-0.16786165820925522
2021-07-15 00:00:00+00:00,12411.161390284411,17762.591053995468,-0.16786165820925522
2021-07-16 00:00:00+00:00,12492.999266426774,17761.147725650473,-0.16786165820925522
2021-07-17 00:00:00+00:00,12468.686916464409,17759.698133536207,-0.16786165820925522
2021-07-18 00:00:00+00:00,12423.834876494966,17758.236653597276,-0.16786165820925522
2021-07-19 00:00:00+00:00,12580.02356606241,17756.818353655468,-0.16786165820925522
2021-07-20 00:00:00+00:00,12754.7907608571,17755.448310491185,-0.16786165820925522
2021-07-21 00:00:00+00:00,12358.139249772426,17753.970000696412,-0.16786165820925522
2021-07-22 00:00:00+00:00,12332.59641590862,17752.485099687157,-0.16786165820925522
2021-07-23 00:00:00+00:00,12105.064165100497,17750.938284859825,-0.16786165820925522
2021-07-24 00:00:00+00:00,11998.734582723077,17749.36277028789,-0.16786165820925522
2021-07-25 00:00:00+00:00,12009.535997279785,11347.245199999692,0.018718815830637225
2021-07-26 00:00:00+00:00,12044.288976374628,11347.245199999692,0.018718815830637225
2021-07-27 00:00:00+00:00,12269.6800938848,8174.003425881903,0.10379872679399306
2021-07-28 00:00:00+00:00,12327.982800737715,8174.003425881903,0.10379872679399306
2021-07-29 00:00:00+00:00,12327.66310065919,8174.003425881903,0.10379872679399306
2021-07-30 00:00:00+00:00,12554.970894478089,8174.003425881903,0.10379872679399306
2021-07-31 00:00:00+00:00,12477.688590430887,8174.003425881903,0.10379872679399306
2021-08-01 00:00:00+00:00,12309.909366428346,8174.003425881903,0.10379872679399306
2021-08-02 00:00:00+00:00,12237.49729864232,8174.003425881903,0.10379872679399306
2021-08-03 00:00:00+00:00,12139.846570436337,8174.003425881903,0.10379872679399306
2021-08-04 00:00:00+00:00,12297.218934090513,8174.003425881903,0.10379872679399306
2021-08-05 00:00:00+00:00,12415.474747552373,8174.003425881903,0.10379872679399306
2021-08-06 00:00:00+00:00,12620.4159917217,8174.003425881903,0.10379872679399306
2021-08-07 00:00:00+00:00,12800.57632785623,8174.003425881903,0.10379872679399306
2021-08-08 00:00:00+00:00,12719.803272626948,8174.003425881903,0.10379872679399306
2021-08-09 00:00:00+00:00,12975.047455775182,8174.003425881903,0.10379872679399306
2021-08-10 00:00:00+00:00,12905.667348798808,8174.003425881903,0.10379872679399306
2021-08-11 00:00:00+00:00,12897.987281003321,8174.003425881903,0.10379872679399306
2021-08-12 00:00:00+00:00,12782.5630968084,8174.003425881903,0.10379872679399306
2021-08-13 00:00:00+00:00,13135.582566634772,8174.003425881903,0.10379872679399306
2021-08-14 00:00:00+00:00,12811.00745283597,-6561.786281749807,0.4115871467906202
2021-08-15 00:00:00+00:00,12770.596066173377,-6563.224481482794,0.4115871467906202
2021-08-16 00:00:00+00:00,12327.717988671187,-6564.662996437639,0.4115871467906202
2021-08-17 00:00:00+00:00,11830.176706912785,-6566.1018266834335,0.4115871467906202
2021-08-18 00:00:00+00:00,11832.581785257962,-6567.540972289282,0.4115871467906202
2021-08-19 00:00:00+00:00,12677.089734636105,-6568.980433324305,0.4115871467906202
2021-08-20 00:00:00+00:00,13730.074490108327,-6570.420209857636,0.4115871467906202
2021-08-21 00:00:00+00:00,13522.593872324152,-6571.860301958427,0.4115871467906202
2021-08-22 00:00:00+00:00,13692.9293602998,-6573.300709695843,0.4115871467906202
2021-08-23 00:00:00+00:00,13794.233136309918,-6574.741433139064,0.4115871467906202
2021-08-24 00:00:00+00:00,13045.82727961021,-6576.182472357286,0.4115871467906202
2021-08-25 00:00:00+00:00,13579.165220244297,-6577.623827419721,0.4115871467906202
2021-08-26 00:00:00+00:00,12701.269299535135,-6579.065498395594,0.4115871467906202
2021-08-27 00:00:00+00:00,13616.03264894691,-6580.507485354146,0.4115871467906202
2021-08-28 00:00:00+00:00,13542.747809464116,-6581.949788364635,0.4115871467906202
2021-08-29 00:00:00+00:00,13488.81959737368,-6583.3924074963315,0.4115871467906202
2021-08-30 00:00:00+00:00,12985.959327332315,10.297538165104015,0.27617833355079985
2021-08-31 00:00:00+00:00,13018.542847124638,10.297538165104015,0.27617833355079985
2021-09-01 00:00:00+00:00,13715.128141875652,-6491.18146854257,0.4139744794855335
2021-09-02 00:00:00+00:00,13894.24796716345,-6492.604193248004,0.4139744794855335
2021-09-03 00:00:00+00:00,14204.340726440805,-6494.02722978351,0.4139744794855335
2021-09-04 00:00:00+00:00,14168.350508969841,-6495.450578217435,0.4139744794855335
2021-09-05 00:00:00+00:00,14929.153219177078,-6496.87423861814,0.4139744794855335
2021-09-06 00:00:00+00:00,15303.212379124188,-6498.2982110540015,0.4139744794855335
2021-09-07 00:00:00+00:00,12900.665737907173,-6499.722495593411,0.4139744794855335
2021-09-08 00:00:00+00:00,12741.040780449508,4603.839067166558,0.1767101053932913
2021-09-09 00:00:00+00:00,12802.329146303064,4603.839067166558,0.1767101053932913
2021-09-10 00:00:00+00:00,12529.448100251582,4603.839067166558,0.1767101053932913
2021-09-11 00:00:00+00:00,12586.486588070427,4603.839067166558,0.1767101053932913
2021-09-12 00:00:00+00:00,12736.964078318084,4603.839067166558,0.1767101053932913
2021-09-13 00:00:00+00:00,12545.320201918006,4603.839067166558,0.1767101053932913
2021-09-14 00:00:00+00:00,12928.920731604709,4603.839067166558,0.1767101053932913
2021-09-15 00:00:00+00:00,13107.378499940341,4603.839067166558,0.1767101053932913
2021-09-16 00:00:00+00:00,13039.594270612528,4603.839067166558,0.1767101053932913
2021-09-17 00:00:00+00:00,12962.223518067129,4603.839067166558,0.1767101053932913
2021-09-18 00:00:00+00:00,13137.654242297373,4603.839067166558,0.1767101053932913
2021-09-19 00:00:00+00:00,12951.933688630077,4603.839067166558,0.1767101053932913
2021-09-20 00:00:00+00:00,12205.133810924328,4603.839067166558,0.1767101053932913
2021-09-21 00:00:00+00:00,12113.129648052609,10629.357891428986,0.03642553922813169
2021-09-22 00:00:00+00:00,12215.457365618453,10629.357891428986,0.03642553922813169
2021-09-23 00:00:00+00:00,12263.599179539315,10629.357891428986,0.03642553922813169
2021-09-24 00:00:00+00:00,12188.755988342664,10629.357891428986,0.03642553922813169
2021-09-25 00:00:00+00:00,12183.658962638472,10629.357891428986,0.03642553922813169
2021-09-26 00:00:00+00:00,12201.516947500455,10629.357891428986,0.03642553922813169
2021-09-27 00:00:00+00:00,12164.597842215782,10629.357891428986,0.03642553922813169
2021-09-28 00:00:00+00:00,12123.771733593501,10629.357891428986,0.03642553922813169
2021-09-29 00:00:00+00:00,12141.902181488911,10629.357891428986,0.03642553922813169
2021-09-30 00:00:00+00:00,12225.674365116553,10629.357891428986,0.03642553922813169
2021-10-01 00:00:00+00:00,12382.941994989404,10629.357891428986,0.03642553922813169
2021-10-02 00:00:00+00:00,12258.128293757612,1771.6220371423897,0.22014334566914642
2021-10-03 00:00:00+00:00,12382.533499828703,1771.6220371423897,0.22014334566914642
2021-10-04 00:00:00+00:00,12608.165019105383,1771.6220371423897,0.22014334566914642
2021-10-05 00:00:00+00:00,13102.838123991238,1771.6220371423897,0.22014334566914642
2021-10-06 00:00:00+00:00,13948.851202831223,1771.6220371423897,0.22014334566914642
2021-10-07 00:00:00+00:00,13356.471434690788,-6957.684395422179,0.37769029912144947
2021-10-08 00:00:00+00:00,13417.72236738548,-6959.209367344463,0.37769029912144947
2021-10-09 00:00:00+00:00,13793.241509932726,-6960.734673507169,0.37769029912144947
2021-10-10 00:00:00+00:00,13681.913745695752,-6962.260313983554,0.37769029912144947
2021-10-11 00:00:00+00:00,14742.585083566624,-6963.786288846893,0.37769029912144947
2021-10-12 00:00:00+00:00,14184.18464341239,-6965.312598170475,0.37769029912144947
2021-10-13 00:00:00+00:00,14700.120147672582,-6966.839242027609,0.37769029912144947
2021-10-14 00:00:00+00:00,14691.394392107322,-6968.3662204916145,0.37769029912144947
2021-10-15 00:00:00+00:00,16323.181223707828,-6969.893533635832,0.37769029912144947
2021-10-16 00:00:00+00:00,16020.691060955121,-6971.421181533615,0.37769029912144947
2021-10-17 00:00:00+00:00,16265.70419788492,-6972.949164258334,0.37769029912144947
2021-10-18 00:00:00+00:00,16446.03753618984,-6974.477481883378,0.37769029912144947
2021-10-19 00:00:00+00:00,17302.149130321108,-6976.006134482146,0.37769029912144947
2021-10-20 00:00:00+00:00,17950.55716320937,-6977.53512212806,0.37769029912144947
2021-10-21 00:00:00+00:00,16510.68498191062,-6979.064444894554,0.37769029912144947
2021-10-22 00:00:00+00:00,15940.757862093253,-6980.594102855079,0.37769029912144947
2021-10-23 00:00:00+00:00,16165.286843598391,-6982.124096083102,0.37769029912144947
2021-10-24 00:00:00+00:00,15999.638749352145,-6983.654424652106,0.37769029912144947
2021-10-25 00:00:00+00:00,16839.058197780512,-6985.1850886355915,0.37769029912144947
2021-10-26 00:00:00+00:00,15798.890206434018,-6986.716088107073,0.37769029912144947
2021-10-27 00:00:00+00:00,15073.94220317276,-6988.247423140083,0.37769029912144947
2021-10-28 00:00:00+00:00,15889.146919839852,-6989.779093808168,0.37769029912144947
2021-10-29 00:00:00+00:00,16521.311251135077,-6991.311100184893,0.37769029912144947
2021-10-30 00:00:00+00:00,16370.772532166739,-6992.8434423438375,0.37769029912144947
2021-10-31 00:00:00+00:00,16157.96367772643,-6994.376120358598,0.37769029912144947
2021-11-01 00:00:00+00:00,16009.626221416725,-6995.909134302787,0.37769029912144947
2021-11-02 00:00:00+00:00,16880.134449305013,-6997.442484250031,0.37769029912144947
2021-11-03 00:00:00+00:00,16756.41417461229,-6998.976170273976,0.37769029912144947
2021-11-04 00:00:00+00:00,16187.789499016098,-7000.510192448282,0.37769029912144947
2021-11-05 00:00:00+00:00,16044.225904021225,-2004.1433433358704,0.296180214085554
2021-11-06 00:00:00+00:00,16201.795822139296,-2004.5826076303001,0.296180214085554
2021-11-07 00:00:00+00:00,16735.363463959733,-2005.0219682018355,0.296180214085554
2021-11-08 00:00:00+00:00,18408.547949193235,-8341.397528261446,0.3961438974901113
2021-11-09 00:00:00+00:00,18177.68118046834,-8343.22577977449,0.3961438974901113
2021-11-10 00:00:00+00:00,17538.134145135165,-2251.22752007531,0.30500339868914395
2021-11-11 00:00:00+00:00,17506.25349268772,4394.25042827787,0.20242613446158778
2021-11-12 00:00:00+00:00,17220.7432510453,-8735.37191516971,0.4047912115067584
2021-11-13 00:00:00+00:00,17276.723469137396,12.650673671423647,0.2681589437009315
2021-11-14 00:00:00+00:00,17582.183321907127,12.650673671423647,0.2681589437009315
2021-11-15 00:00:00+00:00,17069.36688433121,12.650673671423647,0.2681589437009315
2021-11-16 00:00:00+00:00,16117.97381274299,12.650673671423647,0.2681589437009315
2021-11-17 00:00:00+00:00,16165.801179331873,4615.464175496136,0.1914054501043044
2021-11-18 00:00:00+00:00,15504.830308759183,4615.464175496136,0.1914054501043044
2021-11-19 00:00:00+00:00,15726.97930225924,4615.464175496136,0.1914054501043044
2021-11-20 00:00:00+00:00,16043.807001653393,4615.464175496136,0.1914054501043044
2021-11-21 00:00:00+00:00,15836.03829961967,4615.464175496136,0.1914054501043044
2021-11-22 00:00:00+00:00,15381.480980493965,4615.464175496136,0.1914054501043044
2021-11-23 00:00:00+00:00,15629.176859419444,4615.464175496136,0.1914054501043044
2021-11-24 00:00:00+00:00,15552.044291136412,4615.464175496136,0.1914054501043044
2021-11-25 00:00:00+00:00,15900.798419607961,4615.464175496136,0.1914054501043044
2021-11-26 00:00:00+00:00,14899.01483268855,4615.464175496136,0.1914054501043044
2021-11-27 00:00:00+00:00,15010.968428581495,8517.117394809386,0.11867194447495066
2021-11-28 00:00:00+00:00,15314.038773978848,8517.117394809386,0.11867194447495066
2021-11-29 00:00:00+00:00,15373.537326780253,8517.117394809386,0.11867194447495066
2021-11-30 00:00:00+00:00,15275.551088946731,8517.117394809386,0.11867194447495066
2021-12-01 00:00:00+00:00,15303.262174701078,8517.117394809386,0.11867194447495066
2021-12-02 00:00:00+00:00,15219.74916721572,8517.117394809386,0.11867194447495066
2021-12-03 00:00:00+00:00,14878.05822420844,8517.117394809386,0.11867194447495066
2021-12-04 00:00:00+00:00,14350.136585456064,8517.117394809386,0.11867194447495066
2021-12-05 00:00:00+00:00,14379.075925835725,8517.117394809386,0.11867194447495066
2021-12-06 00:00:00+00:00,14503.158124259287,8517.117394809386,0.11867194447495066
2021-12-07 00:00:00+00:00,14520.60646025544,8517.117394809386,0.11867194447495066
2021-12-08 00:00:00+00:00,14506.631652074071,8517.117394809386,0.11867194447495066
2021-12-09 00:00:00+00:00,14159.445011318156,8517.117394809386,0.11867194447495066
2021-12-10 00:00:00+00:00,14141.572710408283,12939.900415490585,0.025491271311650188
2021-12-11 00:00:00+00:00,14198.914050660274,12939.900415490585,0.025491271311650188
2021-12-12 00:00:00+00:00,14215.837960596793,12939.900415490585,0.025491271311650188
2021-12-13 00:00:00+00:00,14130.412886740756,12939.900415490585,0.025491271311650188
2021-12-14 00:00:00+00:00,14172.232082065657,12939.900415490585,0.025491271311650188
2021-12-15 00:00:00+00:00,14185.530878308946,12939.900415490585,0.025491271311650188
2021-12-16 00:00:00+00:00,14154.110337290205,12939.900415490585,0.025491271311650188
2021-12-17 00:00:00+00:00,14115.843350622583,12939.900415490585,0.025491271311650188
2021-12-18 00:00:00+00:00,14133.77085191064,12939.900415490585,0.025491271311650188
2021-12-19 00:00:00+00:00,14129.86431458213,12939.900415490585,0.025491271311650188
2021-12-20 00:00:00+00:00,14135.801996408753,12939.900415490585,0.025491271311650188
2021-12-21 00:00:00+00:00,14186.165610964605,12939.900415490585,0.025491271311650188
2021-12-22 00:00:00+00:00,14178.474384584455,12939.900415490585,0.025491271311650188
2021-12-23 00:00:00+00:00,14235.84631436202,12939.900415490585,0.025491271311650188
2021-12-24 00:00:00+00:00,14235.366823548648,12939.900415490585,0.025491271311650188
2021-12-25 00:00:00+00:00,14224.651822565509,12939.900415490585,0.025491271311650188
2021-12-26 00:00:00+00:00,14262.8391012654,8130.299743194824,0.1207775514932613
2021-12-27 00:00:00+00:00,14253.895523577323,8130.299743194824,0.1207775514932613
2021-12-28 00:00:00+00:00,13872.51624922705,8130.299743194824,0.1207775514932613
2021-12-29 00:00:00+00:00,13742.187608961704,8130.299743194824,0.1207775514932613
2021-12-30 00:00:00+00:00,13821.443046027096,8130.299743194824,0.1207775514932613
2021-12-31 00:00:00+00:00,13712.267386130277,8130.299743194824,0.1207775514932613
2022-01-01 00:00:00+00:00,13468.79840100585,20533.381095819754,-0.14803416605770853
2022-01-02 00:00:00+00:00,13531.493073404137,20531.463295758833,-0.14803416605770853
2022-01-03 00:00:00+00:00,13653.969886946408,20529.579567079345,-0.14803416605770853
2022-01-04 00:00:00+00:00,13743.017365137199,20527.720744235758,-0.14803416605770853
2022-01-05 00:00:00+00:00,14093.706689655246,20525.958483470327,-0.14803416605770853
2022-01-06 00:00:00+00:00,14146.557348360737,20524.211181050414,-0.14803416605770853
2022-01-07 00:00:00+00:00,14369.266153856883,20522.525356611302,-0.14803416605770853
2022-01-08 00:00:00+00:00,14350.809386249624,20520.83493865174,-0.14803416605770853
2022-01-09 00:00:00+00:00,14321.74291343462,20519.137022457486,-0.14803416605770853
2022-01-10 00:00:00+00:00,14326.283385335671,20517.440814942525,-0.14803416605770853
2022-01-11 00:00:00+00:00,14190.313018674708,20515.707830062693,-0.14803416605770853
2022-01-12 00:00:00+00:00,14014.833595641872,20513.92725645699,-0.14803416605770853
2022-01-13 00:00:00+00:00,14211.850741887809,20512.20113306215,-0.14803416605770853
2022-01-14 00:00:00+00:00,14136.109468019731,20510.454737098018,-0.14803416605770853
2022-01-15 00:00:00+00:00,14130.760414036165,20508.707354374637,-0.14803416605770853
2022-01-16 00:00:00+00:00,14130.883215068869,20506.96048389003,-0.14803416605770853
2022-01-17 00:00:00+00:00,14257.967276899419,20505.248899883733,-0.14803416605770853
2022-01-18 00:00:00+00:00,14233.970447026917,20503.531212002916,-0.14803416605770853
2022-01-19 00:00:00+00:00,14334.736755933198,20501.841594238995,-0.14803416605770853
2022-01-20 00:00:00+00:00,14478.027099814459,20500.191686133156,-0.14803416605770853
2022-01-21 00:00:00+00:00,15103.562489986965,20498.71356255163,-0.14803416605770853
2022-01-22 00:00:00+00:00,15305.522748087289,20497.29116024693,-0.14803416605770853
2022-01-23 00:00:00+00:00,15130.38944556319,20495.82117895011,-0.14803416605770853
2022-01-24 00:00:00+00:00,15067.34999429184,20494.334333925555,-0.14803416605770853
2022-01-25 00:00:00+00:00,15059.20951778239,15059.20951778239,0.0
2022-01-26 00:00:00+00:00,15059.20951778239,15059.20951778239,0.0
2022-01-27 00:00:00+00:00,15059.20951778239,15059.20951778239,0.0
2022-01-28 00:00:00+00:00,15059.20951778239,15059.20951778239,0.0
2022-01-29 00:00:00+00:00,15059.20951778239,15059.20951778239,0.0
2022-01-30 00:00:00+00:00,15059.20951778239,15059.20951778239,0.0
2022-01-31 00:00:00+00:00,15059.20951778239,15059.20951778239,0.0
2022-02-01 00:00:00+00:00,15059.20951778239,15059.20951778239,0.0
2022-02-02 00:00:00+00:00,15059.20951778239,15059.20951778239,0.0
2022-02-03 00:00:00+00:00,15059.20951778239,15059.20951778239,0.0
2022-02-04 00:00:00+00:00,15059.20951778239,15059.20951778239,0.0
2022-02-05 00:00:00+00:00,15051.413216776056,13768.4201305439,0.031003208987938062
2022-02-06 00:00:00+00:00,15082.363100244535,13768.4201305439,0.031003208987938062
2022-02-07 00:00:00+00:00,15127.600502543015,13768.4201305439,0.031003208987938062
2022-02-08 00:00:00+00:00,15133.894153967565,13768.4201305439,0.031003208987938062
2022-02-09 00:00:00+00:00,15144.116842067158,13768.4201305439,0.031003208987938062
2022-02-10 00:00:00+00:00,15116.918346886221,13768.4201305439,0.031003208987938062
2022-02-11 00:00:00+00:00,15082.14173733236,13768.4201305439,0.031003208987938062
2022-02-12 00:00:00+00:00,15077.309577179502,13768.4201305439,0.031003208987938062
2022-02-13 00:00:00+00:00,15072.218540231592,13768.4201305439,0.031003208987938062
2022-02-14 00:00:00+00:00,15087.170767862295,13768.4201305439,0.031003208987938062
2022-02-15 00:00:00+00:00,15149.453734462342,13768.4201305439,0.031003208987938062
2022-02-16 00:00:00+00:00,15128.64128026874,13768.4201305439,0.031003208987938062
2022-02-17 00:00:00+00:00,15024.536844936501,13768.4201305439,0.031003208987938062
2022-02-18 00:00:00+00:00,15007.756048039691,13768.4201305439,0.031003208987938062
2022-02-19 00:00:00+00:00,15011.003014116997,13768.4201305439,0.031003208987938062
2022-02-20 00:00:00+00:00,14958.53690361089,13768.4201305439,0.031003208987938062
2022-02-21 00:00:00+00:00,15211.77485062883,22410.75374438762,-0.19452409667918616
2022-02-22 00:00:00+00:00,14971.99587774413,22408.71628674132,-0.19452409667918616
2022-02-23 00:00:00+00:00,15160.706527996139,22406.73107453679,-0.19452409667918616
2022-02-24 00:00:00+00:00,14949.122550257845,22404.688453741317,-0.19452409667918616
2022-02-25 00:00:00+00:00,14773.524679828606,22402.598296586042,-0.19452409667918616
2022-02-26 00:00:00+00:00,14791.368976376387,22400.513599429043,-0.19452409667918616
2022-02-27 00:00:00+00:00,15065.126917502845,22398.50445489825,-0.19452409667918616
2022-02-28 00:00:00+00:00,15054.124903037922,15054.124903037922,0.0
2022-03-01 00:00:00+00:00,15107.700347012631,13118.594558361618,0.044778299295179194
2022-03-02 00:00:00+00:00,15084.047553758932,13118.594558361618,0.044778299295179194
2022-03-03 00:00:00+00:00,15019.612476639155,13118.594558361618,0.044778299295179194
2022-03-04 00:00:00+00:00,14871.604972846828,13118.594558361618,0.044778299295179194
2022-03-05 00:00:00+00:00,14882.768202861116,13118.594558361618,0.044778299295179194
2022-03-06 00:00:00+00:00,14839.01308770483,13118.594558361618,0.044778299295179194
2022-03-07 00:00:00+00:00,14836.432012799498,14836.432012799498,0.0
2022-03-08 00:00:00+00:00,14836.432012799498,14836.432012799498,0.0
2022-03-09 00:00:00+00:00,14836.432012799498,14836.432012799498,0.0
2022-03-10 00:00:00+00:00,14758.24313947476,13564.737840273827,0.03027510778755347
2022-03-11 00:00:00+00:00,14737.279746589424,13564.737840273827,0.03027510778755347
2022-03-12 00:00:00+00:00,14739.634847224217,13564.737840273827,0.03027510778755347
2022-03-13 00:00:00+00:00,14708.450880700882,13564.737840273827,0.03027510778755347
2022-03-14 00:00:00+00:00,14706.735613437193,14706.735613437193,0.0
2022-03-15 00:00:00+00:00,14766.10376408766,22036.084581763385,-0.18507942315341358
2022-03-16 00:00:00+00:00,14424.644423328862,22033.999826858308,-0.18507942315341358
2022-03-17 00:00:00+00:00,14458.863686886329,22031.92501553539,-0.18507942315341358
2022-03-18 00:00:00+00:00,14301.351767244514,22029.807630367413,-0.18507942315341358
2022-03-19 00:00:00+00:00,14299.057687581513,13269.062006060556,0.02440682705702329
2022-03-20 00:00:00+00:00,14276.139188838428,13269.062006060556,0.02440682705702329
2022-03-21 00:00:00+00:00,14269.79683075939,13269.062006060556,0.02440682705702329
2022-03-22 00:00:00+00:00,14303.036000391809,13269.062006060556,0.02440682705702329
2022-03-23 00:00:00+00:00,14315.694113108391,13269.062006060556,0.02440682705702329
2022-03-24 00:00:00+00:00,14342.753962266514,13269.062006060556,0.02440682705702329
2022-03-25 00:00:00+00:00,14374.095373937862,9221.952370819927,0.11626665765018641
2022-03-26 00:00:00+00:00,14397.12896148494,9221.952370819927,0.11626665765018641
2022-03-27 00:00:00+00:00,14666.45951126502,9221.952370819927,0.11626665765018641
2022-03-28 00:00:00+00:00,14700.694228610118,9221.952370819927,0.11626665765018641
2022-03-29 00:00:00+00:00,14737.03802312499,9221.952370819927,0.11626665765018641
2022-03-30 00:00:00+00:00,14694.390250432323,9221.952370819927,0.11626665765018641
2022-03-31 00:00:00+00:00,14513.28749114351,9221.952370819927,0.11626665765018641
2022-04-01 00:00:00+00:00,14603.179057505753,9221.952370819927,0.11626665765018641
2022-04-02 00:00:00+00:00,14548.244224432616,9221.952370819927,0.11626665765018641
2022-04-03 00:00:00+00:00,14617.579845722306,9221.952370819927,0.11626665765018641
2022-04-04 00:00:00+00:00,14637.712580161013,9221.952370819927,0.11626665765018641
2022-04-05 00:00:00+00:00,14511.800440592166,9221.952370819927,0.11626665765018641
2022-04-06 00:00:00+00:00,14241.238626907569,9221.952370819927,0.11626665765018641
2022-04-07 00:00:00+00:00,14273.06313643958,9221.952370819927,0.11626665765018641
2022-04-08 00:00:00+00:00,14134.452352522181,9221.952370819927,0.11626665765018641
2022-04-09 00:00:00+00:00,14192.813563996267,9221.952370819927,0.11626665765018641
2022-04-10 00:00:00+00:00,14123.620950695487,9221.952370819927,0.11626665765018641
2022-04-11 00:00:00+00:00,13818.025667727738,9221.952370819927,0.11626665765018641
2022-04-12 00:00:00+00:00,13703.899221793668,20694.09654528576,-0.174428141963334
2022-04-13 00:00:00+00:00,13514.797597207318,20692.130152804773,-0.174428141963334
2022-04-14 00:00:00+00:00,13723.146236104769,20690.2213650982,-0.174428141963334
2022-04-15 00:00:00+00:00,13614.890879242652,20688.283449325576,-0.174428141963334
2022-04-16 00:00:00+00:00,13643.17044987252,20686.353810048815,-0.174428141963334
2022-04-17 00:00:00+00:00,13763.476902741517,20684.45765093972,-0.174428141963334
2022-04-18 00:00:00+00:00,13565.642528926808,20682.507824831253,-0.174428141963334
2022-04-19 00:00:00+00:00,13442.946635119011,20680.524926669183,-0.174428141963334
2022-04-20 00:00:00+00:00,13464.516242814512,20678.548479481055,-0.174428141963334
2022-04-21 00:00:00+00:00,13615.76106826882,20676.613999226,-0.174428141963334
2022-04-22 00:00:00+00:00,13748.317869517516,20674.7163558051,-0.174428141963334
2022-04-23 00:00:00+00:00,13793.10649557857,20672.831499639604,-0.174428141963334
2022-04-24 00:00:00+00:00,13789.733359725946,20670.946235837928,-0.174428141963334
2022-04-25 00:00:00+00:00,13617.568311557308,20669.014332818406,-0.174428141963334
2022-04-26 00:00:00+00:00,14019.274260423706,20667.19298522257,-0.174428141963334
2022-04-27 00:00:00+00:00,13821.504229566426,20665.31796776005,-0.174428141963334
2022-04-28 00:00:00+00:00,13731.283324697572,20663.41875257433,-0.174428141963334
2022-04-29 00:00:00+00:00,13929.326546822336,20661.57430113479,-0.174428141963334
2022-04-30 00:00:00+00:00,14095.905455849294,20659.775980443123,-0.174428141963334
2022-05-01 00:00:00+00:00,13947.974819571218,20657.937634466438,-0.174428141963334
2022-05-02 00:00:00+00:00,13936.224495983093,20656.09657362325,-0.174428141963334
2022-05-03 00:00:00+00:00,14073.302915759632,20654.29356248716,-0.174428141963334
2022-05-04 00:00:00+00:00,13729.343881125576,20652.396835650303,-0.174428141963334
2022-05-05 00:00:00+00:00,14274.783382530637,20650.650022872127,-0.174428141963334
2022-05-06 00:00:00+00:00,14367.11399147557,20648.928977670428,-0.174428141963334
2022-05-07 00:00:00+00:00,14459.850725525459,20647.233804224208,-0.174428141963334
2022-05-08 00:00:00+00:00,14708.352291650308,20645.607159055056,-0.174428141963334
2022-05-09 00:00:00+00:00,15398.01498593759,20644.169856350833,-0.174428141963334
2022-05-10 00:00:00+00:00,15390.509108383058,15390.509108383058,0.0
2022-05-11 00:00:00+00:00,15390.509108383058,15390.509108383058,0.0
2022-05-12 00:00:00+00:00,15390.509108383058,15390.509108383058,0.0
2022-05-13 00:00:00+00:00,15390.509108383058,15390.509108383058,0.0
2022-05-14 00:00:00+00:00,15390.509108383058,15390.509108383058,0.0
2022-05-15 00:00:00+00:00,15390.509108383058,15390.509108383058,0.0
2022-05-16 00:00:00+00:00,15390.509108383058,15390.509108383058,0.0
2022-05-17 00:00:00+00:00,15390.509108383058,15390.509108383058,0.0
2022-05-18 00:00:00+00:00,15390.509108383058,15390.509108383058,0.0
2022-05-19 00:00:00+00:00,15390.509108383058,15390.509108383058,0.0
2022-05-20 00:00:00+00:00,15390.509108383058,15390.509108383058,0.0
2022-05-21 00:00:00+00:00,15390.509108383058,15390.509108383058,0.0
2022-05-22 00:00:00+00:00,15390.509108383058,15390.509108383058,0.0
2022-05-23 00:00:00+00:00,15390.509108383058,15390.509108383058,0.0
2022-05-24 00:00:00+00:00,15390.509108383058,15390.509108383058,0.0
2022-05-25 00:00:00+00:00,15390.509108383058,15390.509108383058,0.0
2022-05-26 00:00:00+00:00,15390.509108383058,15390.509108383058,0.0
2022-05-27 00:00:00+00:00,15527.311102592976,23060.648547625206,-0.263129237543826
2022-05-28 00:00:00+00:00,15419.563945396036,23058.55567317924,-0.263129237543826
2022-05-29 00:00:00+00:00,15302.512627030495,23056.431311895714,-0.263129237543826
2022-05-30 00:00:00+00:00,14703.942472915447,23054.14358556348,-0.263129237543826
2022-05-31 00:00:00+00:00,14691.890215992518,13904.374471578207,0.024763836164298763
2022-06-01 00:00:00+00:00,14642.481162439148,13904.374471578207,0.024763836164298763
2022-06-02 00:00:00+00:00,14658.498164031855,13904.374471578207,0.024763836164298763
2022-06-03 00:00:00+00:00,14639.865606063475,13904.374471578207,0.024763836164298763
2022-06-04 00:00:00+00:00,14643.922665342272,13904.374471578207,0.024763836164298763
2022-06-05 00:00:00+00:00,14645.288886183456,13904.374471578207,0.024763836164298763
2022-06-06 00:00:00+00:00,14681.292779944368,13904.374471578207,0.024763836164298763
2022-06-07 00:00:00+00:00,14675.15704425794,13904.374471578207,0.024763836164298763
2022-06-08 00:00:00+00:00,14652.360447238534,13904.374471578207,0.024763836164298763
2022-06-09 00:00:00+00:00,14650.01184501671,13904.374471578207,0.024763836164298763
2022-06-10 00:00:00+00:00,14624.801021609646,13904.374471578207,0.024763836164298763
2022-06-11 00:00:00+00:00,14608.27908539755,13904.374471578207,0.024763836164298763
2022-06-12 00:00:00+00:00,15069.100601518603,21887.089253332862,-0.2565610248540335
2022-06-13 00:00:00+00:00,15058.873618540882,15058.873618540882,0.0
2022-06-14 00:00:00+00:00,15058.873618540882,15058.873618540882,0.0
2022-06-15 00:00:00+00:00,15058.873618540882,15058.873618540882,0.0
2022-06-16 00:00:00+00:00,15058.873618540882,15058.873618540882,0.0
2022-06-17 00:00:00+00:00,15058.873618540882,15058.873618540882,0.0
2022-06-18 00:00:00+00:00,15058.873618540882,15058.873618540882,0.0
2022-06-19 00:00:00+00:00,15058.873618540882,15058.873618540882,0.0
2022-06-20 00:00:00+00:00,15058.873618540882,15058.873618540882,0.0
2022-06-21 00:00:00+00:00,15058.873618540882,15058.873618540882,0.0
2022-06-22 00:00:00+00:00,15058.873618540882,15058.873618540882,0.0
2022-06-23 00:00:00+00:00,15058.873618540882,15058.873618540882,0.0
2022-06-24 00:00:00+00:00,15058.873618540882,15058.873618540882,0.0
2022-06-25 00:00:00+00:00,15058.873618540882,15058.873618540882,0.0
2022-06-26 00:00:00+00:00,15058.873618540882,15058.873618540882,0.0
2022-06-27 00:00:00+00:00,15058.873618540882,15058.873618540882,0.0
2022-06-28 00:00:00+00:00,15058.873618540882,15058.873618540882,0.0
2022-06-29 00:00:00+00:00,15058.873618540882,15058.873618540882,0.0
2022-06-30 00:00:00+00:00,15058.873618540882,15058.873618540882,0.0
2022-07-01 00:00:00+00:00,15058.873618540882,15058.873618540882,0.0
2022-07-02 00:00:00+00:00,15058.873618540882,15058.873618540882,0.0
2022-07-03 00:00:00+00:00,15058.873618540882,15058.873618540882,0.0
2022-07-04 00:00:00+00:00,15058.873618540882,15058.873618540882,0.0
2022-07-05 00:00:00+00:00,15058.873618540882,15058.873618540882,0.0
2022-07-06 00:00:00+00:00,15058.873618540882,15058.873618540882,0.0
2022-07-07 00:00:00+00:00,15058.873618540882,15058.873618540882,0.0
2022-07-08 00:00:00+00:00,15057.005861441323,14413.493320603415,0.029799490192658314
2022-07-09 00:00:00+00:00,15056.91884692996,14413.493320603415,0.029799490192658314
2022-07-10 00:00:00+00:00,15035.184290763043,14413.493320603415,0.029799490192658314
2022-07-11 00:00:00+00:00,15008.39872100847,14413.493320603415,0.029799490192658314
2022-07-12 00:00:00+00:00,14989.480216664759,14413.493320603415,0.029799490192658314
2022-07-13 00:00:00+00:00,14988.69151594179,14988.69151594179,0.0
2022-07-14 00:00:00+00:00,14988.69151594179,14988.69151594179,0.0
2022-07-15 00:00:00+00:00,14988.69151594179,14988.69151594179,0.0
2022-07-16 00:00:00+00:00,14988.69151594179,14988.69151594179,0.0
2022-07-17 00:00:00+00:00,14967.042780879417,13918.070693374519,0.050435811990334645
2022-07-18 00:00:00+00:00,15049.47608071266,13918.070693374519,0.050435811990334645
2022-07-19 00:00:00+00:00,15098.098220903823,13918.070693374519,0.050435811990334645
2022-07-20 00:00:00+00:00,15089.356685969657,13918.070693374519,0.050435811990334645
2022-07-21 00:00:00+00:00,15085.770195379024,13918.070693374519,0.050435811990334645
2022-07-22 00:00:00+00:00,15062.198514287222,13918.070693374519,0.050435811990334645
2022-07-23 00:00:00+00:00,15050.40863887636,13918.070693374519,0.050435811990334645
2022-07-24 00:00:00+00:00,15056.895188656437,13918.070693374519,0.050435811990334645
2022-07-25 00:00:00+00:00,14992.903239119341,13918.070693374519,0.050435811990334645
2022-07-26 00:00:00+00:00,14990.067233411124,13918.070693374519,0.050435811990334645
2022-07-27 00:00:00+00:00,15075.696146292075,13918.070693374519,0.050435811990334645
2022-07-28 00:00:00+00:00,15120.608228153229,13918.070693374519,0.050435811990334645
2022-07-29 00:00:00+00:00,15117.119078679738,13918.070693374519,0.050435811990334645
2022-07-30 00:00:00+00:00,15110.550318526115,13918.070693374519,0.050435811990334645
2022-07-31 00:00:00+00:00,15092.88820152522,13918.070693374519,0.050435811990334645
2022-08-01 00:00:00+00:00,15091.611671123745,13918.070693374519,0.050435811990334645
2022-08-02 00:00:00+00:00,15077.478547887813,13918.070693374519,0.050435811990334645
2022-08-03 00:00:00+00:00,15068.933712620412,13918.070693374519,0.050435811990334645
2022-08-04 00:00:00+00:00,15059.07905931562,13918.070693374519,0.050435811990334645
2022-08-05 00:00:00+00:00,15093.851525534235,13918.070693374519,0.050435811990334645
2022-08-06 00:00:00+00:00,15075.784913321178,13918.070693374519,0.050435811990334645
2022-08-07 00:00:00+00:00,15086.88987040521,13918.070693374519,0.050435811990334645
2022-08-08 00:00:00+00:00,15118.947376864387,13918.070693374519,0.050435811990334645
2022-08-09 00:00:00+00:00,15085.657219160166,13918.070693374519,0.050435811990334645
2022-08-10 00:00:00+00:00,15126.212655581594,13918.070693374519,0.050435811990334645
2022-08-11 00:00:00+00:00,15125.221087517864,13918.070693374519,0.050435811990334645
2022-08-12 00:00:00+00:00,15148.890109726808,13918.070693374519,0.050435811990334645
2022-08-13 00:00:00+00:00,15150.791539838843,13918.070693374519,0.050435811990334645
2022-08-14 00:00:00+00:00,15106.443544511108,8659.49279236965,0.265249417497686
2022-08-15 00:00:00+00:00,15050.629762081244,8659.49279236965,0.265249417497686
2022-08-16 00:00:00+00:00,14986.948681928401,8659.49279236965,0.265249417497686
2022-08-17 00:00:00+00:00,14851.119760216185,8659.49279236965,0.265249417497686
2022-08-18 00:00:00+00:00,14810.945083441986,8659.49279236965,0.265249417497686
2022-08-19 00:00:00+00:00,14185.802603789263,8659.49279236965,0.265249417497686
2022-08-20 00:00:00+00:00,14177.513139072134,14177.513139072134,0.0
2022-08-21 00:00:00+00:00,14177.513139072134,14177.513139072134,0.0
2022-08-22 00:00:00+00:00,14177.513139072134,14177.513139072134,0.0
2022-08-23 00:00:00+00:00,14177.513139072134,14177.513139072134,0.0
2022-08-24 00:00:00+00:00,14177.513139072134,14177.513139072134,0.0
2022-08-25 00:00:00+00:00,14177.513139072134,14177.513139072134,0.0
2022-08-26 00:00:00+00:00,14177.513139072134,14177.513139072134,0.0
2022-08-27 00:00:00+00:00,14177.513139072134,14177.513139072134,0.0
2022-08-28 00:00:00+00:00,14177.513139072134,14177.513139072134,0.0
2022-08-29 00:00:00+00:00,14177.513139072134,14177.513139072134,0.0
2022-08-30 00:00:00+00:00,14177.513139072134,14177.513139072134,0.0
2022-08-31 00:00:00+00:00,14177.513139072134,14177.513139072134,0.0
2022-09-01 00:00:00+00:00,14177.513139072134,14177.513139072134,0.0
2022-09-02 00:00:00+00:00,14177.513139072134,14177.513139072134,0.0
2022-09-03 00:00:00+00:00,14177.513139072134,14177.513139072134,0.0
2022-09-04 00:00:00+00:00,14177.513139072134,14177.513139072134,0.0
2022-09-05 00:00:00+00:00,14177.513139072134,14177.513139072134,0.0
2022-09-06 00:00:00+00:00,14177.513139072134,14177.513139072134,0.0
2022-09-07 00:00:00+00:00,14177.513139072134,14177.513139072134,0.0
2022-09-08 00:00:00+00:00,14177.513139072134,14177.513139072134,0.0
2022-09-09 00:00:00+00:00,14177.513139072134,14177.513139072134,0.0
2022-09-10 00:00:00+00:00,14189.568426829554,13164.833629138411,0.047335490743915784
2022-09-11 00:00:00+00:00,14198.019231992064,13164.833629138411,0.047335490743915784
2022-09-12 00:00:00+00:00,14224.946972611557,13164.833629138411,0.047335490743915784
2022-09-13 00:00:00+00:00,14119.759465145149,13164.833629138411,0.047335490743915784
2022-09-14 00:00:00+00:00,14122.27487312328,13164.833629138411,0.047335490743915784
2022-09-15 00:00:00+00:00,14097.43178751615,13164.833629138411,0.047335490743915784
2022-09-16 00:00:00+00:00,14102.232552987398,13164.833629138411,0.047335490743915784
2022-09-17 00:00:00+00:00,14116.92170247505,13164.833629138411,0.047335490743915784
2022-09-18 00:00:00+00:00,14083.908037810614,13164.833629138411,0.047335490743915784
2022-09-19 00:00:00+00:00,14082.589452096741,14082.589452096741,0.0
2022-09-20 00:00:00+00:00,14082.589452096741,14082.589452096741,0.0
2022-09-21 00:00:00+00:00,14082.589452096741,14082.589452096741,0.0
2022-09-22 00:00:00+00:00,14082.589452096741,14082.589452096741,0.0
2022-09-23 00:00:00+00:00,14082.589452096741,14082.589452096741,0.0
2022-09-24 00:00:00+00:00,14082.589452096741,14082.589452096741,0.0
2022-09-25 00:00:00+00:00,14082.589452096741,14082.589452096741,0.0
2022-09-26 00:00:00+00:00,14082.589452096741,14082.589452096741,0.0
2022-09-27 00:00:00+00:00,14082.589452096741,14082.589452096741,0.0
2022-09-28 00:00:00+00:00,14082.589452096741,14082.589452096741,0.0
2022-09-29 00:00:00+00:00,14082.589452096741,14082.589452096741,0.0
2022-09-30 00:00:00+00:00,14082.589452096741,14082.589452096741,0.0
2022-10-01 00:00:00+00:00,14082.589452096741,14082.589452096741,0.0
2022-10-02 00:00:00+00:00,14082.589452096741,14082.589452096741,0.0
2022-10-03 00:00:00+00:00,14082.589452096741,14082.589452096741,0.0
2022-10-04 00:00:00+00:00,14082.589452096741,14082.589452096741,0.0
2022-10-05 00:00:00+00:00,14074.808770051553,13328.165017162988,0.03703909726774861
2022-10-06 00:00:00+00:00,14067.49021482242,13328.165017162988,0.03703909726774861
2022-10-07 00:00:00+00:00,14051.541920320873,13328.165017162988,0.03703909726774861
2022-10-08 00:00:00+00:00,14047.38872634424,13328.165017162988,0.03703909726774861
2022-10-09 00:00:00+00:00,14048.168769732698,13328.165017162988,0.03703909726774861
2022-10-10 00:00:00+00:00,14036.79221100691,13328.165017162988,0.03703909726774861
2022-10-11 00:00:00+00:00,14034.130211086276,13328.165017162988,0.03703909726774861
2022-10-12 00:00:00+00:00,14037.668556048264,13328.165017162988,0.03703909726774861
2022-10-13 00:00:00+00:00,14045.802341808263,13328.165017162988,0.03703909726774861
2022-10-14 00:00:00+00:00,14038.461192729794,13328.165017162988,0.03703909726774861
2022-10-15 00:00:00+00:00,14034.47800820962,13328.165017162988,0.03703909726774861
2022-10-16 00:00:00+00:00,14041.648407049684,13328.165017162988,0.03703909726774861
2022-10-17 00:00:00+00:00,14052.274183273856,13328.165017162988,0.03703909726774861
2022-10-18 00:00:00+00:00,14044.035947259563,13328.165017162988,0.03703909726774861
2022-10-19 00:00:00+00:00,14036.499602138494,13328.165017162988,0.03703909726774861
2022-10-20 00:00:00+00:00,14033.460544207675,13328.165017162988,0.03703909726774861
2022-10-21 00:00:00+00:00,14037.995981668111,13328.165017162988,0.03703909726774861
2022-10-22 00:00:00+00:00,14039.476804776876,13328.165017162988,0.03703909726774861
2022-10-23 00:00:00+00:00,14053.034966331736,13328.165017162988,0.03703909726774861
2022-10-24 00:00:00+00:00,14044.120396401333,13328.165017162988,0.03703909726774861
2022-10-25 00:00:00+00:00,14071.91268303619,13328.165017162988,0.03703909726774861
2022-10-26 00:00:00+00:00,14097.525959578783,13328.165017162988,0.03703909726774861
2022-10-27 00:00:00+00:00,13988.10063115182,9567.332874912434,0.21782428162445955
2022-10-28 00:00:00+00:00,14052.735630238245,9567.332874912434,0.21782428162445955
2022-10-29 00:00:00+00:00,14100.1842935045,9567.332874912434,0.21782428162445955
2022-10-30 00:00:00+00:00,14060.498887635342,9567.332874912434,0.21782428162445955
2022-10-31 00:00:00+00:00,14030.713595366013,9567.332874912434,0.21782428162445955
2022-11-01 00:00:00+00:00,14029.162686480846,9567.332874912434,0.21782428162445955
2022-11-02 00:00:00+00:00,13956.892946323482,9567.332874912434,0.21782428162445955
2022-11-03 00:00:00+00:00,13969.086749608821,9567.332874912434,0.21782428162445955
2022-11-04 00:00:00+00:00,14173.99405133295,9567.332874912434,0.21782428162445955
2022-11-05 00:00:00+00:00,14206.852844215999,9567.332874912434,0.21782428162445955
2022-11-06 00:00:00+00:00,14121.075820355103,9567.332874912434,0.21782428162445955
2022-11-07 00:00:00+00:00,14052.580974998291,9567.332874912434,0.21782428162445955
2022-11-08 00:00:00+00:00,13607.369925786059,9567.332874912434,0.21782428162445955
2022-11-09 00:00:00+00:00,13600.907499751125,13600.907499751125,0.0
2022-11-10 00:00:00+00:00,13600.907499751125,13600.907499751125,0.0
2022-11-11 00:00:00+00:00,13600.907499751125,13600.907499751125,0.0
2022-11-12 00:00:00+00:00,13600.907499751125,13600.907499751125,0.0
2022-11-13 00:00:00+00:00,13600.907499751125,13600.907499751125,0.0
2022-11-14 00:00:00+00:00,13600.907499751125,13600.907499751125,0.0
2022-11-15 00:00:00+00:00,13600.907499751125,13600.907499751125,0.0
2022-11-16 00:00:00+00:00,13600.907499751125,13600.907499751125,0.0
2022-11-17 00:00:00+00:00,13600.907499751125,13600.907499751125,0.0
2022-11-18 00:00:00+00:00,13600.907499751125,13600.907499751125,0.0
2022-11-19 00:00:00+00:00,13600.907499751125,13600.907499751125,0.0
2022-11-20 00:00:00+00:00,13600.907499751125,13600.907499751125,0.0
2022-11-21 00:00:00+00:00,13600.907499751125,13600.907499751125,0.0
2022-11-22 00:00:00+00:00,13600.907499751125,13600.907499751125,0.0
2022-11-23 00:00:00+00:00,13600.907499751125,13600.907499751125,0.0
2022-11-24 00:00:00+00:00,13600.907499751125,13600.907499751125,0.0
2022-11-25 00:00:00+00:00,13600.907499751125,13600.907499751125,0.0
2022-11-26 00:00:00+00:00,13600.907499751125,13600.907499751125,0.0
2022-11-27 00:00:00+00:00,13600.907499751125,13600.907499751125,0.0
2022-11-28 00:00:00+00:00,13600.907499751125,13600.907499751125,0.0
2022-11-29 00:00:00+00:00,13600.907499751125,13600.907499751125,0.0
2022-11-30 00:00:00+00:00,13600.907499751125,13600.907499751125,0.0
2022-12-01 00:00:00+00:00,13587.308347718184,12507.977432806838,0.06357468294036983
2022-12-02 00:00:00+00:00,13594.642958889015,12507.977432806838,0.06357468294036983
2022-12-03 00:00:00+00:00,13581.44866919157,12507.977432806838,0.06357468294036983
2022-12-04 00:00:00+00:00,13595.466886779923,12507.977432806838,0.06357468294036983
2022-12-05 00:00:00+00:00,13586.607754712182,12507.977432806838,0.06357468294036983
2022-12-06 00:00:00+00:00,13594.4026465875,12507.977432806838,0.06357468294036983
2022-12-07 00:00:00+00:00,13578.361482587987,12507.977432806838,0.06357468294036983
2022-12-08 00:00:00+00:00,13602.994129240062,12507.977432806838,0.06357468294036983
2022-12-09 00:00:00+00:00,13596.92020403194,12507.977432806838,0.06357468294036983
2022-12-10 00:00:00+00:00,13596.852179121193,12507.977432806838,0.06357468294036983
2022-12-11 00:00:00+00:00,13594.154069577204,12507.977432806838,0.06357468294036983
2022-12-12 00:00:00+00:00,13602.086918514502,12507.977432806838,0.06357468294036983
2022-12-13 00:00:00+00:00,13637.99834966703,12507.977432806838,0.06357468294036983
2022-12-14 00:00:00+00:00,13639.807049396682,12507.977432806838,0.06357468294036983
2022-12-15 00:00:00+00:00,13611.401245312096,12507.977432806838,0.06357468294036983
2022-12-16 00:00:00+00:00,13565.359188433022,12507.977432806838,0.06357468294036983
2022-12-17 00:00:00+00:00,13574.539372649611,12507.977432806838,0.06357468294036983
2022-12-18 00:00:00+00:00,13572.103826546165,12507.977432806838,0.06357468294036983
2022-12-19 00:00:00+00:00,13553.074016701625,12507.977432806838,0.06357468294036983
2022-12-20 00:00:00+00:00,13582.107302906832,12507.977432806838,0.06357468294036983
2022-12-21 00:00:00+00:00,13577.60049363319,12507.977432806838,0.06357468294036983
2022-12-22 00:00:00+00:00,13577.394511660463,12507.977432806838,0.06357468294036983
2022-12-23 00:00:00+00:00,13574.665250521834,12507.977432806838,0.06357468294036983
2022-12-24 00:00:00+00:00,13578.328423752857,12507.977432806838,0.06357468294036983
2022-12-25 00:00:00+00:00,13578.073489274266,12507.977432806838,0.06357468294036983
2022-12-26 00:00:00+00:00,13583.622287601302,12507.977432806838,0.06357468294036983
2022-12-27 00:00:00+00:00,13570.078972894515,12507.977432806838,0.06357468294036983
2022-12-28 00:00:00+00:00,13559.96741957285,12507.977432806838,0.06357468294036983
2022-12-29 00:00:00+00:00,13558.390069385909,13558.390069385909,0.0
2022-12-30 00:00:00+00:00,13558.390069385909,13558.390069385909,0.0
2022-12-31 00:00:00+00:00,13558.390069385909,13558.390069385909,0.0
2023-01-01 00:00:00+00:00,13558.390069385909,13558.390069385909,0.0
2023-01-02 00:00:00+00:00,13558.390069385909,13558.390069385909,0.0
2023-01-03 00:00:00+00:00,13558.390069385909,13558.390069385909,0.0
2023-01-04 00:00:00+00:00,13558.390069385909,13558.390069385909,0.0
2023-01-05 00:00:00+00:00,13558.390069385909,13558.390069385909,0.0
2023-01-06 00:00:00+00:00,13558.390069385909,13558.390069385909,0.0
2023-01-07 00:00:00+00:00,13558.390069385909,13558.390069385909,0.0
2023-01-08 00:00:00+00:00,13558.390069385909,13558.390069385909,0.0
2023-01-09 00:00:00+00:00,13559.437576826296,12832.047744240235,0.04234362692065795
2023-01-10 00:00:00+00:00,13570.548544530277,12832.047744240235,0.04234362692065795
2023-01-11 00:00:00+00:00,13591.8304514206,12832.047744240235,0.04234362692065795
2023-01-12 00:00:00+00:00,13877.071661371878,7767.899932015401,0.3241521147747701
2023-01-13 00:00:00+00:00,14228.254820997716,7767.899932015401,0.3241521147747701
2023-01-14 00:00:00+00:00,14560.481564951526,7767.899932015401,0.3241521147747701
2023-01-15 00:00:00+00:00,14451.092610700958,-7271.296235529721,1.0407679776839556
2023-01-16 00:00:00+00:00,14776.456162126424,-7272.889944293673,1.0407679776839556
2023-01-17 00:00:00+00:00,14721.949460070986,-7274.484002363655,1.0407679776839556
2023-01-18 00:00:00+00:00,14244.370225704432,-7276.0784098162285,1.0407679776839556
2023-01-19 00:00:00+00:00,14652.962944157493,-7277.673166727969,1.0407679776839556
2023-01-20 00:00:00+00:00,16312.03803826206,-7279.268273175471,1.0407679776839556
2023-01-21 00:00:00+00:00,16431.52552872594,-7280.863729235345,1.0407679776839556
2023-01-22 00:00:00+00:00,16351.174810105722,-7282.459534984218,1.0407679776839556
2023-01-23 00:00:00+00:00,16566.65163169675,-7284.055690498735,1.0407679776839556
2023-01-24 00:00:00+00:00,16269.934958587863,-7285.652195855557,1.0407679776839556
2023-01-25 00:00:00+00:00,16713.838836159674,-7287.249051131361,1.0407679776839556
2023-01-26 00:00:00+00:00,16658.86064131279,-7288.846256402841,1.0407679776839556
2023-01-27 00:00:00+00:00,16724.403028209308,-7290.443811746711,1.0407679776839556
2023-01-28 00:00:00+00:00,16669.143125786937,-7292.0417172396965,1.0407679776839556
2023-01-29 00:00:00+00:00,17416.585583607233,-7293.639972958544,1.0407679776839556
2023-01-30 00:00:00+00:00,16461.48739483061,-7295.238578980014,1.0407679776839556
2023-01-31 00:00:00+00:00,16771.057248397687,-7296.837535380886,1.0407679776839556
2023-02-01 00:00:00+00:00,17401.75571102295,-7298.436842237956,1.0407679776839556
2023-02-02 00:00:00+00:00,17146.500082111736,-7300.036499628035,1.0407679776839556
2023-02-03 00:00:00+00:00,17085.534668664724,-7301.6365076279535,1.0407679776839556
2023-02-04 00:00:00+00:00,16974.591226242646,-7303.236866314557,1.0407679776839556
2023-02-05 00:00:00+00:00,16563.00078734345,-7304.837575764708,1.0407679776839556
2023-02-06 00:00:00+00:00,16384.063271335304,-7306.438636055287,1.0407679776839556
2023-02-07 00:00:00+00:00,16879.88650738167,-7308.04004726319,1.0407679776839556
2023-02-08 00:00:00+00:00,16589.51326209134,-7309.64180946533,1.0407679776839556
2023-02-09 00:00:00+00:00,15373.699187653045,-7311.243922738638,1.0407679776839556
2023-02-10 00:00:00+00:00,15193.958876171238,-7312.84638716006,1.0407679776839556
2023-02-11 00:00:00+00:00,15362.761151237137,-1070.512988240972,0.7516631929705413
2023-02-12 00:00:00+00:00,15303.137609376809,-1070.7476212246959,0.7516631929705413
2023-02-13 00:00:00+00:00,15289.860648921156,4380.25569335196,0.5010388530694767
2023-02-14 00:00:00+00:00,15503.238065277852,4380.25569335196,0.5010388530694767
2023-02-15 00:00:00+00:00,16567.549807356565,4380.25569335196,0.5010388530694767
2023-02-16 00:00:00+00:00,15724.825467822937,-8267.010786940302,1.0201599583107221
2023-02-17 00:00:00+00:00,16414.909472676718,11.116066290316667,0.6676358744592037
2023-02-18 00:00:00+00:00,16463.439647173556,-8184.066648676573,1.00063154950583
2023-02-19 00:00:00+00:00,16101.228401324463,-8185.86041670916,1.00063154950583
2023-02-20 00:00:00+00:00,16467.020731742603,11.801827308046995,0.6623897603446779
2023-02-21 00:00:00+00:00,16302.689721179806,6592.169815584742,0.3971231950713174
2023-02-22 00:00:00+00:00,16195.486314670303,6592.169815584742,0.3971231950713174
2023-02-23 00:00:00+00:00,16099.378530231093,6592.169815584742,0.3971231950713174
2023-02-24 00:00:00+00:00,15582.622627089055,14.260813071970006,0.6714758285972305
2023-02-25 00:00:00+00:00,15561.575113258563,6237.367231322467,0.4026505892989094
2023-02-26 00:00:00+00:00,15721.741464669882,6237.367231322467,0.4026505892989094
2023-02-27 00:00:00+00:00,15696.471113685484,6237.367231322467,0.4026505892989094
2023-02-28 00:00:00+00:00,15555.33402912443,6237.367231322467,0.4026505892989094
2023-03-01 00:00:00+00:00,15751.585926348718,6237.367231322467,0.4026505892989094
2023-03-02 00:00:00+00:00,15633.129705157291,14.27180518348905,0.6656145281621475
2023-03-03 00:00:00+00:00,14893.64527665971,14.27180518348905,0.6656145281621475
2023-03-04 00:00:00+00:00,14883.567627469543,4264.875315129679,0.4751822007735355
2023-03-05 00:00:00+00:00,14923.326122208267,4264.875315129679,0.4751822007735355
2023-03-06 00:00:00+00:00,14913.70843446461,4264.875315129679,0.4751822007735355
2023-03-07 00:00:00+00:00,14812.950800612589,4264.875315129679,0.4751822007735355
2023-03-08 00:00:00+00:00,14578.914063087606,4264.875315129679,0.4751822007735355
2023-03-09 00:00:00+00:00,13940.63982736458,4264.875315129679,0.4751822007735355
2023-03-10 00:00:00+00:00,13840.124536434952,4264.875315129679,0.4751822007735355
2023-03-11 00:00:00+00:00,13985.074114958912,4264.875315129679,0.4751822007735355
2023-03-12 00:00:00+00:00,14717.510455587224,4264.875315129679,0.4751822007735355
2023-03-13 00:00:00+00:00,15317.392375030364,8413.476338244775,0.2863094019106985
2023-03-14 00:00:00+00:00,15476.84667023649,8413.476338244775,0.2863094019106985
2023-03-15 00:00:00+00:00,15089.463267548359,-7729.522050202089,0.9396073780885694
2023-03-16 00:00:00+00:00,15757.821939191654,-7731.216192021312,0.9396073780885694
2023-03-17 00:00:00+00:00,18007.755566536223,-7732.910705159289,0.9396073780885694
2023-03-18 00:00:00+00:00,17547.870540146996,-7734.605589697407,0.9396073780885694
2023-03-19 00:00:00+00:00,18547.214192595333,-7736.300845717066,0.9396073780885694
2023-03-20 00:00:00+00:00,18305.11062125497,-7737.99647329969,0.9396073780885694
2023-03-21 00:00:00+00:00,18668.41450412023,-7739.6924725267145,0.9396073780885694
2023-03-22 00:00:00+00:00,17863.823628590668,-7741.388843479597,0.9396073780885694
2023-03-23 00:00:00+00:00,18843.490415801276,-7743.085586239812,0.9396073780885694
2023-03-24 00:00:00+00:00,18051.639872622436,-7744.782700888851,0.9396073780885694
2023-03-25 00:00:00+00:00,18057.910256569256,-7746.480187508224,0.9396073780885694
2023-03-26 00:00:00+00:00,18530.808084570555,-7748.178046179459,0.9396073780885694
2023-03-27 00:00:00+00:00,18173.360503382293,7406.210250939865,0.39694694848544854
2023-03-28 00:00:00+00:00,18227.40879988807,7406.210250939865,0.39694694848544854
2023-03-29 00:00:00+00:00,18659.10051477445,7406.210250939865,0.39694694848544854
2023-03-30 00:00:00+00:00,18532.049704972713,7406.210250939865,0.39694694848544854
2023-03-31 00:00:00+00:00,18705.448040479612,7406.210250939865,0.39694694848544854
2023-04-01 00:00:00+00:00,18700.43460052024,7406.210250939865,0.39694694848544854
2023-04-02 00:00:00+00:00,18588.948080568618,7406.210250939865,0.39694694848544854
2023-04-03 00:00:00+00:00,18194.415021678014,-9279.73340201845,0.9882787202768513
2023-04-04 00:00:00+00:00,18553.567331407292,-9281.767316188756,0.9882787202768513
2023-04-05 00:00:00+00:00,18556.01975683763,-9283.801676148469,0.9882787202768513
2023-04-06 00:00:00+00:00,18444.2494784621,-2299.233265335017,0.7399449216623749
2023-04-07 00:00:00+00:00,18349.409958861757,-2299.737206872625,0.7399449216623749
2023-04-08 00:00:00+00:00,18372.621141610492,-2300.2412588631723,0.7399449216623749
2023-04-09 00:00:00+00:00,18657.276953053035,-2300.7454213308683,0.7399449216623749
2023-04-10 00:00:00+00:00,19628.749530281242,-2301.2496942999273,0.7399449216623749
2023-04-11 00:00:00+00:00,20044.89333327625,-2301.7540777945683,0.7399449216623749
2023-04-12 00:00:00+00:00,19720.6800822483,-9991.119738751699,0.9941023231342806
2023-04-13 00:00:00+00:00,20201.39533329395,-9993.309573214987,0.9941023231342806
2023-04-14 00:00:00+00:00,20291.746004127515,-9995.499887641992,0.9941023231342806
2023-04-15 00:00:00+00:00,20118.7286664242,-9997.690682137914,0.9941023231342806
2023-04-16 00:00:00+00:00,20126.041009963308,-9999.881956807973,0.9941023231342806
2023-04-17 00:00:00+00:00,19254.626065711716,-10002.07371175741,0.9941023231342806
2023-04-18 00:00:00+00:00,20196.57257075118,-10004.265947091493,0.9941023231342806
2023-04-19 00:00:00+00:00,19130.781364790593,15.1977114816018,0.6638023847300247
2023-04-20 00:00:00+00:00,18763.399934961766,15.1977114816018,0.6638023847300247
2023-04-21 00:00:00+00:00,18112.335917994707,15.1977114816018,0.6638023847300247
2023-04-22 00:00:00+00:00,18367.074881361434,5186.561429486939,0.4738319921872712
2023-04-23 00:00:00+00:00,18259.870393129062,5186.561429486939,0.4738319921872712
2023-04-24 00:00:00+00:00,18222.120198311502,5186.561429486939,0.4738319921872712
2023-04-25 00:00:00+00:00,18596.381135660544,5186.561429486939,0.4738319921872712
2023-04-26 00:00:00+00:00,18650.634898765984,5186.561429486939,0.4738319921872712
2023-04-27 00:00:00+00:00,19151.702753864178,5186.561429486939,0.4738319921872712
2023-04-28 00:00:00+00:00,19075.382634882575,5186.561429486939,0.4738319921872712
2023-04-29 00:00:00+00:00,19036.883785517362,5186.561429486939,0.4738319921872712
2023-04-30 00:00:00+00:00,19038.191561815795,5186.561429486939,0.4738319921872712
2023-05-01 00:00:00+00:00,18486.200982517235,5186.561429486939,0.4738319921872712
2023-05-02 00:00:00+00:00,18771.258309017096,5186.561429486939,0.4738319921872712
2023-05-03 00:00:00+00:00,18940.08464783342,5186.561429486939,0.4738319921872712
2023-05-04 00:00:00+00:00,18851.004233302214,5186.561429486939,0.4738319921872712
2023-05-05 00:00:00+00:00,19167.263396487608,5186.561429486939,0.4738319921872712
2023-05-06 00:00:00+00:00,18855.761506503775,5186.561429486939,0.4738319921872712
2023-05-07 00:00:00+00:00,18657.65235057028,5186.561429486939,0.4738319921872712
2023-05-08 00:00:00+00:00,18296.919316598185,5186.561429486939,0.4738319921872712
2023-05-09 00:00:00+00:00,18277.533909830116,10459.20901286896,0.2829827888956187
2023-05-10 00:00:00+00:00,18269.180257901917,10459.20901286896,0.2829827888956187
2023-05-11 00:00:00+00:00,18090.86431313512,10459.20901286896,0.2829827888956187
2023-05-12 00:00:00+00:00,17979.416827169644,2595.856262035263,0.5741203517048279
2023-05-13 00:00:00+00:00,17968.089432630506,2595.856262035263,0.5741203517048279
2023-05-14 00:00:00+00:00,18049.809723492173,2595.856262035263,0.5741203517048279
2023-05-15 00:00:00+00:00,18190.193631891038,2595.856262035263,0.5741203517048279
2023-05-16 00:00:00+00:00,18116.533990767308,2595.856262035263,0.5741203517048279
2023-05-17 00:00:00+00:00,18329.974713920612,2595.856262035263,0.5741203517048279
2023-05-18 00:00:00+00:00,18099.07016747367,7863.480483046639,0.3816219689898107
2023-05-19 00:00:00+00:00,18125.25124213085,2600.93483702288,0.5775359466429256
2023-05-20 00:00:00+00:00,18202.953977763504,7775.703664738703,0.38473488587646204
2023-05-21 00:00:00+00:00,18066.507750487417,7775.703664738703,0.38473488587646204
2023-05-22 00:00:00+00:00,18105.554494055017,7775.703664738703,0.38473488587646204
2023-05-23 00:00:00+00:00,18248.037211690506,7775.703664738703,0.38473488587646204
2023-05-24 00:00:00+00:00,17905.39232232893,7775.703664738703,0.38473488587646204
2023-05-25 00:00:00+00:00,17961.094239106125,7775.703664738703,0.38473488587646204
2023-05-26 00:00:00+00:00,18050.402748164626,7775.703664738703,0.38473488587646204
2023-05-27 00:00:00+00:00,18107.478168484402,7775.703664738703,0.38473488587646204
2023-05-28 00:00:00+00:00,18573.288236861612,7775.703664738703,0.38473488587646204
2023-05-29 00:00:00+00:00,18446.864353362605,7775.703664738703,0.38473488587646204
2023-05-30 00:00:00+00:00,18430.705488155792,7775.703664738703,0.38473488587646204
2023-05-31 00:00:00+00:00,18244.47456664729,7775.703664738703,0.38473488587646204
2023-06-01 00:00:00+00:00,18093.49690273165,7775.703664738703,0.38473488587646204
2023-06-02 00:00:00+00:00,18256.87841936795,7775.703664738703,0.38473488587646204
2023-06-03 00:00:00+00:00,18190.176932203547,7775.703664738703,0.38473488587646204
2023-06-04 00:00:00+00:00,18207.870889605005,7775.703664738703,0.38473488587646204
2023-06-05 00:00:00+00:00,17674.239755545495,7775.703664738703,0.38473488587646204
2023-06-06 00:00:00+00:00,18252.065385945636,7775.703664738703,0.38473488587646204
2023-06-07 00:00:00+00:00,18114.4577131071,14336.906852091484,0.14341858455889991
2023-06-08 00:00:00+00:00,18137.299991069794,14336.906852091484,0.14341858455889991
2023-06-09 00:00:00+00:00,18134.31688451097,14336.906852091484,0.14341858455889991
2023-06-10 00:00:00+00:00,18043.016613580774,14336.906852091484,0.14341858455889991
2023-06-11 00:00:00+00:00,18055.11253700247,14336.906852091484,0.14341858455889991
2023-06-12 00:00:00+00:00,18052.19253462085,14336.906852091484,0.14341858455889991
2023-06-13 00:00:00+00:00,18056.360278688135,14336.906852091484,0.14341858455889991
2023-06-14 00:00:00+00:00,17940.815096038255,14336.906852091484,0.14341858455889991
2023-06-15 00:00:00+00:00,18008.206054736638,14336.906852091484,0.14341858455889991
2023-06-16 00:00:00+00:00,18115.269462295702,14336.906852091484,0.14341858455889991
2023-06-17 00:00:00+00:00,18139.936024653987,14336.906852091484,0.14341858455889991
2023-06-18 00:00:00+00:00,18114.548066815372,14336.906852091484,0.14341858455889991
2023-06-19 00:00:00+00:00,18186.885532495187,14336.906852091484,0.14341858455889991
2023-06-20 00:00:00+00:00,18396.798709598977,14336.906852091484,0.14341858455889991
2023-06-21 00:00:00+00:00,19316.973846927132,2634.2041461925164,0.556205603899148
2023-06-22 00:00:00+00:00,19191.376160035135,-9635.574212807021,0.964598545783029
2023-06-23 00:00:00+00:00,19964.396352778684,-9637.6861194838,0.964598545783029
2023-06-24 00:00:00+00:00,19806.916095448978,-9639.798489044235,0.964598545783029
2023-06-25 00:00:00+00:00,19742.326215093068,-9641.91132158978,0.964598545783029
2023-06-26 00:00:00+00:00,19552.434520553354,-9644.024617221909,0.964598545783029
2023-06-27 00:00:00+00:00,19959.744614490744,-9646.138376042121,0.964598545783029
2023-06-28 00:00:00+00:00,19364.373348767993,-9648.25259815194,0.964598545783029
2023-06-29 00:00:00+00:00,19719.063665352172,-9650.367283652904,0.964598545783029
2023-06-30 00:00:00+00:00,19740.764454453878,-9652.48243264658,0.964598545783029
2023-07-01 00:00:00+00:00,19848.51661623059,-9654.598045234558,0.964598545783029
2023-07-02 00:00:00+00:00,19876.428492676925,-9656.714121518444,0.964598545783029
2023-07-03 00:00:00+00:00,20394.394550525336,-9658.830661599872,0.964598545783029
2023-07-04 00:00:00+00:00,20016.38313923852,-9660.947665580496,0.964598545783029
2023-07-05 00:00:00+00:00,19761.83023182561,-9663.065133561993,0.964598545783029
2023-07-06 00:00:00+00:00,19171.905237912273,-9665.183065646062,0.964598545783029
2023-07-07 00:00:00+00:00,19603.152030287856,-9667.301461934423,0.964598545783029
2023-07-08 00:00:00+00:00,19543.08973504827,-9669.42032252882,0.964598545783029
2023-07-09 00:00:00+00:00,19421.43735825264,-9671.539647531019,0.964598545783029
2023-07-10 00:00:00+00:00,19661.296759935984,-9673.659437042807,0.964598545783029
2023-07-11 00:00:00+00:00,19802.782731507345,-2435.940826802327,0.7262311715496218
2023-07-12 00:00:00+00:00,19626.42826003643,-2436.4747316410785,0.7262311715496218
2023-07-13 00:00:00+00:00,20406.033549591193,-2437.0087535000685,0.7262311715496218
2023-07-14 00:00:00+00:00,19575.983641918905,-2437.542892404945,0.7262311715496218
2023-07-15 00:00:00+00:00,19559.11644689434,-2438.077148381363,0.7262311715496218
2023-07-16 00:00:00+00:00,19516.801994521473,-2438.6115214549804,0.7262311715496218
2023-07-17 00:00:00+00:00,19448.009036511037,-2439.1460116514636,0.7262311715496218
2023-07-18 00:00:00+00:00,19244.950342355976,-2439.680618996483,0.7262311715496218
2023-07-19 00:00:00+00:00,19280.785274907947,-2440.215343515715,0.7262311715496218
2023-07-20 00:00:00+00:00,19200.938726943885,-2440.750185234842,0.7262311715496218
2023-07-21 00:00:00+00:00,19229.033997894054,6861.990502848768,0.41358970303531983
2023-07-22 00:00:00+00:00,19184.482115083087,6861.990502848768,0.41358970303531983
2023-07-23 00:00:00+00:00,19304.319731537573,6861.990502848768,0.41358970303531983
2023-07-24 00:00:00+00:00,18929.090473458775,6861.990502848768,0.41358970303531983
2023-07-25 00:00:00+00:00,18950.766709794858,6861.990502848768,0.41358970303531983
2023-07-26 00:00:00+00:00,19001.658922753355,6861.990502848768,0.41358970303531983
2023-07-27 00:00:00+00:00,18948.231404915252,6861.990502848768,0.41358970303531983
2023-07-28 00:00:00+00:00,18986.01696018456,6861.990502848768,0.41358970303531983
2023-07-29 00:00:00+00:00,19002.04769707421,6861.990502848768,0.41358970303531983
2023-07-30 00:00:00+00:00,18972.347820499243,6861.990502848768,0.41358970303531983
2023-07-31 00:00:00+00:00,18952.148099403,6861.990502848768,0.41358970303531983
2023-08-01 00:00:00+00:00,19148.08208531895,6861.990502848768,0.41358970303531983
2023-08-02 00:00:00+00:00,18933.023711534643,6861.990502848768,0.41358970303531983
2023-08-03 00:00:00+00:00,18936.179400968802,6861.990502848768,0.41358970303531983
2023-08-04 00:00:00+00:00,18903.23698112204,6861.990502848768,0.41358970303531983
2023-08-05 00:00:00+00:00,18885.92411615298,6861.990502848768,0.41358970303531983
2023-08-06 00:00:00+00:00,18892.661492415427,6861.990502848768,0.41358970303531983
2023-08-07 00:00:00+00:00,18943.38413359568,6861.990502848768,0.41358970303531983
2023-08-08 00:00:00+00:00,19174.729669885513,6861.990502848768,0.41358970303531983
2023-08-09 00:00:00+00:00,19096.79696214257,6861.990502848768,0.41358970303531983
2023-08-10 00:00:00+00:00,19044.58539803139,6861.990502848768,0.41358970303531983
2023-08-11 00:00:00+00:00,19032.29351205718,6861.990502848768,0.41358970303531983
2023-08-12 00:00:00+00:00,19034.005773427747,6861.990502848768,0.41358970303531983
2023-08-13 00:00:00+00:00,18981.756986243294,6861.990502848768,0.41358970303531983
2023-08-14 00:00:00+00:00,19034.320101602054,6861.990502848768,0.41358970303531983
2023-08-15 00:00:00+00:00,18938.80983148011,6861.990502848768,0.41358970303531983
2023-08-16 00:00:00+00:00,18744.633601802052,6861.990502848768,0.41358970303531983
2023-08-17 00:00:00+00:00,17873.15873853633,6861.990502848768,0.41358970303531983
2023-08-18 00:00:00+00:00,17856.641986182804,17856.641986182804,0.0
2023-08-19 00:00:00+00:00,17856.641986182804,17856.641986182804,0.0
2023-08-20 00:00:00+00:00,17856.641986182804,17856.641986182804,0.0
2023-08-21 00:00:00+00:00,17856.641986182804,17856.641986182804,0.0
2023-08-22 00:00:00+00:00,17856.641986182804,17856.641986182804,0.0
2023-08-23 00:00:00+00:00,17856.641986182804,17856.641986182804,0.0
2023-08-24 00:00:00+00:00,17856.641986182804,17856.641986182804,0.0
2023-08-25 00:00:00+00:00,17856.641986182804,17856.641986182804,0.0
2023-08-26 00:00:00+00:00,17856.641986182804,17856.641986182804,0.0
2023-08-27 00:00:00+00:00,17856.641986182804,17856.641986182804,0.0
2023-08-28 00:00:00+00:00,17856.641986182804,17856.641986182804,0.0
2023-08-29 00:00:00+00:00,17856.641986182804,17856.641986182804,0.0
2023-08-30 00:00:00+00:00,17856.641986182804,17856.641986182804,0.0
2023-08-31 00:00:00+00:00,17856.641986182804,17856.641986182804,0.0
2023-09-01 00:00:00+00:00,17887.482176625515,26755.78846060898,-0.3436655338386658
2023-09-02 00:00:00+00:00,17862.893754132278,26753.35271842698,-0.3436655338386658
2023-09-03 00:00:00+00:00,17825.497651601407,26750.907400687505,-0.3436655338386658
2023-09-04 00:00:00+00:00,17872.962803075825,26748.475753303883,-0.3436655338386658
2023-09-05 00:00:00+00:00,17882.1914843356,26746.04729965585,-0.3436655338386658
2023-09-06 00:00:00+00:00,17890.81490468182,26743.621873089163,-0.3436655338386658
2023-09-07 00:00:00+00:00,17718.211244184873,26741.149835119046,-0.3436655338386658
2023-09-08 00:00:00+00:00,17834.164418999273,26738.710233526024,-0.3436655338386658
2023-09-09 00:00:00+00:00,17834.7808410395,26736.271468970426,-0.3436655338386658
2023-09-10 00:00:00+00:00,17852.96765781067,26733.838353711275,-0.3436655338386658
2023-09-11 00:00:00+00:00,18083.978309604754,26731.469178130857,-0.3436655338386658
2023-09-12 00:00:00+00:00,17848.68444410116,26729.036205045668,-0.3436655338386658
2023-09-13 00:00:00+00:00,17714.969645871097,26726.567274188594,-0.3436655338386658
2023-09-14 00:00:00+00:00,17609.121863807384,26724.07002811618,-0.3436655338386658
2023-09-15 00:00:00+00:00,17580.062306582986,26721.565506691495,-0.3436655338386658
2023-09-16 00:00:00+00:00,17591.421613406776,26719.06478253557,-0.3436655338386658
2023-09-17 00:00:00+00:00,17599.976200841997,26716.56708640254,-0.3436655338386658
2023-09-18 00:00:00+00:00,17516.694977845797,26714.04726385843,-0.3436655338386658
2023-09-19 00:00:00+00:00,17540.928850233875,15002.487763908943,0.09328985045806001
2023-09-20 00:00:00+00:00,17532.97495758382,15002.487763908943,0.09328985045806001
2023-09-21 00:00:00+00:00,17481.01997406672,15002.487763908943,0.09328985045806001
2023-09-22 00:00:00+00:00,17482.145049663242,15002.487763908943,0.09328985045806001
2023-09-23 00:00:00+00:00,17481.755098088328,15002.487763908943,0.09328985045806001
2023-09-24 00:00:00+00:00,17451.195208875277,15002.487763908943,0.09328985045806001
2023-09-25 00:00:00+00:00,17456.459555136626,15002.487763908943,0.09328985045806001
2023-09-26 00:00:00+00:00,17448.70343696954,15002.487763908943,0.09328985045806001
2023-09-27 00:00:00+00:00,17462.820057140856,15002.487763908943,0.09328985045806001
2023-09-28 00:00:00+00:00,17523.309196177863,15002.487763908943,0.09328985045806001
2023-09-29 00:00:00+00:00,17512.634038589946,15002.487763908943,0.09328985045806001
2023-09-30 00:00:00+00:00,17517.820954275412,15002.487763908943,0.09328985045806001
2023-10-01 00:00:00+00:00,17613.91043314572,15002.487763908943,0.09328985045806001
2023-10-02 00:00:00+00:00,17567.44649022658,15002.487763908943,0.09328985045806001
2023-10-03 00:00:00+00:00,17561.098115902907,15002.487763908943,0.09328985045806001
2023-10-04 00:00:00+00:00,17593.946405147693,15002.487763908943,0.09328985045806001
2023-10-05 00:00:00+00:00,17559.598948006045,15002.487763908943,0.09328985045806001
2023-10-06 00:00:00+00:00,17608.174973139558,15002.487763908943,0.09328985045806001
2023-10-07 00:00:00+00:00,17607.67994780509,10065.723335663515,0.26977306711212656
2023-10-08 00:00:00+00:00,17596.991538886108,10065.723335663515,0.26977306711212656
2023-10-09 00:00:00+00:00,17508.79463005514,10065.723335663515,0.26977306711212656
2023-10-10 00:00:00+00:00,17454.840016632716,10065.723335663515,0.26977306711212656
2023-10-11 00:00:00+00:00,17316.014796296815,10065.723335663515,0.26977306711212656
2023-10-12 00:00:00+00:00,17284.75079554919,10065.723335663515,0.26977306711212656
2023-10-13 00:00:00+00:00,17312.36746442946,10065.723335663515,0.26977306711212656
2023-10-14 00:00:00+00:00,17309.799224830553,10065.723335663515,0.26977306711212656
2023-10-15 00:00:00+00:00,17391.181665986267,10065.723335663515,0.26977306711212656
2023-10-16 00:00:00+00:00,17754.46617135147,10065.723335663515,0.26977306711212656
2023-10-17 00:00:00+00:00,17626.329158380453,-8867.641793425735,0.9330206692374425
2023-10-18 00:00:00+00:00,17553.559966656787,-8869.585386147583,0.9330206692374425
2023-10-19 00:00:00+00:00,17783.883564044852,12.947089159984898,0.6189007437521961
2023-10-20 00:00:00+00:00,18375.13801157364,12.947089159984898,0.6189007437521961
2023-10-21 00:00:00+00:00,18453.443019579754,7355.5401055448765,0.37104570789623725
2023-10-22 00:00:00+00:00,18484.113657794456,7355.5401055448765,0.37104570789623725
2023-10-23 00:00:00+00:00,19626.01795521636,7355.5401055448765,0.37104570789623725
2023-10-24 00:00:00+00:00,20356.159834468453,-9796.750023192206,0.8888703785827572
2023-10-25 00:00:00+00:00,20863.61976703572,-9798.897256074002,0.8888703785827572
2023-10-26 00:00:00+00:00,20555.353993847428,-9801.044959582183,0.8888703785827572
2023-10-27 00:00:00+00:00,20322.419514514477,-9803.1931338199,0.8888703785827572
2023-10-28 00:00:00+00:00,20488.249593588618,-9805.341778890326,0.8888703785827572
2023-10-29 00:00:00+00:00,20881.550020309973,-9807.490894896659,0.8888703785827572
2023-10-30 00:00:00+00:00,20833.925824696224,-9809.640481942115,0.8888703785827572
2023-10-31 00:00:00+00:00,20978.474933789694,-9811.790540129938,0.8888703785827572
2023-11-01 00:00:00+00:00,21671.118824479243,-9813.94106956339,0.8888703785827572
2023-11-02 00:00:00+00:00,21242.45226123772,-9816.092070345761,0.8888703785827572
2023-11-03 00:00:00+00:00,21040.47383919393,-9818.243542580358,0.8888703785827572
2023-11-04 00:00:00+00:00,21138.46577619238,8407.717588322388,0.3630917452355207
2023-11-05 00:00:00+00:00,21120.242201499008,8407.717588322388,0.3630917452355207
2023-11-06 00:00:00+00:00,21132.663570103516,8407.717588322388,0.3630917452355207
2023-11-07 00:00:00+00:00,21420.797424360557,-10549.556090871649,0.9031397818711935
2023-11-08 00:00:00+00:00,21622.233527678723,-10551.86832234362,0.9031397818711935
2023-11-09 00:00:00+00:00,22592.033356428983,-10554.181060606052,0.9031397818711935
2023-11-10 00:00:00+00:00,23132.091675869946,-10556.49430577002,0.9031397818711935
2023-11-11 00:00:00+00:00,22974.77204293079,-10558.808057946628,0.9031397818711935
2023-11-12 00:00:00+00:00,22912.967966198557,-10561.122317247,0.9031397818711935
2023-11-13 00:00:00+00:00,22367.68556280231,-10563.437083782286,0.9031397818711935
2023-11-14 00:00:00+00:00,21541.941624197694,-10565.752357663663,0.9031397818711935
2023-11-15 00:00:00+00:00,22350.635935338498,8607.336142745848,0.3630204233849642
2023-11-16 00:00:00+00:00,21735.428854032238,8607.336142745848,0.3630204233849642
2023-11-17 00:00:00+00:00,21898.936882929054,8607.336142745848,0.3630204233849642
2023-11-18 00:00:00+00:00,21882.303287129558,8607.336142745848,0.3630204233849642
2023-11-19 00:00:00+00:00,22169.728337548837,8607.336142745848,0.3630204233849642
2023-11-20 00:00:00+00:00,22202.008113596225,8607.336142745848,0.3630204233849642
2023-11-21 00:00:00+00:00,21582.285058223053,8607.336142745848,0.3630204233849642
2023-11-22 00:00:00+00:00,22187.32756767454,8607.336142745848,0.3630204233849642
2023-11-23 00:00:00+00:00,22145.92145818325,8607.336142745848,0.3630204233849642
2023-11-24 00:00:00+00:00,22298.132291504335,8607.336142745848,0.3630204233849642
2023-11-25 00:00:00+00:00,22322.490961913463,8607.336142745848,0.3630204233849642
2023-11-26 00:00:00+00:00,22201.51803602466,8607.336142745848,0.3630204233849642
2023-11-27 00:00:00+00:00,22127.196864745056,8607.336142745848,0.3630204233849642
2023-11-28 00:00:00+00:00,22336.358342086773,8607.336142745848,0.3630204233849642
2023-11-29 00:00:00+00:00,22349.34358263125,8607.336142745848,0.3630204233849642
2023-11-30 00:00:00+00:00,22245.020261482725,-2773.663177960393,0.6632040602164544
2023-12-01 00:00:00+00:00,22655.779582099487,5573.705034265046,0.4415967353686999
2023-12-02 00:00:00+00:00,23147.77769312994,-2806.9638807145916,0.6579090318297438
2023-12-03 00:00:00+00:00,23590.840798199893,-11537.484943899373,0.8788176035605508
2023-12-04 00:00:00+00:00,25362.50416514875,-11540.013707722694,0.8788176035605508
2023-12-05 00:00:00+00:00,27189.86643756168,-11542.54302579562,0.8788176035605508
2023-12-06 00:00:00+00:00,26914.34945292365,-11545.07289823963,0.8788176035605508
2023-12-07 00:00:00+00:00,26481.593868163985,-11547.603325176231,0.8788176035605508
2023-12-08 00:00:00+00:00,27268.109271970097,-11550.134306726955,0.8788176035605508
2023-12-09 00:00:00+00:00,26863.61535199113,-11552.665843013361,0.8788176035605508
2023-12-10 00:00:00+00:00,26927.794305133742,-11555.197934157035,0.8788176035605508
2023-12-11 00:00:00+00:00,24696.48354644524,-11557.730580279589,0.8788176035605508
2023-12-12 00:00:00+00:00,24903.978964297097,-11560.263781502665,0.8788176035605508
2023-12-13 00:00:00+00:00,25366.675345408108,9951.651725819549,0.35958414780060477
2023-12-14 00:00:00+00:00,25421.774424375595,9951.651725819549,0.35958414780060477
2023-12-15 00:00:00+00:00,25032.718759821255,9951.651725819549,0.35958414780060477
2023-12-16 00:00:00+00:00,25154.16111405795,9951.651725819549,0.35958414780060477
2023-12-17 00:00:00+00:00,24829.31998661784,9951.651725819549,0.35958414780060477
2023-12-18 00:00:00+00:00,25290.72038586819,9951.651725819549,0.35958414780060477
2023-12-19 00:00:00+00:00,25153.427562396435,9951.651725819549,0.35958414780060477
2023-12-20 00:00:00+00:00,25654.306705233812,9951.651725819549,0.35958414780060477
2023-12-21 00:00:00+00:00,25723.659699820117,9951.651725819549,0.35958414780060477
2023-12-22 00:00:00+00:00,25762.221503830253,9951.651725819549,0.35958414780060477
2023-12-23 00:00:00+00:00,25666.25568646523,9951.651725819549,0.35958414780060477
2023-12-24 00:00:00+00:00,25410.713615989247,9951.651725819549,0.35958414780060477
2023-12-25 00:00:00+00:00,25620.937296317916,9951.651725819549,0.35958414780060477
2023-12-26 00:00:00+00:00,25237.189093785113,9951.651725819549,0.35958414780060477
2023-12-27 00:00:00+00:00,25567.97774302984,9951.651725819549,0.35958414780060477
2023-12-28 00:00:00+00:00,24768.342709097808,-12763.363011438005,0.8817760865237425
2023-12-29 00:00:00+00:00,24428.35672227352,-3069.545072083332,0.6536699664310546
2023-12-30 00:00:00+00:00,24446.437740705514,6120.722169225941,0.43487408179251713
2023-12-31 00:00:00+00:00,24508.75519662638,6120.722169225941,0.43487408179251713
2024-01-01 00:00:00+00:00,25333.26340948254,6120.722169225941,0.43487408179251713
2024-01-02 00:00:00+00:00,25812.985821395356,-3138.5268598842376,0.6441268750461286
2024-01-03 00:00:00+00:00,24458.54935435035,-3139.2147561822944,0.6441268750461286
2024-01-04 00:00:00+00:00,24768.595013600512,13443.775085974396,0.25650142188136005
2024-01-05 00:00:00+00:00,24767.05857008344,13443.775085974396,0.25650142188136005
2024-01-06 00:00:00+00:00,24721.711683709036,13443.775085974396,0.25650142188136005
2024-01-07 00:00:00+00:00,24711.6311778291,13443.775085974396,0.25650142188136005
2024-01-08 00:00:00+00:00,25486.783604783006,13443.775085974396,0.25650142188136005
2024-01-09 00:00:00+00:00,25271.05564892391,13443.775085974396,0.25650142188136005
2024-01-10 00:00:00+00:00,25410.58985741315,13443.775085974396,0.25650142188136005
2024-01-11 00:00:00+00:00,25329.835514762242,13443.775085974396,0.25650142188136005
2024-01-12 00:00:00+00:00,24417.606162940716,13443.775085974396,0.25650142188136005
2024-01-13 00:00:00+00:00,24434.34544573269,13443.775085974396,0.25650142188136005
2024-01-14 00:00:00+00:00,24148.18219942497,13443.775085974396,0.25650142188136005
2024-01-15 00:00:00+00:00,24347.93268171508,13443.775085974396,0.25650142188136005
2024-01-16 00:00:00+00:00,24508.720598021413,13443.775085974396,0.25650142188136005
2024-01-17 00:00:00+00:00,24415.90555851364,13443.775085974396,0.25650142188136005
2024-01-18 00:00:00+00:00,24044.337598776303,13443.775085974396,0.25650142188136005
2024-01-19 00:00:00+00:00,24129.37551517263,13443.775085974396,0.25650142188136005
2024-01-20 00:00:00+00:00,24138.86863279646,13443.775085974396,0.25650142188136005
2024-01-21 00:00:00+00:00,24109.188853270567,13443.775085974396,0.25650142188136005
2024-01-22 00:00:00+00:00,23593.02847700449,13443.775085974396,0.25650142188136005
2024-01-23 00:00:00+00:00,23677.566215628147,13443.775085974396,0.25650142188136005
2024-01-24 00:00:00+00:00,23725.603801918085,13443.775085974396,0.25650142188136005
2024-01-25 00:00:00+00:00,23693.85149090339,13443.775085974396,0.25650142188136005
2024-01-26 00:00:00+00:00,24171.56486904368,13443.775085974396,0.25650142188136005
2024-01-27 00:00:00+00:00,24247.776571513066,13443.775085974396,0.25650142188136005
2024-01-28 00:00:00+00:00,24224.80173915515,13443.775085974396,0.25650142188136005
2024-01-29 00:00:00+00:00,24550.979207276367,13443.775085974396,0.25650142188136005
2024-01-30 00:00:00+00:00,24395.154511668537,7031.2270306839255,0.4043661545927937
2024-01-31 00:00:00+00:00,24249.137893245083,7031.2270306839255,0.4043661545927937
2024-02-01 00:00:00+00:00,24452.50980703598,7031.2270306839255,0.4043661545927937
2024-02-02 00:00:00+00:00,24499.844909092615,7031.2270306839255,0.4043661545927937
2024-02-03 00:00:00+00:00,24423.456098828487,7031.2270306839255,0.4043661545927937
2024-02-04 00:00:00+00:00,24250.302467770307,7031.2270306839255,0.4043661545927937
2024-02-05 00:00:00+00:00,24301.179817341173,7031.2270306839255,0.4043661545927937
2024-02-06 00:00:00+00:00,24458.983709171007,7031.2270306839255,0.4043661545927937
2024-02-07 00:00:00+00:00,24964.704240412488,7031.2270306839255,0.4043661545927937
2024-02-08 00:00:00+00:00,25482.019679086745,26.90021581459132,0.5620639931477788
2024-02-09 00:00:00+00:00,26518.533130130425,26.90021581459132,0.5620639931477788
2024-02-10 00:00:00+00:00,27016.843883021138,-13222.429349235916,0.8426880565921543
2024-02-11 00:00:00+00:00,27307.040902566674,20.57021549131241,0.5649373982701728
2024-02-12 00:00:00+00:00,28653.107271865967,-13615.577143616112,0.8467747618305664
2024-02-13 00:00:00+00:00,28465.797105624413,-13618.561379702383,0.8467747618305664
2024-02-14 00:00:00+00:00,30237.296470855897,-13621.546269867798,0.8467747618305664
2024-02-15 00:00:00+00:00,30306.142829514072,-13624.531814255715,0.8467747618305664
2024-02-16 00:00:00+00:00,30509.862817870722,-13627.518013009525,0.8467747618305664
2024-02-17 00:00:00+00:00,30099.17932002903,-13630.504866272651,0.8467747618305664
2024-02-18 00:00:00+00:00,30515.37072246212,-13633.492374188547,0.8467747618305664
2024-02-19 00:00:00+00:00,30205.054127691186,-13636.480536900697,0.8467747618305664
2024-02-20 00:00:00+00:00,30611.980504493822,-13639.46935455262,0.8467747618305664
2024-02-21 00:00:00+00:00,30262.29604102229,-13642.458827287865,0.8467747618305664
2024-02-22 00:00:00+00:00,30027.474786910632,12093.448441543173,0.3496700882064111
2024-02-23 00:00:00+00:00,29837.159848002528,12093.448441543173,0.3496700882064111
2024-02-24 00:00:00+00:00,30519.209753373536,-14895.22834907938,0.8806671648246326
2024-02-25 00:00:00+00:00,30657.406612475956,-14898.493056662739,0.8806671648246326
2024-02-26 00:00:00+00:00,33073.87990475571,-14901.758479798445,0.8806671648246326
2024-02-27 00:00:00+00:00,35325.88788829527,-14905.024618643332,0.8806671648246326
2024-02-28 00:00:00+00:00,37284.02589714722,14118.503673001818,0.37105146589887894
2024-02-29 00:00:00+00:00,36067.14293829672,-18611.344819918515,0.8944480811237646
2024-03-01 00:00:00+00:00,37187.31342155816,-18615.424018783153,0.8944480811237646
2024-03-02 00:00:00+00:00,36824.89953836273,-18619.504111718776,0.8944480811237646
2024-03-03 00:00:00+00:00,37828.584259681506,-18623.585098921343,0.8944480811237646
2024-03-04 00:00:00+00:00,42414.57737384206,-18627.66698058686,0.8944480811237646
2024-03-05 00:00:00+00:00,38366.06870910022,-18631.74975691137,0.8944480811237646
2024-03-06 00:00:00+00:00,39383.23493204311,9592.214812626939,0.4508732948585582
2024-03-07 00:00:00+00:00,39720.9976434205,9592.214812626939,0.4508732948585582
2024-03-08 00:00:00+00:00,40307.59281749738,9592.214812626939,0.4508732948585582
2024-03-09 00:00:00+00:00,40392.84394008924,9592.214812626939,0.4508732948585582
2024-03-10 00:00:00+00:00,40912.97435725607,-20154.63976124972,0.8856041590435186
2024-03-11 00:00:00+00:00,41967.9620177511,16347.121375986335,0.3554594341660611
2024-03-12 00:00:00+00:00,41745.41242061407,16347.121375986335,0.3554594341660611
2024-03-13 00:00:00+00:00,42321.39888773676,16347.121375986335,0.3554594341660611
2024-03-14 00:00:00+00:00,41722.99359410122,16347.121375986335,0.3554594341660611
2024-03-15 00:00:00+00:00,41051.49873161246,16347.121375986335,0.3554594341660611
2024-03-16 00:00:00+00:00,40289.893947510136,28735.88107235673,0.17693570299633254
2024-03-17 00:00:00+00:00,40837.12953652234,28735.88107235673,0.17693570299633254
2024-03-18 00:00:00+00:00,40698.502182581746,28735.88107235673,0.17693570299633254
2024-03-19 00:00:00+00:00,39694.81848312178,28735.88107235673,0.17693570299633254
2024-03-20 00:00:00+00:00,40739.28940083645,28735.88107235673,0.17693570299633254
2024-03-21 00:00:00+00:00,40325.394326959315,28735.88107235673,0.17693570299633254
2024-03-22 00:00:00+00:00,40023.784419560674,28735.88107235673,0.17693570299633254
2024-03-23 00:00:00+00:00,40057.99847644908,28735.88107235673,0.17693570299633254
2024-03-24 00:00:00+00:00,40627.72790138321,28735.88107235673,0.17693570299633254
2024-03-25 00:00:00+00:00,41100.14976709748,28735.88107235673,0.17693570299633254
2024-03-26 00:00:00+00:00,41119.257053664056,28735.88107235673,0.17693570299633254
2024-03-27 00:00:00+00:00,41027.60259015492,28735.88107235673,0.17693570299633254
2024-03-28 00:00:00+00:00,41259.496291858944,28735.88107235673,0.17693570299633254
2024-03-29 00:00:00+00:00,41094.93547193018,28735.88107235673,0.17693570299633254
2024-03-30 00:00:00+00:00,41047.45300667408,28735.88107235673,0.17693570299633254
2024-03-31 00:00:00+00:00,41347.859751292344,28735.88107235673,0.17693570299633254
2024-04-01 00:00:00+00:00,41059.41739891069,28735.88107235673,0.17693570299633254
2024-04-02 00:00:00+00:00,40318.798163951615,28735.88107235673,0.17693570299633254
2024-04-03 00:00:00+00:00,40407.14039110065,28735.88107235673,0.17693570299633254
2024-04-04 00:00:00+00:00,40853.816342671926,28735.88107235673,0.17693570299633254
2024-04-05 00:00:00+00:00,40735.77014970386,28735.88107235673,0.17693570299633254
2024-04-06 00:00:00+00:00,40926.043265992055,28735.88107235673,0.17693570299633254
2024-04-07 00:00:00+00:00,41008.21043710652,28735.88107235673,0.17693570299633254
2024-04-08 00:00:00+00:00,41408.01612095407,28735.88107235673,0.17693570299633254
2024-04-09 00:00:00+00:00,40970.27719174114,28735.88107235673,0.17693570299633254
2024-04-10 00:00:00+00:00,41233.04086554694,28735.88107235673,0.17693570299633254
2024-04-11 00:00:00+00:00,41122.482591529675,28735.88107235673,0.17693570299633254
2024-04-12 00:00:00+00:00,40611.189721224146,28735.88107235673,0.17693570299633254
2024-04-13 00:00:00+00:00,40046.40918790282,28735.88107235673,0.17693570299633254
2024-04-14 00:00:00+00:00,40353.804892789434,28735.88107235673,0.17693570299633254
2024-04-15 00:00:00+00:00,39957.14158702711,28735.88107235673,0.17693570299633254
2024-04-16 00:00:00+00:00,40023.20937852594,28735.88107235673,0.17693570299633254
2024-04-17 00:00:00+00:00,39578.03561107311,28735.88107235673,0.17693570299633254
2024-04-18 00:00:00+00:00,39966.004296390194,28735.88107235673,0.17693570299633254
2024-04-19 00:00:00+00:00,40027.56553553371,28735.88107235673,0.17693570299633254
2024-04-20 00:00:00+00:00,40226.19001700333,28735.88107235673,0.17693570299633254
2024-04-21 00:00:00+00:00,40226.28910099701,28735.88107235673,0.17693570299633254
2024-04-22 00:00:00+00:00,40558.604430293635,28735.88107235673,0.17693570299633254
2024-04-23 00:00:00+00:00,40486.88885115516,28735.88107235673,0.17693570299633254
2024-04-24 00:00:00+00:00,40111.00487435272,28735.88107235673,0.17693570299633254
2024-04-25 00:00:00+00:00,40147.9402023532,28735.88107235673,0.17693570299633254
2024-04-26 00:00:00+00:00,40019.072621789885,28735.88107235673,0.17693570299633254
2024-04-27 00:00:00+00:00,39964.57111719593,28735.88107235673,0.17693570299633254
2024-04-28 00:00:00+00:00,39903.818474215106,28735.88107235673,0.17693570299633254
2024-04-29 00:00:00+00:00,40036.056679920504,28735.88107235673,0.17693570299633254
2024-04-30 00:00:00+00:00,39470.92404455022,28735.88107235673,0.17693570299633254
2024-05-01 00:00:00+00:00,39062.72806966659,28735.88107235673,0.17693570299633254
2024-05-02 00:00:00+00:00,39185.81162209896,28735.88107235673,0.17693570299633254
2024-05-03 00:00:00+00:00,39861.95371752914,28735.88107235673,0.17693570299633254
2024-05-04 00:00:00+00:00,40040.66408562653,28735.88107235673,0.17693570299633254
2024-05-05 00:00:00+00:00,40061.88929255797,28735.88107235673,0.17693570299633254
2024-05-06 00:00:00+00:00,39912.05836990364,28735.88107235673,0.17693570299633254
2024-05-07 00:00:00+00:00,39761.11275232044,28735.88107235673,0.17693570299633254
2024-05-08 00:00:00+00:00,39563.1128538824,28735.88107235673,0.17693570299633254
2024-05-09 00:00:00+00:00,39895.92537250444,28735.88107235673,0.17693570299633254
2024-05-10 00:00:00+00:00,39493.57004517672,28735.88107235673,0.17693570299633254
2024-05-11 00:00:00+00:00,39498.170373454624,28735.88107235673,0.17693570299633254
2024-05-12 00:00:00+00:00,39614.59406602621,28735.88107235673,0.17693570299633254
2024-05-13 00:00:00+00:00,39872.228373802136,28735.88107235673,0.17693570299633254
2024-05-14 00:00:00+00:00,39631.13755425636,28735.88107235673,0.17693570299633254
2024-05-15 00:00:00+00:00,40450.17469278342,28735.88107235673,0.17693570299633254
2024-05-16 00:00:00+00:00,40278.31881382011,28735.88107235673,0.17693570299633254
2024-05-17 00:00:00+00:00,40594.81962998292,28735.88107235673,0.17693570299633254
2024-05-18 00:00:00+00:00,40575.56902549692,28735.88107235673,0.17693570299633254
2024-05-19 00:00:00+00:00,40462.1196220927,28735.88107235673,0.17693570299633254
2024-05-20 00:00:00+00:00,41377.33900876856,28735.88107235673,0.17693570299633254
2024-05-21 00:00:00+00:00,40908.664314912414,16569.897790412044,0.346961403855036
2024-05-22 00:00:00+00:00,40568.04536551985,16569.897790412044,0.346961403855036
2024-05-23 00:00:00+00:00,40152.74297394749,16569.897790412044,0.346961403855036
2024-05-24 00:00:00+00:00,40354.09855506073,16569.897790412044,0.346961403855036
2024-05-25 00:00:00+00:00,40611.05123152769,16569.897790412044,0.346961403855036
2024-05-26 00:00:00+00:00,40339.41514844958,16569.897790412044,0.346961403855036
2024-05-27 00:00:00+00:00,40661.65902189398,16569.897790412044,0.346961403855036
2024-05-28 00:00:00+00:00,40301.4992062363,16569.897790412044,0.346961403855036
2024-05-29 00:00:00+00:00,40042.67640780256,16569.897790412044,0.346961403855036
2024-05-30 00:00:00+00:00,40431.467501162144,35.20916272166505,0.5910018414695609
2024-05-31 00:00:00+00:00,39677.27945342082,-20159.55692786532,0.8859465135004592
2024-06-01 00:00:00+00:00,39873.82902751799,-20163.975460890604,0.8859465135004592
2024-06-02 00:00:00+00:00,39868.328671300646,-20168.394962361483,0.8859465135004592
2024-06-03 00:00:00+00:00,40451.43521176763,29.37074854315506,0.5874454760612133
2024-06-04 00:00:00+00:00,41466.505747672854,29.37074854315506,0.5874454760612133
2024-06-05 00:00:00+00:00,41801.44366030391,29.37074854315506,0.5874454760612133
2024-06-06 00:00:00+00:00,41619.95825492956,29.37074854315506,0.5874454760612133
2024-06-07 00:00:00+00:00,40772.00420805425,29.37074854315506,0.5874454760612133
2024-06-08 00:00:00+00:00,40745.48691926485,29.37074854315506,0.5874454760612133
2024-06-09 00:00:00+00:00,40943.85550762119,29.37074854315506,0.5874454760612133
2024-06-10 00:00:00+00:00,40880.329153839935,29.37074854315506,0.5874454760612133
2024-06-11 00:00:00+00:00,39572.81651104192,29.37074854315506,0.5874454760612133
2024-06-12 00:00:00+00:00,40130.74285193106,29.37074854315506,0.5874454760612133
2024-06-13 00:00:00+00:00,39254.873396033305,29.37074854315506,0.5874454760612133
2024-06-14 00:00:00+00:00,38998.27935219354,18229.632378739603,0.31446687235967924
2024-06-15 00:00:00+00:00,39056.22301809453,18229.632378739603,0.31446687235967924
2024-06-16 00:00:00+00:00,39197.29914637253,18229.632378739603,0.31446687235967924
2024-06-17 00:00:00+00:00,39143.041032215595,18229.632378739603,0.31446687235967924
2024-06-18 00:00:00+00:00,38725.11141418085,18229.632378739603,0.31446687235967924
2024-06-19 00:00:00+00:00,38661.919296180175,18229.632378739603,0.31446687235967924
2024-06-20 00:00:00+00:00,38589.77694390172,5553.779758401901,0.5092647183312318
2024-06-21 00:00:00+00:00,38219.831774564365,5553.779758401901,0.5092647183312318
2024-06-22 00:00:00+00:00,38225.568298804385,21839.9709775889,0.25498108946818626
2024-06-23 00:00:00+00:00,37957.328192683846,21839.9709775889,0.25498108946818626
2024-06-24 00:00:00+00:00,37213.6222992211,21839.9709775889,0.25498108946818626
2024-06-25 00:00:00+00:00,37599.33474307052,21839.9709775889,0.25498108946818626
2024-06-26 00:00:00+00:00,37359.39243825916,21839.9709775889,0.25498108946818626
2024-06-27 00:00:00+00:00,37573.95392542485,21839.9709775889,0.25498108946818626
2024-06-28 00:00:00+00:00,37247.92745499814,21839.9709775889,0.25498108946818626
2024-06-29 00:00:00+00:00,37390.42108703654,21839.9709775889,0.25498108946818626
2024-06-30 00:00:00+00:00,37845.64647549678,21839.9709775889,0.25498108946818626
2024-07-01 00:00:00+00:00,37840.74193922629,32431.31230704936,0.08600048477236533
2024-07-02 00:00:00+00:00,37774.99284860812,32431.31230704936,0.08600048477236533
2024-07-03 00:00:00+00:00,37609.2793745051,32431.31230704936,0.08600048477236533
2024-07-04 00:00:00+00:00,37337.64082331765,32431.31230704936,0.08600048477236533
2024-07-05 00:00:00+00:00,37330.28218925809,37330.28218925809,0.0
2024-07-06 00:00:00+00:00,37330.28218925809,37330.28218925809,0.0
2024-07-07 00:00:00+00:00,37330.28218925809,37330.28218925809,0.0
2024-07-08 00:00:00+00:00,37330.28218925809,37330.28218925809,0.0
2024-07-09 00:00:00+00:00,37330.28218925809,37330.28218925809,0.0
2024-07-10 00:00:00+00:00,37330.28218925809,37330.28218925809,0.0
2024-07-11 00:00:00+00:00,37330.28218925809,37330.28218925809,0.0
2024-07-12 00:00:00+00:00,37330.28218925809,37330.28218925809,0.0
2024-07-13 00:00:00+00:00,37330.28218925809,37330.28218925809,0.0
2024-07-14 00:00:00+00:00,37330.28218925809,37330.28218925809,0.0
2024-07-15 00:00:00+00:00,37531.81418242553,34130.54371589311,0.05255026125542067
2024-07-16 00:00:00+00:00,37548.62238348808,34130.54371589311,0.05255026125542067
2024-07-17 00:00:00+00:00,37498.384333727896,34130.54371589311,0.05255026125542067
2024-07-18 00:00:00+00:00,37493.12562908407,34130.54371589311,0.05255026125542067
2024-07-19 00:00:00+00:00,37633.54413117945,34130.54371589311,0.05255026125542067
2024-07-20 00:00:00+00:00,37767.3124090822,15058.672364084014,0.33822838209909845
2024-07-21 00:00:00+00:00,38114.12502751897,15058.672364084014,0.33822838209909845
2024-07-22 00:00:00+00:00,37528.518783103435,-19026.65033174149,0.8374572164347682
2024-07-23 00:00:00+00:00,36946.0509131004,14994.021565822179,0.33292929534677973
2024-07-24 00:00:00+00:00,36759.60717841325,14994.021565822179,0.33292929534677973
2024-07-25 00:00:00+00:00,36975.21793960699,32.64838341282484,0.5614376539221408
2024-07-26 00:00:00+00:00,38158.75097158103,32.64838341282484,0.5614376539221408
2024-07-27 00:00:00+00:00,38116.36931690962,-19026.358377607696,0.8416152186713205
2024-07-28 00:00:00+00:00,38183.755495940015,15229.336970972417,0.33632906790411343
2024-07-29 00:00:00+00:00,36900.472388808696,-19061.62309467465,0.8379479710616812
2024-07-30 00:00:00+00:00,36542.599528455605,26.59245798901975,0.5517013215456968
2024-07-31 00:00:00+00:00,35681.945466844314,26.59245798901975,0.5517013215456968
2024-08-01 00:00:00+00:00,36082.49166031292,26.59245798901975,0.5517013215456968
2024-08-02 00:00:00+00:00,33955.30239184239,26.59245798901975,0.5517013215456968
2024-08-03 00:00:00+00:00,33792.87720792978,24231.959248490853,0.15751622021485273
2024-08-04 00:00:00+00:00,33393.260132406904,24231.959248490853,0.15751622021485273
2024-08-05 00:00:00+00:00,33379.51818108103,33379.51818108103,0.0
2024-08-06 00:00:00+00:00,33379.51818108103,33379.51818108103,0.0
2024-08-07 00:00:00+00:00,33379.51818108103,33379.51818108103,0.0
2024-08-08 00:00:00+00:00,33379.51818108103,33379.51818108103,0.0
2024-08-09 00:00:00+00:00,33379.51818108103,33379.51818108103,0.0
2024-08-10 00:00:00+00:00,33379.51818108103,33379.51818108103,0.0
2024-08-11 00:00:00+00:00,33379.51818108103,33379.51818108103,0.0
2024-08-12 00:00:00+00:00,33379.51818108103,33379.51818108103,0.0
2024-08-13 00:00:00+00:00,33379.51818108103,33379.51818108103,0.0
2024-08-14 00:00:00+00:00,33379.51818108103,33379.51818108103,0.0
2024-08-15 00:00:00+00:00,33379.51818108103,33379.51818108103,0.0
2024-08-16 00:00:00+00:00,33379.51818108103,33379.51818108103,0.0
2024-08-17 00:00:00+00:00,33379.51818108103,33379.51818108103,0.0
2024-08-18 00:00:00+00:00,33379.51818108103,33379.51818108103,0.0
2024-08-19 00:00:00+00:00,33379.51818108103,33379.51818108103,0.0
2024-08-20 00:00:00+00:00,33379.51818108103,33379.51818108103,0.0
2024-08-21 00:00:00+00:00,33379.51818108103,33379.51818108103,0.0
2024-08-22 00:00:00+00:00,33359.15283972666,31948.967401891845,0.02335678373725009
2024-08-23 00:00:00+00:00,33444.67136770223,31948.967401891845,0.02335678373725009
2024-08-24 00:00:00+00:00,33447.468809690436,31948.967401891845,0.02335678373725009
2024-08-25 00:00:00+00:00,33448.940053498045,31948.967401891845,0.02335678373725009
2024-08-26 00:00:00+00:00,33416.567551238215,31948.967401891845,0.02335678373725009
2024-08-27 00:00:00+00:00,33336.71070764056,31948.967401891845,0.02335678373725009
2024-08-28 00:00:00+00:00,33327.83279414203,31948.967401891845,0.02335678373725009
2024-08-29 00:00:00+00:00,33335.40296131911,31948.967401891845,0.02335678373725009
2024-08-30 00:00:00+00:00,33329.91365000518,31948.967401891845,0.02335678373725009
2024-08-31 00:00:00+00:00,33326.410132444595,31948.967401891845,0.02335678373725009
2024-09-01 00:00:00+00:00,33287.354553654026,31948.967401891845,0.02335678373725009
2024-09-02 00:00:00+00:00,33285.344873969014,33285.344873969014,0.0
2024-09-03 00:00:00+00:00,33285.344873969014,33285.344873969014,0.0
2024-09-04 00:00:00+00:00,33285.344873969014,33285.344873969014,0.0
2024-09-05 00:00:00+00:00,33285.344873969014,33285.344873969014,0.0
2024-09-06 00:00:00+00:00,33285.344873969014,33285.344873969014,0.0
2024-09-07 00:00:00+00:00,33285.344873969014,33285.344873969014,0.0
2024-09-08 00:00:00+00:00,33285.344873969014,33285.344873969014,0.0
2024-09-09 00:00:00+00:00,33285.344873969014,33285.344873969014,0.0
2024-09-10 00:00:00+00:00,33285.344873969014,33285.344873969014,0.0
2024-09-11 00:00:00+00:00,33285.344873969014,33285.344873969014,0.0
2024-09-12 00:00:00+00:00,33285.344873969014,33285.344873969014,0.0
2024-09-13 00:00:00+00:00,32579.42225100362,49873.42599028251,-0.2858607514178797
2024-09-14 00:00:00+00:00,32539.76703419749,31158.33478936341,0.02302654566428935
2024-09-15 00:00:00+00:00,32519.94048758417,31158.33478936341,0.02302654566428935
2024-09-16 00:00:00+00:00,32498.80188839889,31158.33478936341,0.02302654566428935
2024-09-17 00:00:00+00:00,32547.1576342939,31158.33478936341,0.02302654566428935
2024-09-18 00:00:00+00:00,32580.45401932446,31158.33478936341,0.02302654566428935
2024-09-19 00:00:00+00:00,32607.80955557364,31158.33478936341,0.02302654566428935
2024-09-20 00:00:00+00:00,32613.636653219444,31158.33478936341,0.02302654566428935
2024-09-21 00:00:00+00:00,32625.59263916644,20968.092229865426,0.18402039132609302
2024-09-22 00:00:00+00:00,32667.880525093176,20968.092229865426,0.18402039132609302
2024-09-23 00:00:00+00:00,32623.941976256247,20968.092229865426,0.18402039132609302
2024-09-24 00:00:00+00:00,32793.73943153674,20968.092229865426,0.18402039132609302
2024-09-25 00:00:00+00:00,32589.349823094766,20968.092229865426,0.18402039132609302
2024-09-26 00:00:00+00:00,32961.4353739483,20968.092229865426,0.18402039132609302
2024-09-27 00:00:00+00:00,33141.1582204641,11789.931219697663,0.3246349890910125
2024-09-28 00:00:00+00:00,33161.556523006,-16542.1771578996,0.7547106453415773
2024-09-29 00:00:00+00:00,32964.73246224025,-16545.802840564345,0.7547106453415773
2024-09-30 00:00:00+00:00,31244.576998927547,-16549.429317899263,0.7547106453415773
2024-10-01 00:00:00+00:00,29977.337656301577,21.90234279681681,0.4926412474851036
2024-10-02 00:00:00+00:00,29922.919239176445,21392.80491395253,0.14064658847102413
2024-10-03 00:00:00+00:00,29937.466315822,21392.80491395253,0.14064658847102413
2024-10-04 00:00:00+00:00,30124.98900576453,21392.80491395253,0.14064658847102413
2024-10-05 00:00:00+00:00,30121.050901287344,21392.80491395253,0.14064658847102413
2024-10-06 00:00:00+00:00,30228.2109435093,21392.80491395253,0.14064658847102413
2024-10-07 00:00:00+00:00,30144.398234973534,21392.80491395253,0.14064658847102413
2024-10-08 00:00:00+00:00,30135.465770139737,21392.80491395253,0.14064658847102413
2024-10-09 00:00:00+00:00,29921.054265413317,21392.80491395253,0.14064658847102413
2024-10-10 00:00:00+00:00,29877.505862225033,21392.80491395253,0.14064658847102413
2024-10-11 00:00:00+00:00,30188.842556930376,21392.80491395253,0.14064658847102413
2024-10-12 00:00:00+00:00,30282.544127101544,21392.80491395253,0.14064658847102413
2024-10-13 00:00:00+00:00,30235.258744057584,21392.80491395253,0.14064658847102413
2024-10-14 00:00:00+00:00,30687.2926600058,21392.80491395253,0.14064658847102413
2024-10-15 00:00:00+00:00,31317.58386941297,-15333.065234915177,0.6955087177312769
2024-10-16 00:00:00+00:00,31693.88054132863,-15336.425906747487,0.6955087177312769
2024-10-17 00:00:00+00:00,31552.648439794844,-15339.787315165404,0.6955087177312769
2024-10-18 00:00:00+00:00,32249.12107658544,-15343.14946033037,0.6955087177312769
2024-10-19 00:00:00+00:00,32210.98275862538,-15346.512342403868,0.6955087177312769
2024-10-20 00:00:00+00:00,32662.474885790925,-15349.875961547408,0.6955087177312769
2024-10-21 00:00:00+00:00,31508.398311016565,-15353.240317922542,0.6955087177312769
2024-10-22 00:00:00+00:00,31538.765390058215,-15356.605411690854,0.6955087177312769
2024-10-23 00:00:00+00:00,31008.656031361323,-15359.971243013964,0.6955087177312769
2024-10-24 00:00:00+00:00,32069.16046222506,-15363.337812053529,0.6955087177312769
2024-10-25 00:00:00+00:00,31341.76988617351,24.91462849441632,0.4695298256744823
2024-10-26 00:00:00+00:00,31526.966535314292,24.91462849441632,0.4695298256744823
2024-10-27 00:00:00+00:00,31963.13157157635,24.91462849441632,0.4695298256744823
2024-10-28 00:00:00+00:00,32874.25889359594,24.91462849441632,0.4695298256744823
2024-10-29 00:00:00+00:00,34176.83323128034,24.91462849441632,0.4695298256744823
2024-10-30 00:00:00+00:00,33871.90063703905,-17040.920574970274,0.7037529088087029
2024-10-31 00:00:00+00:00,32423.550932249753,-17044.65557126068,0.7037529088087029
2024-11-01 00:00:00+00:00,31859.627801918297,-17048.391386180407,0.7037529088087029
2024-11-02 00:00:00+00:00,31770.547052938597,-17052.128019908883,0.7037529088087029
2024-11-03 00:00:00+00:00,31345.437546072688,-17055.865472625577,0.7037529088087029
2024-11-04 00:00:00+00:00,30690.038155689585,-17059.60374450999,0.7037529088087029
2024-11-05 00:00:00+00:00,31757.410991664758,-17063.342835741663,0.7037529088087029
2024-11-06 00:00:00+00:00,36116.925040462025,-17067.082746500182,0.7037529088087029
2024-11-07 00:00:00+00:00,36151.46418567754,14431.907099934058,0.28631902476780574
2024-11-08 00:00:00+00:00,36564.177075326406,-18047.10742082817,0.7137817478517724
2024-11-09 00:00:00+00:00,36679.90846841259,-18051.06295122178,0.7137817478517724
2024-11-10 00:00:00+00:00,39311.626864083475,-18055.01934858095,0.7137817478517724
2024-11-11 00:00:00+00:00,45216.34063265074,-18058.976613095707,0.7137817478517724
2024-11-12 00:00:00+00:00,44715.60467992045,-18062.93474495611,0.7137817478517724
2024-11-13 00:00:00+00:00,46441.274474101236,-18066.893744352266,0.7137817478517724
2024-11-14 00:00:00+00:00,44260.558650912935,-18070.853611474315,0.7137817478517724
2024-11-15 00:00:00+00:00,46902.21568865245,-18074.814346512445,0.7137817478517724
2024-11-16 00:00:00+00:00,46580.51414045179,-18078.775949656887,0.7137817478517724
2024-11-17 00:00:00+00:00,46054.82717605348,-18082.738421097907,0.7137817478517724
2024-11-18 00:00:00+00:00,46484.90737917675,-18086.70176102582,0.7137817478517724
2024-11-19 00:00:00+00:00,47799.09106214692,-18090.665969630976,0.7137817478517724
2024-11-20 00:00:00+00:00,49205.39454862724,-18094.631047103772,0.7137817478517724
2024-11-21 00:00:00+00:00,50408.83152394366,19669.64483566292,0.31265344924953814
2024-11-22 00:00:00+00:00,50777.639847108,-25163.821131414894,0.767923198828246
2024-11-23 00:00:00+00:00,49835.565355760875,-25169.336489471094,0.767923198828246
2024-11-24 00:00:00+00:00,50004.85882584033,-25174.853056372896,0.767923198828246
2024-11-25 00:00:00+00:00,48440.65330746339,19979.05097147272,0.30600579804249756
2024-11-26 00:00:00+00:00,48120.923149378694,19979.05097147272,0.30600579804249756
2024-11-27 00:00:00+00:00,49313.71844985845,19979.05097147272,0.30600579804249756
2024-11-28 00:00:00+00:00,49072.702764537346,-24618.25182255518,0.7704714357045005
2024-11-29 00:00:00+00:00,50466.49851998405,-24623.64760377656,0.7704714357045005
2024-11-30 00:00:00+00:00,49650.55790105021,-24629.044567634923,0.7704714357045005
2024-12-01 00:00:00+00:00,50243.96244941083,-24634.44271438947,0.7704714357045005
2024-12-02 00:00:00+00:00,49202.61804590998,-24639.842044299476,0.7704714357045005
2024-12-03 00:00:00+00:00,49204.205708507056,-24645.242557624253,0.7704714357045005
2024-12-04 00:00:00+00:00,51308.06972803584,-24650.644254623185,0.7704714357045005
2024-12-05 00:00:00+00:00,50037.79159582159,-24656.047135555706,0.7704714357045005
2024-12-06 00:00:00+00:00,50835.05744620146,19993.009005416283,0.3092218637900501
2024-12-07 00:00:00+00:00,50863.24301908593,19993.009005416283,0.3092218637900501
2024-12-08 00:00:00+00:00,51258.304872264096,19993.009005416283,0.3092218637900501
2024-12-09 00:00:00+00:00,50073.02036173318,19993.009005416283,0.3092218637900501
2024-12-10 00:00:00+00:00,49861.676494488594,19993.009005416283,0.3092218637900501
2024-12-11 00:00:00+00:00,51263.0699811851,19993.009005416283,0.3092218637900501
2024-12-12 00:00:00+00:00,50916.52194621695,19993.009005416283,0.3092218637900501
2024-12-13 00:00:00+00:00,51355.60462392427,19993.009005416283,0.3092218637900501
2024-12-14 00:00:00+00:00,51354.290431003166,19993.009005416283,0.3092218637900501
2024-12-15 00:00:00+00:00,52295.558692161445,19993.009005416283,0.3092218637900501
2024-12-16 00:00:00+00:00,52788.665521691524,19993.009005416283,0.3092218637900501
2024-12-17 00:00:00+00:00,52811.881899224885,19993.009005416283,0.3092218637900501
2024-12-18 00:00:00+00:00,50978.2797368531,19993.009005416283,0.3092218637900501
2024-12-19 00:00:00+00:00,50130.34700306122,19993.009005416283,0.3092218637900501
2024-12-20 00:00:00+00:00,50236.5894510222,19993.009005416283,0.3092218637900501
2024-12-21 00:00:00+00:00,50077.819485059204,19993.009005416283,0.3092218637900501
2024-12-22 00:00:00+00:00,49426.68482203921,19993.009005416283,0.3092218637900501
2024-12-23 00:00:00+00:00,49332.43399795601,19993.009005416283,0.3092218637900501
2024-12-24 00:00:00+00:00,50501.945101214995,19993.009005416283,0.3092218637900501
2024-12-25 00:00:00+00:00,50738.81523331546,19993.009005416283,0.3092218637900501
2024-12-26 00:00:00+00:00,49613.86609284725,19993.009005416283,0.3092218637900501
2024-12-27 00:00:00+00:00,49152.330815610134,19993.009005416283,0.3092218637900501
2024-12-28 00:00:00+00:00,49461.85262460806,19993.009005416283,0.3092218637900501
2024-12-29 00:00:00+00:00,48978.90991774076,19993.009005416283,0.3092218637900501
2024-12-30 00:00:00+00:00,48686.33965131581,19993.009005416283,0.3092218637900501
2024-12-31 00:00:00+00:00,48928.75413143401,19993.009005416283,0.3092218637900501
2025-01-01 00:00:00+00:00,49242.8586084533,19993.009005416283,0.3092218637900501
2025-01-02 00:00:00+00:00,49982.8265285029,19993.009005416283,0.3092218637900501
2025-01-03 00:00:00+00:00,50350.61192107614,19993.009005416283,0.3092218637900501
2025-01-04 00:00:00+00:00,50364.935077806906,19993.009005416283,0.3092218637900501
2025-01-05 00:00:00+00:00,50409.187818733895,19993.009005416283,0.3092218637900501
2025-01-06 00:00:00+00:00,51606.49178311034,19993.009005416283,0.3092218637900501
2025-01-07 00:00:00+00:00,48914.87240675391,47.42022416654072,0.504024018894897
2025-01-08 00:00:00+00:00,47960.25091496698,47.42022416654072,0.504024018894897
2025-01-09 00:00:00+00:00,47249.983818485984,22272.35363673201,0.2698752911105253
2025-01-10 00:00:00+00:00,47836.590148749645,22272.35363673201,0.2698752911105253
2025-01-11 00:00:00+00:00,47802.55347703479,22272.35363673201,0.2698752911105253
2025-01-12 00:00:00+00:00,47787.72922729408,22272.35363673201,0.2698752911105253
2025-01-13 00:00:00+00:00,47785.31114468574,22272.35363673201,0.2698752911105253
2025-01-14 00:00:00+00:00,48331.743839114686,22272.35363673201,0.2698752911105253
2025-01-15 00:00:00+00:00,49394.10522381836,22272.35363673201,0.2698752911105253
2025-01-16 00:00:00+00:00,49110.49529446523,40.68262738062549,0.49076045324840867
2025-01-17 00:00:00+00:00,51117.79388513281,40.68262738062549,0.49076045324840867
2025-01-18 00:00:00+00:00,51352.745452125484,40.68262738062549,0.49076045324840867
2025-01-19 00:00:00+00:00,49770.209848953484,40.68262738062549,0.49076045324840867
2025-01-20 00:00:00+00:00,50013.5404909266,19922.94184817801,0.2942557764540468
2025-01-21 00:00:00+00:00,51156.374018076596,19922.94184817801,0.2942557764540468
2025-01-22 00:00:00+00:00,50439.22560993385,19922.94184817801,0.2942557764540468
2025-01-23 00:00:00+00:00,50499.15962648201,19922.94184817801,0.2942557764540468
2025-01-24 00:00:00+00:00,50781.692252802124,19922.94184817801,0.2942557764540468
2025-01-25 00:00:00+00:00,50745.30752604359,19922.94184817801,0.2942557764540468
2025-01-26 00:00:00+00:00,50119.46962789229,19922.94184817801,0.2942557764540468
2025-01-27 00:00:00+00:00,49961.40425245448,19922.94184817801,0.2942557764540468
2025-01-28 00:00:00+00:00,49741.503968152596,19922.94184817801,0.2942557764540468
2025-01-29 00:00:00+00:00,50447.046928472,19922.94184817801,0.2942557764540468
2025-01-30 00:00:00+00:00,50738.271870428565,19922.94184817801,0.2942557764540468
2025-01-31 00:00:00+00:00,50063.431557824384,19922.94184817801,0.2942557764540468
2025-02-01 00:00:00+00:00,49535.563177885706,19922.94184817801,0.2942557764540468
2025-02-02 00:00:00+00:00,48671.90481864649,19922.94184817801,0.2942557764540468
2025-02-03 00:00:00+00:00,49232.273921858265,33031.10386713827,0.15988756230447257
2025-02-04 00:00:00+00:00,48662.212406093524,33031.10386713827,0.15988756230447257
2025-02-05 00:00:00+00:00,48478.229788149765,33031.10386713827,0.15988756230447257
2025-02-06 00:00:00+00:00,48468.94351853112,33031.10386713827,0.15988756230447257
2025-02-07 00:00:00+00:00,48461.340864943544,33031.10386713827,0.15988756230447257
2025-02-08 00:00:00+00:00,48451.41824282693,33031.10386713827,0.15988756230447257
2025-02-09 00:00:00+00:00,48454.29781782403,33031.10386713827,0.15988756230447257
2025-02-10 00:00:00+00:00,48609.080170264126,33031.10386713827,0.15988756230447257
2025-02-11 00:00:00+00:00,48344.846787048504,33031.10386713827,0.15988756230447257
2025-02-12 00:00:00+00:00,48679.29799100138,33031.10386713827,0.15988756230447257
2025-02-13 00:00:00+00:00,48477.54387050748,33031.10386713827,0.15988756230447257
2025-02-14 00:00:00+00:00,48620.21793785425,33031.10386713827,0.15988756230447257
2025-02-15 00:00:00+00:00,48631.27895941448,33031.10386713827,0.15988756230447257
2025-02-16 00:00:00+00:00,48399.19576722704,33031.10386713827,0.15988756230447257
2025-02-17 00:00:00+00:00,48266.360466833925,17308.479197574085,0.3232186392697832
2025-02-18 00:00:00+00:00,48231.368816946575,17308.479197574085,0.3232186392697832
2025-02-19 00:00:00+00:00,48305.378781653104,37880.650605392955,0.10786689567390373
2025-02-20 00:00:00+00:00,48484.50578461606,37880.650605392955,0.10786689567390373
2025-02-21 00:00:00+00:00,48255.502207762445,37880.650605392955,0.10786689567390373
2025-02-22 00:00:00+00:00,48295.30832827299,37880.650605392955,0.10786689567390373
2025-02-23 00:00:00+00:00,48263.702249171576,37880.650605392955,0.10786689567390373
2025-02-24 00:00:00+00:00,47756.17556099838,37880.650605392955,0.10786689567390373
2025-02-25 00:00:00+00:00,47446.330060513006,37880.650605392955,0.10786689567390373
2025-02-26 00:00:00+00:00,46968.44627393995,37880.650605392955,0.10786689567390373
2025-02-27 00:00:00+00:00,47017.902166937485,37880.650605392955,0.10786689567390373
2025-02-28 00:00:00+00:00,46979.21678347299,37880.650605392955,0.10786689567390373
2025-03-01 00:00:00+00:00,47164.16428412651,37880.650605392955,0.10786689567390373
2025-03-02 00:00:00+00:00,48049.262860571864,37880.650605392955,0.10786689567390373
2025-03-03 00:00:00+00:00,47181.0001492033,37880.650605392955,0.10786689567390373
2025-03-04 00:00:00+00:00,47295.48683626471,37880.650605392955,0.10786689567390373
2025-03-05 00:00:00+00:00,47654.03963349163,37880.650605392955,0.10786689567390373
2025-03-06 00:00:00+00:00,47581.324401779944,37880.650605392955,0.10786689567390373
2025-03-07 00:00:00+00:00,47243.685916955226,37880.650605392955,0.10786689567390373
2025-03-08 00:00:00+00:00,47181.19862429133,37880.650605392955,0.10786689567390373
2025-03-09 00:00:00+00:00,46589.2164714813,37880.650605392955,0.10786689567390373
2025-03-10 00:00:00+00:00,46358.542036413695,37880.650605392955,0.10786689567390373
2025-03-11 00:00:00+00:00,46345.82519926717,46345.82519926717,0.0
2025-03-12 00:00:00+00:00,46345.82519926717,46345.82519926717,0.0
2025-03-13 00:00:00+00:00,46345.82519926717,46345.82519926717,0.0
2025-03-14 00:00:00+00:00,46345.82519926717,46345.82519926717,0.0
2025-03-15 00:00:00+00:00,46345.82519926717,46345.82519926717,0.0
2025-03-16 00:00:00+00:00,46345.82519926717,46345.82519926717,0.0
2025-03-17 00:00:00+00:00,46345.82519926717,46345.82519926717,0.0
2025-03-18 00:00:00+00:00,46345.82519926717,46345.82519926717,0.0
2025-03-19 00:00:00+00:00,46345.82519926717,46345.82519926717,0.0
2025-03-20 00:00:00+00:00,46345.82519926717,46345.82519926717,0.0
2025-03-21 00:00:00+00:00,46345.82519926717,46345.82519926717,0.0
2025-03-22 00:00:00+00:00,46345.82519926717,46345.82519926717,0.0
2025-03-23 00:00:00+00:00,46345.82519926717,46345.82519926717,0.0
2025-03-24 00:00:00+00:00,46345.82519926717,46345.82519926717,0.0
2025-03-25 00:00:00+00:00,46336.88942406548,43035.40911360523,0.037777456106662353
2025-03-26 00:00:00+00:00,46318.61646854669,43035.40911360523,0.037777456106662353
2025-03-27 00:00:00+00:00,46330.81254247616,43035.40911360523,0.037777456106662353
2025-03-28 00:00:00+00:00,46224.747423387416,43035.40911360523,0.037777456106662353
2025-03-29 00:00:00+00:00,46157.66070573496,43035.40911360523,0.037777456106662353
2025-03-30 00:00:00+00:00,46147.89334445858,43035.40911360523,0.037777456106662353
2025-03-31 00:00:00+00:00,46153.938492984766,43035.40911360523,0.037777456106662353
2025-04-01 00:00:00+00:00,46252.47456507146,43035.40911360523,0.037777456106662353
2025-04-02 00:00:00+00:00,46152.66463716485,43035.40911360523,0.037777456106662353
2025-04-03 00:00:00+00:00,46178.987968579975,43035.40911360523,0.037777456106662353
2025-04-04 00:00:00+00:00,46204.554995323844,43035.40911360523,0.037777456106662353
2025-04-05 00:00:00+00:00,46191.26186406903,43035.40911360523,0.037777456106662353
2025-04-06 00:00:00+00:00,45998.29499605076,43035.40911360523,0.037777456106662353
2025-04-07 00:00:00+00:00,45738.381404180385,68915.53864991231,-0.2927767641361309
2025-04-08 00:00:00+00:00,45703.61566831179,45703.61566831179,0.0
2025-04-09 00:00:00+00:00,45703.61566831179,45703.61566831179,0.0
2025-04-10 00:00:00+00:00,45703.61566831179,45703.61566831179,0.0
2025-04-11 00:00:00+00:00,45703.61566831179,45703.61566831179,0.0
2025-04-12 00:00:00+00:00,45703.61566831179,45703.61566831179,0.0
2025-04-13 00:00:00+00:00,45703.61566831179,45703.61566831179,0.0
2025-04-14 00:00:00+00:00,45703.61566831179,45703.61566831179,0.0
2025-04-15 00:00:00+00:00,45703.61566831179,45703.61566831179,0.0
2025-04-16 00:00:00+00:00,45703.61566831179,45703.61566831179,0.0
2025-04-17 00:00:00+00:00,45703.61566831179,45703.61566831179,0.0
2025-04-18 00:00:00+00:00,45703.61566831179,45703.61566831179,0.0
2025-04-19 00:00:00+00:00,45703.61566831179,45703.61566831179,0.0
2025-04-20 00:00:00+00:00,45703.61566831179,45703.61566831179,0.0
2025-04-21 00:00:00+00:00,45703.61566831179,45703.61566831179,0.0
2025-04-22 00:00:00+00:00,46092.1649488465,39827.436510957414,0.06704332168618621
2025-04-23 00:00:00+00:00,46157.795524609726,-3283.619943503853,0.527706751465706
2025-04-24 00:00:00+00:00,46309.78888389452,-3284.339641025717,0.527706751465706
2025-04-25 00:00:00+00:00,46656.410889512976,-3285.0594962895034,0.527706751465706
2025-04-26 00:00:00+00:00,46650.05496836705,-3285.779509329786,0.527706751465706
2025-04-27 00:00:00+00:00,46185.63887500277,-3286.499680181146,0.527706751465706
2025-04-28 00:00:00+00:00,46850.821141845285,-3287.220008878172,0.527706751465706
2025-04-29 00:00:00+00:00,46452.01979023233,-3287.94049545546,0.527706751465706
2025-04-30 00:00:00+00:00,46406.539059080846,-3288.6611399476146,0.527706751465706
2025-05-01 00:00:00+00:00,47628.995012929096,-3289.381942389247,0.527706751465706
2025-05-02 00:00:00+00:00,47886.84539277083,-23743.320185440334,0.7393155126491623
2025-05-03 00:00:00+00:00,47119.614092189964,-23748.524200823445,0.7393155126491623
2025-05-04 00:00:00+00:00,45947.177604830256,-23753.729356812666,0.7393155126491623
2025-05-05 00:00:00+00:00,46279.14354068369,-23758.935653657994,0.7393155126491623
2025-05-06 00:00:00+00:00,47826.75004656975,-23764.14309160948,0.7393155126491623
2025-05-07 00:00:00+00:00,47966.80217918732,-23769.35167091723,0.7393155126491623
2025-05-08 00:00:00+00:00,52568.34134914134,-23774.5613918314,0.7393155126491623
2025-05-09 00:00:00+00:00,52349.0173207522,-23779.772254602212,0.7393155126491623
2025-05-10 00:00:00+00:00,53702.327142987815,-23784.984259479934,0.7393155126491623
2025-05-11 00:00:00+00:00,53185.855139290594,-23790.197406714888,0.7393155126491623
2025-05-12 00:00:00+00:00,52199.80574512665,-23795.411696557454,0.7393155126491623
2025-05-13 00:00:00+00:00,53164.86799122678,-23800.627129258068,0.7393155126491623
2025-05-14 00:00:00+00:00,52719.093301429995,-23805.843705067222,0.7393155126491623
2025-05-15 00:00:00+00:00,52903.059028793556,-23811.061424235457,0.7393155126491623
2025-05-16 00:00:00+00:00,52676.18598216829,-23816.28028701337,0.7393155126491623
2025-05-17 00:00:00+00:00,52421.6318188891,-23821.50029365162,0.7393155126491623
2025-05-18 00:00:00+00:00,54876.56436118629,-23826.721444400915,0.7393155126491623
2025-05-19 00:00:00+00:00,54220.359970877354,-23831.943739512015,0.7393155126491623
2025-05-20 00:00:00+00:00,55158.68795417212,-23837.167179235745,0.7393155126491623
2025-05-21 00:00:00+00:00,57219.11091192665,-23842.391763822976,0.7393155126491623
2025-05-22 00:00:00+00:00,58731.12326359385,-23847.617493524634,0.7393155126491623
2025-05-23 00:00:00+00:00,55489.239612544894,-23852.84436859171,0.7393155126491623
2025-05-24 00:00:00+00:00,55811.97934642765,-23858.072389275236,0.7393155126491623
2025-05-25 00:00:00+00:00,56725.18705493037,-23863.30155582631,0.7393155126491623
2025-05-26 00:00:00+00:00,57038.30600200733,-23868.53186849608,0.7393155126491623
2025-05-27 00:00:00+00:00,56665.91567307584,-23873.76332753575,0.7393155126491623
2025-05-28 00:00:00+00:00,55805.74600174265,-23878.99593319658,0.7393155126491623
2025-05-29 00:00:00+00:00,54179.910466017,-23884.229685729882,0.7393155126491623
2025-05-30 00:00:00+00:00,52988.61386888218,-23889.464585387028,0.7393155126491623
2025-05-31 00:00:00+00:00,53431.69874872023,-23894.70063241944,0.7393155126491623
2025-06-01 00:00:00+00:00,54203.51912363096,-23899.9378270786,0.7393155126491623
2025-06-02 00:00:00+00:00,54357.277975243866,-23905.176169616043,0.7393155126491623
2025-06-03 00:00:00+00:00,53996.353791441026,-23910.415660283357,0.7393155126491623
2025-06-04 00:00:00+00:00,53488.35642432539,-23915.656299332186,0.7393155126491623
2025-06-05 00:00:00+00:00,51126.04370552553,-23920.89808701423,0.7393155126491623
2025-06-06 00:00:00+00:00,52066.71725460446,14604.264483451701,0.3592196102574049
2025-06-07 00:00:00+00:00,52520.666668282836,14604.264483451701,0.3592196102574049
2025-06-08 00:00:00+00:00,52585.99075440815,14604.264483451701,0.3592196102574049
2025-06-09 00:00:00+00:00,54212.90355365614,14604.264483451701,0.3592196102574049
2025-06-10 00:00:00+00:00,54196.70085640578,59.41295860531136,0.4909325537670213
2025-06-11 00:00:00+00:00,53396.839174529785,59.41295860531136,0.4909325537670213
2025-06-12 00:00:00+00:00,51937.10522848446,59.41295860531136,0.4909325537670213
2025-06-13 00:00:00+00:00,52130.95485666491,59.41295860531136,0.4909325537670213
2025-06-14 00:00:00+00:00,51810.8913782365,59.41295860531136,0.4909325537670213
2025-06-15 00:00:00+00:00,51898.94995040569,59.41295860531136,0.4909325537670213
2025-06-16 00:00:00+00:00,52488.32429985407,59.41295860531136,0.4909325537670213
2025-06-17 00:00:00+00:00,51386.98584603529,59.41295860531136,0.4909325537670213
2025-06-18 00:00:00+00:00,51551.74772040504,59.41295860531136,0.4909325537670213
2025-06-19 00:00:00+00:00,51439.72182096094,59.41295860531136,0.4909325537670213
2025-06-20 00:00:00+00:00,50771.75898830554,59.41295860531136,0.4909325537670213
2025-06-21 00:00:00+00:00,50426.71917143519,23578.006845456388,0.2629133342816829
2025-06-22 00:00:00+00:00,49913.643196327575,7244.090472513895,0.42262200056132637
2025-06-23 00:00:00+00:00,51125.04168354503,21412.995129115858,0.28207479351078213
2025-06-24 00:00:00+00:00,51336.33544912016,21412.995129115858,0.28207479351078213
2025-06-25 00:00:00+00:00,51691.06706794345,21412.995129115858,0.28207479351078213
2025-06-26 00:00:00+00:00,51580.064995201086,21412.995129115858,0.28207479351078213
2025-06-27 00:00:00+00:00,51608.42197419272,21412.995129115858,0.28207479351078213
2025-06-28 00:00:00+00:00,51678.71501273561,21412.995129115858,0.28207479351078213
2025-06-29 00:00:00+00:00,51977.75378432813,21412.995129115858,0.28207479351078213
2025-06-30 00:00:00+00:00,51365.98934086834,45.847137982815184,0.4789717088554971
2025-07-01 00:00:00+00:00,50664.12335757984,45.847137982815184,0.4789717088554971
2025-07-02 00:00:00+00:00,52181.72605822014,45.847137982815184,0.4789717088554971
2025-07-03 00:00:00+00:00,52533.85647913652,45.847137982815184,0.4789717088554971
2025-07-04 00:00:00+00:00,51767.243100244945,45.847137982815184,0.4789717088554971
2025-07-05 00:00:00+00:00,51869.68556933495,45.847137982815184,0.4789717088554971
2025-07-06 00:00:00+00:00,52351.3969963651,45.847137982815184,0.4789717088554971
2025-07-07 00:00:00+00:00,51900.73251550297,45.847137982815184,0.4789717088554971
2025-07-08 00:00:00+00:00,52216.87300221594,45.847137982815184,0.4789717088554971
2025-07-09 00:00:00+00:00,53323.7814110981,45.847137982815184,0.4789717088554971
2025-07-10 00:00:00+00:00,55611.35508230903,45.847137982815184,0.4789717088554971
2025-07-11 00:00:00+00:00,56338.271285970666,45.847137982815184,0.4789717088554971
2025-07-12 00:00:00+00:00,56212.68692498166,-28090.852556792226,0.7179657595109341
2025-07-13 00:00:00+00:00,57403.12047922243,-28097.009455982756,0.7179657595109341
2025-07-14 00:00:00+00:00,57938.69611475592,-28103.167704630643,0.7179657595109341
2025-07-15 00:00:00+00:00,56436.949222375275,-28109.32730303166,0.7179657595109341
2025-07-16 00:00:00+00:00,57057.09852457706,-28115.488251481638,0.7179657595109341
2025-07-17 00:00:00+00:00,57443.75683178343,-28121.650550276485,0.7179657595109341
2025-07-18 00:00:00+00:00,56538.18311609322,-28127.81419971216,0.7179657595109341
2025-07-19 00:00:00+00:00,56471.10590068377,-28133.9792000847,0.7179657595109341
2025-07-20 00:00:00+00:00,56052.19539325062,-28140.1455516902,0.7179657595109341
2025-07-21 00:00:00+00:00,56128.76606424207,-28146.313254824814,0.7179657595109341
2025-07-22 00:00:00+00:00,57970.683952208805,-28152.482309784777,0.7179657595109341
2025-07-23 00:00:00+00:00,57104.08183995653,-28158.652716866374,0.7179657595109341
2025-07-24 00:00:00+00:00,56799.954290259906,-28164.82447636596,0.7179657595109341
2025-07-25 00:00:00+00:00,56272.0498199245,-28170.997588579958,0.7179657595109341
2025-07-26 00:00:00+00:00,56485.3431280669,-28177.17205380485,0.7179657595109341
2025-07-27 00:00:00+00:00,57552.928180828734,-28183.34787233719,0.7179657595109341
2025-07-28 00:00:00+00:00,56575.17820394936,-28189.525044473594,0.7179657595109341
2025-07-29 00:00:00+00:00,56488.903417781155,-28195.703570510737,0.7179657595109341
2025-07-30 00:00:00+00:00,56396.09822587485,-6999.308210175725,0.5379773000921635
2025-07-31 00:00:00+00:00,55277.60490092732,-7000.842305125901,0.5379773000921635
2025-08-01 00:00:00+00:00,53949.337751114865,-7002.376736316065,0.5379773000921635
2025-08-02 00:00:00+00:00,53660.37765195317,15438.099962958284,0.33961365863037657
2025-08-03 00:00:00+00:00,54224.96837874323,15438.099962958284,0.33961365863037657
2025-08-04 00:00:00+00:00,54512.35964508602,15438.099962958284,0.33961365863037657
2025-08-05 00:00:00+00:00,54013.650394754884,-3835.96916125405,0.5068758983175634
2025-08-06 00:00:00+00:00,54275.796343649956,15461.267293312781,0.3375403324965858
2025-08-07 00:00:00+00:00,55498.23176246808,-3819.457760383577,0.5049516861323107
2025-08-08 00:00:00+00:00,55094.81179023844,-3820.2949018105105,0.5049516861323107
2025-08-09 00:00:00+00:00,54993.817077041385,15770.885622923379,0.3367866536505864
2025-08-10 00:00:00+00:00,55947.51605138297,15770.885622923379,0.3367866536505864
2025-08-11 00:00:00+00:00,55639.22880174247,60.26507698948626,0.4682857601128439
2025-08-12 00:00:00+00:00,56317.34404524669,60.26507698948626,0.4682857601128439
2025-08-13 00:00:00+00:00,57802.91037634066,60.26507698948626,0.4682857601128439
2025-08-14 00:00:00+00:00,55456.17121525676,60.26507698948626,0.4682857601128439
2025-08-15 00:00:00+00:00,55009.876154438825,60.26507698948626,0.4682857601128439
2025-08-16 00:00:00+00:00,55027.95666763678,60.26507698948626,0.4682857601128439
2025-08-17 00:00:00+00:00,55039.35942589553,60.26507698948626,0.4682857601128439
2025-08-18 00:00:00+00:00,54487.73753191301,60.26507698948626,0.4682857601128439
2025-08-19 00:00:00+00:00,52917.05558106091,60.26507698948626,0.4682857601128439
2025-08-20 00:00:00+00:00,53257.10120211329,22690.034012142256,0.2674957162447089
2025-08-21 00:00:00+00:00,52783.30208967201,22690.034012142256,0.2674957162447089
2025-08-22 00:00:00+00:00,54541.978490918715,7585.611629212295,0.4015561578749743
2025-08-23 00:00:00+00:00,54119.57890514897,23398.061304292867,0.26612990778045975
2025-08-24 00:00:00+00:00,53602.09994466617,23398.061304292867,0.26612990778045975
2025-08-25 00:00:00+00:00,52702.152387216694,23398.061304292867,0.26612990778045975
2025-08-26 00:00:00+00:00,53141.5967361401,23398.061304292867,0.26612990778045975
2025-08-27 00:00:00+00:00,53008.20976506146,23398.061304292867,0.26612990778045975
2025-08-28 00:00:00+00:00,53355.4800204251,23398.061304292867,0.26612990778045975
2025-08-29 00:00:00+00:00,52240.52877177886,23398.061304292867,0.26612990778045975
2025-08-30 00:00:00+00:00,52279.979762020586,37316.1102375069,0.13751492560458234
2025-08-31 00:00:00+00:00,52201.599004724485,37316.1102375069,0.13751492560458234
2025-09-01 00:00:00+00:00,52337.88592204342,37316.1102375069,0.13751492560458234
2025-09-02 00:00:00+00:00,52613.2719369099,37316.1102375069,0.13751492560458234
2025-09-03 00:00:00+00:00,52677.31263776396,37316.1102375069,0.13751492560458234
2025-09-04 00:00:00+00:00,52543.25758768758,37316.1102375069,0.13751492560458234
2025-09-05 00:00:00+00:00,52533.51052976073,37316.1102375069,0.13751492560458234
2025-09-06 00:00:00+00:00,52468.60073457685,37316.1102375069,0.13751492560458234
2025-09-07 00:00:00+00:00,52599.153279498074,37316.1102375069,0.13751492560458234
2025-09-08 00:00:00+00:00,52726.75200381731,37316.1102375069,0.13751492560458234
2025-09-09 00:00:00+00:00,52655.40375981663,37316.1102375069,0.13751492560458234
2025-09-10 00:00:00+00:00,52987.31115940511,37316.1102375069,0.13751492560458234
2025-09-11 00:00:00+00:00,53369.431611588516,22732.354441127893,0.26529583931982037
2025-09-12 00:00:00+00:00,53514.476805819846,22732.354441127893,0.26529583931982037
2025-09-13 00:00:00+00:00,53484.99447919623,22732.354441127893,0.26529583931982037
2025-09-14 00:00:00+00:00,53312.47790080334,22732.354441127893,0.26529583931982037
2025-09-15 00:00:00+00:00,53334.15257087577,22732.354441127893,0.26529583931982037
2025-09-16 00:00:00+00:00,53715.97960761683,22732.354441127893,0.26529583931982037
2025-09-17 00:00:00+00:00,53525.22700920761,46.47543774973383,0.45925168199236993
2025-09-18 00:00:00+00:00,53812.69100703391,46.47543774973383,0.45925168199236993
2025-09-19 00:00:00+00:00,53150.840445530615,46.47543774973383,0.45925168199236993
2025-09-20 00:00:00+00:00,53175.295597596705,46.47543774973383,0.45925168199236993
2025-09-21 00:00:00+00:00,52967.09844008228,46.47543774973383,0.45925168199236993
2025-09-22 00:00:00+00:00,51781.63207335539,46.47543774973383,0.45925168199236993
2025-09-23 00:00:00+00:00,51545.612695711534,14827.943734489729,0.32783984258065085
2025-09-24 00:00:00+00:00,51974.49277777554,14827.943734489729,0.32783984258065085
2025-09-25 00:00:00+00:00,50560.680178248054,14827.943734489729,0.32783984258065085
2025-09-26 00:00:00+00:00,50614.60182283431,36104.44526786794,0.1323394624263624
2025-09-27 00:00:00+00:00,50613.594719525245,36104.44526786794,0.1323394624263624
2025-09-28 00:00:00+00:00,50948.16211448533,36104.44526786794,0.1323394624263624
2025-09-29 00:00:00+00:00,51232.42860317178,36104.44526786794,0.1323394624263624
2025-09-30 00:00:00+00:00,51197.619354369774,36104.44526786794,0.1323394624263624
2025-10-01 00:00:00+00:00,51799.24249092776,36104.44526786794,0.1323394624263624
2025-10-02 00:00:00+00:00,52966.159424310375,-25881.750519010024,0.6541801639461292
2025-10-03 00:00:00+00:00,54074.32656801073,-25887.423231452547,0.6541801639461292
2025-10-04 00:00:00+00:00,54172.6672583014,-25893.097187229305,0.6541801639461292
2025-10-05 00:00:00+00:00,54880.90541363394,-25898.772386612807,0.6541801639461292
2025-10-06 00:00:00+00:00,55644.69530460948,-25904.448829875626,0.6541801639461292
2025-10-07 00:00:00+00:00,53463.4826057771,-25910.126517290395,0.6541801639461292
2025-10-08 00:00:00+00:00,54748.5338464116,-25915.805449129803,0.6541801639461292
2025-10-09 00:00:00+00:00,53667.64315241296,-25921.4856256666,0.6541801639461292
2025-10-10 00:00:00+00:00,47847.673851769156,-25927.167047173596,0.6541801639461292
2025-10-11 00:00:00+00:00,47024.94953237753,6847.5713726725335,0.3631216596565664
2025-10-12 00:00:00+00:00,47779.54667842799,26871.503759804982,0.18187422727640695
2025-10-13 00:00:00+00:00,47775.194311428,39581.942223615406,0.0711429769881093
2025-10-14 00:00:00+00:00,47623.1005866442,39581.942223615406,0.0711429769881093
2025-10-15 00:00:00+00:00,47461.97170378291,39581.942223615406,0.0711429769881093
2025-10-16 00:00:00+00:00,47279.20539590046,39581.942223615406,0.0711429769881093
2025-10-17 00:00:00+00:00,47153.80878466122,39581.942223615406,0.0711429769881093
2025-10-18 00:00:00+00:00,47207.40292351567,39581.942223615406,0.0711429769881093
2025-10-19 00:00:00+00:00,47311.113021079625,39581.942223615406,0.0711429769881093
2025-10-20 00:00:00+00:00,47445.52415893303,39581.942223615406,0.0711429769881093
2025-10-21 00:00:00+00:00,47286.56086829126,39581.942223615406,0.0711429769881093
2025-10-22 00:00:00+00:00,47234.610132205235,39581.942223615406,0.0711429769881093
2025-10-23 00:00:00+00:00,47413.23165024836,39581.942223615406,0.0711429769881093
2025-10-24 00:00:00+00:00,47479.16055845301,39581.942223615406,0.0711429769881093
2025-10-25 00:00:00+00:00,47524.79024103365,39581.942223615406,0.0711429769881093
2025-10-26 00:00:00+00:00,47732.038981587015,39581.942223615406,0.0711429769881093
2025-10-27 00:00:00+00:00,47699.900141732636,39581.942223615406,0.0711429769881093
2025-10-28 00:00:00+00:00,47613.874053958614,39581.942223615406,0.0711429769881093
2025-10-29 00:00:00+00:00,47409.184326287505,39581.942223615406,0.0711429769881093
2025-10-30 00:00:00+00:00,47288.354382741134,39581.942223615406,0.0711429769881093
2025-10-31 00:00:00+00:00,47379.78235675786,39581.942223615406,0.0711429769881093
2025-11-01 00:00:00+00:00,47414.64881834996,39581.942223615406,0.0711429769881093
2025-11-02 00:00:00+00:00,47446.13527710536,39581.942223615406,0.0711429769881093
2025-11-03 00:00:00+00:00,47164.57698565814,39581.942223615406,0.0711429769881093
2025-11-04 00:00:00+00:00,47153.2037438777,47153.2037438777,0.0
2025-11-05 00:00:00+00:00,47153.2037438777,47153.2037438777,0.0
2025-11-06 00:00:00+00:00,47153.2037438777,47153.2037438777,0.0
2025-11-07 00:00:00+00:00,47153.2037438777,47153.2037438777,0.0
2025-11-08 00:00:00+00:00,47153.2037438777,47153.2037438777,0.0
2025-11-09 00:00:00+00:00,47153.2037438777,47153.2037438777,0.0
2025-11-10 00:00:00+00:00,47153.2037438777,47153.2037438777,0.0
2025-11-11 00:00:00+00:00,47153.2037438777,47153.2037438777,0.0
2025-11-12 00:00:00+00:00,47153.2037438777,47153.2037438777,0.0
2025-11-13 00:00:00+00:00,47153.2037438777,47153.2037438777,0.0
2025-11-14 00:00:00+00:00,47153.2037438777,47153.2037438777,0.0
2025-11-15 00:00:00+00:00,47153.2037438777,47153.2037438777,0.0
2025-11-16 00:00:00+00:00,47153.2037438777,47153.2037438777,0.0
2025-11-17 00:00:00+00:00,47153.2037438777,47153.2037438777,0.0
2025-11-18 00:00:00+00:00,47153.2037438777,47153.2037438777,0.0
2025-11-19 00:00:00+00:00,47153.2037438777,47153.2037438777,0.0
2025-11-20 00:00:00+00:00,47153.2037438777,47153.2037438777,0.0
2025-11-21 00:00:00+00:00,47153.2037438777,47153.2037438777,0.0
2025-11-22 00:00:00+00:00,47153.2037438777,47153.2037438777,0.0
2025-11-23 00:00:00+00:00,47153.2037438777,47153.2037438777,0.0
2025-11-24 00:00:00+00:00,47153.2037438777,47153.2037438777,0.0
2025-11-25 00:00:00+00:00,47153.2037438777,47153.2037438777,0.0
2025-11-26 00:00:00+00:00,47153.2037438777,47153.2037438777,0.0
2025-11-27 00:00:00+00:00,47153.2037438777,47153.2037438777,0.0
2025-11-28 00:00:00+00:00,47153.2037438777,47153.2037438777,0.0
2025-11-29 00:00:00+00:00,47153.2037438777,47153.2037438777,0.0
2025-11-30 00:00:00+00:00,47153.2037438777,47153.2037438777,0.0
2025-12-01 00:00:00+00:00,47153.2037438777,47153.2037438777,0.0
2025-12-02 00:00:00+00:00,47153.2037438777,47153.2037438777,0.0
2025-12-03 00:00:00+00:00,47153.2037438777,47153.2037438777,0.0
2025-12-04 00:00:00+00:00,47120.979974611655,45132.352154854365,0.021597195029492266
2025-12-05 00:00:00+00:00,47061.63045072671,45132.352154854365,0.021597195029492266
2025-12-06 00:00:00+00:00,47059.61651229021,45132.352154854365,0.021597195029492266
2025-12-07 00:00:00+00:00,47084.63729467578,45132.352154854365,0.021597195029492266
2025-12-08 00:00:00+00:00,47089.79967220368,45132.352154854365,0.021597195029492266
2025-12-09 00:00:00+00:00,47133.954273553674,45132.352154854365,0.021597195029492266
2025-12-10 00:00:00+00:00,47119.626046455254,45132.352154854365,0.021597195029492266
2025-12-11 00:00:00+00:00,47130.3816655519,45132.352154854365,0.021597195029492266
2025-12-12 00:00:00+00:00,47081.89682659849,45132.352154854365,0.021597195029492266
2025-12-13 00:00:00+00:00,47081.2832502877,45132.352154854365,0.021597195029492266
2025-12-14 00:00:00+00:00,47036.623706517916,45132.352154854365,0.021597195029492266
2025-12-15 00:00:00+00:00,47033.76708354242,47033.76708354242,0.0
2025-12-16 00:00:00+00:00,47033.76708354242,47033.76708354242,0.0
2025-12-17 00:00:00+00:00,47033.76708354242,47033.76708354242,0.0
2025-12-18 00:00:00+00:00,47033.76708354242,47033.76708354242,0.0
2025-12-19 00:00:00+00:00,47033.76708354242,47033.76708354242,0.0
2025-12-20 00:00:00+00:00,47033.76708354242,47033.76708354242,0.0
2025-12-21 00:00:00+00:00,47033.76708354242,47033.76708354242,0.0
2025-12-22 00:00:00+00:00,47033.76708354242,47033.76708354242,0.0
2025-12-23 00:00:00+00:00,47033.76708354242,47033.76708354242,0.0
2025-12-24 00:00:00+00:00,47033.76708354242,47033.76708354242,0.0
2025-12-25 00:00:00+00:00,47033.76708354242,47033.76708354242,0.0
2025-12-26 00:00:00+00:00,47033.76708354242,47033.76708354242,0.0
2025-12-27 00:00:00+00:00,47033.76708354242,47033.76708354242,0.0
2025-12-28 00:00:00+00:00,47033.76708354242,47033.76708354242,0.0
2025-12-29 00:00:00+00:00,47033.76708354242,47033.76708354242,0.0
2025-12-30 00:00:00+00:00,46655.99752623034,70473.68024963608,-0.26917049025106526
2025-12-31 00:00:00+00:00,46839.51378331598,46839.51378331598,0.0
