timestamp,open,high,low,close,filled_hours,volume,quote_volume,trades,taker_buy_base,taker_buy_quote,return,log_return
2021-01-01 00:00:00+00:00,28923.63,29600.0,28624.57,29331.69,0,54182.925011,1582526989.1618726,1314910.0,27455.801725,802247744.545104,,
2021-01-02 00:00:00+00:00,29331.7,33300.0,28946.53,32178.33,0,129993.873362,4073842163.671541,2245922.0,67446.305246,2110334723.887146,0.09704998245924479,0.0926247431168008
2021-01-03 00:00:00+00:00,32176.45,34778.11,31962.99,33000.05,0,120957.56675,4057598425.4920163,2369698.0,59750.332871,2004428433.9318461,0.025536440206810118,0.02521583198655364
2021-01-04 00:00:00+00:00,33000.05,33600.0,28130.0,31988.71,0,140899.88569,4429010349.695345,2642408.0,69088.46923,2173435409.016988,-0.03064662023239373,-0.031126048570094156
2021-01-05 00:00:00+00:00,31989.75,34360.0,29900.0,33949.53,0,116049.997038,3743617144.6469154,2526851.0,59691.754755,1927195093.6415496,0.061297251436522426,0.05949198197405359
2021-01-06 00:00:00+00:00,33949.53,36939.21,33288.0,36769.36,0,127139.20131,4431954248.519614,2591783.0,63052.914652,2199632470.221549,0.08305947092640165,0.07978987964728823
2021-01-07 00:00:00+00:00,36769.36,40365.0,36300.0,39432.28,0,132825.700437,5062569943.383371,2814686.0,65055.107136,2482583239.856497,0.0724222559217782,0.06991988054158327
2021-01-08 00:00:00+00:00,39432.48,41950.0,36500.0,40582.81,0,139789.957499,5568443208.731365,2925632.0,67300.155216,2684975445.978905,0.029177364331963496,0.02875980772455833
2021-01-09 00:00:00+00:00,40586.96,41380.0,38720.0,40088.22,0,75785.979675,3054779029.1617765,1998156.0,37007.321909,1491990705.5516992,-0.012187179744330034,-0.012262052365310083
2021-01-10 00:00:00+00:00,40088.22,41350.0,35111.11,38150.02,0,118209.544503,4604034729.507071,2628050.0,55451.344673,2160976896.8280272,-0.04834836767509265,-0.049556243592201454
2021-01-11 00:00:00+00:00,38150.02,38264.74,30420.0,35404.47,0,251156.138287,8497730017.898506,4472957.0,123241.588782,4171891522.056786,-0.07196719687171849,-0.0746881986220913
2021-01-12 00:00:00+00:00,35410.37,36628.0,32531.0,34051.24,0,133948.151996,4651302423.484117,2674145.0,65098.310196,2261732478.8300514,-0.03822200981966406,-0.03897163438842277
2021-01-13 00:00:00+00:00,34049.15,37850.0,32380.0,37371.38,0,124477.914938,4322876606.419626,2514289.0,63981.038306,2222872691.371912,0.09750423185763579,0.09303872186648476
2021-01-14 00:00:00+00:00,37371.38,40100.0,36701.23,39144.5,0,102950.389421,3974826638.1450887,2297466.0,51264.467092,1979442593.0499995,0.04744593322483692,0.046354756422230636
2021-01-15 00:00:00+00:00,39145.21,39747.76,34408.0,36742.22,0,118300.920916,4371588898.681637,2560801.0,57738.03422,2133723812.7598622,-0.06136954105940806,-0.06333342468810521
2021-01-16 00:00:00+00:00,36737.43,37950.0,35357.8,35994.98,0,86348.43150800001,3178840336.1492844,2066363.0,42420.423736,1563160122.0113344,-0.020337366658846334,-0.020547018278435303
2021-01-17 00:00:00+00:00,35994.98,36852.5,33850.0,35828.61,0,80157.727384,2843103040.240664,1860642.0,39513.638561,1402648632.8512247,-0.004622033405769388,-0.004632748030489964
2021-01-18 00:00:00+00:00,35824.99,37469.83,34800.0,36631.27,0,70698.11875,2554843260.524399,1707766.0,35621.506047999996,1289347187.166529,0.02240276695076915,0.02215551096647239
2021-01-19 00:00:00+00:00,36622.46,37850.0,35844.06,35891.49,0,79611.307769,2935348499.344214,1939371.0,38704.68162,1428235709.8519692,-0.02019531400358221,-0.020402027184060145
2021-01-20 00:00:00+00:00,35901.94,36415.31,33400.0,35468.23,0,89368.422918,3126721093.5207763,2234539.0,42546.634077,1489289968.43647,-0.011792767589197228,-0.01186285382495278
2021-01-21 00:00:00+00:00,35468.23,35600.0,30071.0,30850.13,0,135004.076658,4386783586.504226,2881505.0,63256.210448,2057240516.6191926,-0.13020384721763678,-0.1394964019344247
2021-01-22 00:00:00+00:00,30851.99,33826.53,28850.0,32945.17,0,142971.684049,4483295872.022272,2707810.0,70150.188455,2201161570.4986706,0.06791024867642359,0.06570370018688365
2021-01-23 00:00:00+00:00,32950.0,33456.0,31390.16,32078.0,0,64595.287675,2089098295.7584367,1700056.0,32680.776128,1057114174.5522273,-0.026321612545936124,-0.026674227552627272
2021-01-24 00:00:00+00:00,32078.0,33071.0,30900.0,32259.9,0,57978.037965999996,1864609665.3657017,1528287.0,27826.119197,895721122.0169544,0.005670553026996705,0.005654535963060425
2021-01-25 00:00:00+00:00,32259.45,34875.0,31910.0,32254.2,0,88499.226921,2958759288.5635686,2106548.0,44489.524132,1488432034.4924214,-0.00017668994634212343,-0.00017670555785009867
2021-01-26 00:00:00+00:00,32254.19,32921.88,30837.37,32467.77,0,84972.20691000001,2708545364.4946413,2010392.0,42402.312917,1352678098.866321,0.0066214632512975324,0.006599637655449797
2021-01-27 00:00:00+00:00,32464.01,32557.29,29241.72,30366.15,0,95911.961711,2958081421.641559,2065953.0,46664.381638,1440079785.1205118,-0.06472942243954538,-0.0669194037928218
2021-01-28 00:00:00+00:00,30362.19,33783.98,29842.1,33364.86,0,92621.145617,2953553214.065682,2060660.0,46067.782326,1468956156.4850714,0.09875173507342883,0.09417474914995339
2021-01-29 00:00:00+00:00,33368.18,38531.9,31915.4,34252.2,0,231827.005626,8195593336.228467,4403349.0,116537.247847,4121941033.6373253,0.0265950464051099,0.026247545889010127
2021-01-30 00:00:00+00:00,34246.28,34933.0,32825.0,34262.88,0,84889.68134,2884500062.9380784,2201040.0,42418.467099,1441981400.6536381,0.00031180478918146903,0.00031175618816980943
2021-01-31 00:00:00+00:00,34262.89,34342.69,32171.67,33092.98,0,68742.280384,2289641045.7580123,1707064.0,32480.447358,1082502551.5205712,-0.03414482378597461,-0.03474137711240388
2021-02-01 00:00:00+00:00,33092.97,34717.27,32296.16,33526.37,0,82718.276882,2791776658.0056057,1810492.0,41855.841486,1413158966.728098,0.013096130961913977,0.013011118061134752
2021-02-02 00:00:00+00:00,33517.09,35984.33,33418.0,35466.24,0,78056.65988,2716321896.317609,1789672.0,39216.563106,1364790964.6368995,0.057861021041049066,0.05624896473299401
2021-02-03 00:00:00+00:00,35472.71,37662.63,35362.38,37618.87,0,80784.333663,2951232788.184305,1881740.0,39863.07506,1456248046.1419172,0.06069518505485805,0.058924528115626984
2021-02-04 00:00:00+00:00,37620.26,38708.27,36161.95,36936.66,0,92080.735898,3452669022.1532927,2211866.0,45516.21369,1707710013.8895385,-0.018134781826248392,-0.018301232416527924
2021-02-05 00:00:00+00:00,36936.65,38310.12,36570.0,38290.24,0,66681.334275,2509278291.7515864,1853253.0,32756.385030999998,1232713879.8381383,0.03664597719447271,0.0359904796336572
2021-02-06 00:00:00+00:00,38289.32,40955.51,38215.94,39186.94,0,98757.311183,3922095148.9281507,2291646.0,52015.513362,2065180747.347224,0.023418500380253615,0.023148494595259805
2021-02-07 00:00:00+00:00,39181.01,39700.0,37351.0,38795.69,0,84363.679763,3256521384.240611,1976357.0,40764.388959,1574482907.5639021,-0.009984193713517775,-0.010034370035013396
2021-02-08 00:00:00+00:00,38795.69,46794.45,37988.89,46374.87,0,138597.536914,5881536976.635699,3230961.0,72345.891568,3069313839.441136,0.1953613919484356,0.17844855970428242
2021-02-09 00:00:00+00:00,46374.86,48142.19,44961.09,46420.42,0,115499.861712,5386255398.017187,3119034.0,57429.564347,2679451036.4918036,0.0009822129959609072,0.000981730940404546
2021-02-10 00:00:00+00:00,46420.42,47310.0,43727.0,44807.58,0,97154.1822,4431650130.251105,2891592.0,47971.985731,2190231238.817587,-0.03474419231881132,-0.035362127092163576
2021-02-11 00:00:00+00:00,44807.58,48678.9,43994.02,47969.51,2,89561.081454,4185630934.410895,2570949.0,46138.33674,2158335922.6923237,0.07056685498301851,0.06818827920686132
2021-02-12 00:00:00+00:00,47968.66,48985.8,46125.0,47287.6,0,85870.035697,4080571908.9676614,2418841.0,41841.039135,1990472918.9285848,-0.014215488129855847,-0.01431749606359567
2021-02-13 00:00:00+00:00,47298.15,48150.0,46202.53,47153.69,0,63768.097399,3007710147.4181595,2058823.0,30996.309859,1462495399.9928117,-0.0028318206041328953,-0.0028358377938655366
2021-02-14 00:00:00+00:00,47156.78,49707.43,47014.17,48577.79,0,73735.475533,3584808348.8347325,2090070.0,38752.156681,1884009921.0628607,0.03020124193885998,0.02975416368042083
2021-02-15 00:00:00+00:00,48580.47,49010.92,45570.79,47911.1,0,79398.156784,3782219060.664722,2313155.0,38176.364661,1819251655.7814271,-0.013724173125208128,-0.013819220219636108
2021-02-16 00:00:00+00:00,47911.1,50689.18,47003.62,49133.45,0,88813.266298,4349983777.692368,2199849.0,45608.603838,2236524604.988356,0.025512876974229215,0.025192855227892608
2021-02-17 00:00:00+00:00,49133.45,52618.74,48947.0,52119.71,0,85743.637818,4365831514.815298,2514374.0,45055.446241,2294099235.2800226,0.060778553103842725,0.0590031225827925
2021-02-18 00:00:00+00:00,52117.67,52530.0,50901.9,51552.6,0,60758.046954,3149973077.487466,1891592.0,28893.358623,1498231635.843909,-0.01088091242257494,-0.010940542497738903
2021-02-19 00:00:00+00:00,51552.61,56368.0,50710.2,55906.0,0,79659.77802,4251167827.6842465,2339215.0,40556.020246,2164871310.2239413,0.08444578934913083,0.0810690632665132
2021-02-20 00:00:00+00:00,55906.0,57700.46,53863.93,55841.19,0,80948.205314,4551890859.8512745,2642846.0,38636.066274,2172833878.4409647,-0.0011592673416090937,-0.001159939811758548
2021-02-21 00:00:00+00:00,55841.19,58352.8,55477.59,57408.57,0,58166.708511,3317998263.347889,1950533.0,29506.089085,1683107088.1573696,0.02806852790923675,0.027681826201510162
2021-02-22 00:00:00+00:00,57412.35,57508.47,47622.0,54087.67,0,134019.434944,7213386720.436797,3313083.0,63677.661979,3427217154.5209727,-0.05784676399359889,-0.059587346715506584
2021-02-23 00:00:00+00:00,54087.67,54183.59,44892.56,48891.0,0,169375.025051,8215839131.243386,3825196.0,82464.142992,4002195292.097356,-0.09607864417158285,-0.10101291813933777
2021-02-24 00:00:00+00:00,48891.0,51374.99,46988.69,49676.2,0,91881.209252,4574033001.379536,2194532.0,45750.714831,2278566606.1383467,0.016060215581599868,0.015932614704777137
2021-02-25 00:00:00+00:00,49676.21,52041.73,46674.34,47073.73,0,83310.673121,4152188728.141615,2305679.0,40610.664759,2026068517.6463618,-0.05238866902057715,-0.05381084921367574
2021-02-26 00:00:00+00:00,47073.73,48424.11,44106.78,46276.87,0,109423.200663,5086374532.734615,2371766.0,53626.904622,2494190193.252283,-0.016927912871998907,-0.01707282772111718
2021-02-27 00:00:00+00:00,46276.88,48394.0,45000.0,46106.43,0,66060.834292,3105897438.550972,1757720.0,31987.019647,1505012110.949598,-0.0036830494370082567,-0.003689848563064757
2021-02-28 00:00:00+00:00,46103.67,46638.46,43000.0,45135.66,0,83055.369042,3708359965.4545813,1838345.0,40688.17185,1817797446.602381,-0.021054980834560366,-0.021279798227402225
2021-03-01 00:00:00+00:00,45134.11,49790.0,44950.53,49587.03,0,85086.11164799999,4057515794.8657284,2147223.0,42616.994361000005,2032566685.614307,0.09862202081458427,0.09405668615894136
2021-03-02 00:00:00+00:00,49595.76,50200.0,47047.6,48440.65,0,64221.06214,3120472069.909453,1855583.0,31377.038077,1525145370.1435206,-0.02311854531315949,-0.023389970343295374
2021-03-03 00:00:00+00:00,48436.61,52640.0,48100.71,50349.37,0,81035.913705,4109521257.5407004,2242131.0,40955.368399,2077586898.6782105,0.03940326977445596,0.038646769416057936
2021-03-04 00:00:00+00:00,50349.37,51773.88,47500.0,48374.09,0,82649.716829,4079837240.856762,2291936.0,40269.977888,1987955554.8048146,-0.0392314739985824,-0.04002176686968184
2021-03-05 00:00:00+00:00,48374.09,49448.93,46300.0,48751.71,0,78192.496372,3727133104.8373103,2054216.0,38318.310377,1827025012.2175493,0.007806245037374371,0.007775933948250824
2021-03-06 00:00:00+00:00,48746.81,49200.0,47070.0,48882.2,1,44399.234242,2143910705.2915032,1476474.0,21500.615617,1038365872.9799548,0.0026766240609816805,0.0026730482820571666
2021-03-07 00:00:00+00:00,48882.2,51450.03,48882.2,50971.75,0,55235.028032,2778875909.4491262,1758101.0,27885.596964,1402782879.7211533,0.04274664397265271,0.04185823565066116
2021-03-08 00:00:00+00:00,50959.11,52402.78,49274.67,52375.17,0,66987.359664,3400847931.036074,1999401.0,33595.42957,1706117798.1054993,0.027533290499148988,0.02716106637595317
2021-03-09 00:00:00+00:00,52375.18,54895.0,51789.41,54884.5,0,71656.737076,3861450964.6549034,2194398.0,35011.541086,1886844773.68463,0.04791067981259056,0.046798353080177435
2021-03-10 00:00:00+00:00,54874.67,57387.69,53005.0,55851.59,0,84749.238943,4700197563.359212,2647284.0,42651.887405,2366856292.8667717,0.017620457506217546,0.01746701708306908
2021-03-11 00:00:00+00:00,55851.59,58150.0,54272.82,57773.16,0,81914.812859,4612366201.00222,2509970.0,40603.449668,2288704819.0951066,0.034404929206133694,0.03382631374464218
2021-03-12 00:00:00+00:00,57773.15,58081.51,54962.84,57221.72,0,73405.406047,4162054726.378839,2489931.0,35802.941462,2030616300.4734313,-0.009544916705265916,-0.009590761378339252
2021-03-13 00:00:00+00:00,57221.72,61844.0,56078.23,61188.39,0,83245.091346,4933383453.245978,2559002.0,44387.231918,2631390814.772793,0.06932105501197783,0.0670239190495181
2021-03-14 00:00:00+00:00,61188.38,61724.79,58966.78,58968.31,0,52601.05275,3176397573.8846426,1829769.0,25325.267050000002,1530051005.3980403,-0.03628270003508838,-0.036957284677731295
2021-03-15 00:00:00+00:00,58976.08,60633.43,54600.0,55605.2,0,102771.427298,5874241052.093372,2683815.0,49825.438347,2848907086.6343694,-0.05703249762457163,-0.058723458898573
2021-03-16 00:00:00+00:00,55605.2,56938.29,53271.34,56900.75,0,77986.694355,4304259207.6451,2241208.0,37825.501493,2088111362.5512385,0.023299079942163736,0.02303180000156324
2021-03-17 00:00:00+00:00,56900.74,58974.73,54123.69,58912.97,0,70421.620841,3960992972.154292,2204296.0,34778.745775,1957825522.6803286,0.03536368149804714,0.03475274808665141
2021-03-18 00:00:00+00:00,58912.97,60129.97,57023.0,57648.16,0,66580.406675,3900885761.2128057,2040947.0,32287.379911,1892327691.3666964,-0.021469126407987926,-0.02170294068462475
2021-03-19 00:00:00+00:00,57641.0,59468.0,56270.74,58030.01,0,52392.652961,3052711147.934925,1885830.0,25552.511223,1489274083.2643423,0.0066238020432916045,0.006601961060384909
2021-03-20 00:00:00+00:00,58030.01,59880.0,57820.17,58102.28,0,44476.941776,2616535093.051585,1724131.0,22212.446723,1307023993.1234434,0.0012453901007425383,0.0012446152457563642
2021-03-21 00:00:00+00:00,58100.02,58589.1,55450.11,57351.56,0,48564.470274,2774223129.62381,1773546.0,23648.941676,1350989191.2768385,-0.012920663354346829,-0.01300486117254529
2021-03-22 00:00:00+00:00,57351.56,58430.73,53650.0,54083.25,0,62581.626169,3527479514.3256526,1927345.0,30749.059028,1733579080.5690005,-0.05698729031956584,-0.058675518517517844
2021-03-23 00:00:00+00:00,54083.25,55830.9,53000.0,54340.89,0,59789.365427,3264650774.8174615,1740349.0,29563.40974,1614722150.8192565,0.004763766970365069,0.004752456139707206
2021-03-24 00:00:00+00:00,54342.8,57200.0,51700.0,52303.65,0,83537.465021,4583159614.046461,2401988.0,39323.130067,2161386678.8068204,-0.03749000062383956,-0.03821082391191766
2021-03-25 00:00:00+00:00,52303.66,53287.0,50427.56,51293.78,0,87400.534538,4536327184.95786,2099425.0,42947.397733,2229351569.587026,-0.019307830333064713,-0.019496661048352237
2021-03-26 00:00:00+00:00,51293.78,55073.46,51214.6,55025.59,0,63813.774692,3397036140.7516375,1773150.0,31822.545238,1694326043.3371158,0.07275365551144786,0.07022885249165967
2021-03-27 00:00:00+00:00,55025.59,56700.36,53950.0,55817.14,0,50105.475055,2767070175.861931,1528776.0,24739.948471,1365965317.2505236,0.014385125175395697,0.014282640925522117
2021-03-28 00:00:00+00:00,55817.14,56559.75,54691.84,55777.63,0,39050.387511,2178777329.4452167,1551283.0,19262.725935,1074959545.959009,-0.0007078470878300047,-0.0007080977298628
2021-03-29 00:00:00+00:00,55777.65,58405.82,54800.01,57635.47,0,67857.937398,3877131109.734646,1983437.0,34373.804556,1963800173.6560595,0.03330797669244823,0.032765283837184356
2021-03-30 00:00:00+00:00,57635.46,59368.0,57071.35,58746.57,0,55122.443122000004,3221944107.4550304,1612744.0,27541.52668,1610812657.9299018,0.01927805915350378,0.01909459155439741
2021-03-31 00:00:00+00:00,58746.57,59800.0,56769.0,58740.55,0,60975.542666,3575976083.8045754,1928224.0,31074.813187,1823822792.91045,-0.00010247406784769097,-0.0001024793186736872
2021-04-01 00:00:00+00:00,58739.46,59490.0,57935.45,58720.44,0,47415.61722,2789238879.943373,1594431.0,22966.256736,1351151697.892222,-0.00034235294017503914,-0.00034241155632130926
2021-04-02 00:00:00+00:00,58720.45,60200.0,58428.57,58950.01,0,47382.418781,2811159761.2684674,1666356.0,23695.695154,1406393729.830769,0.0039095415497567565,0.0039019191524527486
2021-04-03 00:00:00+00:00,58950.01,59791.72,56880.0,57051.94,0,47409.852113,2783151686.164537,1606805.0,23057.967017,1353960264.6219625,-0.03219795891468047,-0.03272771563018573
2021-04-04 00:00:00+00:00,57051.95,58492.85,56388.0,58202.01,0,41314.081973,2380139010.7302327,1499113.0,20609.134160999998,1187123542.5798833,0.020158297859809826,0.019957809235044977
2021-04-05 00:00:00+00:00,58202.01,59272.0,56777.77,59129.99,0,54258.01579,3155214764.1644855,2035877.0,27269.49269,1586344787.554169,0.015944122891975665,0.015818350490324207
2021-04-06 00:00:00+00:00,59129.99,59495.24,57413.02,57991.15,0,54201.000727,3166911557.1481576,1960513.0,26699.197872,1560539125.7780592,-0.019259938992041037,-0.019447828016769364
2021-04-07 00:00:00+00:00,57990.03,58655.0,55473.0,55953.45,0,71228.405659,4053294016.4845147,2206433.0,34737.582155,1977438033.9286299,-0.03513812021317053,-0.03577031764177363
2021-04-08 00:00:00+00:00,55953.44,58153.31,55700.0,58077.52,0,44283.147019,2531779682.552427,1661080.0,22161.69051,1267126859.4438906,0.03796137682305556,0.037258574825072444
2021-04-09 00:00:00+00:00,58077.52,58894.9,57654.0,58142.54,0,40831.884911,2378340697.289584,1615962.0,20354.234456,1185679367.9100363,0.0011195381620978662,0.0011189119465875308
2021-04-10 00:00:00+00:00,58142.55,61500.0,57900.01,59769.13,0,69906.424117,4197138552.4690337,2470398.0,36018.637566,2162858397.75344,0.0279759019815784,0.027591725106052678
2021-04-11 00:00:00+00:00,59769.13,60699.0,59232.52,60002.43,0,41156.715391,2462032926.6179814,1746102.0,20798.058779,1244349091.4434774,0.0039033527842884386,0.0038957544689939283
2021-04-12 00:00:00+00:00,59998.8,61300.0,59350.59,59860.0,0,56375.037117,3393042867.8714666,1806298.0,27645.201153,1664588823.4110289,-0.002373737196976866,-0.002376558977443821
2021-04-13 00:00:00+00:00,59860.01,63777.77,59805.15,63575.0,0,82848.688746,5154877375.389618,2703735.0,41662.533028,2592724448.3698506,0.062061476779151414,0.06021180888363098
2021-04-14 00:00:00+00:00,63575.01,64854.0,61301.0,62959.53,0,82616.343993,5239081228.156977,2645625.0,40070.377527000004,2542171083.4126883,-0.009681006685017701,-0.009728172284079406
2021-04-15 00:00:00+00:00,62959.53,63800.0,62020.0,63159.98,0,51649.700339999996,3248931738.293182,1938028.0,25628.168379,1612303095.2882545,0.003183791238594136,0.003178733707175141
2021-04-16 00:00:00+00:00,63158.74,63520.61,60000.0,61334.8,0,91764.139884,5647292669.615494,2639940.0,43570.023147,2680750914.504573,-0.028897729226640023,-0.029323491032837268
2021-04-17 00:00:00+00:00,61334.81,62506.05,59580.91,60006.66,0,58912.256128,3605701810.675047,2268816.0,28386.274106,1737722135.3795059,-0.021653938710161302,-0.02189182563638603
2021-04-18 00:00:00+00:00,60006.67,60499.0,50931.3,56150.01,0,124882.131824,6949379727.429154,3444089.0,59404.616809,3303953081.096218,-0.06427036598937519,-0.06642869678323038
2021-04-19 00:00:00+00:00,56150.01,57526.81,54221.58,55633.14,0,78229.042267,4398619580.647143,2390527.0,38362.384979,2156617047.238732,-0.009205163097922964,-0.009247792419996514
2021-04-20 00:00:00+00:00,55633.14,57076.24,53329.96,56425.0,2,72744.482151,4037701391.6195264,2148820.0,35519.589727,1971916967.5849755,0.01423360248945138,0.014133255844770432
2021-04-21 00:00:00+00:00,56425.0,56757.91,53536.02,53787.63,0,66984.756909,3704549578.6973033,2134946.0,32188.929493,1780065583.272094,-0.0467411608329642,-0.047868807623373755
2021-04-22 00:00:00+00:00,53787.62,55521.48,50500.0,51690.96,0,104656.631337,5594983857.318092,2744621.0,50550.77147,2703745286.3887057,-0.03898052396062068,-0.03976060378704993
2021-04-23 00:00:00+00:00,51690.95,52131.85,47500.0,51125.14,0,132230.780719,6571097317.467918,2888237.0,63769.621253,3170392794.0548844,-0.010946208002327706,-0.011006558547652645
2021-04-24 00:00:00+00:00,51110.56,51166.22,48657.14,50047.84,0,55361.512573,2762081002.878663,1164985.0,26782.233007,1336607709.8567977,-0.021071824937789918,-0.021297004758734417
2021-04-25 00:00:00+00:00,50047.84,50567.91,46930.0,49066.77,3,58255.645004,2867858315.1873198,1475479.0,27767.331394,1367920871.5281665,-0.019602644190038987,-0.019797324384079218
2021-04-26 00:00:00+00:00,49066.76,54356.62,48753.44,54001.39,0,86310.802124,4555688503.3973875,2174544.0,43183.936749,2277375506.8553133,0.10056948928979836,0.09582776337101784
2021-04-27 00:00:00+00:00,54001.38,55460.0,53222.0,55011.97,0,54064.034675,2949719328.3669896,1568666.0,25631.074629,1398731801.176336,0.0187139627331816,0.01854101094302152
2021-04-28 00:00:00+00:00,55011.97,56428.0,53813.16,54846.22,0,55130.459015,3020242787.5066776,1830042.0,26762.033422,1466278915.015322,-0.0030129806294884043,-0.003017528793609614
2021-04-29 00:00:00+00:00,54846.23,55195.84,52330.94,53555.0,0,52486.019455,2823220335.4760413,1763676.0,25339.743902,1362821167.9325395,-0.023542552248814963,-0.023824105906546933
2021-04-30 00:00:00+00:00,53555.0,57963.0,53013.01,57694.27,0,68578.910045,3808187372.7393794,2267648.0,35634.129087,1978866536.224178,0.07729007562319112,0.07444869860711911
2021-05-01 00:00:00+00:00,57697.25,58458.07,56956.14,57800.37,0,42600.351836,2460342954.8425207,1743013.0,20574.810226,1188354972.0137234,0.0018390041160067927,0.001837315218214286
2021-05-02 00:00:00+00:00,57797.35,57911.02,56035.25,56578.21,0,36812.878863,2089763230.439627,1371638.0,18172.891836,1031569632.4391578,-0.021144501324126486,-0.021371248289668188
2021-05-03 00:00:00+00:00,56578.21,58981.44,56435.0,57169.39,0,57649.931286,3337604542.627381,2102128.0,28536.055533,1652286174.1582646,0.010448898966580966,0.01039468653491582
2021-05-04 00:00:00+00:00,57169.39,57200.0,53046.69,53200.01,0,85324.62590300001,4705402064.300975,2492629.0,41029.688246,2262794503.8147497,-0.06943191102791191,-0.07196003096966841
2021-05-05 00:00:00+00:00,53205.05,58069.82,52900.0,57436.11,0,77263.923439,4327994296.151436,2378119.0,38729.475016,2170539511.7772765,0.07962592488234499,0.07661461528794256
2021-05-06 00:00:00+00:00,57436.11,58360.0,55200.0,56393.68,0,70181.671908,3992289527.7370973,2459881.0,34248.899643,1949210281.6920164,-0.0181493837239326,-0.018316104117849008
2021-05-07 00:00:00+00:00,56393.68,58650.0,55241.63,57314.75,0,74542.747829,4239374487.4747725,2361692.0,36877.602566,2097609397.229757,0.016332858575641707,0.016200912209964002
2021-05-08 00:00:00+00:00,57315.49,59500.0,56900.0,58862.05,0,69709.906028,4079553831.9880643,2311378.0,34329.699156,2009442622.588905,0.026996541030014143,0.02663856290765665
2021-05-09 00:00:00+00:00,58866.53,59300.0,56235.66,58240.84,0,69806.11991000001,4043552701.5065985,2170139.0,34301.050457,1987959541.940182,-0.010553658936445554,-0.010609743743877686
2021-05-10 00:00:00+00:00,58240.83,59500.0,53400.0,55816.14,0,89586.34925,5131782639.966137,2575419.0,43057.977029,2468201497.9675717,-0.04163229788581346,-0.042523751986188074
2021-05-11 00:00:00+00:00,55816.14,56862.43,54370.0,56670.02,0,64329.54055,3583030654.763019,1911480.0,30880.828339,1720075588.2236335,0.01529808403089139,0.015182248226727424
2021-05-12 00:00:00+00:00,56670.02,58000.01,48600.0,49631.32,0,99842.789836,5476115093.110468,2676826.0,48299.826001,2654897646.092577,-0.12420500292747383,-0.13262323703977863
2021-05-13 00:00:00+00:00,49537.15,51367.19,46000.0,49670.97,0,147332.002121,7303694688.6014,3570506.0,71742.003359,3558735468.0045953,0.0007988907004690127,0.0007985717571479256
2021-05-14 00:00:00+00:00,49671.92,51483.0,48799.75,49841.45,0,80082.204306,4015904915.407911,2095860.0,37184.128863,1864162620.5027146,0.0034321858421528795,0.003426309334663813
2021-05-15 00:00:00+00:00,49844.16,50700.0,46555.0,46762.99,0,89437.449359,4350775846.517358,2286791.0,42257.918463,2056302844.861021,-0.061765056995733425,-0.0637548890528592
2021-05-16 00:00:00+00:00,46762.99,49795.89,43825.39,46431.5,0,114269.812775,5367497608.115901,2661295.0,53797.590877,2528671396.1080194,-0.007088725507072957,-0.007113969892818872
2021-05-17 00:00:00+00:00,46426.83,46686.0,42001.0,43538.04,0,166657.172736,7346755531.933858,3216821.0,80610.146581,3555755756.3229213,-0.062316746174472026,-0.06434306949225999
2021-05-18 00:00:00+00:00,43538.02,45799.29,42250.02,42849.78,0,116979.860784,5146670282.547902,2561165.0,55703.00041,2450848779.21598,-0.015808244927883797,-0.015934527874399862
2021-05-19 00:00:00+00:00,42849.78,43584.9,30000.0,36690.09,0,354347.243161,13477694934.871798,6331062.0,168271.347308,6410032516.523526,-0.1437507963868193,-0.15519381949293098
2021-05-20 00:00:00+00:00,36671.23,42451.67,34850.0,40526.64,0,203017.596923,8019897067.17622,4269898.0,100167.126413,3959645913.2324944,0.10456638291157105,0.09945284430064305
2021-05-21 00:00:00+00:00,40525.39,42200.0,33488.0,37252.01,0,202100.888258,7713346610.274129,3993336.0,94002.431409,3591749386.78765,-0.08080191202626219,-0.08425363254795037
2021-05-22 00:00:00+00:00,37263.35,38829.0,35200.62,37449.73,0,126542.243689,4730567647.674401,2716691.0,63310.452012,2367081500.530058,0.005307633064632,0.005293597223083424
2021-05-23 00:00:00+00:00,37458.51,38270.64,31111.01,34655.25,0,217136.046593,7431242463.203842,4082004.0,104637.659409,3584259319.7463818,-0.07461949658916112,-0.07755027101425505
2021-05-24 00:00:00+00:00,34681.44,39920.0,34031.0,38796.29,0,161630.89397099998,5996773032.151345,3510578.0,81584.825314,3031032098.518881,0.1194924289970496,0.1128753941906151
2021-05-25 00:00:00+00:00,38810.99,39791.77,36419.62,38324.72,0,111996.228404,4253519579.378729,2508310.0,54153.536814,2057463609.950911,-0.012155028225637077,-0.012229504705665306
2021-05-26 00:00:00+00:00,38324.72,40841.0,37800.44,39241.91,0,104780.773396,4113717505.263555,2432319.0,50485.076994,1983423341.5599248,0.023932073084943717,0.02365018953907594
2021-05-27 00:00:00+00:00,39241.92,40411.14,37134.27,38529.98,0,86547.158794,3361413526.0535436,2102182.0,42256.012801,1641681553.5291371,-0.018142083298188116,-0.01830866877230619
2021-05-28 00:00:00+00:00,38529.99,38877.83,34684.0,35663.49,0,135377.62972,4926260941.933614,2659178.0,64327.281853,2341060689.073459,-0.07439635317744797,-0.07730916315520986
2021-05-29 00:00:00+00:00,35661.79,37338.58,33632.76,34605.15,0,112663.092689,3949843335.322595,2169643.0,54284.199652,1904345668.7790062,-0.029675727193272383,-0.030124961488521507
2021-05-30 00:00:00+00:00,34605.15,36488.0,33379.0,35641.27,0,73535.386967,2601994948.148242,1559892.0,37406.813903,1324617922.554574,0.029941208172771905,0.02950172116854155
2021-05-31 00:00:00+00:00,35641.26,37499.0,34153.84,37253.81,0,94160.735289,3406047734.8311286,1896359.0,46337.932504000004,1677796724.0573614,0.04524361786210207,0.044249985387631696
2021-06-01 00:00:00+00:00,37253.82,37894.81,35666.0,36693.09,0,81234.66377,2973928300.375587,1760417.0,40291.834851,1475008291.2336473,-0.015051346426043444,-0.015165767520091578
2021-06-02 00:00:00+00:00,36694.85,38225.0,35920.0,37568.68,0,67587.372495,2523462575.6884375,1530915.0,34328.496287,1281854474.9120827,0.02386253106511349,0.023582270598655697
2021-06-03 00:00:00+00:00,37568.68,39476.0,37170.0,39246.79,0,75889.106011,2930945325.709207,1949658.0,38664.297849,1493504667.613802,0.044667792427096176,0.043698932891587106
2021-06-04 00:00:00+00:00,39246.78,39289.07,35555.15,36829.0,0,91317.799245,3379399754.9305224,1926311.0,43105.97173,1595098152.9668267,-0.06160478347401155,-0.06358407913456254
2021-06-05 00:00:00+00:00,36829.15,37925.0,34800.0,35513.2,0,70459.62149,2560547116.8364058,1463754.0,34397.77436,1249708171.2723918,-0.03572728013250437,-0.03638111995464044
2021-06-06 00:00:00+00:00,35516.07,36480.0,35222.0,35796.31,0,47650.206637,1711857075.0471697,993430.0,23661.260636,850204250.7625557,0.007971965353727573,0.007940357113332297
2021-06-07 00:00:00+00:00,35796.31,36900.0,33300.0,33552.79,0,77574.952573,2755673601.713914,1532260.0,36431.560586,1295757611.708646,-0.06267461646186423,-0.06472479604498638
2021-06-08 00:00:00+00:00,33556.96,34068.01,31000.0,33380.81,0,123251.189037,4030784324.609684,2074885.0,60095.990201,1966354847.5691981,-0.00512565423024447,-0.00513883545678695
2021-06-09 00:00:00+00:00,33380.8,37534.79,32396.82,37388.05,0,136607.59751700002,4794741674.438823,2601479.0,68790.289265,2415789675.0859303,0.12004621817145855,0.11336995068009159
2021-06-10 00:00:00+00:00,37388.05,38491.0,35782.0,36675.72,0,109527.284943,4062957162.3643003,2231430.0,53639.424022,1990486079.2177148,-0.0190523442650794,-0.01923617890874496
2021-06-11 00:00:00+00:00,36677.83,37680.4,35936.77,37331.98,0,78466.0053,2903043643.310072,1727645.0,39406.719224,1458619433.2768435,0.017893581911957,0.01773537623175514
2021-06-12 00:00:00+00:00,37331.98,37463.63,34600.36,35546.11,0,87717.54999,3132387326.5375137,1719650.0,42571.205313,1520432734.299909,-0.047837537682169584,-0.04901960505525693
2021-06-13 00:00:00+00:00,35546.12,39380.0,34757.0,39020.57,0,86921.025555,3208991521.63768,1894103.0,45675.273616,1688611358.4117024,0.09774515411109674,0.09325821606697815
2021-06-14 00:00:00+00:00,39020.56,41064.05,38730.0,40516.29,0,108522.391949,4320307646.765389,2185089.0,53645.908744,2135285912.6205053,0.03833157742185733,0.037615172483382864
2021-06-15 00:00:00+00:00,40516.28,41330.0,39506.4,40144.04,0,80679.622838,3247746713.6274095,1931890.0,39428.829726,1587381565.815413,-0.009187662542646469,-0.009230129428557277
2021-06-16 00:00:00+00:00,40143.8,40527.14,38116.01,38349.01,0,87771.976937,3450556041.6005836,2134897.0,42137.242251,1657135674.8230217,-0.04471473224917066,-0.04574527341953072
2021-06-17 00:00:00+00:00,38349.0,39559.88,37365.0,38092.97,0,79541.307119,3065622530.039886,1620210.0,37936.812673,1462729677.1158257,-0.006676573919378925,-0.0066989619448758475
2021-06-18 00:00:00+00:00,38092.97,38202.84,35129.29,35819.84,0,95228.042935,3507868126.3062024,1809253.0,44824.436567,1651613641.3868167,-0.05967321529405567,-0.061527820827823376
2021-06-19 00:00:00+00:00,35820.48,36457.0,34803.52,35483.72,0,68712.449461,2453817534.7771697,1212278.0,33788.293345,1207082481.7647178,-0.00938362650419422,-0.009427930097443138
2021-06-20 00:00:00+00:00,35483.72,36137.72,33336.0,35600.16,0,89878.17085,3124634336.8407607,1691871.0,44194.067387,1537385055.4929118,0.003281504870402685,0.003276132483096106
2021-06-21 00:00:00+00:00,35600.17,35750.0,31251.23,31608.93,0,168778.873159,5545926077.788067,2688993.0,81297.469751,2671033140.1889787,-0.11211269836989501,-0.11891045662276056
2021-06-22 00:00:00+00:00,31614.12,33298.78,28805.0,32509.56,0,204208.17976199999,6406159197.076789,3113977.0,99149.182266,3115465362.9670815,0.028492897418546104,0.02809452431993975
2021-06-23 00:00:00+00:00,32509.56,34881.0,31683.0,33678.07,0,126966.100563,4282250433.919445,2026228.0,63340.033137,2136458765.5868042,0.0359435809035864,0.03531268376709562
2021-06-24 00:00:00+00:00,33675.07,35298.0,32286.57,34663.09,0,86625.80426,2925373222.105977,1531230.0,43994.708298,1486960778.326773,0.029248113089615835,0.02882854837944926
2021-06-25 00:00:00+00:00,34663.08,35500.0,31275.0,31584.45,0,116061.130356,3846120542.6572967,2094932.0,55656.156252,1846078278.3047826,-0.08881608650584805,-0.09301052120369313
2021-06-26 00:00:00+00:00,31576.09,32730.0,30151.0,32283.65,0,107820.375287,3376415451.793124,1814051.0,52978.159256,1659918820.240478,0.022137475878161617,0.021895999249812448
2021-06-27 00:00:00+00:00,32283.65,34749.0,31973.45,34700.34,0,96613.244211,3199980157.7503333,1799875.0,48772.52918,1616348030.4826243,0.07485801636432043,0.07218857505595366
2021-06-28 00:00:00+00:00,34702.49,35297.71,33862.72,34494.89,0,82222.267819,2837122779.5244017,1868627.0,40552.29218,1399861431.1646347,-0.0059206912670018985,-0.005938288050668206
2021-06-29 00:00:00+00:00,34494.89,36600.0,34225.43,35911.73,0,90788.79622,3233947791.8633885,1673802.0,45376.587629,1616093004.8521647,0.04107390978779768,0.040252785948073466
2021-06-30 00:00:00+00:00,35911.72,36100.0,34017.55,35045.0,0,77152.197634,2688939291.095673,1301036.0,37035.769674,1290873346.2241626,-0.0241350110395685,-0.02443103312082151
2021-07-01 00:00:00+00:00,35045.0,35057.57,32711.0,33504.69,0,71708.266112,2410809595.390457,1240681.0,34986.055016,1176002216.565681,-0.043952346982451096,-0.0449475209203527
2021-07-02 00:00:00+00:00,33502.33,33977.04,32699.0,33786.55,0,56172.181378,1870193042.393537,1176457.0,27271.658005,908203511.3411496,0.008412553585781524,0.008377365268202652
2021-07-03 00:00:00+00:00,33786.54,34945.61,33316.73,34669.13,0,43044.578641,1478423023.503483,1078278.0,21331.875045,732586226.4725718,0.026122229111880113,0.02578687134095503
2021-07-04 00:00:00+00:00,34669.12,35967.85,34357.15,35286.51,0,43703.475789000004,1544458212.392633,1164970.0,21180.335069,748187394.2395809,0.017807773082278322,0.017651072284596836
2021-07-05 00:00:00+00:00,35288.13,35293.78,33125.55,33690.14,0,64123.874245,2183406257.4938293,1109367.0,31489.855372,1071967415.425311,-0.04524023486595874,-0.04629552498009559
2021-07-06 00:00:00+00:00,33690.15,35118.88,33532.0,34220.01,0,58210.596349,1991691100.9482658,1184687.0,27801.954493,951269024.0379497,0.01572774705002722,0.015605347745179188
2021-07-07 00:00:00+00:00,34220.02,35059.09,33777.77,33862.12,0,53807.521675,1857658028.480804,1041416.0,27294.923927,941984587.9756222,-0.010458500742694055,-0.010513575195608027
2021-07-08 00:00:00+00:00,33862.11,33929.64,32077.0,32875.71,0,70136.48032,2304973020.298715,1257892.0,35104.655225,1152928339.821843,-0.02913019031295161,-0.029562898272272875
2021-07-09 00:00:00+00:00,32875.71,34100.0,32261.07,33815.81,0,47153.939899,1562958239.3913763,1236351.0,23660.068601,784288611.1325287,0.028595580141082877,0.028194357383748425
2021-07-10 00:00:00+00:00,33815.81,34262.0,33004.78,33502.87,0,34761.175468,1171790111.0829954,865508.0,17012.759197,573638406.5470238,-0.009254251191971874,-0.009297337803435113
2021-07-11 00:00:00+00:00,33502.87,34666.0,33306.47,34258.99,0,31572.647448,1070033013.1920449,952891.0,16434.537508,557336788.6966077,0.022568812761414092,0.02231790521454613
2021-07-12 00:00:00+00:00,34259.0,34678.43,32658.34,33086.63,0,48181.403762,1620646741.3349633,1176847.0,22602.907306,759877911.0350466,-0.03422050679252364,-0.03481973872786526
2021-07-13 00:00:00+00:00,33086.94,33340.0,32202.25,32729.77,0,41126.361008,1348583017.010343,956053.0,19588.278507,642576716.6041436,-0.010785625492834905,-0.010844211993665809
2021-07-14 00:00:00+00:00,32729.12,33114.03,31550.0,32820.02,0,46777.823484,1515692074.9875476,1123129.0,22516.485719,730009068.0708965,0.002757428481776625,0.002753633750060658
2021-07-15 00:00:00+00:00,32820.03,33185.25,31133.0,31880.0,0,51639.576353000004,1652077965.4365597,1099367.0,24866.405787,795831015.696149,-0.02864166444749261,-0.029059841124267294
2021-07-16 00:00:00+00:00,31874.49,32249.18,31020.0,31383.87,0,48499.864154,1538342711.5796566,1067591.0,23963.744568000002,760274744.5520707,-0.015562421580928465,-0.015684787261424304
2021-07-17 00:00:00+00:00,31383.86,31955.92,31164.31,31520.07,0,34012.242132,1072815966.3363075,883442.0,16649.051308,525240023.82137984,0.004339808952815494,0.004330419138804942
2021-07-18 00:00:00+00:00,31520.07,32435.0,31108.97,31778.56,0,35923.716186,1140964365.6466014,760979.0,17554.182653,557709781.1191803,0.008200806660645155,0.008167362765901132
2021-07-19 00:00:00+00:00,31778.57,31899.0,30407.44,30839.65,0,47340.468499,1470563281.936503,846029.0,22709.510045,705480091.1446748,-0.02954539160994074,-0.02999064883210245
2021-07-20 00:00:00+00:00,30839.65,31063.07,29278.0,29790.35,0,61034.049017000005,1821230700.020391,1062139.0,28424.82505,847855259.1399384,-0.034024380951145794,-0.034616684167989575
2021-07-21 00:00:00+00:00,29790.34,32858.0,29482.61,32144.51,0,82796.265128,2603140706.0822244,1415058.0,42584.672219,1338356405.5419319,0.079024247784937,0.0760571584840477
2021-07-22 00:00:00+00:00,32144.51,32591.35,31708.0,32287.83,0,46148.092433,1482763544.9505365,1000742.0,23274.512805,747848528.8767201,0.004458615172544311,0.004448704994112873
2021-07-23 00:00:00+00:00,32287.58,33650.0,31924.32,33634.09,0,50112.863626,1631947003.0730464,1394786.0,25018.977079,815391041.1933738,0.04169558623171632,0.04084975691732318
2021-07-24 00:00:00+00:00,33634.1,34500.0,33401.14,34258.14,0,47977.550138,1625046258.4365523,1196914.0,23937.617814,810983258.0424594,0.018554091994164246,0.01838406474345433
2021-07-25 00:00:00+00:00,34261.51,35398.0,33851.12,35381.02,0,47852.928313,1646935552.8055446,1245775.0,24632.1493,848320775.42419,0.03277702759110679,0.03225131745929666
2021-07-26 00:00:00+00:00,35381.02,40550.0,35205.78,37237.6,0,152452.512724,5832475057.065677,3330102.0,77191.346075,2953296773.15355,0.05247389702162342,0.05114348533727764
2021-07-27 00:00:00+00:00,37241.33,39542.61,36383.0,39457.87,0,88397.267015,3335658261.995547,1938478.0,45137.303439,1703810516.3378596,0.05962441188476175,0.057914516924229886
2021-07-28 00:00:00+00:00,39456.61,40900.0,38772.0,40019.56,0,101344.528441,4040889461.6615276,2631048.0,49019.136276,1954994215.0046122,0.014235182993912021,0.014134814167451992
2021-07-29 00:00:00+00:00,40019.57,40640.0,39200.0,40016.48,0,53998.439283,2154190697.3453183,1428738.0,26700.926244000002,1065505374.5052506,-7.696236540322143e-05,-7.696532715684157e-05
2021-07-30 00:00:00+00:00,40018.49,42316.71,38313.23,42206.37,0,73602.784805,2939833541.3815365,1797012.0,37730.426862,1509172746.2039785,0.054724703422190046,0.05327978825254043
2021-07-31 00:00:00+00:00,42206.36,42448.0,41000.15,41461.83,0,44849.791012,1868285510.8846788,1565380.0,22844.24505,951887855.6214969,-0.01764046517148954,-0.01779791255515306
2021-08-01 00:00:00+00:00,41461.84,42599.0,39422.01,39845.44,0,53953.186326,2227567271.4878654,1603964.0,25796.753795,1066579608.8398235,-0.03898501344489613,-0.03976527538307373
2021-08-02 00:00:00+00:00,39850.27,40480.01,38690.0,39147.82,0,50837.351954,2010928003.594409,1162878.0,24558.005343,971596720.9467593,-0.017508151497385938,-0.01766323196259023
2021-08-03 00:00:00+00:00,39146.86,39780.0,37642.03,38207.05,0,57117.435853,2195360658.567329,1379871.0,27683.466598,1064118781.8498573,-0.0240312231945482,-0.024324684058786517
2021-08-04 00:00:00+00:00,38207.04,39969.66,37508.56,39723.18,0,52329.35243,2028792778.1848047,1220555.0,26804.211169,1039347051.5555266,0.0396819435156599,0.038914842837089125
2021-08-05 00:00:00+00:00,39723.17,41350.0,37332.7,40862.46,0,84343.755621,3314527738.339733,1913281.0,41673.129081,1638359889.802016,0.028680483284570846,0.028276896761955328
2021-08-06 00:00:00+00:00,40862.46,43392.43,39853.86,42836.87,0,75753.941347,3148022459.916158,2223356.0,38278.004758,1591634314.1008012,0.04831843212572129,0.04718738719476967
2021-08-07 00:00:00+00:00,42836.87,44700.0,42446.41,44572.54,0,73396.740808,3197407326.036793,2258213.0,37355.623845,1627865923.8789735,0.040518133094224584,0.039718793988718915
2021-08-08 00:00:00+00:00,44572.54,45310.0,43261.0,43794.37,0,69329.092698,3074924734.87934,1857112.0,34099.15066,1512451140.3989158,-0.017458506964153186,-0.017612704032917037
2021-08-09 00:00:00+00:00,43794.36,46454.15,42779.0,46253.4,0,74587.884845,3362870286.258118,2130595.0,38464.605429999996,1735618666.8181322,0.056149454827184364,0.054629704462167084
2021-08-10 00:00:00+00:00,46248.87,46700.0,44589.46,45584.99,0,53814.643421,2452485823.9336543,1951330.0,26592.369314,1212338434.7318356,-0.014451045760960346,-0.014556479103525533
2021-08-11 00:00:00+00:00,45585.0,46743.47,45341.14,45511.0,0,52734.901977,2432788769.8326964,1862925.0,27064.393843,1248929298.8285875,-0.0016231219969555788,-0.0016244406865872918
2021-08-12 00:00:00+00:00,45510.67,46218.12,43770.0,44399.0,0,55266.108781,2478758524.8641763,1623329.0,26765.08804,1200329050.573911,-0.024433653402474165,-0.024737108317827605
2021-08-13 00:00:00+00:00,44400.06,47886.0,44217.39,47800.0,4,48239.370431,2239435701.1177917,1804716.0,25367.988236,1177391788.09299,0.07660082434289062,0.07380869283539049
2021-08-14 00:00:00+00:00,47799.99,48144.0,45971.03,47068.51,0,46114.359022,2166461458.668249,1849556.0,22999.528519,1080741765.6874592,-0.015303138075313805,-0.015421439567331774
2021-08-15 00:00:00+00:00,47068.5,47372.27,45500.0,46973.82,0,42110.711334,1950753713.2121248,1580122.0,21129.919776,979120004.2028339,-0.002011748406737346,-0.0020137746906012666
2021-08-16 00:00:00+00:00,46973.82,48053.83,45660.0,45901.29,0,52480.574014,2462127629.6090236,1655378.0,25847.872438,1213162181.6654189,-0.022832505425362415,-0.023097203992740845
2021-08-17 00:00:00+00:00,45901.3,47160.0,44376.0,44695.95,0,57039.341629,2616339597.9157424,1781303.0,27320.261808,1253906922.582097,-0.026259392709878204,-0.026610327758852748
2021-08-18 00:00:00+00:00,44695.95,46000.0,44203.28,44705.29,0,54099.415985,2439673265.947117,1656723.0,28538.223727,1286718404.7064972,0.00020896747915655212,0.00020894564849349706
2021-08-19 00:00:00+00:00,44699.37,47033.0,43927.7,46760.62,0,53411.75392,2416320067.133769,1774382.0,27193.50515,1230827552.4101412,0.04597509601212746,0.04494955657548161
2021-08-20 00:00:00+00:00,46760.62,49382.99,46622.99,49322.47,0,56850.352228,2721131744.277817,1950404.0,29725.885112,1422944576.3472955,0.05478648486696702,0.053338362433267505
2021-08-21 00:00:00+00:00,49322.47,49757.04,48222.0,48821.87,0,46745.136584,2290966131.376161,2069725.0,23119.673786,1133342367.7445276,-0.01014953225173032,-0.010201389940110772
2021-08-22 00:00:00+00:00,48821.88,49500.0,48050.0,49239.22,0,37007.887795,1807169840.1691713,1610192.0,18587.877551999998,907708162.1109709,0.008548423073512001,0.008512092205915422
2021-08-23 00:00:00+00:00,49239.22,50500.0,49029.0,49488.85,0,52462.541954,2616721363.685172,2143309.0,26218.97512,1307817635.390983,0.005069739122593786,0.005056931265299269
2021-08-24 00:00:00+00:00,49488.85,49860.0,47600.0,47674.01,0,51014.594748,2486079315.5644236,1692896.0,24702.923443,1203899649.6998262,-0.03667169473527865,-0.037361006005776076
2021-08-25 00:00:00+00:00,47674.01,49264.3,47126.28,48973.32,0,44655.830342,2149442271.5264206,1559186.0,21796.877672,1049712097.3482182,0.027254053099372122,0.026889274355854198
2021-08-26 00:00:00+00:00,48973.32,49352.84,46250.0,46843.87,0,49371.277774,2333900030.2296276,1532753.0,23686.563496,1120008931.619874,-0.04348183868277655,-0.044455503018914655
2021-08-27 00:00:00+00:00,46843.86,49149.93,46348.0,49069.9,0,42068.104965,2007071230.219995,1320503.0,21727.05079,1036769755.559603,0.047520198480612175,0.046425655187308124
2021-08-28 00:00:00+00:00,49069.9,49299.0,48346.88,48895.35,0,26681.063786,1303966035.7705495,793012.0,13895.763676999999,679193791.5995204,-0.0035571704853688546,-0.003563512259949775
2021-08-29 00:00:00+00:00,48895.35,49632.27,47762.54,48767.83,0,32652.283473,1588661416.3603797,1193046.0,16157.043096000001,786599088.6916698,-0.0026080189629483774,-0.0026114257690359466
2021-08-30 00:00:00+00:00,48767.84,48888.61,46853.0,46982.91,0,40288.35083,1932344430.923926,1204012.0,19637.84056,942218565.0215595,-0.036600357243699366,-0.03728695560163331
2021-08-31 00:00:00+00:00,46982.91,48246.11,46700.0,47100.89,0,48645.52737,2303799571.3822727,1300400.0,24426.21235,1156878830.6908386,0.0025111258540604364,0.00250797824579152
2021-09-01 00:00:00+00:00,47100.89,49156.0,46512.0,48810.52,0,49904.65528,2386074445.415852,1280384.0,25102.36864,1200480555.049387,0.036297190987261585,0.035653966587030794
2021-09-02 00:00:00+00:00,48810.51,50450.13,48584.06,49246.64,0,54410.770538,2704192314.6746893,1549849.0,28351.807225,1409412062.219681,0.008934959103078732,0.008895278543619156
2021-09-03 00:00:00+00:00,49246.63,51000.0,48316.84,49999.14,0,59025.644157,2949574478.071738,1645163.0,29625.443383,1481238133.394633,0.015280230285761531,0.015164663339700013
2021-09-04 00:00:00+00:00,49998.0,50535.69,49370.0,49915.64,0,34664.65959,1733527136.4442587,1225830.0,16739.703849999998,837225473.735276,-0.001670028724494066,-0.0016714247769797907
2021-09-05 00:00:00+00:00,49917.54,51900.0,49450.0,51756.88,0,40544.835873,2049212025.844659,1417660.0,21557.235864,1090239906.6856637,0.036887035806813184,0.03622298966548598
2021-09-06 00:00:00+00:00,51756.88,52780.0,50969.33,52663.9,0,49249.667081,2549290983.0568776,1678015.0,24620.352525,1274643403.547947,0.017524626677651423,0.01737284116472182
2021-09-07 00:00:00+00:00,52666.2,52920.0,42843.05,46863.73,0,123048.802719,6004105772.870442,3321711.0,57935.601976,2832268574.038726,-0.11013559573066178,-0.11668618261666985
2021-09-08 00:00:00+00:00,46868.57,47340.99,44412.02,46048.31,0,65069.3152,3000605793.9389606,1796101.0,31796.7476,1466544608.2678735,-0.017399810044996578,-0.017552965928857134
2021-09-09 00:00:00+00:00,46048.31,47399.97,45513.08,46395.14,0,50651.66002,2351862983.5182414,1567586.0,24183.38803,1122994690.9093316,0.007531872505201598,0.007503649579211569
2021-09-10 00:00:00+00:00,46395.14,47033.0,44132.29,44850.91,0,49048.26618,2243698626.0395164,1569941.0,24358.59799,1114490733.8792434,-0.033284305209554166,-0.03385083421309609
2021-09-11 00:00:00+00:00,44842.2,45987.93,44722.22,45173.69,0,30440.4081,1380370764.0127168,1060890.0,14804.3426,671123069.5623685,0.007196732463176314,0.007170959564000157
2021-09-12 00:00:00+00:00,45173.68,46460.0,44742.06,46025.24,0,32094.28052,1464780920.2199812,1179808.0,15735.45104,718436012.7588656,0.0188505743055305,0.01867510394481009
2021-09-13 00:00:00+00:00,46025.23,46880.0,43370.0,44940.73,0,65429.15056,2930668118.2616343,1703512.0,32041.05972,1435586958.7798681,-0.02356337522628882,-0.02384543115686988
2021-09-14 00:00:00+00:00,44940.72,47250.0,44594.44,47111.52,0,44855.85099,2072259519.0619197,1210258.0,22182.46649,1025156547.7189184,0.04830339872093736,0.047173046597375645
2021-09-15 00:00:00+00:00,47103.28,48500.0,46682.32,48121.41,0,43204.71174,2056996398.8439617,1176050.0,20903.53535,995198313.7474111,0.02143615828994716,0.021209635319468845
2021-09-16 00:00:00+00:00,48121.4,48557.0,47021.1,47737.82,0,40725.08895,1948447232.9107177,1176129.0,19907.79151,952502982.8119017,-0.007971295936673561,-0.008003236568180583
2021-09-17 00:00:00+00:00,47737.81,48150.0,46699.56,47299.98,0,34461.92776,1637122049.4128377,1033968.0,16599.46162,788563444.4133477,-0.009171763603784133,-0.009214083189828415
2021-09-18 00:00:00+00:00,47299.98,48843.2,47035.56,48292.74,0,30906.47038,1491461627.9514225,976346.0,15219.90487,734476256.0995072,0.020988592384182825,0.020771366136939307
2021-09-19 00:00:00+00:00,48292.75,48372.83,46829.18,47241.75,0,29847.24349,1421642879.4932063,909785.0,14346.79979,683249734.0721828,-0.02176289852263502,-0.022003203281517614
2021-09-20 00:00:00+00:00,47241.75,47347.25,42500.0,43015.62,0,78003.524443,3457139274.300071,1842231.0,36108.362951,1600107748.5660272,-0.08945752432964482,-0.09371472997414365
2021-09-21 00:00:00+00:00,43016.64,43639.0,39600.0,40734.38,0,84534.080485,3551997786.6903553,1820721.0,38942.74356,1637800328.5038831,-0.05303282853995839,-0.05449085222582184
2021-09-22 00:00:00+00:00,40734.09,44000.55,40565.39,43543.61,0,58349.055420000004,2482639471.907596,1304011.0,29321.5066,1248027083.190341,0.0689645945267856,0.06669051131368064
2021-09-23 00:00:00+00:00,43546.37,44978.0,43069.09,44865.26,0,48699.57655,2147211305.482089,1196106.0,24503.00365,1080404499.5649571,0.03035232953813427,0.02990081126254296
2021-09-24 00:00:00+00:00,44865.26,45200.0,40675.0,42810.57,0,84113.426292,3596718231.0505486,1819744.0,41952.776582,1794510963.7797813,-0.045796903885099605,-0.04687874118217117
2021-09-25 00:00:00+00:00,42810.58,42966.84,41646.28,42670.64,0,33594.57189,1428238748.2095258,949787.0,16555.7295,703947971.383276,-0.003268585304984306,-0.0032739387986815416
2021-09-26 00:00:00+00:00,42670.63,43950.0,40750.0,43160.9,0,49879.99765,2124657079.2797766,1374145.0,24762.74447,1055225792.1285858,0.011489398799736872,0.011423896898211439
2021-09-27 00:00:00+00:00,43160.9,44350.0,42098.0,42147.35,0,39776.84383,1728912299.8034244,1001487.0,19307.85346,839585982.3907081,-0.023483059899121694,-0.023763181042317782
2021-09-28 00:00:00+00:00,42147.35,42787.38,40888.0,41026.54,0,43372.2624,1816305387.8388581,1045389.0,20710.0903,867306872.2124455,-0.026592656477809395,-0.026952637413387492
2021-09-29 00:00:00+00:00,41025.01,42590.0,40753.88,41524.28,2,33511.53487,1399625476.0563762,884909.0,16338.4266,682466342.7870586,0.012132146654336484,0.01205914203844749
2021-09-30 00:00:00+00:00,41524.29,44141.37,41410.17,43824.1,0,46381.227810000004,2005486003.5646772,1197815.0,23348.939739999998,1009687948.2258335,0.05538494586781506,0.05390557797621298
2021-10-01 00:00:00+00:00,43820.01,48495.0,43283.03,48141.61,0,66244.87492,3076094886.592474,1771237.0,34156.88321,1585411525.337827,0.09851907968446594,0.09396298154418581
2021-10-02 00:00:00+00:00,48141.6,48336.59,47430.18,47634.9,0,30508.98131,1459064880.5324447,996116.0,15180.50362,726007609.1562026,-0.010525406192273157,-0.010581190057193268
2021-10-03 00:00:00+00:00,47634.89,49228.08,47088.0,48200.01,0,30825.05601,1482764462.1905773,1114294.0,15426.81514,742443046.4075491,0.011863360687227154,0.01179354266560928
2021-10-04 00:00:00+00:00,48200.01,49536.12,46891.0,49224.94,0,46796.49372,2258464361.1263566,1437692.0,23032.4914,1112232800.7886517,0.021264103472177665,0.021041177106194908
2021-10-05 00:00:00+00:00,49224.93,51886.3,49022.4,51471.99,0,52125.66793,2618101829.0177226,1641651.0,26687.41046,1341045872.9987288,0.045648608205515195,0.04463737058465789
2021-10-06 00:00:00+00:00,51471.99,55750.0,50382.41,55315.0,0,79877.545181,4236927265.381522,2443126.0,40664.027517,2158326113.6632404,0.07466216091509192,0.0720063432706084
2021-10-07 00:00:00+00:00,55315.0,55332.31,53357.0,53785.22,0,54917.37766,2983143121.088643,1703147.0,26485.89849,1438826617.038987,-0.027655789568833078,-0.028045411251504504
2021-10-08 00:00:00+00:00,53785.22,56100.0,53617.61,53951.43,0,46160.25785,2522087625.0940795,1548832.0,22643.193339999998,1237799956.8681743,0.003090254162760653,0.0030854891415916796
2021-10-09 00:00:00+00:00,53955.67,55489.0,53661.67,54949.72,0,55177.08013,3024862790.6955924,1609483.0,27686.74749,1518044340.2089689,0.01850349471737811,0.018334387918285344
2021-10-10 00:00:00+00:00,54949.72,56561.31,54080.0,54659.0,0,89237.836128,4923958325.389876,2427176.0,44656.915748,2464422246.842279,-0.005290654802244665,-0.005304699876692354
2021-10-11 00:00:00+00:00,54659.01,57839.04,54415.06,57471.35,0,52933.165751,2994673617.7236485,1690409.0,26858.829013,1519825843.1170495,0.05145264274867811,0.0501726773419886
2021-10-12 00:00:00+00:00,57471.35,57680.0,53879.0,55996.93,0,53471.2855,3017210682.8859496,1554412.0,26157.44247,1477084242.54916,-0.025654869774244027,-0.025989694956715326
2021-10-13 00:00:00+00:00,55996.91,57777.0,54167.19,57367.0,0,55808.44492,3123307687.477303,1610489.0,27985.13207,1566812325.67564,0.02446687702343686,0.024172357303921643
2021-10-14 00:00:00+00:00,57370.83,58532.54,56818.05,57347.94,0,43053.336781,2481915791.591235,1372048.0,21940.264979,1265138476.8655941,-0.00033224676207577186,-0.00033230196825861924
2021-10-15 00:00:00+00:00,57347.94,62933.0,56850.0,61672.42,0,82512.908022,4959389368.726733,2649137.0,43913.676331,2638969873.669803,0.0754077653007239,0.07269990621609956
2021-10-16 00:00:00+00:00,61672.42,62378.42,60150.0,60875.57,0,35467.88096,2173374058.808911,1360379.0,17286.46284,1059536457.6160173,-0.012920686426769024,-0.013004884546981899
2021-10-17 00:00:00+00:00,60875.57,61718.39,58963.0,61528.33,0,39099.24124,2371696294.7973056,1331655.0,19289.94298,1170524004.7692945,0.01072285647592297,0.010665774343541656
2021-10-18 00:00:00+00:00,61528.32,62695.78,59844.45,62009.84,0,51798.44844,3195091233.4205527,1629184.0,25859.08539,1595447836.1390421,0.007825825924415497,0.0077953629773119815
2021-10-19 00:00:00+00:00,62005.6,64486.0,61322.22,64280.59,0,53628.107744,3370863940.2694364,1755708.0,27436.545484,1724665979.8435092,0.03661918818045651,0.035964637291378665
2021-10-20 00:00:00+00:00,64280.59,67000.0,63481.4,66001.41,0,51428.934856,3362878816.4045925,1823286.0,27623.990525999998,1806653764.6708329,0.026770445013028166,0.026418386013748574
2021-10-21 00:00:00+00:00,66001.4,66639.74,62000.0,62193.15,0,68538.64537,4407757970.879756,2181665.0,32008.51421,2060110973.8058941,-0.05769967641600382,-0.05943124037142056
2021-10-22 00:00:00+00:00,62193.15,63732.39,60000.0,60688.22,0,52119.35886,3229377744.3114257,1555280.0,25440.69118,1576807744.195897,-0.02419768093431507,-0.024495255024330476
2021-10-23 00:00:00+00:00,60688.23,61747.64,59562.15,61286.75,0,27626.93678,1686121722.2187824,982103.0,13352.56908,815306581.3357304,0.009862375268215207,0.009814059457966096
2021-10-24 00:00:00+00:00,61286.75,61500.0,59510.63,60852.22,0,31226.57676,1889694558.9504948,1052085.0,15682.1686,949151331.8623388,-0.007090113278971355,-0.007115367573462095
2021-10-25 00:00:00+00:00,60852.22,63710.63,60650.0,63078.78,0,36853.83806,2309339650.1093802,1270453.0,18577.25472,1164150305.9348185,0.036589626475418635,0.035936119464491156
2021-10-26 00:00:00+00:00,63078.78,63293.48,59817.55,60328.81,0,40217.50083,2492606133.3189454,1334460.0,18699.28475,1160289812.695996,-0.04359580194797685,-0.04457465397637783
2021-10-27 00:00:00+00:00,60328.81,61496.0,58000.0,58413.44,0,62124.49016,3688306192.972418,1913083.0,29983.43122,1780494793.5603175,-0.03174884437468595,-0.03226376706842693
2021-10-28 00:00:00+00:00,58413.44,62499.0,57820.0,60575.89,0,61056.35301,3677629851.0596066,1878275.0,30447.44205,1835335717.8149135,0.0370197338146836,0.036350958781548925
2021-10-29 00:00:00+00:00,60575.9,62980.0,60174.81,62253.71,0,43973.90414,2706090987.3096256,1417344.0,22262.86881,1370325591.0001447,0.027697818389461615,0.027321172837899255
2021-10-30 00:00:00+00:00,62253.7,62359.25,60673.0,61859.19,0,31478.125659999998,1937860260.4380624,1197748.0,15583.511050000001,959369103.6133327,-0.006337292990249099,-0.006357458874695965
2021-10-31 00:00:00+00:00,61859.19,62405.3,59945.36,61299.8,0,39267.63794,2396556477.343494,1563417.0,19362.08206,1181449065.6191804,-0.009042957077194158,-0.009084092793678167
2021-11-01 00:00:00+00:00,61299.81,62437.74,59405.0,60911.11,0,44687.66672,2737282804.738131,1472636.0,22139.95506,1356676790.5772645,-0.006340803722035049,-0.006360992003154209
2021-11-02 00:00:00+00:00,60911.12,64270.0,60624.68,63219.99,0,46368.2841,2909221038.40065,1858362.0,23852.14282,1496448016.5988712,0.03790572852801399,0.03720496031871967
2021-11-03 00:00:00+00:00,63220.57,63500.0,60382.76,62896.48,0,43336.09049,2713389500.4663587,1601925.0,20662.34777,1294306441.66844,-0.005117210553180929,-0.00513034831339354
2021-11-04 00:00:00+00:00,62896.49,63086.31,60677.01,61395.01,0,35930.93314,2218138026.7045407,1346081.0,17843.38035,1101751566.3843455,-0.023872083143603562,-0.02416163880409883
2021-11-05 00:00:00+00:00,61395.01,62595.72,60721.0,60937.12,0,31604.48749,1943346371.470386,1243074.0,15769.15494,969780612.6853931,-0.0074580979789725665,-0.007486048650989119
2021-11-06 00:00:00+00:00,60940.18,61560.49,60050.0,61470.61,0,25590.57408,1556774943.5537283,965309.0,12511.52761,761294376.4716995,0.008754762286107276,0.00871666156843176
2021-11-07 00:00:00+00:00,61470.62,63286.35,61322.78,63273.59,0,25515.6883,1585744720.199772,1068629.0,13567.09782,843384435.4409548,0.029330764734561754,0.028908848090944517
2021-11-08 00:00:00+00:00,63273.58,67789.0,63273.58,67525.83,0,54442.094554,3575716171.0442996,2349581.0,28879.186436,1897321249.8278408,0.06720402619797627,0.0650421688463716
2021-11-09 00:00:00+00:00,67525.82,68524.25,66222.4,66947.66,0,44661.378068,3014326962.087268,1847655.0,22243.236452,1501548663.7926426,-0.008562205011030555,-0.008599071276879755
2021-11-10 00:00:00+00:00,66947.67,69000.0,62822.9,64882.43,0,65171.504046,4335575752.805223,2347934.0,31344.743321,2088305177.7774785,-0.030848426965184528,-0.03133425720348271
2021-11-11 00:00:00+00:00,64882.42,65600.07,64100.0,64774.26,0,37237.98058,2415537333.57771,1327827.0,18589.51479,1205890453.6044016,-0.0016671693708142366,-0.001668560644210615
2021-11-12 00:00:00+00:00,64774.25,65450.7,62278.0,64122.23,0,44490.10816,2844286547.5040407,1479149.0,21028.45541,1344883879.1387346,-0.010066189872335096,-0.010117196545531115
2021-11-13 00:00:00+00:00,64122.22,65000.0,63360.22,64380.0,0,22504.97383,1442441613.5983922,904149.0,11094.05209,711146514.0645869,0.004019978718768691,0.004011920193832452
2021-11-14 00:00:00+00:00,64380.01,65550.51,63576.27,65519.1,0,25705.07347,1658473781.2937696,951393.0,12629.834139999999,815039550.9471319,0.017693383038210664,0.017538677316071727
2021-11-15 00:00:00+00:00,65519.11,66401.82,63400.0,63606.74,0,37829.37124,2460915922.8761277,1305209.0,19160.47382,1247275595.4355905,-0.029187824619080538,-0.029622263612827382
2021-11-16 00:00:00+00:00,63606.73,63617.31,58574.07,60058.87,0,77455.15609,4705744041.299647,2353681.0,36375.32415,2209839153.3697233,-0.05577820840998915,-0.05739419171453264
2021-11-17 00:00:00+00:00,60058.87,60840.23,58373.0,60344.87,0,46289.38491,2767802055.200423,1471305.0,22545.24375,1348537946.9526918,0.004761994356537125,0.004750691928606443
2021-11-18 00:00:00+00:00,60344.86,60976.0,56474.26,56891.62,0,62146.99931,3644824179.144852,1960419.0,29742.20507,1745202989.742389,-0.05722524549311314,-0.05892788542453076
2021-11-19 00:00:00+00:00,56891.62,58320.0,55600.0,58052.24,0,50715.88726,2896189975.910774,1560459.0,24072.28575,1374771758.2367315,0.020400544052006087,0.020195240460608943
2021-11-20 00:00:00+00:00,58057.1,59845.0,57353.0,59707.51,0,33811.5901,1982718831.1570773,1200190.0,16682.28087,978340154.0756932,0.028513456156041617,0.028114513307780697
2021-11-21 00:00:00+00:00,59707.52,60029.76,58486.65,58622.02,0,31902.22785,1886578154.5167084,1249219.0,14949.12309,884084155.7068344,-0.01818012507974298,-0.018347414213867097
2021-11-22 00:00:00+00:00,58617.7,59444.0,55610.0,56247.18,0,51724.32047,2968622334.1376567,1624768.0,24834.9816,1425668562.2116647,-0.04051105710789216,-0.04135448742349368
2021-11-23 00:00:00+00:00,56243.83,58009.99,55317.0,57541.27,0,49917.85017,2837210673.4885187,1570845.0,25217.65003,1433171468.6668608,0.02300719787196437,0.022746522987711515
2021-11-24 00:00:00+00:00,57541.26,57735.0,55837.0,57138.29,0,39612.04964,2246374244.330568,1432991.0,19625.09659,1113184375.6794689,-0.007003321268369556,-0.007027959623695068
2021-11-25 00:00:00+00:00,57138.29,59398.9,57000.0,58960.36,0,42153.51522,2455658857.700593,1604266.0,21112.80397,1230022891.7300947,0.03188877371023868,0.03139088383840871
2021-11-26 00:00:00+00:00,58960.37,59150.0,53500.0,53726.53,0,65927.87066,3649353860.4295664,2138184.0,31287.4699,1731974879.8668962,-0.08876862352943571,-0.09295843321180186
2021-11-27 00:00:00+00:00,53723.72,55280.0,53610.0,54721.03,0,29716.99957,1623173123.4917316,1110145.0,14462.93801,790191540.9148489,0.018510408172647708,0.018341175751455552
2021-11-28 00:00:00+00:00,54716.47,57445.05,53256.64,57274.88,0,36163.7137,1982198373.532835,1253408.0,18520.69985,1016073216.5947642,0.046670356899349175,0.04561403694585309
2021-11-29 00:00:00+00:00,57274.89,58865.97,56666.67,57776.25,0,40125.28009,2313371348.113543,1349625.0,19520.25038,1125240984.5522516,0.008753750335225519,0.00871565839954691
2021-11-30 00:00:00+00:00,57776.25,59176.99,55875.55,56950.56,0,49161.05194,2823644073.021905,1587472.0,23867.80287,1371720422.255628,-0.014291166352956464,-0.014394268550105949
2021-12-01 00:00:00+00:00,56950.56,59053.55,56458.01,57184.07,0,44956.63656,2584928714.0757422,1442301.0,21501.29463,1236414404.9088528,0.004100223070677478,0.004091840063050967
2021-12-02 00:00:00+00:00,57184.07,57375.47,55777.77,56480.34,0,37574.059760000004,2127110102.1073096,1307890.0,18375.47518,1040366894.5501273,-0.012306399317152494,-0.012382750098007378
2021-12-03 00:00:00+00:00,56484.26,57600.0,51680.0,53601.05,0,58927.69027,3246198505.946851,1865063.0,27287.25751,1505556556.1578631,-0.050978623712250926,-0.05232395555977298
2021-12-04 00:00:00+00:00,53601.05,53859.1,42000.3,49152.47,0,114203.373748,5495712061.978531,3362771.0,52876.55238,2544632557.496252,-0.08299426970180623,-0.08664155778315319
2021-12-05 00:00:00+00:00,49152.46,49699.05,47727.21,49396.33,0,45580.82012,2231486105.8439116,1371839.0,22420.90324,1097785758.5909762,0.004961296960254602,0.004949030282181965
2021-12-06 00:00:00+00:00,49396.32,50891.11,47100.0,50441.92,0,58571.21575,2851528919.1795363,1741956.0,28820.34753,1403464676.8850937,0.021167362028717385,0.020946445463868812
2021-12-07 00:00:00+00:00,50441.91,51936.33,50039.74,50588.95,0,38253.46877,1950573500.2086658,1212350.0,18679.11099,952551067.6259856,0.00291483750023791,0.002910597598496878
2021-12-08 00:00:00+00:00,50588.95,51200.0,48600.0,50471.19,0,38425.92466,1925458787.1147523,1118225.0,18126.84362,908410692.2460091,-0.002327781066813861,-0.002330494560926155
2021-12-09 00:00:00+00:00,50471.19,50797.76,47320.0,47545.59,0,37692.686649999996,1841474998.8951101,1130599.0,18097.0596,884082539.7047912,-0.057965742436427714,-0.0597136382267216
2021-12-10 00:00:00+00:00,47535.9,50125.0,46852.0,47140.54,0,44233.57391,2135023722.8531513,1215231.0,21143.96129,1020995576.3025669,-0.0085191917904478,-0.008555687528783551
2021-12-11 00:00:00+00:00,47140.54,49485.71,46751.0,49389.99,0,28889.19358,1397524635.581402,957390.0,14452.26806,699251597.8052384,0.04771795147022062,0.046614419400292206
2021-12-12 00:00:00+00:00,49389.99,50777.0,48638.0,50053.9,0,26017.93421,1292315883.6245537,863605.0,13266.00955,658923314.8679801,0.013442197497914199,0.013352652721007274
2021-12-13 00:00:00+00:00,50053.9,50189.97,45672.75,46702.75,0,50869.52093,2423888500.790305,1399599.0,23487.0228,1119972248.538402,-0.06695082700848487,-0.06929737535264024
2021-12-14 00:00:00+00:00,46702.76,48700.41,46290.0,48343.28,0,39955.98445,1887427362.4740965,1194992.0,20010.80589,945501336.1569144,0.035127053546097464,0.03452417623267223
2021-12-15 00:00:00+00:00,48336.95,49500.0,46547.0,48864.98,0,51629.181,2487012309.0915494,1438176.0,25861.16891,1246095378.4595413,0.010791572272299321,0.010733758816394712
2021-12-16 00:00:00+00:00,48864.98,49436.43,47511.0,47632.38,0,31949.86739,1551200654.052745,1023983.0,15281.92439,742115283.5773988,-0.02522460870750398,-0.02554820242818323
2021-12-17 00:00:00+00:00,47632.38,47995.96,45456.0,46131.2,0,43104.4887,2015966349.5161324,1261780.0,19846.77192,928665863.5850744,-0.03151595616259362,-0.03202327139996619
2021-12-18 00:00:00+00:00,46133.83,47392.37,45500.0,46834.48,0,25020.05271,1165205135.7008426,862066.0,12635.54707,588649454.2725667,0.015245213651498446,0.015130173120065038
2021-12-19 00:00:00+00:00,46834.47,48300.01,46406.91,46681.23,0,29305.70665,1384958598.3627698,874827.0,14646.77828,692559814.2285637,-0.003272161877317714,-0.0032775271061211697
2021-12-20 00:00:00+00:00,46681.24,47537.57,45558.85,46914.16,0,35848.50609,1663363117.8304534,1076488.0,17666.32749,819817570.663743,0.004989799968852626,0.004977392174810191
2021-12-21 00:00:00+00:00,46914.17,49328.96,46630.0,48889.88,0,37713.92924,1827234149.0598803,1119412.0,19356.27006,937648412.2221354,0.042113511144609594,0.041250873237455465
2021-12-22 00:00:00+00:00,48887.59,49576.13,48421.87,48588.16,0,27004.2022,1322418595.3337295,949480.0,13402.54963,656467230.7563097,-0.00617142034302387,-0.0061905422711152625
2021-12-23 00:00:00+00:00,48588.17,51375.0,47920.42,50838.81,0,35192.54046,1738129830.7814522,1176050.0,17397.67034,859605116.679757,0.04632095555789717,0.045280159454227586
2021-12-24 00:00:00+00:00,50838.82,51810.0,50384.43,50820.0,0,31684.84269,1618089927.2810063,1075177.0,15108.36362,771557283.6260679,-0.00036999292469663825,-0.00037006138896700236
2021-12-25 00:00:00+00:00,50819.99,51156.23,50142.32,50399.66,0,19135.51613,971491029.130824,766979.0,9928.30266,504102529.5288982,-0.008271153089334793,-0.008305548869195434
2021-12-26 00:00:00+00:00,50399.67,51280.0,49412.0,50775.49,0,22569.88914,1132200241.5624182,797133.0,11285.69707,566374786.7160686,0.007456994749567736,0.00742932881557401
2021-12-27 00:00:00+00:00,50775.48,52088.0,50449.0,50701.44,0,28792.21566,1472065236.0117192,1009411.0,14436.09322,738369203.3321569,-0.0014583808053845182,-0.001459445277733451
2021-12-28 00:00:00+00:00,50701.44,50704.05,47313.01,47543.74,0,45853.33924,2242102220.931003,1345774.0,21743.17013,1063171693.1535625,-0.06228028237462302,-0.06430418312979924
2021-12-29 00:00:00+00:00,47543.74,48139.08,46096.99,46464.66,0,39498.87,1873785571.2732966,1114074.0,19089.6191,905969695.6425397,-0.022696573723480662,-0.02295810578396207
2021-12-30 00:00:00+00:00,46464.66,47900.0,45900.0,47120.87,0,30352.29569,1428755720.453203,910157.0,14886.52375,700792256.6883159,0.014122776320756536,0.014023979023434663
2021-12-31 00:00:00+00:00,47120.88,48548.26,45678.0,46216.93,0,34937.99796,1650715977.918517,1059783.0,17315.5423,818331688.0033131,-0.01918343188485272,-0.019369821492674077
2022-01-01 00:00:00+00:00,46216.93,47954.63,46208.37,47722.65,0,19604.46325,924155159.5834864,714899.0,9942.36679,468738711.79010653,0.032579403261964845,0.03205994678177859
2022-01-02 00:00:00+00:00,47722.66,47990.0,46654.0,47286.18,0,18340.4604,866610995.5633582,709624.0,9166.46954,433182392.2819466,-0.009145971566960398,-0.009188052743592579
2022-01-03 00:00:00+00:00,47286.18,47570.0,45696.0,46446.1,0,27662.0771,1292203508.325655,885624.0,13524.76045,631879430.11428,-0.01776586732106511,-0.017925574729597216
2022-01-04 00:00:00+00:00,46446.1,47557.54,45500.0,45832.01,0,35491.4136,1649170424.1276135,1021815.0,17689.26808,821725463.0808074,-0.013221562197902492,-0.013309745191831368
2022-01-05 00:00:00+00:00,45832.01,47070.0,42500.0,43451.13,0,51784.11857,2334288544.645448,1478532.0,23552.994599999998,1063287226.3571415,-0.0519479726069183,-0.05334589701670467
2022-01-06 00:00:00+00:00,43451.14,43816.0,42430.58,43082.31,0,38880.37305,1674466154.4383326,1150707.0,19268.82662,829886561.8261453,-0.008488156694659077,-0.008524386257173333
2022-01-07 00:00:00+00:00,43082.3,43145.83,40610.0,41566.48,0,54836.50818,2293851015.465237,1406635.0,26519.39261,1109740200.2387211,-0.0351845107655554,-0.03581839879061022
2022-01-08 00:00:00+00:00,41566.48,42300.0,40501.0,41679.74,0,32952.73111,1367233494.8277667,1021908.0,16462.53747,683155535.4215348,0.002724791707163998,0.002721086191884936
2022-01-09 00:00:00+00:00,41679.74,42786.7,41200.02,41864.62,0,22724.39426,952830064.5125849,752733.0,11399.78979,478046850.277152,0.004435728245905768,0.004425919398926226
2022-01-10 00:00:00+00:00,41864.62,42248.5,39650.0,41822.49,0,50729.17019,2088111339.5055964,1250983.0,24654.54811,1015935553.4027652,-0.0010063390041520348,-0.001006845703216186
2022-01-11 00:00:00+00:00,41822.49,43100.0,41268.93,42729.29,0,37296.43729,1574803608.9600787,1015526.0,18521.95391,782176383.1010938,0.021682114096984728,0.021450400439677608
2022-01-12 00:00:00+00:00,42729.29,44322.0,42450.0,43902.66,0,33943.292799999996,1470906437.7120714,1023902.0,17584.31885,762205618.815565,0.027460554575093665,0.027090276943411595
2022-01-13 00:00:00+00:00,43902.65,44500.0,42311.22,42560.11,0,34910.87762,1515944525.4954948,1036234.0,17175.40587,746075123.2441132,-0.03058015163545902,-0.03105748088409932
2022-01-14 00:00:00+00:00,42558.35,43448.78,41725.95,43059.96,0,32640.88292,1392000443.3501673,946938.0,15434.18945,658472386.2432475,0.011744565509816507,0.01167613338290252
2022-01-15 00:00:00+00:00,43059.96,43800.0,42555.0,43084.29,0,21936.05616,946488263.5484481,752688.0,11133.18615,480516487.1849679,0.0005650260706233645,0.0005648665034954092
2022-01-16 00:00:00+00:00,43084.29,43475.0,42581.79,43071.66,0,20602.35271,887203134.0531468,732171.0,10052.19291,432899939.6738643,-0.0002931462953200681,-0.0002931892710940076
2022-01-17 00:00:00+00:00,43071.66,43176.18,41540.42,42201.62,0,27562.08613,1169381684.4668436,918029.0,13448.54192,570690475.9728293,-0.020199825128634497,-0.020406631301085554
2022-01-18 00:00:00+00:00,42201.63,42691.0,41250.0,42352.12,0,29324.08257,1228459687.3994458,905061.0,14527.82371,608578954.6171259,0.003566213808853691,0.003559869946295535
2022-01-19 00:00:00+00:00,42352.12,42559.13,41138.56,41660.01,0,31685.72159,1327478459.1602297,924528.0,15603.74304,653807601.6725059,-0.01634180296051302,-0.016476803005826213
2022-01-20 00:00:00+00:00,41660.0,43505.0,40553.31,40680.91,0,42330.33953,1784801200.404487,1098761.0,20201.479910000002,852629490.2787864,-0.023502154704235556,-0.02378273522619523
2022-01-21 00:00:00+00:00,40680.92,41100.0,35440.45,36445.31,0,88860.891999,3405501703.221937,2092561.0,41615.085819,1595831787.7000318,-0.10411763158690412,-0.10994615987910983
2022-01-22 00:00:00+00:00,36445.31,36835.22,34008.0,35071.42,0,90471.338961,3207531048.030651,2099978.0,42722.278233000005,1514027491.3203938,-0.03769730590849685,-0.03842622698585174
2022-01-23 00:00:00+00:00,35071.42,36499.0,34601.01,36244.55,0,44279.52354,1572414639.0428774,1142407.0,22841.39451,811501507.0363061,0.033449743409305954,0.032902471390134025
2022-01-24 00:00:00+00:00,36244.55,37550.0,32917.17,36660.35,0,91904.753211,3192041586.10319,1999352.0,46469.272938,1615890700.8425,0.011472069593911227,0.01140676438620325
2022-01-25 00:00:00+00:00,36660.35,37545.14,35701.0,36958.32,0,49232.40183,1799224214.4997392,1248246.0,24988.42876,913198135.6036831,0.008127854753159802,0.008095001638555033
2022-01-26 00:00:00+00:00,36958.32,38919.98,36234.63,36809.34,0,69830.16036,2627491976.6908574,1584468.0,35240.31542,1326474948.4632242,-0.004031027384361674,-0.00403917387510333
2022-01-27 00:00:00+00:00,36807.24,37234.47,35507.01,37160.1,0,53020.87934,1925920128.3436604,1308408.0,26750.94594,971815942.2707555,0.009529103211304513,0.009483987687843864
2022-01-28 00:00:00+00:00,37160.11,38000.0,36155.01,37716.56,0,42154.26956,1560203931.220128,1061101.0,21496.47551,795847847.5123422,0.01497466368497391,0.014863650295470876
2022-01-29 00:00:00+00:00,37716.57,38720.74,37268.44,38166.84,0,26129.49682,989652386.9966494,816601.0,13292.42156,503624477.659453,0.011938522495158699,0.01186782049743762
2022-01-30 00:00:00+00:00,38166.83,38359.26,37351.63,37881.76,0,21430.66527,812750216.6010319,698593.0,10798.3846,409620744.0169444,-0.0074693110564038045,-0.007497346048859654
2022-01-31 00:00:00+00:00,37881.75,38744.0,36632.61,38466.9,0,36855.2458,1386754529.0295446,936014.0,18422.26954,693360023.3316519,0.015446484007078931,0.015328401493649224
2022-02-01 00:00:00+00:00,38466.9,39265.2,38000.0,38694.59,0,34574.44663,1334266166.7099988,917617.0,17730.99304,684446571.1793659,0.005919114875386322,0.005901665736713468
2022-02-02 00:00:00+00:00,38694.59,38855.92,36586.95,36896.36,0,35794.6813,1353093948.9776013,907905.0,17251.43687,652533107.6999176,-0.046472388000493026,-0.047586895787796735
2022-02-03 00:00:00+00:00,36896.37,37387.0,36250.0,37311.61,0,32081.10999,1179502838.6566265,848961.0,16468.10233,605530493.5816588,0.011254497733651725,0.01119163707773474
2022-02-04 00:00:00+00:00,37311.98,41772.33,37026.73,41574.25,0,64703.95874,2526572562.058285,1380724.0,33053.66668,1291953441.5589995,0.11424433306415893,0.10817644695693396
2022-02-05 00:00:00+00:00,41571.7,41913.69,40843.01,41382.59,0,32532.34372,1349805515.9300365,1006352.0,16566.08602,687352854.8254198,-0.004610065124446061,-0.004620724246787944
2022-02-06 00:00:00+00:00,41382.6,42656.0,41116.56,42380.87,0,22405.16704,934168802.8801153,788291.0,11546.390879999999,481652514.37183213,0.02412318803632174,0.023836820198473774
2022-02-07 00:00:00+00:00,42380.87,44500.5,41645.85,43839.99,0,51060.62006,2204523609.903396,1473274.0,25457.79986,1099936959.0396457,0.03442874108058658,0.03384933335689588
2022-02-08 00:00:00+00:00,43839.99,45492.0,42666.0,44042.99,0,64880.29387,2847485971.497734,1653350.0,33004.09337,1448178622.4660032,0.004630475508776266,0.004619787837025768
2022-02-09 00:00:00+00:00,44043.0,44799.0,43117.92,44372.72,0,34428.16729,1512500139.1430995,1066395.0,17115.60108,752210712.4118421,0.007486548937753801,0.007458663819306821
2022-02-10 00:00:00+00:00,44372.71,45821.0,43174.01,43495.44,0,62357.290909999996,2772188373.222783,1541483.0,30323.12245,1348871895.8677204,-0.01977070596528674,-0.019968761180241046
2022-02-11 00:00:00+00:00,43495.44,43920.0,41938.51,42373.73,0,44975.1687,1937866768.5059533,1169354.0,22063.76915,950913914.0296428,-0.025789140194926174,-0.02612751026362048
2022-02-12 00:00:00+00:00,42373.73,43079.49,41688.88,42217.87,0,26556.85681,1123136004.7237246,830322.0,12814.60322,542061655.4291937,-0.003678222332563097,-0.0036850036261721897
2022-02-13 00:00:00+00:00,42217.87,42760.0,41870.0,42053.66,0,17732.08113,750533311.6529565,624898.0,8333.13302,352741586.0597297,-0.0038895851448687013,-0.0038971692535803015
2022-02-14 00:00:00+00:00,42053.65,42842.4,41550.56,42535.94,0,34010.130600000004,1436927831.4445863,867622.0,16912.76672,714598651.165975,0.01146820514552127,0.011402943760909778
2022-02-15 00:00:00+00:00,42535.94,44751.4,42427.03,44544.86,0,38095.19576,1672855933.625659,990694.0,19180.32434,842363401.2128453,0.04722876701443535,0.04614740564728237
2022-02-16 00:00:00+00:00,44544.85,44549.97,43307.0,43873.56,0,28471.8727,1250973502.3018453,823745.0,14106.69537,619773473.0165873,-0.015070201141052064,-0.015184910543851515
2022-02-17 00:00:00+00:00,43873.56,44164.71,40073.21,40515.7,0,47245.99494,1993400162.9480667,1067658.0,21468.60602,906038209.7818584,-0.07653493356819008,-0.07962230741964582
2022-02-18 00:00:00+00:00,40515.71,40959.88,39450.0,39974.44,0,43845.92241,1765622365.952756,1025882.0,20609.06764,829953072.4139525,-0.013359265667383102,-0.013449303448535233
2022-02-19 00:00:00+00:00,39974.45,40444.32,39639.03,40079.17,0,18042.0551,721960636.0646691,586653.0,8374.975,335209843.63180304,0.0026199241315199018,0.002616498112926635
2022-02-20 00:00:00+00:00,40079.17,40125.44,38000.0,38386.89,0,33439.29011,1293216601.4518795,811235.0,15338.25392,592897166.4491583,-0.042223429277602254,-0.043140752928049864
2022-02-21 00:00:00+00:00,38386.89,39494.35,36800.0,37008.16,0,62347.68496,2382027320.8617606,1352290.0,30617.135580000002,1170272316.2758772,-0.035916689265527824,-0.03657756618202512
2022-02-22 00:00:00+00:00,37008.16,38429.0,36350.0,38230.33,0,53785.94589,2010628230.7549176,1212527.0,27322.73575,1021948126.9253064,0.03302433841617636,0.03249075076621821
2022-02-23 00:00:00+00:00,38230.33,39249.93,37036.79,37250.01,0,43560.732,1665486687.239937,1030872.0,21449.9558,820639942.0318317,-0.025642467642837508,-0.02597696635358382
2022-02-24 00:00:00+00:00,37250.02,39843.0,34322.28,38327.21,0,120476.29458,4335107392.009488,2622780.0,60103.1314,2164376869.726107,0.02891811304211722,0.028507874523143073
2022-02-25 00:00:00+00:00,38328.68,39683.53,38014.37,39219.17,0,56574.57125,2197889580.282669,1408558.0,29904.01589,1161436657.8296285,0.02327223922638777,0.02300557006710946
2022-02-26 00:00:00+00:00,39219.16,40348.45,38573.18,39116.72,0,29361.2568,1152621719.69438,924257.0,14658.93596,575852237.9808168,-0.0026122429413982795,-0.002615660801474462
2022-02-27 00:00:00+00:00,39116.73,39855.7,37000.0,37699.07,0,46229.44719,1780512702.8864021,1265753.0,21789.2508,840141690.3293545,-0.03624153558887355,-0.03691457135600551
2022-02-28 00:00:00+00:00,37699.08,44225.84,37450.17,43160.0,0,73945.63858,2975160226.1689854,1931087.0,38543.78078,1553136662.003458,0.14485582800848928,0.13527871467525188
2022-03-01 00:00:00+00:00,43160.0,44949.0,42809.98,44421.2,0,61743.09873,2701611023.6943197,1866871.0,30937.54085,1353520463.0084743,0.029221501390175986,0.02880269256962542
2022-03-02 00:00:00+00:00,44421.2,45400.0,43334.09,43892.98,0,57782.65081,2550792948.2886243,1653131.0,28624.1131,1264172354.0456262,-0.011891169081429398,-0.011962434549047885
2022-03-03 00:00:00+00:00,43892.99,44101.12,41832.28,42454.0,0,50940.61021,2192152097.925188,1289320.0,24438.40113,1051969942.2112321,-0.032783830124999525,-0.03333326158825933
2022-03-04 00:00:00+00:00,42454.0,42527.3,38550.0,39148.66,0,61964.68498,2527001270.719469,1465066.0,29322.62323,1196441375.2961826,-0.07785697460781071,-0.08105494230198751
2022-03-05 00:00:00+00:00,39148.65,39613.24,38407.59,39397.96,0,30363.13341,1187689935.0879936,879727.0,14846.61434,580820200.9425652,0.006368034052761873,0.006347843793420793
2022-03-06 00:00:00+00:00,39397.97,39693.87,38088.57,38420.81,0,39677.26158,1542258009.6292188,986352.0,19055.16367,740741244.8965172,-0.024802045588147248,-0.025114798426121965
2022-03-07 00:00:00+00:00,38420.8,39547.57,37155.0,37988.0,0,63994.11559,2449362161.7015386,1456041.0,31641.49735,1211103666.7671783,-0.011264988947395915,-0.011328919506857105
2022-03-08 00:00:00+00:00,37988.01,39362.08,37867.65,38730.63,0,55583.06638,2149652714.8043456,1271128.0,27964.07361,1081516303.5940902,0.019549068126776703,0.019360439473766533
2022-03-09 00:00:00+00:00,38730.63,42594.06,38656.45,41941.71,0,67392.58799,2797240840.960747,1570230.0,34598.34753,1435303843.9873853,0.08290802395933139,0.07965003732031306
2022-03-10 00:00:00+00:00,41941.7,42039.63,38539.73,39422.0,0,71962.93154,2854310740.8076735,1512655.0,33804.27456,1340241708.0012028,-0.0600764727999884,-0.061956761070048216
2022-03-11 00:00:00+00:00,39422.01,40236.26,38223.6,38729.57,0,59018.7642,2305825015.6010857,1252571.0,29148.02045,1139093538.3524642,-0.01756455786109279,-0.017720645144228442
2022-03-12 00:00:00+00:00,38729.57,39486.71,38660.52,38807.36,0,24034.36432,939663387.3149893,671733.0,11869.94851,464113572.6085631,0.0020085428265792515,0.0020065284013579543
2022-03-13 00:00:00+00:00,38807.35,39310.0,37578.51,37777.34,0,32791.82359,1268441605.1866875,841844.0,15150.320670000001,586406176.6009936,-0.026541872469552308,-0.026900467390317928
2022-03-14 00:00:00+00:00,37777.35,39947.12,37555.0,39671.37,0,46945.45375,1821922588.4472065,1114899.0,24146.76237,937313460.6262863,0.05013666923081428,0.0489203168714063
2022-03-15 00:00:00+00:00,39671.37,39887.61,38098.33,39280.33,0,46015.54926,1796571984.458497,1060517.0,22657.905319999998,885084067.9857315,-0.00985698250400735,-0.009905884169983281
2022-03-16 00:00:00+00:00,39280.33,41718.0,38828.48,41114.0,0,88120.76167,3552563766.3655386,2051837.0,44119.65664,1779529342.3189175,0.04668163429380545,0.04562481143050867
2022-03-17 00:00:00+00:00,41114.01,41478.82,40500.0,40917.9,0,37189.38087,1521083189.7108624,935784.0,18580.98075,760015585.8029839,-0.004769664834362919,-0.0047810759850470674
2022-03-18 00:00:00+00:00,40917.89,42325.02,40135.04,41757.51,0,45408.00969,1862337033.4847212,1065054.0,22374.92757,918115615.0464845,0.020519381493185218,0.020311695241442607
2022-03-19 00:00:00+00:00,41757.51,42400.0,41499.29,42201.13,0,29067.181080000002,1216709156.4428053,801197.0,14463.06148,605480703.8859774,0.010623717745622097,0.010567682574770032
2022-03-20 00:00:00+00:00,42201.13,42296.26,40911.0,41262.11,0,30653.33468,1273880705.2502496,799695.0,14636.72662,608328201.7906688,-0.022251062945470856,-0.02250235248131105
2022-03-21 00:00:00+00:00,41262.11,41544.22,40467.94,41002.25,0,39426.24877,1618789548.0684214,947206.0,19079.42652,783366152.1200151,-0.006297787485904149,-0.006317702205992148
2022-03-22 00:00:00+00:00,41002.26,43361.0,40875.51,42364.13,0,59454.94294,2525975507.8012,1367343.0,30215.54785,1283334795.3252618,0.03321476260449119,0.03267507037255868
2022-03-23 00:00:00+00:00,42364.13,43025.96,41751.47,42882.76,0,40828.87039,1725787170.5823965,916671.0,20211.34116,854479820.5334152,0.012242196405308103,0.012167866742906597
2022-03-24 00:00:00+00:00,42882.76,44220.89,42560.46,43991.46,0,56195.12374,2436258223.6223383,1202541.0,27963.10189,1212354441.1395836,0.025854212741903693,0.025525643808284926
2022-03-25 00:00:00+00:00,43991.46,45094.14,43579.0,44313.16,0,54614.43648,2421153187.6604123,1141588.0,27819.34765,1233475690.3636422,0.007312782981060417,0.007286174227543185
2022-03-26 00:00:00+00:00,44313.16,44792.99,44071.97,44511.27,0,23041.61741,1022802857.60941,693647.0,11422.59021,507079959.2099111,0.004470680944441696,0.004460717136023362
2022-03-27 00:00:00+00:00,44511.27,46999.0,44421.46,46827.76,0,41874.910710000004,1907019662.3441498,1135096.0,21674.84642,987241345.646293,0.05204277478490282,0.05073377393082801
2022-03-28 00:00:00+00:00,46827.76,48189.84,46663.56,47122.21,0,58949.2614,2789898402.616576,1498975.0,29097.75719,1377280753.9727275,0.00628793689896745,0.006268250306014522
2022-03-29 00:00:00+00:00,47122.21,48096.47,46950.85,47434.8,0,36772.28457,1748600385.4502351,1095678.0,18192.3742,865179145.1756456,0.006633602286480356,0.006611696768466402
2022-03-30 00:00:00+00:00,47434.79,47700.22,46445.42,47067.99,0,40947.2085,1932152559.8831122,1081607.0,20896.43399,985946938.5682786,-0.007732930253737891,-0.007762984396878281
2022-03-31 00:00:00+00:00,47067.99,47600.0,45200.0,45510.34,0,48645.12667,2262485160.568584,1290541.0,22879.47328,1064278670.6426109,-0.033093616277219406,-0.03365359925692779
2022-04-01 00:00:00+00:00,45510.35,46720.09,44200.0,46283.49,0,56271.06474,2556532890.870311,1372216.0,28041.37621,1274359931.8405368,0.016988447021050623,0.016845757140593776
2022-04-02 00:00:00+00:00,46283.49,47213.0,45620.0,45811.0,0,37073.53582,1721690754.4393935,1056716.0,18562.93079,862197811.5688924,-0.010208607864272912,-0.010261073071447413
2022-04-03 00:00:00+00:00,45810.99,47444.11,45530.92,46407.35,0,33394.67794,1550999693.0508049,966563.0,16740.18067,777615974.8155177,0.013017615856453668,0.012933614904540036
2022-04-04 00:00:00+00:00,46407.36,46890.71,45118.0,46580.51,0,44641.87514,2053434523.8685389,1171998.0,21913.04154,1008164276.0490184,0.003731305493634096,0.003724361441516777
2022-04-05 00:00:00+00:00,46580.5,47200.0,45353.81,45497.55,0,42192.74852,1951668192.9295099,1046080.0,20607.57735,953494654.4599284,-0.023249208735584892,-0.02352373494806237
2022-04-06 00:00:00+00:00,45497.54,45507.14,43121.0,43170.47,0,60849.32936,2700644700.890392,1471912.0,29467.28381,1307725131.1946254,-0.05114736947374088,-0.0525017816550033
2022-04-07 00:00:00+00:00,43170.47,43900.99,42727.35,43444.19,0,37396.54156,1623879486.6600313,999816.0,18567.25999,806358703.2156662,0.006340445216371338,0.006320429156202678
2022-04-08 00:00:00+00:00,43444.2,43970.62,42107.14,42252.01,0,42375.04203,1830699971.6113117,1108136.0,20530.56354,887196762.4943209,-0.0274416440955626,-0.02782519921842841
2022-04-09 00:00:00+00:00,42252.02,42800.0,42125.48,42753.97,0,17891.66047,759274586.6137776,640230.0,8910.47179,378158044.3039713,0.011880144873581244,0.011810129932037228
2022-04-10 00:00:00+00:00,42753.96,43410.3,41868.0,42158.85,0,22771.09403,971459737.5009404,678983.0,10952.24952,467438845.4221835,-0.013919643017946681,-0.014017429746877141
2022-04-11 00:00:00+00:00,42158.85,42414.71,39200.0,39530.45,0,63560.44721,2602039073.0150447,1385924.0,30543.05561,1251713135.5000079,-0.06234515410168928,-0.06437336581826436
2022-04-12 00:00:00+00:00,39530.45,40699.0,39254.63,40074.94,0,57751.01778,2309514071.593873,1153667.0,28344.99788,1133659106.655711,0.01377393882437472,0.013679940298763071
2022-04-13 00:00:00+00:00,40074.95,41561.31,39588.54,41147.79,0,41342.27254,1677171454.091079,948061.0,20522.54699,832653378.5114936,0.026771094354726355,0.02641901842530281
2022-04-14 00:00:00+00:00,41147.78,41500.0,39551.94,39942.38,0,36807.01401,1494726286.0180101,803756.0,17787.82129,722216571.859389,-0.02929464741605814,-0.02973230413066652
2022-04-15 00:00:00+00:00,39942.37,40870.36,39766.4,40551.9,0,24026.35739,966888436.8162509,616536.0,11755.544390000001,473100437.4733753,0.015259982004077077,0.01514471960101993
2022-04-16 00:00:00+00:00,40551.9,40709.35,39991.55,40378.71,0,15805.447180000001,638275503.9141085,423446.0,7642.38243,308642382.8796384,-0.004270823315307148,-0.0042799693311703635
2022-04-17 00:00:00+00:00,40378.7,40595.67,39546.17,39678.12,0,19988.49259,803414248.9836985,590241.0,9578.91533,385124871.4665126,-0.01735047999304573,-0.01750276360422731
2022-04-18 00:00:00+00:00,39678.11,41116.73,38536.51,40801.13,0,54243.49575,2153574975.9131336,1157741.0,27097.19375,1076513006.7058175,0.028303004275403998,0.02790987484302576
2022-04-19 00:00:00+00:00,40801.13,41760.0,40571.0,41493.18,0,35788.85843,1472363265.3621879,934526.0,17806.81506,732539241.889679,0.016961540035778544,0.016819299277376132
2022-04-20 00:00:00+00:00,41493.19,42199.0,40820.0,41358.19,0,40877.35041,1697039284.0853007,1063843.0,20007.29623,830754792.6236624,-0.0032533057239767516,-0.0032586092287818502
2022-04-21 00:00:00+00:00,41358.19,42976.0,39751.0,40480.01,0,59316.27657,2476061417.8872576,1515456.0,29413.89548,1228429890.9573543,-0.021233521099448538,-0.021462195138859386
2022-04-22 00:00:00+00:00,40480.01,40795.06,39177.0,39709.18,0,46664.0196,1870172362.40225,1043471.0,23248.71242,931654706.5531975,-0.01904223837889374,-0.01922587679520049
2022-04-23 00:00:00+00:00,39709.19,39980.0,39285.0,39441.6,0,20291.42375,804677022.9078971,724132.0,10217.20484,405193110.9436816,-0.00673849220759537,-0.006761298356655843
2022-04-24 00:00:00+00:00,39441.61,39940.0,38929.62,39450.13,0,26703.61186,1056336243.019861,868183.0,12639.702290000001,500129939.07795733,0.00021626911687144812,0.0002162457340766366
2022-04-25 00:00:00+00:00,39450.12,40616.0,38200.0,40426.08,0,63037.12784,2470071005.2401423,1280351.0,31958.39557,1252785476.6028605,0.024738828490552534,0.0244377786503307
2022-04-26 00:00:00+00:00,40426.08,40797.31,37702.26,38112.65,0,66650.258,2615206861.8349133,1381618.0,31936.9422,1253685872.4445755,-0.057226176765098224,-0.05892887322404583
2022-04-27 00:00:00+00:00,38112.64,39474.72,37881.31,39235.72,0,57083.12272,2218523642.426387,1232083.0,28942.08915,1124748467.7003632,0.029467119184837465,0.029041308349953
2022-04-28 00:00:00+00:00,39235.72,40372.63,38881.43,39742.07,0,56086.6715,2223808385.8063755,1135242.0,28519.46629,1130865428.7936184,0.012905332182001406,0.01282276796963977
2022-04-29 00:00:00+00:00,39742.06,39925.25,38175.0,38596.11,0,51453.65715,2006135662.8559992,1101140.0,24773.60543,966125835.4961327,-0.028834934868767537,-0.02925883015250008
2022-04-30 00:00:00+00:00,38596.11,38795.38,37578.2,37630.8,0,35321.18989,1354900532.1335113,1017369.0,16523.43017,634076437.1873089,-0.025010551581493567,-0.02532863017771625
2022-05-01 00:00:00+00:00,37630.8,38675.0,37386.38,38468.35,0,38812.24104,1478259271.913873,1021157.0,19551.11747,744825800.8143973,0.022257034131615505,0.022012961267668274
2022-05-02 00:00:00+00:00,38468.35,39167.34,38052.0,38525.16,0,53200.92628,2058450718.2963235,1053893.0,27276.29561,1055369693.1339271,0.0014767984589929561,0.0014757090645609594
2022-05-03 00:00:00+00:00,38525.16,38651.51,37517.8,37728.95,0,40316.45358,1539320434.2647235,1005131.0,20002.76343,764016892.6745052,-0.02066727302365534,-0.02088383006942962
2022-05-04 00:00:00+00:00,37728.95,40023.77,37670.0,39690.0,0,62574.61736,2438553987.453543,1238847.0,32968.16942,1284541284.6021378,0.0519773277549469,0.050671562519541524
2022-05-05 00:00:00+00:00,39690.0,39845.51,35571.9,36552.97,0,88722.43355,3329684235.9639516,1979692.0,41786.44096,1568954443.5851629,-0.07903829680020158,-0.08233682535055209
2022-05-06 00:00:00+00:00,36552.97,36675.63,35258.0,36013.77,0,68437.80187,2466507512.182029,1214518.0,34536.42346,1245062436.8376348,-0.014751195320106825,-0.01486107612278964
2022-05-07 00:00:00+00:00,36013.77,36146.3,34785.0,35472.39,0,34281.70682,1222539413.6400983,746488.0,15385.18829,548855038.2356379,-0.015032583370194197,-0.015146717920837105
2022-05-08 00:00:00+00:00,35472.4,35514.22,33713.95,34038.4,0,72445.64344,2498365159.9945807,1301451.0,32350.03935,1115547715.9145274,-0.040425525317014155,-0.041265348325588036
2022-05-09 00:00:00+00:00,34038.39,34243.15,30033.33,30076.31,0,191876.926428,6166367111.275724,2564538.0,86538.962569,2781053306.4725456,-0.11640059462254393,-0.12375148039084216
2022-05-10 00:00:00+00:00,30074.23,32658.99,29730.4,31017.1,0,165532.00311,5179856929.479929,2470325.0,73691.196106,2307177624.541944,0.031280100517649734,0.03080084662153304
2022-05-11 00:00:00+00:00,31017.11,32162.59,27785.0,29103.94,0,207063.739278,6300295994.553139,3559270.0,99622.11747499999,3036296142.0982084,-0.061680814776365334,-0.06366510510454937
2022-05-12 00:00:00+00:00,29103.94,30243.0,26700.0,29029.75,0,204507.263138,5795451310.945579,3951233.0,101465.278257,2877462252.2122283,-0.002549139394872224,-0.0025523939828087094
2022-05-13 00:00:00+00:00,29029.74,31083.37,28751.67,29287.05,0,97872.36957,2956855804.856112,2051900.0,48827.72764,1475641181.96275,0.00886332124803002,0.008824272580557846
2022-05-14 00:00:00+00:00,29287.05,30343.27,28630.0,30086.74,0,51095.87863,1501483453.5008905,1204626.0,25908.17135,761545954.1904565,0.02730524241943111,0.026939104331734853
2022-05-15 00:00:00+00:00,30086.74,31460.0,29480.0,31328.89,0,46275.66912,1401499926.2304175,1016769.0,24163.362,732332763.6094486,0.04128562948328729,0.040456131904644366
2022-05-16 00:00:00+00:00,31328.89,31328.9,29087.04,29874.01,0,73082.19658,2185567735.682062,1561954.0,36284.05379,1085179422.7219367,-0.04643892586044385,-0.047551803408195426
2022-05-17 00:00:00+00:00,29874.01,30788.37,29450.38,30444.93,0,56724.13307,1715109131.0802064,1175382.0,28600.362380000002,865031716.5404288,0.019110926186340693,0.018930606202495426
2022-05-18 00:00:00+00:00,30444.93,30709.99,28654.47,28715.32,0,59749.15799,1762843836.1269379,1379212.0,29501.76769,870623227.207057,-0.05681110122440747,-0.05848869957421954
2022-05-19 00:00:00+00:00,28715.33,30545.18,28691.38,30319.23,0,67877.36415,2014360135.7852721,1860780.0,35339.65787,1049163442.9020371,0.0558555502776914,0.054351386417769376
2022-05-20 00:00:00+00:00,30319.22,30777.33,28730.0,29201.01,0,60517.25325,1800589029.270878,1694004.0,30890.40127,919467696.618159,-0.03688154349566264,-0.03757886695618318
2022-05-21 00:00:00+00:00,29201.01,29656.18,28947.28,29445.06,0,20987.13124,616194663.9792111,643486.0,10558.92886,310046148.80258757,0.008357587631386831,0.00832285637471486
2022-05-22 00:00:00+00:00,29445.07,30487.99,29255.11,30293.94,0,36158.98748,1082530816.01625,862880.0,18538.10071,555044195.7973803,0.0288292840972304,0.028421538420797532
2022-05-23 00:00:00+00:00,30293.93,30670.51,28866.35,29109.15,0,63901.499319999995,1914305818.0745187,1328317.0,30476.66811,913813980.9533184,-0.03910980215845139,-0.03989513476921225
2022-05-24 00:00:00+00:00,29109.14,29845.86,28669.0,29654.58,0,59442.96036,1740257602.3067698,946421.0,29480.07674,863516681.5129281,0.018737407310072562,0.018564024573910487
2022-05-25 00:00:00+00:00,29654.58,30223.74,29294.21,29542.15,0,59537.38659,1771708175.0718915,985440.0,28846.96589,858587338.503838,-0.0037913199242747275,-0.0037985251950818366
2022-05-26 00:00:00+00:00,29542.14,29886.64,28019.56,29201.35,0,94581.65463,2759055410.397752,1431112.0,45206.85416,1319426335.7162364,-0.011536059494654305,-0.011603116040031836
2022-05-27 00:00:00+00:00,29201.35,29397.66,28282.9,28629.8,0,90998.5201,2626515958.50349,1321406.0,43590.05398,1258912486.7048602,-0.019572725233593657,-0.019766807675974718
2022-05-28 00:00:00+00:00,28629.81,29266.0,28450.0,29031.33,0,34479.35127,994674257.5679231,684423.0,17561.21465,506633343.6800464,0.01402489713515287,0.013927458255286851
2022-05-29 00:00:00+00:00,29031.33,29587.78,28839.21,29468.1,0,27567.34764,804777532.6497605,635311.0,13735.42581,401056725.5655391,0.015044780931497082,0.014932730664861893
2022-05-30 00:00:00+00:00,29468.1,32222.0,29299.62,31734.22,0,96785.9476,2980527582.4674954,1380410.0,45024.45633,1384940691.9669578,0.07690078423787083,0.07408727158891715
2022-05-31 00:00:00+00:00,31734.23,32399.0,31200.01,31801.04,0,62433.11632,1981259117.0115466,1161340.0,30046.95511,953574564.3261106,0.002105613435591014,0.002103399738537348
2022-06-01 00:00:00+00:00,31801.05,31982.97,29301.0,29805.83,0,103395.63382,3171191028.249736,1404611.0,47614.81205,1460767260.6962943,-0.06274040094286226,-0.06479498169315434
2022-06-02 00:00:00+00:00,29805.84,30689.0,29594.55,30452.62,0,56961.429280000004,1711652906.191896,1086183.0,28555.06607,858193492.4047692,0.02170011705763586,0.021468021186668906
2022-06-03 00:00:00+00:00,30452.63,30699.0,29282.36,29700.21,0,54067.447270000004,1615616950.714381,993769.0,26583.25141,794354787.342094,-0.02470756210795655,-0.025017916656656425
2022-06-04 00:00:00+00:00,29700.21,29988.88,29485.0,29864.04,0,25617.90113,760874329.4663156,618037.0,12971.7246,385358236.9157799,0.005516122613274499,0.0055009645259609385
2022-06-05 00:00:00+00:00,29864.03,30189.0,29531.42,29919.21,0,23139.9281,691201528.1600258,604680.0,11753.51303,351150600.7844381,0.001847372291223781,0.0018456679976868173
2022-06-06 00:00:00+00:00,29919.2,31765.64,29890.23,31373.1,0,68836.92456,2149499896.9349375,1124745.0,34225.53913,1068381827.9889433,0.048593863273796334,0.04745008883495139
2022-06-07 00:00:00+00:00,31373.1,31589.6,29218.96,31125.33,0,110674.51658,3347397952.7305903,1743957.0,54831.53114,1661147413.2582464,-0.007897530049628454,-0.007928880711022046
2022-06-08 00:00:00+00:00,31125.32,31327.22,29843.88,30204.77,0,68542.61276,2087270428.3470392,1236327.0,32668.41005,995180478.2745385,-0.0295759113236711,-0.030022098209931514
2022-06-09 00:00:00+00:00,30204.77,30700.0,29944.1,30109.93,0,46291.1865,1399839073.774508,841562.0,23082.29251,697948605.9884633,-0.00313990141292253,-0.0031448412464669673
2022-06-10 00:00:00+00:00,30109.93,30382.8,28850.0,29091.88,0,76204.2498,2255866294.4948864,1258608.0,35502.20972,1050877735.8447757,-0.03381110484149241,-0.03439592024343874
2022-06-11 00:00:00+00:00,29091.87,29440.41,28099.99,28424.7,0,65901.39895,1892007188.0756001,1084163.0,31848.3308,914365117.8340094,-0.02293354709286577,-0.02320061194727252
2022-06-12 00:00:00+00:00,28424.71,28544.96,26560.0,26574.53,0,92474.598809,2551767136.329585,1451271.0,43538.78641,1201389150.8900456,-0.06509022082906779,-0.06730524721449882
2022-06-13 00:00:00+00:00,26574.53,26895.84,21925.77,22487.41,0,254611.034966,6192246037.404873,3261484.0,121398.556133,2953984191.5180387,-0.153798392671479,-0.16699764123151084
2022-06-14 00:00:00+00:00,22485.27,23362.88,20846.0,22136.41,0,187201.64671,4136108699.025428,2583151.0,92764.742864,2051107738.6303785,-0.015608733953799026,-0.015731832867253104
2022-06-15 00:00:00+00:00,22136.42,22800.0,20111.62,22583.72,0,200774.493467,4249276481.256697,2847831.0,98340.102217,2083014439.1952906,0.02020698026464096,0.020005528538408868
2022-06-16 00:00:00+00:00,22583.72,22995.73,20232.0,20401.31,0,99673.59429,2130037160.0626109,1690477.0,48048.86237,1027305936.8191556,-0.09663642659402438,-0.1016301782416349
2022-06-17 00:00:00+00:00,20400.6,21365.43,20246.66,20468.81,0,86694.33663,1796575392.5507207,1352992.0,43066.94445,892584106.6574169,0.0033086110646816103,0.00330314965423284
2022-06-18 00:00:00+00:00,20468.81,20792.06,17622.0,18970.79,0,196441.655524,3726639821.696151,2467372.0,96560.044649,1833514054.8893414,-0.07318549539518904,-0.07600183634697188
2022-06-19 00:00:00+00:00,18970.79,20815.95,17960.41,20574.0,0,128320.87595,2487561781.535987,1950660.0,65871.82216,1277952917.4081194,0.08450939576053496,0.0811277149268701
2022-06-20 00:00:00+00:00,20574.0,21090.0,19637.03,20573.89,0,109028.94154,2220396381.7426524,1639448.0,54047.82476,1100883996.5003533,-5.346553903051721e-06,-5.346568196173962e-06
2022-06-21 00:00:00+00:00,20573.9,21723.0,20348.4,20723.52,0,104371.0749,2198596137.3432837,1515321.0,52193.33566,1099446297.122863,0.007272810343595726,0.0072464909918430465
2022-06-22 00:00:00+00:00,20723.51,20900.0,19770.51,19987.99,0,92133.97938,1872204589.2375817,1394981.0,44907.30453,912710764.7302253,-0.035492522505829016,-0.03613769395083111
2022-06-23 00:00:00+00:00,19988.0,21233.0,19890.07,21110.13,0,83127.08716,1710694866.4572449,1207858.0,42716.83721,879244263.2830158,0.056140712497855016,0.054621426878467716
2022-06-24 00:00:00+00:00,21110.12,21558.41,20736.72,21237.69,0,77430.36622,1635129191.170251,1309709.0,38582.36962,815027131.3205568,0.006042596611200324,0.00602441333699133
2022-06-25 00:00:00+00:00,21237.68,21614.5,20906.62,21491.19,0,51431.67794,1093873137.974752,874540.0,25240.18142,536863288.4627487,0.011936326408380493,0.01186565031702358
2022-06-26 00:00:00+00:00,21491.18,21888.0,20964.73,21038.07,0,53278.10464,1139258367.162915,885306.0,26051.16372,557192553.7220398,-0.021083988369187567,-0.021309430090107995
2022-06-27 00:00:00+00:00,21038.08,21539.85,20510.0,20742.56,0,64475.001299999996,1354369225.8404648,1002214.0,31992.4604,672191483.8106797,-0.014046440571782393,-0.014146025460121336
2022-06-28 00:00:00+00:00,20742.57,21212.1,20202.01,20281.29,0,63801.0832,1321862977.9315486,1064497.0,30490.78532,631852171.7596262,-0.022237852994037355,-0.022488841996464615
2022-06-29 00:00:00+00:00,20281.28,20432.31,19854.92,20123.01,0,77309.04379,1556549790.008924,1210636.0,37814.12159,761473366.3908588,-0.007804237304431916,-0.007834849739538186
2022-06-30 00:00:00+00:00,20123.0,20179.08,18626.0,19942.21,0,93846.64806,1808994369.0314438,1438163.0,45447.98482,876020577.3495957,-0.008984739360562877,-0.009025345538187679
2022-07-01 00:00:00+00:00,19942.21,20918.35,18975.0,19279.8,0,111844.59494,2197016369.9695287,1668363.0,56417.61783,1108492421.9565263,-0.03321647901611702,-0.033780675205104416
2022-07-02 00:00:00+00:00,19279.8,19467.39,18977.01,19252.81,0,46180.3021,888415536.8730664,833508.0,23693.90779,455851305.3763755,-0.00139991078745616,-0.001400891578015262
2022-07-03 00:00:00+00:00,19252.82,19647.63,18781.0,19315.83,0,51087.46631,980255891.3952553,880786.0,25361.962919999998,486752875.4369991,0.003273288418677689,0.0032679428719752934
2022-07-04 00:00:00+00:00,19315.83,20354.01,19055.31,20236.71,0,74814.04601,1470987695.521582,1282843.0,38543.72441,758241531.9880207,0.04767488634969341,0.04657331482099103
2022-07-05 00:00:00+00:00,20236.71,20750.0,19304.4,20175.83,0,96041.13756,1919950110.1674304,1612273.0,48358.47507,967109793.3844756,-0.003008394151025384,-0.003012928464995568
2022-07-06 00:00:00+00:00,20175.84,20675.22,19761.25,20564.51,0,82439.5808,1665481948.0096319,1472221.0,41580.73433,840150579.642686,0.019264634961733806,0.019081421173607893
2022-07-07 00:00:00+00:00,20564.51,21838.1,20251.68,21624.98,0,85014.58261,1783224085.7236798,1653722.0,42731.5372,896703207.2104565,0.051567968310453294,0.05028235345384857
2022-07-08 00:00:00+00:00,21624.99,22527.37,21189.26,21594.75,0,403081.57349,8781330156.61243,4358216.0,201798.10144,4396546053.031909,-0.001397920368018779,-0.001398898370249313
2022-07-09 00:00:00+00:00,21594.75,21980.0,21322.12,21591.83,0,178417.84468,3857190523.4942718,3524386.0,89418.01811,1933132016.304726,-0.00013521805068350545,-0.00013522719346781287
2022-07-10 00:00:00+00:00,21592.15,21607.65,20655.0,20862.47,0,192188.21556,4062794310.272034,3434401.0,95376.75351,2016291891.3743694,-0.0337794434283708,-0.034363151398205005
2022-07-11 00:00:00+00:00,20861.11,20868.48,19875.23,19963.61,0,137535.40724,2813718031.1093426,3232941.0,66869.47065,1368289522.9848232,-0.04308502301021888,-0.04404073474684722
2022-07-12 00:00:00+00:00,19963.61,20059.42,19240.0,19328.75,0,139506.45862,2754215439.3324776,3626399.0,67681.11612,1336338002.7004988,-0.0318008616678046,-0.03231749144575069
2022-07-13 00:00:00+00:00,19331.28,20366.61,18910.94,20234.87,0,209250.24888,4096306063.801935,4789109.0,103667.13511,2029863027.178718,0.046879389510444236,0.04581372898770297
2022-07-14 00:00:00+00:00,20234.87,20900.0,19616.07,20588.84,0,174809.21696,3526210098.285044,4576355.0,87993.05801,1775442258.4092436,0.01749307013091772,0.017341827629275386
2022-07-15 00:00:00+00:00,20588.84,21200.0,20382.29,20830.04,0,143343.3049,2984339734.3532705,4411375.0,71354.9491,1485929119.4276447,0.011715084482661453,0.011646994153803547
2022-07-16 00:00:00+00:00,20830.04,21588.94,20478.61,21195.6,0,121011.67393,2539616922.7986083,3723401.0,61225.46264,1285100231.9557881,0.017549654249343627,0.01739743738897559
2022-07-17 00:00:00+00:00,21195.6,21684.54,20750.01,20798.16,0,118229.4525,2511251392.5765257,4261057.0,59550.95291,1265042502.4618275,-0.018751061541074532,-0.01892909171140289
2022-07-18 00:00:00+00:00,20799.58,22777.63,20762.45,22432.58,0,239942.73132,5263396811.539256,6564387.0,122398.31862,2685273104.2955766,0.07858483635090807,0.07564984518217699
2022-07-19 00:00:00+00:00,22432.58,23800.0,21579.54,23396.62,0,263770.76574,5954419902.221928,6488375.0,132874.43405,2999605957.3039503,0.04297499440545827,0.04207720104807322
2022-07-20 00:00:00+00:00,23398.48,24276.74,22906.19,23223.3,0,238762.17094,5631801151.220376,6364038.0,119820.55352,2826789486.1693096,-0.007407907637940858,-0.007435482451242592
2022-07-21 00:00:00+00:00,23223.3,23442.77,22341.46,23152.19,0,184817.68191,4232411759.3950253,4808194.0,92958.794,2128895623.659983,-0.003062010997575748,-0.0030667085449955778
2022-07-22 00:00:00+00:00,23152.19,23756.49,22500.0,22684.83,0,171598.43966,3981394766.228058,4745582.0,85026.96828,1973166657.8835506,-0.020186427288303888,-0.020392957340748197
2022-07-23 00:00:00+00:00,22684.83,23000.77,21934.57,22451.07,0,122137.77375000001,2745262660.6777816,3762227.0,61569.86415,1383868861.284547,-0.010304683790885893,-0.010358144626698262
2022-07-24 00:00:00+00:00,22448.58,23014.64,22257.15,22579.68,0,115189.67277,2610817967.1639385,3671238.0,58086.99433,1316724597.4433148,0.00572845748554518,0.0057121122651899725
2022-07-25 00:00:00+00:00,22577.13,22666.0,21250.0,21310.9,0,180344.76643,3954002948.547259,4807238.0,88021.9456,1930051719.2731922,-0.056191230345159826,-0.05783170787580438
2022-07-26 00:00:00+00:00,21310.9,21347.82,20706.5,21254.67,0,177817.24326,3738774849.3577113,4545385.0,87353.4604,1836821500.4933043,-0.0026385558563929434,-0.0026420429802271883
2022-07-27 00:00:00+00:00,21254.67,23112.63,21042.53,22952.45,0,210971.19796,4614909656.6957855,5475738.0,106519.12743,2330764840.6468673,0.07987797505207106,0.07684804868982553
2022-07-28 00:00:00+00:00,22954.31,24199.72,22582.13,23842.93,0,236029.0741,5511388547.615389,6500034.0,118170.70945,2759524239.0245447,0.038796729760875115,0.03806305270838806
2022-07-29 00:00:00+00:00,23845.25,24442.66,23414.03,23773.75,0,198298.50623,4733780641.305037,6221401.0,100165.6085,2391310897.487863,-0.0029014890367921042,-0.0029057065160618123
2022-07-30 00:00:00+00:00,23777.28,24668.0,23502.25,23643.51,0,151060.13211,3634601094.9654202,4801528.0,75778.59282,1823456271.875969,-0.005478311162521732,-0.005493372140119135
2022-07-31 00:00:00+00:00,23644.64,24194.82,23227.31,23293.32,0,127743.32483,3028386330.644831,4463721.0,63737.43859,1511326027.2234035,-0.014811252643960215,-0.014922034485877589
2022-08-01 00:00:00+00:00,23296.36,23509.68,22850.0,23268.01,0,144210.16219,3346371889.652122,4775213.0,71458.39583,1658446268.2253966,-0.0010865776110919878,-0.001087168364517055
2022-08-02 00:00:00+00:00,23266.9,23459.89,22654.37,22987.79,0,158073.28225,3631020649.2263794,5066511.0,78122.08501,1794828205.6239038,-0.012043144213879864,-0.012116250420426411
2022-08-03 00:00:00+00:00,22985.93,23647.68,22681.22,22818.37,0,145948.80995,3385430753.8050184,4887642.0,72355.55623,1678928892.7538443,-0.007369999464933441,-0.007397292091434693
2022-08-04 00:00:00+00:00,22816.91,23223.32,22400.0,22622.98,0,154854.67016,3537434334.434649,4966138.0,76123.82073,1739248152.8679466,-0.008562837748708585,-0.008599709479179651
2022-08-05 00:00:00+00:00,22622.41,23472.86,22586.95,23312.42,0,175251.69749,4046435951.354509,5340569.0,88240.55478,2037539950.6820636,0.030475207068211052,0.03002006193057838
2022-08-06 00:00:00+00:00,23313.56,23354.36,22909.52,22954.21,0,83911.80307,1944693656.7065682,3360228.0,41438.9761,960462308.0530334,-0.01536562913674333,-0.015484903813883122
2022-08-07 00:00:00+00:00,22954.21,23402.0,22844.62,23174.39,0,88890.00877,2051763044.552369,3646643.0,44744.90366,1032885708.1753821,0.009592140178206865,0.00954642768953029
2022-08-08 00:00:00+00:00,23174.39,24245.0,23154.25,23810.0,0,170958.44152,4078052110.5431275,5892045.0,85942.29725,2050118384.21205,0.027427259142527527,0.02705787086036615
2022-08-09 00:00:00+00:00,23810.98,23933.25,22865.0,23149.95,0,143182.50858,3347110918.907211,5105613.0,70598.77953,1650310502.5693648,-0.027721545569088568,-0.028113039796075157
2022-08-10 00:00:00+00:00,23151.32,24226.0,22664.69,23954.05,0,208916.54953,4918825599.489632,6818207.0,105046.91327,2473680340.3238072,0.034734416273037194,0.03414479115449787
2022-08-11 00:00:00+00:00,23954.05,24918.54,23852.13,23934.39,0,249759.79557,6097813762.895935,8269994.0,125001.90721,3051727583.877025,-0.0008207380380352847,-0.0008210750278987433
2022-08-12 00:00:00+00:00,23933.09,24456.5,23583.0,24403.68,0,174207.5704,4175834601.8605466,6134163.0,87283.3227,2092464530.2271757,0.019607351597429545,0.019417603769849023
2022-08-13 00:00:00+00:00,24401.7,24888.0,24291.22,24441.38,0,152852.25435,3751417148.252107,5617859.0,76352.504,1873989924.2022443,0.0015448489735974125,0.001543656921956682
2022-08-14 00:00:00+00:00,24443.06,25047.56,24144.0,24305.24,0,151206.14473,3708565144.898009,5473905.0,75296.97372,1847145729.8789523,-0.005570061919580649,-0.005585632561016851
2022-08-15 00:00:00+00:00,24305.25,25211.32,23773.22,24094.82,0,242539.54758,5894066098.523285,7488466.0,120284.46467,2923411975.7084756,-0.008657392397688812,-0.008695085325241436
2022-08-16 00:00:00+00:00,24093.04,24247.49,23671.22,23854.74,0,179324.94821,4294907691.6509495,5978567.0,89812.55435,2151240576.2261777,-0.009963967358959214,-0.010013939908729341
2022-08-17 00:00:00+00:00,23856.15,24446.71,23180.4,23342.66,0,210668.68766,4993659434.236888,6901586.0,105158.87989,2493209361.502229,-0.021466593222143726,-0.02170035192362363
2022-08-18 00:00:00+00:00,23342.66,23600.0,23111.04,23191.2,0,144185.97011,3375338942.2617874,6029662.0,71864.05086,1682458592.207561,-0.006488549291297496,-0.006509691431418219
2022-08-19 00:00:00+00:00,23191.45,23208.67,20783.57,20834.39,0,283995.87747,6181759252.730264,8860928.0,139601.81043,3038568050.675256,-0.10162518541515753,-0.10716790958304045
2022-08-20 00:00:00+00:00,20834.39,21382.85,20761.9,21140.07,0,183041.68363,3871242921.22468,5723362.0,91862.59461,1943014391.2462528,0.014671895841442906,0.014565304906856369
2022-08-21 00:00:00+00:00,21140.07,21800.0,21069.11,21515.61,0,159200.6841,3405034922.807078,5034461.0,80239.2419,1716250543.035858,0.017764368802941632,0.017608426506097175
2022-08-22 00:00:00+00:00,21516.7,21548.71,20890.18,21399.83,0,222222.04526,4721412016.903412,6443370.0,110925.72751,2356921868.623943,-0.0053812092708502846,-0.005395740129966242
2022-08-23 00:00:00+00:00,21400.75,21684.87,20890.14,21529.12,0,200967.77164,4299812533.944709,6333442.0,101222.30098,2165911837.12369,0.006041636779357429,0.006023459269735909
2022-08-24 00:00:00+00:00,21529.11,21900.0,21145.0,21368.08,0,174383.22046,3744196823.564854,5561412.0,86499.84759,1857345193.8069582,-0.0074801013696795815,-0.007508217623966473
2022-08-25 00:00:00+00:00,21368.05,21819.88,21310.15,21559.04,0,169915.78300999998,3672148286.6013737,5618785.0,84555.07067,1827390010.1745017,0.008936694359062525,0.00889699843098768
2022-08-26 00:00:00+00:00,21559.04,21886.77,20107.9,20241.05,0,273811.61955,5785149465.097691,7587244.0,135780.72507,2869440464.9916983,-0.061133983702428396,-0.06308249760374451
2022-08-27 00:00:00+00:00,20239.14,20402.93,19800.0,20037.6,0,162582.46032,3269764074.3564396,5263328.0,80922.99413,1627546028.5246556,-0.010051356031431258,-0.010102211978267661
2022-08-28 00:00:00+00:00,20037.6,20171.18,19520.0,19555.61,0,139307.95976,2781133881.051846,4678693.0,69363.50720000001,1384969093.7702348,-0.024054277957439862,-0.024348306776797557
2022-08-29 00:00:00+00:00,19555.61,20433.62,19550.79,20285.73,0,210509.49545,4211334408.9865937,5840323.0,105809.86253,2116902111.2090402,0.03733557787253883,0.0366554814045692
2022-08-30 00:00:00+00:00,20287.2,20576.25,19540.0,19811.66,0,256634.35529,5157974826.609323,6593178.0,126919.07924,2551087936.8586006,-0.02336962978408963,-0.0236470299311744
2022-08-31 00:00:00+00:00,19813.03,20490.0,19797.94,20050.02,0,276946.60765,5595829094.391042,6389133.0,140474.46035,2838456435.8151093,0.012031298740236895,0.011959497995954749
2022-09-01 00:00:00+00:00,20048.44,20208.37,19565.66,20131.46,0,245289.97263,4893158531.781241,5937975.0,121158.48629,2417157339.99022,0.004061841334821459,0.004053614327647281
2022-09-02 00:00:00+00:00,20132.64,20441.26,19755.29,19951.86,0,245986.60330000002,4946889819.514836,5740705.0,122616.90745,2466027768.598654,-0.00892135990136822,-0.008961393513317262
2022-09-03 00:00:00+00:00,19950.98,20055.93,19652.72,19831.9,0,146639.03204,2908816275.0102863,3739909.0,72556.83777,1439326777.5857377,-0.006012472020152426,-0.0060306197082571344
2022-09-04 00:00:00+00:00,19832.45,20029.23,19583.1,20000.3,0,145588.77893,2883227667.1961923,3838915.0,72789.26129,1441735599.5476143,0.00849136996455191,0.008455521077104677
2022-09-05 00:00:00+00:00,20000.3,20057.27,19633.83,19796.84,0,222543.01057,4404971191.907026,4657233.0,110786.05423,2193009371.5191665,-0.010172847407288854,-0.010224944437389638
2022-09-06 00:00:00+00:00,19795.34,20180.0,18649.51,18790.61,0,356315.05718,6976809188.41019,7124384.0,175781.84468,3443135959.0188565,-0.05082780888262972,-0.052165052029039316
2022-09-07 00:00:00+00:00,18790.61,19464.06,18510.77,19292.84,0,287394.7788,5436827909.201311,5597127.0,142700.96438,2700094090.539225,0.026727711340930327,0.026376765648059575
2022-09-08 00:00:00+00:00,19292.85,19458.25,19012.0,19319.77,0,262813.28273,5057217166.675082,6013826.0,131429.45873,2529247772.343829,0.0013958546279344564,0.0013948813284816453
2022-09-09 00:00:00+00:00,19320.54,21597.22,19291.75,21360.11,0,428919.74652,8929831332.708796,7777214.0,217979.24137,4537141163.990109,0.10560891770450676,0.10039623993986346
2022-09-10 00:00:00+00:00,21361.62,21810.8,21111.13,21648.34,0,307997.33504,6589753118.841131,5615783.0,154171.04126,3298995539.4356637,0.013493844366906371,0.013403613252505053
2022-09-11 00:00:00+00:00,21647.21,21860.0,21350.0,21826.87,0,280702.55149,6064643642.71623,4801844.0,141171.88117,3050253458.2835627,0.008246821696259232,0.008213002469084074
2022-09-12 00:00:00+00:00,21826.87,22488.0,21538.51,22395.74,0,395395.61828,8743762682.841719,6979539.0,199489.5406,4411479060.203694,0.02606282989727804,0.025728982590269567
2022-09-13 00:00:00+00:00,22395.44,22799.0,19860.0,20173.57,0,431915.03333,9302239274.39612,8126869.0,217144.54247,4679543994.693207,-0.0992228879242214,-0.10449743036114079
2022-09-14 00:00:00+00:00,20173.62,20541.48,19617.62,20226.71,0,340826.40151,6886235196.646198,6313052.0,169670.53169,3428396493.969275,0.0026341396193136912,0.0026306763540286937
2022-09-15 00:00:00+00:00,20227.17,20330.24,19497.0,19701.88,0,333069.76076,6655264974.213759,6690974.0,165652.7291,3310217929.7411156,-0.02594737354715615,-0.026289945533484627
2022-09-16 00:00:00+00:00,19701.88,19890.0,19320.01,19803.3,0,283791.07064,5584012914.113887,5120935.0,141085.20536,2776292772.190228,0.005147732094602064,0.005134527817078904
2022-09-17 00:00:00+00:00,19803.3,20189.0,19748.08,20113.62,0,179350.24338,3578667842.695283,3862666.0,89621.58733,1788389852.300196,0.015670115586796207,0.015548607050206442
2022-09-18 00:00:00+00:00,20112.61,20117.26,19335.62,19416.18,0,254217.46904,5033968947.530573,4634096.0,124480.59651,2465062845.967856,-0.03467501126102601,-0.03529045844411449
2022-09-19 00:00:00+00:00,19417.45,19686.2,18232.56,19537.02,0,380512.40306,7215196795.656051,6820580.0,189241.29071,3589311748.607395,0.006223675305853105,0.006204388221696888
2022-09-20 00:00:00+00:00,19537.02,19634.62,18711.87,18875.0,0,324098.3286,6206043205.412278,5900070.0,160716.33038,3077612901.1468134,-0.03388541343562124,-0.034472832172509627
2022-09-21 00:00:00+00:00,18874.31,19956.0,18125.98,18461.36,0,385034.10021,7338667639.751957,6907777.0,190299.47143,3628361586.9101534,-0.021914701986754936,-0.022158395968023825
2022-09-22 00:00:00+00:00,18461.36,19550.17,18356.39,19401.63,0,379321.72111,7203741481.483637,6251862.0,190987.32145,3627123696.6905694,0.050931784007245406,0.049677183991239104
2022-09-23 00:00:00+00:00,19401.63,19500.0,18531.42,19289.91,0,385886.91829,7330336009.190998,5906265.0,194842.08772,3701394516.7736163,-0.00575827907242854,-0.005774921881410933
2022-09-24 00:00:00+00:00,19288.57,19316.14,18805.34,18920.5,0,239496.56746,4568927983.6507845,3907636.0,120501.3057,2298979763.309452,-0.019150426310957425,-0.019336170941038233
2022-09-25 00:00:00+00:00,18921.99,19180.21,18629.2,18807.38,0,191191.4492,3625136713.9247046,3714450.0,94989.39646,1801229611.9768589,-0.005978700351470523,-0.00599664433730851
2022-09-26 00:00:00+00:00,18809.13,19318.96,18680.72,19227.82,0,439239.21943,8356951609.998724,5837041.0,220623.29914,4198006044.884225,0.022355054239346472,0.022108842641316073
2022-09-27 00:00:00+00:00,19226.68,20385.86,18816.32,19079.13,0,593260.74161,11705770260.672161,8152473.0,296727.71059,5856646101.495988,-0.007733065942992945,-0.007763121143595342
2022-09-28 00:00:00+00:00,19078.1,19790.0,18471.28,19412.82,0,521385.45547,9964460007.304356,7357437.0,260944.38118,4988233394.322661,0.017489791201171112,0.017338605066758106
2022-09-29 00:00:00+00:00,19412.82,19645.52,18843.01,19591.51,0,406424.93256,7868786414.856212,5631615.0,203187.57552,3934342925.087511,0.009204742020994416,0.009162636565832827
2022-09-30 00:00:00+00:00,19590.54,20185.0,19155.36,19422.61,0,444322.9534,8694127253.576595,6254203.0,220029.84583,4304848630.332639,-0.008621081274490683,-0.008658457767896977
2022-10-01 00:00:00+00:00,19422.61,19484.0,19159.42,19310.95,0,165625.13959,3200350294.52687,2470590.0,82734.18388,1598688567.5865653,-0.005748969886127497,-0.005765558823590311
2022-10-02 00:00:00+00:00,19312.24,19395.91,18920.35,19056.8,0,206812.47032,3970724799.9558167,3320217.0,102972.16013999999,1977186000.1992047,-0.01316092683166814,-0.013248299277497821
2022-10-03 00:00:00+00:00,19057.74,19719.1,18959.68,19629.08,0,293585.75212,5672105805.772144,4471910.0,147383.93612,2847846726.2369485,0.03003022543134226,0.029588146889958367
2022-10-04 00:00:00+00:00,19629.08,20475.0,19490.6,20337.82,0,327012.00127,6533428229.851051,4871932.0,165646.2649,3309936012.948392,0.03610663362725086,0.03547006675217901
2022-10-05 00:00:00+00:00,20337.82,20365.6,19730.0,20158.26,0,312239.75224,6275437160.958072,4540004.0,155249.45329,3120338866.325755,-0.00882887153097045,-0.008868076947532444
2022-10-06 00:00:00+00:00,20158.26,20456.6,19853.0,19960.67,0,320122.1702,6452892402.324269,5085004.0,161557.89851,3256881316.716539,-0.00980193727037948,-0.009850292500255264
2022-10-07 00:00:00+00:00,19960.67,20068.82,19320.0,19530.09,0,220874.83913,4353681483.987034,4324772.0,109800.49576,2164491136.4831276,-0.02157142019781888,-0.02180748428132162
2022-10-08 00:00:00+00:00,19530.09,19627.38,19237.14,19417.96,0,102480.09842,1995917001.739599,2637385.0,50775.11492,988952773.2163393,-0.005741396993050318,-0.0057579421714510914
2022-10-09 00:00:00+00:00,19416.52,19558.0,19316.04,19439.02,0,113900.82681,2215007204.237991,2833704.0,57166.25996,1111737800.1694417,0.0010845629510001231,0.0010839752375062517
2022-10-10 00:00:00+00:00,19439.96,19525.0,19020.25,19131.87,0,212509.09849,4101745483.129524,4432688.0,104849.40967,2023908022.7360182,-0.015800693656367493,-0.015926855342589974
2022-10-11 00:00:00+00:00,19131.87,19268.09,18860.0,19060.0,0,243473.84286,4642843395.600282,4792106.0,121218.68324,2311676809.242172,-0.003756559081783406,-0.003763632670310102
2022-10-12 00:00:00+00:00,19060.0,19238.31,18965.88,19155.53,0,213826.26731,4086903621.926554,4556597.0,106608.7184,2037738508.1616392,0.005012067156348277,0.004999548559698752
2022-10-13 00:00:00+00:00,19155.1,19513.79,18190.0,19375.13,0,399756.68337,7554309475.307986,7470896.0,199869.15895,3777964473.262912,0.011464052417239357,0.011398838108565457
2022-10-14 00:00:00+00:00,19375.58,19951.87,19070.37,19176.93,0,351634.32601,6877621835.225796,6688310.0,175798.36758,3438783886.911806,-0.010229608781979871,-0.010282290815579742
2022-10-15 00:00:00+00:00,19176.93,19227.68,18975.18,19069.39,0,113847.64232,2178316065.622199,3052219.0,56109.00376,1073637476.7688468,-0.005607779764540077,-0.005623562392809589
2022-10-16 00:00:00+00:00,19068.4,19425.84,19063.74,19262.98,0,131894.61885,2531545363.3077,3438605.0,66536.80449,1277129233.6607454,0.010151871664484391,0.010100687533673991
2022-10-17 00:00:00+00:00,19262.98,19676.96,19152.03,19549.86,0,222813.87634,4331666395.604674,5162979.0,111854.00525,2174642989.585405,0.01489281513036933,0.014783006060810067
2022-10-18 00:00:00+00:00,19548.48,19706.66,19091.0,19327.44,0,260313.07848,5065944973.464348,5588482.0,129478.25628,2520037025.6074157,-0.011377063569764756,-0.011442277457684114
2022-10-19 00:00:00+00:00,19327.44,19360.16,19065.97,19123.97,0,186137.29538,3575041318.449784,4545820.0,92346.11007,1773769908.8877597,-0.01052751942316199,-0.010583325769578877
2022-10-20 00:00:00+00:00,19123.35,19347.82,18900.0,19041.92,0,223530.13068,4276025723.9947824,5391090.0,110662.16001,2117089562.3644776,-0.004290427144573172,-0.004299657437842441
2022-10-21 00:00:00+00:00,19041.92,19250.0,18650.0,19164.37,0,269310.75769,5126619487.869021,5679281.0,133589.01923,2543268174.8886347,0.006430549020266962,0.006409961253210028
2022-10-22 00:00:00+00:00,19164.37,19257.0,19112.72,19204.35,0,110403.90837,2117395641.1269214,2887106.0,54134.08243,1038228038.7109543,0.002086163020229792,0.0020839900038094328
2022-10-23 00:00:00+00:00,19204.29,19695.0,19070.11,19570.4,0,167057.20184,3233393909.200977,3939703.0,84465.80483000001,1635057403.3351152,0.019060785707404992,0.018881404774907296
2022-10-24 00:00:00+00:00,19570.4,19601.15,19157.0,19329.72,0,256168.14467,4957159176.816838,5676899.0,126808.683,2453987281.1859627,-0.012298164575072601,-0.01237441278798812
2022-10-25 00:00:00+00:00,19330.6,20415.87,19237.0,20080.07,0,326370.67061,6454151276.520069,7214687.0,163350.80531,3230612090.8673344,0.03881846193323013,0.03808397301398081
2022-10-26 00:00:00+00:00,20079.02,21020.0,20050.41,20771.59,0,380492.69576,7833551674.485677,8512349.0,190912.96434,3930265900.9481273,0.03443812695872084,0.033858406805052255
2022-10-27 00:00:00+00:00,20771.61,20872.21,20200.0,20295.11,0,328643.57791,6771209922.011916,7748080.0,163139.47991,3361632657.413893,-0.022939023926430213,-0.02320621734790862
2022-10-28 00:00:00+00:00,20295.11,20750.0,20000.09,20591.84,0,287039.94569,5849603405.682575,6638096.0,143078.25276,2915977522.5824976,0.014620763326732344,0.014514910485441845
2022-10-29 00:00:00+00:00,20591.84,21085.0,20554.01,20809.67,0,254881.77755,5303038321.457483,6255599.0,127941.56356,2662029299.9096394,0.010578462148112866,0.010522901703300391
2022-10-30 00:00:00+00:00,20809.68,20931.21,20515.0,20627.48,0,192795.60886,3994389493.3258915,4920007.0,96047.94574,1990076844.6331499,-0.008755064352293895,-0.008793615102668184
2022-10-31 00:00:00+00:00,20627.48,20845.92,20237.95,20490.74,0,303567.61628,6226304300.443864,6571526.0,151222.29645,3101777763.860474,-0.006629021092251608,-0.006651090639639534
2022-11-01 00:00:00+00:00,20490.74,20700.0,20330.74,20483.62,0,279932.43771,5740102554.920829,5971938.0,139277.94706,2856018095.763569,-0.000347474029732564,-0.00034753441282120434
2022-11-02 00:00:00+00:00,20482.81,20800.0,20048.04,20151.84,0,373716.27299,7633404092.430692,7431698.0,185785.97212,3795164791.221807,-0.01619733230747289,-0.016329943003791314
2022-11-03 00:00:00+00:00,20151.84,20393.32,20031.24,20207.82,0,319185.1544,6461673165.239643,6948227.0,159939.6187,3237968703.461187,0.0027779101064715483,0.002774058844849492
2022-11-04 00:00:00+00:00,20207.12,21302.05,20180.96,21148.52,0,453694.39165,9409862204.986904,9249613.0,227403.70755,4716670352.087391,0.04655128559141963,0.04550026847944544
2022-11-05 00:00:00+00:00,21148.52,21480.65,21080.65,21299.37,0,245621.98525,5240395528.908201,5570832.0,123030.36163,2624930077.1572924,0.007132886840308439,0.007107568128679631
2022-11-06 00:00:00+00:00,21299.37,21365.27,20886.13,20905.58,0,230036.97217,4877535058.412703,5268210.0,114034.06693,2418047871.809807,-0.018488340265463088,-0.018661385830796462
2022-11-07 00:00:00+00:00,20905.58,21069.77,20384.89,20591.13,0,386977.60336999997,8035052131.593453,8344242.0,191603.32017,3978525724.874021,-0.015041438697228293,-0.015155708438383542
2022-11-08 00:00:00+00:00,20590.67,20700.88,17166.83,18547.23,0,760705.362783,14758384309.854223,14530601.0,374775.574085,7271200924.070387,-0.09926118673428808,-0.10453994878635697
2022-11-09 00:00:00+00:00,18545.38,18587.76,15588.0,15922.81,0,731926.929729,12737719697.394009,13605474.0,358702.788996,6245795114.512092,-0.14149929666047167,-0.1525677793793303
2022-11-10 00:00:00+00:00,15922.68,18199.0,15754.26,17601.15,0,608448.36432,10323294543.880356,12719887.0,302898.84757,5141663571.356439,0.10540476209915228,0.10021156844027068
2022-11-11 00:00:00+00:00,17602.45,17695.0,16361.6,17070.31,0,393552.86492,6725273822.837806,9900073.0,197414.69616,3374092512.561806,-0.03015939299420778,-0.030623543661599584
2022-11-12 00:00:00+00:00,17069.98,17119.1,16631.39,16812.08,0,167819.96035,2827930561.006379,5046837.0,83267.92293,1403236127.923594,-0.015127434709738652,-0.01524302151959489
2022-11-13 00:00:00+00:00,16813.16,16954.28,16229.0,16329.85,0,184960.78846,3074280132.053523,5382834.0,91914.44893,1527844645.634117,-0.028683541834204962,-0.029102954245262325
2022-11-14 00:00:00+00:00,16331.78,17190.0,15815.21,16619.46,0,380210.7775,6273920325.336827,9215128.0,189502.41248,3127495594.210764,0.017735006751439686,0.017579576532613217
2022-11-15 00:00:00+00:00,16617.72,17134.69,16527.72,16900.57,0,282461.84391,4758545355.786832,7200265.0,141015.70658,2375750102.4183183,0.016914508654312543,0.01677305124617945
2022-11-16 00:00:00+00:00,16900.57,17015.92,16378.61,16662.76,0,261493.40809,4362538338.565324,6297404.0,129644.72244,2162757428.721518,-0.014071123044962497,-0.014171059886844972
2022-11-17 00:00:00+00:00,16661.61,16751.0,16410.74,16692.56,0,228038.97873,3785204632.014221,5352083.0,113347.39771,1881536908.06649,0.0017884192054620218,0.001786821887998613
2022-11-18 00:00:00+00:00,16692.56,17011.0,16546.04,16700.45,0,214224.18184,3588467560.373121,5114799.0,106366.35569,1781845353.094005,0.00047266566662029774,0.00047255399539203324
2022-11-19 00:00:00+00:00,16699.43,16822.41,16553.53,16700.68,0,104963.15558,1747627888.1295474,3142123.0,52397.34048,872445362.1257405,1.3772083985674755e-05,1.377198915086808e-05
2022-11-20 00:00:00+00:00,16700.68,16753.33,16180.0,16280.23,0,154842.13478,2561165772.495707,4557344.0,75959.10991,1256443330.0415068,-0.025175621591456254,-0.025497948917879043
2022-11-21 00:00:00+00:00,16279.5,16319.0,15476.0,15781.29,0,324096.997753,5188798317.004154,7440871.0,159995.4646,2561914108.9244175,-0.03064698717401404,-0.03112642711283975
2022-11-22 00:00:00+00:00,15781.29,16315.0,15616.63,16226.94,0,239548.06623,3823612603.803002,6276097.0,119384.47075,1905917090.2669592,0.028239136344367255,0.027847762883542515
2022-11-23 00:00:00+00:00,16227.96,16706.0,16160.2,16603.11,0,264927.70408,4368042618.500261,6260616.0,132804.37627,2189676204.366816,0.023181819862524877,0.022917203202952763
2022-11-24 00:00:00+00:00,16603.11,16812.63,16458.05,16598.95,0,206565.92346,3431724405.654768,5031851.0,103203.3193,1714660566.877812,-0.00025055546822250196,-0.00025058686248868867
2022-11-25 00:00:00+00:00,16599.55,16666.0,16342.81,16522.14,0,182089.49533,3003553172.2294717,4396465.0,90187.55597,1487718711.084076,-0.004627401130794517,-0.004638140695062631
2022-11-26 00:00:00+00:00,16521.35,16701.99,16385.0,16458.57,0,181804.81666,3011990387.647429,3817130.0,89646.23245,1485219997.2638843,-0.0038475645406708114,-0.0038549854582061727
2022-11-27 00:00:00+00:00,16457.61,16600.0,16401.0,16428.78,0,162025.47607,2679048565.5213013,3362221.0,80097.04098,1324406073.6694643,-0.0018099992891241756,-0.001811639317102376
2022-11-28 00:00:00+00:00,16428.77,16487.04,15995.27,16212.91,0,252695.40367,4096398587.357314,5570407.0,125766.80639,2038825206.5401728,-0.013139746225830473,-0.013226836427964628
2022-11-29 00:00:00+00:00,16212.18,16548.71,16100.0,16442.53,0,248106.25009000002,4072651066.9994063,5206638.0,123715.14039,2030827592.4923499,0.014162787556336154,0.014063432280211785
2022-11-30 00:00:00+00:00,16442.91,17249.0,16428.3,17163.64,0,303019.80719,5123595199.505285,6519330.0,151764.57285,2566042182.996361,0.0438563894972368,0.042921922045644934
2022-12-01 00:00:00+00:00,17165.53,17324.0,16855.01,16977.37,0,232818.18218,3972607179.8685718,5097720.0,116018.88867,1979692808.0070596,-0.010852593039704872,-0.010911911994265111
2022-12-02 00:00:00+00:00,16978.0,17105.73,16787.85,17092.74,0,202372.20620000002,3432385161.660257,4305515.0,99556.14105,1688510144.1912622,0.0067955166200655,0.00677253117024712
2022-12-03 00:00:00+00:00,17092.13,17188.98,16858.74,16885.2,0,154542.57306,2622504252.866453,3308694.0,76214.56604,1293351463.1609118,-0.01214199712860553,-0.012216313353322406
2022-12-04 00:00:00+00:00,16885.2,17202.84,16878.25,17105.7,0,178619.13387,3040020095.051178,3948990.0,89359.35165,1520945572.0768337,0.013058773363655796,0.012974242698660987
2022-12-05 00:00:00+00:00,17106.65,17424.25,16867.0,16966.35,0,233703.29225,4015334796.603721,5138207.0,115508.19916,1984551471.3164082,-0.00814640733790506,-0.008179770631693728
2022-12-06 00:00:00+00:00,16966.35,17107.01,16906.37,17088.96,0,218730.76883,3717926010.3405867,4416864.0,108449.54144,1843473774.5861642,0.007226657471996134,0.007200670308000312
2022-12-07 00:00:00+00:00,17088.96,17142.21,16678.83,16836.64,0,220657.41334,3723206794.3054667,4284989.0,107803.05198,1819002376.4928687,-0.014765088103664614,-0.014875177009226803
2022-12-08 00:00:00+00:00,16836.64,17299.0,16733.49,17224.1,0,236417.97804,4009427525.0304117,4520282.0,117238.75693999999,1988377121.4173508,0.023012905187733468,0.022752101931693858
2022-12-09 00:00:00+00:00,17224.1,17360.0,17058.21,17128.56,0,238422.06465,4097973425.697354,4282003.0,118031.91364,2028743141.4068208,-0.005546879082216072,-0.005562320142260546
2022-12-10 00:00:00+00:00,17128.56,17227.72,17092.0,17127.49,0,140573.97937000002,2411933258.8486,3032257.0,70355.34064000001,1207126756.2174747,-6.246876561721848e-05,-6.247071687148775e-05
2022-12-11 00:00:00+00:00,17127.49,17270.99,17071.0,17085.05,0,155286.47871,2663686104.0825615,3260722.0,77740.37478,1333501724.91499,-0.0024778878866665854,-0.0024809629316511206
2022-12-12 00:00:00+00:00,17085.05,17241.89,16871.85,17209.83,0,226227.49694,3844787581.4819245,4463916.0,112286.94413,1908405023.8763018,0.0073034612131659404,0.007276920090015793
2022-12-13 00:00:00+00:00,17208.93,18000.0,17080.14,17774.7,0,284462.9139,4983896040.378995,6242080.0,143922.84935,2521692886.9668703,0.03282252061757718,0.03229536571300429
2022-12-14 00:00:00+00:00,17775.82,18387.95,17660.94,17803.15,0,266681.22209,4779915721.484459,5743730.0,133308.11239,2389606669.9635315,0.0016005896020749866,0.0015993100237423619
2022-12-15 00:00:00+00:00,17804.01,17854.82,17275.51,17356.34,0,223701.96882,3923378677.833748,4789226.0,110193.63642,1932609296.7091348,-0.025097244027040277,-0.02541755042203242
2022-12-16 00:00:00+00:00,17356.96,17531.73,16527.32,16632.12,0,253379.04116,4308933187.65654,5703001.0,123374.83424,2098188985.0070968,-0.041726539120575,-0.04262209197455569
2022-12-17 00:00:00+00:00,16631.5,16796.82,16579.85,16776.52,0,144825.66684,2417851422.213125,3905843.0,72289.66495,1206885683.569382,0.008681996041394635,0.008644524244230567
2022-12-18 00:00:00+00:00,16777.54,16863.26,16663.07,16738.21,0,112619.31646,1884666030.099238,3369193.0,55539.12922,929480021.401935,-0.0022835486739801736,-0.00228615994732273
2022-12-19 00:00:00+00:00,16739.0,16815.99,16256.3,16438.88,0,179094.28305,2981094033.013813,4681887.0,87610.2351,1458309480.7452483,-0.017883035282745152,-0.01804486904717173
2022-12-20 00:00:00+00:00,16438.88,17061.27,16397.2,16895.56,0,248808.92324,4176995653.545711,5945803.0,124217.38590000001,2085423621.7423255,0.027780481395326184,0.027401604731458917
2022-12-21 00:00:00+00:00,16896.15,16925.0,16723.0,16824.67,0,156810.96362,2638528723.7360415,4375570.0,77675.35979,1307019850.0606217,-0.004195776878659463,-0.004204603849787603
2022-12-22 00:00:00+00:00,16824.68,16868.52,16559.85,16821.43,0,176044.27234999998,2949612072.049303,4678640.0,87573.90221,1467281598.7190852,-0.0001925743565845961,-0.0001925929014063854
2022-12-23 00:00:00+00:00,16821.9,16955.14,16731.13,16778.5,0,161612.00947,2720021933.9789267,4561020.0,81034.18553,1363871435.613549,-0.0025521016940890373,-0.0025553638570467996
2022-12-24 00:00:00+00:00,16778.52,16869.99,16776.62,16836.12,0,100224.29096,1686757294.992634,3076985.0,49578.22304,834395051.2711908,0.003434156807819555,0.0034282735568194056
2022-12-25 00:00:00+00:00,16835.73,16857.96,16721.0,16832.11,0,125441.07202,2108857873.1916704,3570157.0,62073.54114,1043560797.0693523,-0.00023817839264617113,-0.00023820676162422671
2022-12-26 00:00:00+00:00,16832.11,16944.52,16791.0,16919.39,0,124564.00656,2099037538.6317942,3915571.0,61741.18011,1040420821.2262526,0.005185327329728651,0.005171929813682752
2022-12-27 00:00:00+00:00,16919.39,16972.83,16592.37,16706.36,0,173749.58616,2918379509.5314097,5047628.0,86096.58586,1446098274.5653381,-0.012590879458420079,-0.012670816273175234
2022-12-28 00:00:00+00:00,16706.06,16785.19,16465.33,16547.31,0,193037.56577000002,3210894236.8123903,5465468.0,96118.18717,1598767893.1727967,-0.00952032639066791,-0.009565934397528508
2022-12-29 00:00:00+00:00,16547.32,16664.41,16488.91,16633.47,0,160998.47158,2671665748.0816226,4553877.0,80977.62443,1343799862.9950266,0.00520688861210683,0.005193379640447304
2022-12-30 00:00:00+00:00,16633.47,16677.35,16333.0,16607.48,0,164916.31174,2726831056.725026,4310415.0,82170.4749,1358631100.7592442,-0.0015625122118235746,-0.0015637342071173066
2022-12-31 00:00:00+00:00,16607.48,16644.09,16470.0,16542.4,0,114490.42864,1897047504.9188974,3344374.0,57021.06919,944834393.3413354,-0.003918716144773238,-0.003926414431065339
2023-01-01 00:00:00+00:00,16541.77,16628.0,16499.01,16616.75,0,96925.41374,1604793789.6772127,3218355.0,48548.78168,803841673.8350587,0.004494511074571994,0.004484440922006172
2023-01-02 00:00:00+00:00,16617.17,16799.23,16548.7,16672.87,0,121888.57191,2034683215.2678783,4036118.0,60925.25948,1017074780.6918063,0.003377315058600505,0.0033716247385005005
2023-01-03 00:00:00+00:00,16672.78,16778.4,16605.28,16675.18,0,159541.53733,2662765916.3256683,5097596.0,79595.76246,1328471402.7136745,0.0001385484322735664,0.0001385388353263295
2023-01-04 00:00:00+00:00,16675.65,16991.87,16652.66,16850.36,0,220362.18862,3709833209.8453655,6310703.0,109747.11502,1847617011.385377,0.01050543382440261,0.010450635209179993
2023-01-05 00:00:00+00:00,16850.36,16879.82,16753.0,16831.85,0,163473.56641,2751080253.8177333,4842014.0,80959.57162,1362471754.0532992,-0.0010984928511914571,-0.001099096636671959
2023-01-06 00:00:00+00:00,16831.85,17041.0,16679.0,16950.65,0,207401.28415,3490305009.6881223,5388661.0,103320.22965,1738828235.2023005,0.007058047689350921,0.00703325625515383
2023-01-07 00:00:00+00:00,16950.31,16981.91,16908.0,16943.57,0,104526.5688,1770201710.2089734,3227161.0,51624.83107,874295207.6365124,-0.00041768309769840695,-0.0004177703515821918
2023-01-08 00:00:00+00:00,16943.83,17176.99,16911.0,17127.83,0,135155.89695,2291925699.9585457,4036092.0,67200.6025,1139647002.7608514,0.010874921873017529,0.010816215147354313
2023-01-09 00:00:00+00:00,17127.83,17398.8,17104.66,17178.26,0,266211.52723,4590284350.546169,6327667.0,131748.52517,2271681164.7993326,0.0029443309514396443,0.0029400048985390725
2023-01-10 00:00:00+00:00,17179.04,17499.0,17146.34,17440.66,0,221382.42581000002,3829247653.7311053,5448751.0,109377.45606,1891995855.287608,0.015275120995956515,0.01515963093336481
2023-01-11 00:00:00+00:00,17440.64,18000.0,17315.6,17943.26,0,262221.60653,4586965947.26355,5627464.0,129944.5693,2273368097.0292645,0.02881771676071887,0.028410295154573717
2023-01-12 00:00:00+00:00,17943.26,19117.04,17892.05,18846.62,0,454568.32178,8348431207.84601,8911373.0,227295.33172,4174813798.3828607,0.05034536644957499,0.04911903051513278
2023-01-13 00:00:00+00:00,18846.62,20000.0,18714.12,19930.01,0,368615.87823000003,7061633461.444734,8021774.0,183448.89377,3515300890.3050575,0.05748457813655716,0.05589304850955479
2023-01-14 00:00:00+00:00,19930.01,21258.0,19888.05,20954.92,0,393913.74951,8183071567.046188,8659545.0,197817.55209,4109568162.1704197,0.0514254634092004,0.05014682768441858
2023-01-15 00:00:00+00:00,20952.76,21050.74,20551.01,20871.5,0,178542.22549,3710526606.138964,5194354.0,88310.83908,1835436631.7038705,-0.003980926674976515,-0.003988871656174453
2023-01-16 00:00:00+00:00,20872.99,21474.05,20611.48,21185.65,0,293078.08262,6168654053.042638,6856434.0,145352.66942,3059597458.3853526,0.0150516254222266,0.014939473685251059
2023-01-17 00:00:00+00:00,21185.65,21647.45,20841.31,21134.81,0,275407.74409,5840585769.490093,6440138.0,137121.64311,2908227174.2490306,-0.0023997375582056613,-0.0024026215431760534
2023-01-18 00:00:00+00:00,21132.29,21650.0,20407.15,20677.47,0,350916.01949,7399719195.246726,7617173.0,173174.41689999998,3652037808.316215,-0.02163918199406567,-0.021876742420547046
2023-01-19 00:00:00+00:00,20677.47,21192.0,20659.19,21071.59,0,251385.84925,5243024330.011201,5819932.0,124924.23436,2605629874.089028,0.019060358931726196,0.018880985981668985
2023-01-20 00:00:00+00:00,21071.59,22755.93,20861.28,22667.21,0,338079.13659,7256172889.710533,7382435.0,170200.04869,3654038898.2709284,0.07572375886205074,0.07299369909677722
2023-01-21 00:00:00+00:00,22666.0,23371.8,22422.0,22783.55,0,346445.48432,7938935168.532013,7796520.0,172663.17131,3956916674.402963,0.0051325240292035,0.005119397523328573
2023-01-22 00:00:00+00:00,22783.35,23078.71,22292.37,22707.88,0,253577.75286,5775552321.544121,6603827.0,125842.91663,2866409820.7225704,-0.003321255906125198,-0.003326783518994958
2023-01-23 00:00:00+00:00,22706.02,23180.0,22500.0,22916.45,0,293588.37938,6704191295.97568,7258655.0,145854.70936,3330927704.48361,0.009184917306239049,0.009142992475146272
2023-01-24 00:00:00+00:00,22917.81,23162.2,22462.93,22632.89,0,293158.78254,6721432962.573841,7395584.0,144239.84356,3307407342.13858,-0.012373644259909389,-0.012450835212588274
2023-01-25 00:00:00+00:00,22631.94,23816.73,22300.0,23060.94,0,346042.83223,7875590359.115837,8060446.0,172647.90115,3929821773.9651175,0.01891274158978362,0.018736119160646325
2023-01-26 00:00:00+00:00,23060.42,23282.47,22850.01,23009.65,0,288924.43581,6664592468.337928,7181086.0,143185.08341,3303064271.0511746,-0.002224107083232396,-0.002226584082814398
2023-01-27 00:00:00+00:00,23009.65,23500.0,22534.88,23074.16,0,280833.86315,6461707755.053915,7079096.0,139699.27638,3214623770.8450403,0.0028036063130034705,0.0027996835390577957
2023-01-28 00:00:00+00:00,23074.16,23189.0,22878.46,23022.6,0,148115.71085,3408985411.316586,4181816.0,73861.83566,1700057503.749539,-0.0022345342148967218,-0.0022370345118361
2023-01-29 00:00:00+00:00,23021.4,23960.54,22967.76,23742.3,0,295688.79204,6941922954.136407,7030837.0,149507.5061,3510026672.7997174,0.03126058742279336,0.03078192520585077
2023-01-30 00:00:00+00:00,23743.37,23800.51,22500.0,22826.15,0,302405.90121,7020727239.059652,7790224.0,149096.53066,3461492907.172606,-0.03858724723383988,-0.03935145882331703
2023-01-31 00:00:00+00:00,22827.38,23320.0,22714.77,23125.13,0,264649.34909000003,6083858924.538486,6798411.0,133028.12717,3058369006.240699,0.01309813525276926,0.013013096440888106
2023-02-01 00:00:00+00:00,23125.13,23812.66,22760.23,23732.66,0,310790.42271,7212542002.325099,7863213.0,156107.58478,3623730152.719127,0.026271419879585478,0.025932253556534945
2023-02-02 00:00:00+00:00,23731.41,24255.0,23363.27,23488.94,0,364177.20751,8673696845.80511,9102300.0,181814.20318,4330715913.906593,-0.010269392474337113,-0.010322486493569372
2023-02-03 00:00:00+00:00,23489.33,23715.7,23204.62,23431.9,0,332571.02904,7806490899.914181,8007846.0,166143.33246,3900042090.516365,-0.002428376929737852,-0.0024313302190961394
2023-02-04 00:00:00+00:00,23431.9,23587.78,23253.96,23326.84,0,166126.47295,3886777607.796051,4852404.0,81863.93145,1915443497.6889513,-0.004483631288969336,-0.004493712909869885
2023-02-05 00:00:00+00:00,23327.66,23433.33,22743.0,22932.91,0,209251.33917,4842463016.833934,5903916.0,103885.22312,2404286621.1203337,-0.016887413811729313,-0.01703163213982073
2023-02-06 00:00:00+00:00,22932.91,23158.25,22628.13,22762.52,0,265371.6069,6076050768.117039,6956395.0,132350.52989,3030470974.6245303,-0.007429933663019583,-0.007457673107037266
2023-02-07 00:00:00+00:00,22762.52,23350.25,22745.78,23240.46,0,308006.72482,7085929136.456849,8293878.0,154613.24744,3557209786.515369,0.020996796488262248,0.020779401555923727
2023-02-08 00:00:00+00:00,23242.42,23452.0,22665.85,22963.0,0,280056.30717,6457585647.820654,7896433.0,138627.72636,3196783919.6301227,-0.011938662143520351,-0.012010500310640992
2023-02-09 00:00:00+00:00,22961.85,23011.39,21688.0,21796.35,0,402894.6955,9052973327.197163,9784291.0,199309.68374,4478800426.302857,-0.05080564386186481,-0.05214170035251797
2023-02-10 00:00:00+00:00,21797.83,21938.16,21451.0,21625.19,0,338591.94247,7369456394.906654,6993675.0,167419.66937,3644087094.706669,-0.007852690932197315,-0.007883685677702701
2023-02-11 00:00:00+00:00,21625.19,21906.32,21599.78,21862.55,0,177021.58433,3842000897.7975802,4207940.0,87937.9597,1908638569.7798102,0.01097608853378862,0.010916288456746415
2023-02-12 00:00:00+00:00,21862.02,22090.0,21630.0,21783.54,0,204435.65163,4469822441.4372015,4561903.0,101194.34699,2212545781.0931144,-0.0036139425638820333,-0.003620488630474483
2023-02-13 00:00:00+00:00,21782.37,21894.99,21351.07,21773.97,0,295730.76791,6404813758.2696295,6503611.0,147221.38569,3188732830.199443,-0.0004393225343538587,-0.00043941906477051873
2023-02-14 00:00:00+00:00,21774.63,22319.08,21532.77,22199.84,0,361958.40109,7938385476.792084,7695927.0,182006.71562,3991901041.9023824,0.01955867487646934,0.01936986197704016
2023-02-15 00:00:00+00:00,22199.84,24380.0,22047.28,24324.05,0,375669.16111,8604133693.663172,8335550.0,190798.1552,4372346767.103614,0.09568582476270104,0.0913804911936591
2023-02-16 00:00:00+00:00,24322.87,25250.0,23505.25,23517.72,0,450080.68366,11074988148.779009,11006793.0,224396.77565999998,5522891581.325579,-0.033149496074872276,-0.03371139328266537
2023-02-17 00:00:00+00:00,23517.72,25021.11,23339.37,24569.97,0,496813.21376,11968532252.05733,10895009.0,249087.94774,6001870488.345367,0.04474285772600406,0.043770785975072
2023-02-18 00:00:00+00:00,24568.24,24877.0,24430.0,24631.95,0,216917.25213,5339920389.516133,6296097.0,107467.08761,2645647445.8196015,0.002522591602675872,0.0025194152091874145
2023-02-19 00:00:00+00:00,24632.05,25192.0,24192.57,24271.76,0,300395.99542,7408745406.624344,7660484.0,149680.28058,3692030229.980345,-0.014622878010064233,-0.014730846119734409
2023-02-20 00:00:00+00:00,24272.51,25121.23,23840.83,24842.2,0,346938.56997,8561226688.07291,9808728.0,174453.04334,4305469238.849922,0.02350220997570851,0.023230285350591018
2023-02-21 00:00:00+00:00,24843.89,25250.0,24148.34,24452.16,0,376000.82868,9280992344.428871,10712371.0,187029.49757,4617218785.187702,-0.01570070283630276,-0.01582526439406351
2023-02-22 00:00:00+00:00,24450.67,24476.05,23574.69,24182.21,0,379425.75365,9101745945.990707,11395957.0,188203.74268,4515001623.435453,-0.011039924489288477,-0.01110131671752157
2023-02-23 00:00:00+00:00,24182.21,24599.59,23608.0,23940.2,0,398400.45437,9596083721.512953,11396877.0,198080.68369,4771375630.511308,-0.01000777017485166,-0.010058184545767901
2023-02-24 00:00:00+00:00,23940.2,24132.35,22841.19,23185.29,0,343582.57453,8087524100.39044,11531424.0,170263.13353,4008150118.2167997,-0.031533153440656325,-0.03204102846148693
2023-02-25 00:00:00+00:00,23184.04,23219.13,22722.0,23157.07,0,191311.8101,4406286300.272117,9124568.0,94440.13964,2175283940.904131,-0.0012171510470647684,-0.0012178923770029826
2023-02-26 00:00:00+00:00,23157.07,23689.99,23059.18,23554.85,0,202323.73623,4716158181.22559,9506015.0,101003.39278,2354572412.6900682,0.017177475388725716,0.017031610581687673
2023-02-27 00:00:00+00:00,23554.85,23897.99,23106.77,23492.09,0,283706.0859,6659785788.329373,11754195.0,141360.04845,3318353869.99525,-0.002664419429544207,-0.0026679753126401806
2023-02-28 00:00:00+00:00,23492.09,23600.0,23020.97,23141.57,0,264140.99894,6172930936.037334,9568743.0,131200.82704,3066249880.6703186,-0.014920766947512987,-0.015033201397947948
2023-03-01 00:00:00+00:00,23141.57,24000.0,23020.03,23628.97,0,315287.41737,7441571085.495408,9390487.0,157961.92667,3728256787.110094,0.021061665219775483,0.020842934243896494
2023-03-02 00:00:00+00:00,23629.76,23796.93,23195.9,23465.32,0,239315.45219,5603770010.239548,7435815.0,119522.00584,2798797976.70041,-0.00692582029601807,-0.006949915104726756
2023-03-03 00:00:00+00:00,23465.32,23476.95,21971.13,22354.34,0,319954.19785,7167184765.7436495,8214639.0,156827.31365999999,3512245357.186191,-0.04734561471993559,-0.04850310083198828
2023-03-04 00:00:00+00:00,22354.34,22410.0,22157.08,22346.57,0,121257.38132,2706422995.680256,4169260.0,60043.331529999996,1340204531.1540701,-0.0003475835117475734,-0.0003476439328977676
2023-03-05 00:00:00+00:00,22346.57,22662.09,22189.22,22430.24,0,154841.75786,3473011455.1879516,4835978.0,77394.35765,1735989090.899561,0.00374419877412957,0.00373720670958555
2023-03-06 00:00:00+00:00,22430.24,22602.19,22258.0,22410.0,0,203751.82957,4569102169.185691,6471278.0,102110.26304,2289889200.1667166,-0.0009023532516817534,-0.0009027606174552005
2023-03-07 00:00:00+00:00,22409.41,22557.91,21927.0,22197.96,0,292519.80912,6517594938.246053,7813394.0,145498.64218999998,3242136502.654673,-0.009461847389558242,-0.00950689504881197
2023-03-08 00:00:00+00:00,22198.56,22287.0,21580.0,21705.44,0,301460.57272,6641171704.242421,8018963.0,150008.02488,3304860256.104994,-0.022187624448372745,-0.022437472391169777
2023-03-09 00:00:00+00:00,21704.37,21834.99,20042.72,20362.22,0,443658.28583999997,9403028764.707773,10076702.0,217900.59621,4619803522.043237,-0.06188402538718396,-0.06388169730657545
2023-03-10 00:00:00+00:00,20362.21,20367.78,19549.09,20150.69,0,618456.4671,12344992788.912495,12106261.0,308155.80993,6151475123.535515,-0.010388356475865668,-0.010442692083691085
2023-03-11 00:00:00+00:00,20150.69,20686.51,19765.03,20455.73,0,427831.82133,8651590672.468525,10412300.0,213151.47855,4310534195.909292,0.015137943167206735,0.01502450785778997
2023-03-12 00:00:00+00:00,20455.73,22150.0,20270.6,21997.11,0,430944.94288,8982418413.80114,9721933.0,218639.0688,4558127964.925804,0.07535199183798391,0.07264804225261656
2023-03-13 00:00:00+00:00,21998.05,24500.0,21813.88,24113.48,0,687889.31259,15824996078.605639,14820760.0,346688.17025,7976620081.706099,0.09621127502658289,0.09185993913307122
2023-03-14 00:00:00+00:00,24112.27,26386.87,23976.42,24670.41,0,699360.93423,17465307097.88407,15223589.0,351739.11994,8783916247.676138,0.023096210086640312,0.022833529552860554
2023-03-15 00:00:00+00:00,24670.41,25196.97,23896.95,24285.66,0,581450.72984,14291005743.897852,12613034.0,291192.86696,7157472156.962334,-0.01559560623435119,-0.015718497080593252
2023-03-16 00:00:00+00:00,24285.66,25167.4,24123.0,24998.78,0,439421.32998,10847330151.941006,10418081.0,220403.30289,5441432259.260846,0.02936383034267953,0.028940970979109082
2023-03-17 00:00:00+00:00,24998.78,27756.84,24890.0,27395.13,0,624460.68091,16476681071.24338,13113359.0,318022.61355999997,8392477832.002322,0.09585867790348179,0.0915382366931734
2023-03-18 00:00:00+00:00,27395.13,27724.85,26578.0,26907.49,0,371238.97174,10135945069.642628,9948603.0,185687.70768,5070480124.593879,-0.017800244057976755,-0.017960573857960682
2023-03-19 00:00:00+00:00,26907.49,28390.1,26827.22,27972.87,0,372066.99054,10264707987.594164,9578297.0,188150.56147000002,5191102286.400918,0.039594179910500626,0.03883042537639447
2023-03-20 00:00:00+00:00,27972.87,28472.0,27124.47,27717.01,0,477378.23373,13300424536.514921,11775950.0,239765.29148,6680704887.532146,-0.009146719660871439,-0.009188807742988914
2023-03-21 00:00:00+00:00,27717.01,28438.55,27303.1,28105.47,0,420929.7422,11760492716.33759,11530870.0,210472.34027000002,5880942507.630011,0.014015220256441863,0.013917915171175466
2023-03-22 00:00:00+00:00,28107.81,28868.05,26601.8,27250.97,0,224113.41296,6272099822.449624,3589327.0,110355.97386,3089585214.115064,-0.030403334297558482,-0.03087510251124037
2023-03-23 00:00:00+00:00,27250.97,28750.0,27105.0,28295.41,0,128649.60818,3591123573.1149583,2159091.0,65172.024789999996,1819323637.2903445,0.038326709104299805,0.03761048387612398
2023-03-24 00:00:00+00:00,28295.42,28374.3,27000.0,27454.47,2,86242.06543999999,2403443392.0273013,1511137.0,41449.56122,1155147465.7389932,-0.029720014659621374,-0.03017060445376707
2023-03-25 00:00:00+00:00,27454.46,27787.33,27156.09,27462.95,0,50844.08102,1397227639.2141378,1088721.0,25326.94876,696042529.0839624,0.0003088750210802349,0.00030882732901105214
2023-03-26 00:00:00+00:00,27462.96,28194.4,27417.76,27968.05,0,49671.70353,1380973402.9961205,1068196.0,25248.15818,702028235.0573266,0.018392051837111456,0.018224963671601202
2023-03-27 00:00:00+00:00,27968.05,28023.86,26508.14,27124.91,0,88039.46898,2407130888.034605,1575264.0,43151.91539,1179905180.6135278,-0.030146542215134797,-0.030610293346194695
2023-03-28 00:00:00+00:00,27124.9,27520.0,26631.78,27261.07,0,78602.44340999999,2124533606.765556,1521981.0,38972.61486,1053473599.2587688,0.005019740157663266,0.0050071832660627535
2023-03-29 00:00:00+00:00,27261.06,28650.0,27240.1,28348.6,0,89486.16008,2519887866.2111588,1704217.0,45742.08025,1288220696.4926782,0.03989315166279228,0.03911796908951359
2023-03-30 00:00:00+00:00,28348.6,29184.68,27686.0,28028.53,0,98865.43256,2808471938.642443,1843652.0,49100.20979,1394972886.7062368,-0.011290504645732002,-0.011354726247077451
2023-03-31 00:00:00+00:00,28028.53,28656.69,27511.71,28465.36,0,78198.12139,2203253311.777351,1537349.0,39636.47111,1117184234.1868575,0.015585191231934026,0.015464989442289578
2023-04-01 00:00:00+00:00,28465.36,28819.71,28220.27,28452.73,0,30238.44753,860804237.452269,822781.0,15171.37738,431931567.4827481,-0.00044369718141634706,-0.0004437956441361024
2023-04-02 00:00:00+00:00,28452.74,28530.0,27856.43,28171.87,0,37365.65692,1053600933.0676805,938464.0,17897.01839,504647268.0863643,-0.0098711090289052,-0.009920151427765589
2023-04-03 00:00:00+00:00,28171.87,28500.99,27200.24,27800.0,0,79180.01405,2214361048.7823668,1651062.0,40534.82008,1133865764.0916288,-0.013200046713263913,-0.013287941665064196
2023-04-04 00:00:00+00:00,27800.0,28444.44,27662.79,28165.47,0,49722.55691,1397141464.875036,1102007.0,25083.95234,704845402.4191409,0.013146402877697971,0.013060738888803769
2023-04-05 00:00:00+00:00,28165.47,28775.0,27805.1,28170.01,0,60737.64732,1721098539.0660567,1262730.0,30556.886720000002,865971090.1704682,0.00016119028015504355,0.00016117729039777373
2023-04-06 00:00:00+00:00,28170.01,28182.05,27711.0,28033.82,0,40118.94963,1122713087.5561826,934548.0,19308.64369,540384260.8568,-0.004834574073633635,-0.004846298430313922
2023-04-07 00:00:00+00:00,28033.83,28100.0,27766.94,27906.33,0,24762.09387,691323748.9286413,655634.0,11983.13367,334559478.4702819,-0.004547721288072681,-0.004558093631494842
2023-04-08 00:00:00+00:00,27906.34,28154.99,27859.02,27938.38,0,19479.96735,545324518.6860754,624159.0,9729.24214,272366679.3440387,0.0011484849494720617,0.0011478259451553896
2023-04-09 00:00:00+00:00,27938.38,28530.0,27800.0,28323.76,0,32531.16101,913915923.6951957,777589.0,16885.70757,474454325.3569296,0.013793927922807203,0.013699657615022787
2023-04-10 00:00:00+00:00,28323.76,29770.0,28170.0,29637.34,0,67754.0622,1955300943.1708305,1285695.0,36147.62326,1043138687.5916125,0.046377317135860574,0.04533402443678369
2023-04-11 00:00:00+00:00,29637.35,30550.0,29590.0,30200.42,0,67990.07621,2046078278.0821176,1340458.0,34766.92718,1046250622.2934568,0.01899900598366777,0.01882077875793975
2023-04-12 00:00:00+00:00,30200.43,30486.0,29637.4,29888.07,0,62049.48451,1863497606.1415303,1246556.0,31136.38576,935223730.572567,-0.010342571394702404,-0.01039642744810898
2023-04-13 00:00:00+00:00,29888.07,30595.0,29854.59,30373.84,0,51934.11731,1571091101.1299672,1054144.0,26767.65298,809748635.002587,0.01625297317625396,0.016122307510293865
2023-04-14 00:00:00+00:00,30373.84,31000.0,29966.0,30466.93,0,75984.19452,2323267494.38023,1504180.0,38406.59006,1174371283.5651665,0.003064808400913499,0.003060121449609099
2023-04-15 00:00:00+00:00,30466.93,30595.6,30202.0,30295.09,0,25429.81247,772211097.614016,732418.0,12424.34509,377293528.3129067,-0.005640213831849872,-0.0056561799008818525
2023-04-16 00:00:00+00:00,30295.1,30549.99,30120.0,30304.65,0,26431.99322,801322926.1525651,708233.0,13163.73591,399115587.0035981,0.0003155626868909245,0.0003155129074574603
2023-04-17 00:00:00+00:00,30304.66,30316.06,29240.65,29430.27,0,56441.81127,1675287761.4330354,1137294.0,26880.17771,797711012.8071816,-0.028852997807267244,-0.02927742957203172
2023-04-18 00:00:00+00:00,29430.27,30485.0,29096.78,30380.01,0,62004.89434,1861001491.9786973,1141562.0,32417.57068,972769560.7303039,0.03227085582293321,0.031761089816273014
2023-04-19 00:00:00+00:00,30380.01,30413.53,28520.0,28797.1,0,86575.48656,2541283888.303447,1699891.0,41467.78872,1217556267.2010958,-0.05210366948529643,-0.053510138704067955
2023-04-20 00:00:00+00:00,28797.1,29088.3,28010.0,28243.65,0,76879.09372,2198854031.424746,1434642.0,36919.58585,1055949765.7724996,-0.019218949130294316,-0.01940603406257324
2023-04-21 00:00:00+00:00,28243.65,28374.02,27125.0,27262.84,0,77684.7679,2164667611.9354606,1463628.0,38419.13612,1070540576.4757922,-0.03472674388756414,-0.03534405077145486
2023-04-22 00:00:00+00:00,27262.84,27882.72,27140.35,27816.85,0,36023.696860000004,989379475.3218232,859500.0,18612.89655,511200971.6362268,0.020321067064179577,0.02011734939753218
2023-04-23 00:00:00+00:00,27816.85,27816.85,27311.25,27590.6,0,34812.09581,959389698.7572551,873485.0,17610.47671,485328645.6943109,-0.0081335593354388,-0.00816681718841572
2023-04-24 00:00:00+00:00,27590.59,28000.0,26942.82,27510.93,0,53111.56874,1458406515.6404214,1211080.0,25641.28044,704079582.6514922,-0.002887577653258644,-0.002891754748672426
2023-04-25 00:00:00+00:00,27510.93,28399.99,27192.0,28300.79,0,52325.14637,1446329375.242731,1087067.0,26833.47192,742069216.9989536,0.02871077059190652,0.028306339200071307
2023-04-26 00:00:00+00:00,28300.8,30036.0,27235.0,28415.29,0,129228.40403,3719701461.9091635,2261942.0,64540.55521,1857698379.2654004,0.004045823455811615,0.004037661120266378
2023-04-27 00:00:00+00:00,28415.29,29890.0,28378.86,29472.77,0,95430.82431,2784859692.3646197,1990148.0,48601.97474,1418439305.6179047,0.03721517535101704,0.036539405650366064
2023-04-28 00:00:00+00:00,29472.77,29599.54,28891.0,29311.7,0,54298.16578,1590683771.6681979,1129240.0,26659.2164,780784851.5470374,-0.005465044513970008,-0.0054800325013619755
2023-04-29 00:00:00+00:00,29311.69,29448.88,29031.0,29230.45,0,20466.83058,599466910.0466621,619319.0,10024.59978,293627195.7058327,-0.002771930662499922,-0.0027757795765595006
2023-04-30 00:00:00+00:00,29230.45,29969.39,29079.59,29233.21,0,39752.5372,1172155267.8761897,949458.0,19894.27252,586711670.5560739,9.442208382015593e-05,9.441762633599637e-05
2023-05-01 00:00:00+00:00,29233.2,29337.34,27666.95,28068.26,0,64433.65958,1828221138.9544399,1362793.0,30761.9269,872712018.1808255,-0.039850225137779915,-0.040665991207925245
2023-05-02 00:00:00+00:00,28068.26,28879.88,27872.0,28669.86,0,50824.5224,1441733922.0116444,1174697.0,24789.36748,703206831.7801806,0.02143346256590184,0.021206996165195946
2023-05-03 00:00:00+00:00,28669.85,29266.66,28113.69,29026.16,0,64615.79213,1845961218.8432436,1502909.0,32291.20998,922549963.2507579,0.012427685381093623,0.012351095602062045
2023-05-04 00:00:00+00:00,29026.16,29379.83,28663.64,28838.16,0,42575.47501,1233816136.1606576,961542.0,20470.2124,593281438.9381377,-0.006476915995777599,-0.006497982228264476
2023-05-05 00:00:00+00:00,28838.16,29677.0,28800.0,29505.61,0,58415.830480000004,1709786814.901134,1288027.0,29071.98606,850975342.6424303,0.023144680520532646,0.022880904653343137
2023-05-06 00:00:00+00:00,29505.6,29820.0,28300.0,28848.2,0,49249.28459,1429517892.780502,1221021.0,23315.95073,676717267.0117224,-0.02228084760830229,-0.0225328154308162
2023-05-07 00:00:00+00:00,28848.19,29138.29,28395.23,28430.1,0,30003.41028,865838535.3263822,855425.0,14904.01102,430162358.62942517,-0.01449310528906489,-0.014599156258650936
2023-05-08 00:00:00+00:00,28430.09,28631.01,27262.0,27668.79,0,68244.36179,1903052694.6684127,1600637.0,32347.56935,901988104.11036,-0.02677830890499855,-0.027143379896367392
2023-05-09 00:00:00+00:00,27668.8,27818.0,27353.0,27628.27,0,40113.31069,1106923908.305847,1003698.0,20094.09737,554561922.8053713,-0.0014644659199046783,-0.0014655392981985926
2023-05-10 00:00:00+00:00,27628.28,28331.42,26777.0,27598.75,0,71155.11355000001,1971173412.435502,1534579.0,34398.83676,953153016.5096189,-0.0010684708090662465,-0.0010690420309256154
2023-05-11 00:00:00+00:00,27598.74,27630.14,26702.05,26968.62,0,47635.313650000004,1295799109.011004,1257000.0,23270.11723,632925807.4925774,-0.02283183115177323,-0.023096513964306453
2023-05-12 00:00:00+00:00,26968.61,27091.12,25811.46,26795.01,0,67207.93494,1777052127.731093,1351633.0,33147.27251,876487224.2550423,-0.0064374817843849685,-0.006458291727408749
2023-05-13 00:00:00+00:00,26795.01,27045.45,26692.03,26775.28,0,22814.90421,612062852.0866882,605049.0,10959.29947,294038915.0326263,-0.0007363311303112408,-0.0007366023552286549
2023-05-14 00:00:00+00:00,26775.27,27200.0,26560.53,26917.62,0,21594.8036,580801698.0002693,629537.0,10672.14983,287060095.3315276,0.005316097534741049,0.0053020169686401886
2023-05-15 00:00:00+00:00,26917.61,27663.59,26726.0,27162.14,0,40430.08333,1104633264.131574,935914.0,19301.24631,527237637.3310134,0.009084012628159499,0.009043001164108944
2023-05-16 00:00:00+00:00,27162.15,27296.89,26852.11,27033.84,0,33270.45451,900273404.6010331,815642.0,15970.999319999999,432214355.0561344,-0.0047234864410535815,-0.004734677357133066
2023-05-17 00:00:00+00:00,27033.85,27500.0,26544.71,27405.61,0,42958.97785,1159714527.6352634,1016823.0,21634.02212,584185553.7913067,0.013752023389943968,0.013658322391183475
2023-05-18 00:00:00+00:00,27405.62,27485.33,26361.2,26821.28,0,49198.65143,1330745572.694637,1057318.0,23659.89374,640128055.9068437,-0.021321546938747327,-0.021552134669640566
2023-05-19 00:00:00+00:00,26821.28,27183.6,26630.0,26880.26,0,28754.13544,772864757.1633048,756295.0,13622.24812,366169697.3870807,0.0021990001968585915,0.0021965859345858263
2023-05-20 00:00:00+00:00,26880.26,27150.0,26825.11,27102.43,0,14434.54718,389225653.7451669,481382.0,6769.94368,182562924.6341634,0.008265173030320483,0.008231203535192577
2023-05-21 00:00:00+00:00,27102.42,27277.55,26666.03,26747.78,0,21347.87279,575213570.2794422,568937.0,9855.43959,265526847.3320675,-0.013085542514084558,-0.013171912518513906
2023-05-22 00:00:00+00:00,26747.78,27099.89,26538.21,26849.27,0,26458.83828,709594996.7242744,717111.0,12639.67925,338982776.45968187,0.0037943335858154903,0.0037871532594397905
2023-05-23 00:00:00+00:00,26849.28,27495.83,26798.11,27219.61,0,38700.83858,1054565781.6023751,816399.0,18966.20117,516737777.2652495,0.013793298663241194,0.013699036917122598
2023-05-24 00:00:00+00:00,27219.61,27219.61,26080.5,26329.01,0,54393.0657,1442636235.4543552,1012767.0,26698.91191,707870181.8163438,-0.03271905806144915,-0.03326629631528988
2023-05-25 00:00:00+00:00,26329.0,26631.98,25871.89,26473.79,0,37435.44895,984117789.7017612,753125.0,17773.08882,467287939.9395918,0.005498877473934849,0.005483813844003649
2023-05-26 00:00:00+00:00,26473.8,26932.16,26327.24,26705.92,0,35061.18713,932817724.59401,655755.0,16507.37461,439209106.7446719,0.008768294981564617,0.008730076726596536
2023-05-27 00:00:00+00:00,26705.93,26895.0,26551.0,26854.27,0,15095.6867,403337263.0344908,415694.0,7152.30076,191116596.7726723,0.005554948116372804,0.005539576292267867
2023-05-28 00:00:00+00:00,26854.28,28261.32,26764.36,28065.0,0,43916.00855,1205762341.9704952,843861.0,23346.558660000002,640869473.6004443,0.04508519501740316,0.04409840842612667
2023-05-29 00:00:00+00:00,28065.01,28447.14,27524.6,27736.4,0,42385.41945,1182678581.634669,805579.0,20199.85331,563722083.6591941,-0.011708533760912077,-0.011777618425210079
2023-05-30 00:00:00+00:00,27736.39,28038.59,27554.0,27694.4,0,32686.75371,908653906.0072742,745633.0,15196.52438,422438614.8525725,-0.0015142556351941394,-0.001515403278954608
2023-05-31 00:00:00+00:00,27694.39,27835.51,26839.01,27210.35,0,46588.80573,1265952178.7798684,908537.0,21962.66824,596493723.439264,-0.017478262753480966,-0.0176328110595243
2023-06-01 00:00:00+00:00,27210.36,27350.0,26605.05,26817.93,0,39217.8088,1055132509.8658342,814389.0,18620.69161,500960557.9227829,-0.014421718206491185,-0.014526721963617817
2023-06-02 00:00:00+00:00,26817.93,27300.0,26505.0,27242.59,0,36380.90269,983857061.640842,811087.0,18134.67738,490485191.7880676,0.01583492834831035,0.015710863858149793
2023-06-03 00:00:00+00:00,27242.59,27333.29,26914.93,27069.22,0,16595.34117,450588672.4704081,466520.0,7745.7868,210327639.5610825,-0.006363932357385971,-0.00638426849937801
2023-06-04 00:00:00+00:00,27069.22,27455.02,26951.0,27115.21,0,19258.41049,523747237.4389696,504474.0,9511.72432,258699846.4758803,0.001698977658018963,0.0016975360281126228
2023-06-05 00:00:00+00:00,27115.2,27129.33,25388.0,25728.2,0,65805.60305,1722665798.09203,1420829.0,30583.35138,799867474.2125897,-0.05115247125137512,-0.05250715845555831
2023-06-06 00:00:00+00:00,25728.2,27355.33,25351.02,27230.08,0,68392.60438,1797636024.0812125,1345725.0,35083.7879,922716234.2100115,0.05837485716062529,0.05673457801927029
2023-06-07 00:00:00+00:00,27230.07,27391.77,26125.01,26339.34,0,59619.44364,1589291467.5372329,1311928.0,28095.50924,749083400.1203892,-0.0327116189155523,-0.03325860556385685
2023-06-08 00:00:00+00:00,26339.34,26810.0,26210.0,26498.61,0,31075.51083,823023638.2368749,848252.0,14614.60741,387105933.4399799,0.006046848554291717,0.006028639732694074
2023-06-09 00:00:00+00:00,26498.62,26783.33,26269.91,26477.81,0,27934.7097,741158215.0539023,746911.0,12757.07361,338454644.8956143,-0.000784946833060296,-0.0007852550651321621
2023-06-10 00:00:00+00:00,26477.8,26533.87,25358.0,25841.21,0,64944.60108,1673795235.4008923,1713871.0,31558.13098,813190388.2485608,-0.024042773930321393,-0.02433651927770164
2023-06-11 00:00:00+00:00,25841.22,26206.88,25634.7,25925.55,0,30014.29595,776111471.8669971,833902.0,14266.10759,368954010.8074442,0.003263779056785765,0.003258464490494717
2023-06-12 00:00:00+00:00,25925.54,26106.48,25602.11,25905.19,0,29900.50893,773303698.8633221,858037.0,14219.97114,367770742.66004,-0.0007853256729365432,-0.0007856342026855145
2023-06-13 00:00:00+00:00,25905.2,26433.21,25712.57,25934.25,0,41065.60853,1068985236.5126554,1007138.0,20120.32689,523776704.241491,0.0011217829323004747,0.0011211542039806233
2023-06-14 00:00:00+00:00,25934.24,26098.0,24820.56,25128.6,0,45077.31608,1152808416.919793,957418.0,20726.13761,530122336.3788532,-0.03106509731339835,-0.031557849238028624
2023-06-15 00:00:00+00:00,25128.6,25759.01,24800.0,25598.49,0,48664.86063,1224436974.8502874,943268.0,24035.81623,604884325.2462568,0.018699410233757652,0.0185267256736541
2023-06-16 00:00:00+00:00,25598.49,26518.0,25175.56,26345.0,0,51596.916619999996,1335158158.6396139,926194.0,24055.65943,622525707.6049981,0.029162266993092212,0.028745138290378947
2023-06-17 00:00:00+00:00,26345.01,26839.99,26181.0,26516.99,0,27842.2195,738491809.8811625,666967.0,13843.65158,367248705.0054073,0.006528373505409135,0.006507155969032397
2023-06-18 00:00:00+00:00,26516.99,26700.0,26255.85,26339.97,0,21538.31022,571013013.8553362,555956.0,10367.07533,274864183.4442869,-0.006675719981792838,-0.006698102267959527
2023-06-19 00:00:00+00:00,26339.98,27068.09,26256.61,26844.35,0,35872.65974,954193987.2948112,732735.0,17593.19977,468128198.054531,0.019148844892382,0.01896781314400897
2023-06-20 00:00:00+00:00,26844.35,28402.74,26652.0,28307.99,0,69666.95525,1912797983.5310054,1189024.0,35052.57462,962782935.6899298,0.05452320506922326,0.053088726450114976
2023-06-21 00:00:00+00:00,28308.0,30800.0,28257.99,29993.89,0,108926.40412,3210301129.366291,1872873.0,55846.96952,1646165465.2449384,0.0595556236949355,0.057849597296170785
2023-06-22 00:00:00+00:00,29993.89,30500.0,29525.61,29884.92,0,59054.5646,1775822103.7632556,1146092.0,27902.93312,839284260.1798254,-0.003633073269255882,-0.003639688908208427
2023-06-23 00:00:00+00:00,29884.92,31431.94,29800.0,30688.5,0,73931.89635000001,2265077496.195469,1338533.0,36289.3174,1112439184.9506557,0.026889146766998273,0.026533986237444296
2023-06-24 00:00:00+00:00,30688.51,30800.0,30250.0,30527.43,0,30513.30135,933244397.7040021,776343.0,14497.56447,443500647.9220822,-0.005248545872232224,-0.0052623678739376345
2023-06-25 00:00:00+00:00,30527.44,31046.01,30277.49,30462.66,0,30223.44801,926316644.4167665,789910.0,14627.97473,448414594.5587875,-0.002121698420076701,-0.002123952410926222
2023-06-26 00:00:00+00:00,30462.67,30666.0,29930.0,30267.99,0,45180.41489,1367837657.5451825,954783.0,22277.58284,674540668.5726604,-0.0063904465335593574,-0.006410952846691131
2023-06-27 00:00:00+00:00,30267.99,30994.97,30226.17,30692.44,0,42699.64157,1306206257.0193572,824373.0,21151.29517,647203906.7656411,0.014023065291087988,0.013925651745680057
2023-06-28 00:00:00+00:00,30692.44,30709.74,29858.8,30077.41,0,40463.51937,1224103637.6132562,895470.0,19176.75428,580226725.8333887,-0.020038485047132126,-0.020241978544882855
2023-06-29 00:00:00+00:00,30077.4,30843.98,30049.98,30447.31,0,36330.629030000004,1107940389.9242406,758428.0,17834.38857,543872730.2617269,0.012298266373334643,0.012223257058952441
2023-06-30 00:00:00+00:00,30447.31,31282.0,29500.0,30472.0,0,89419.07618,2726355505.5063505,1559366.0,44319.81254,1351735332.858577,0.0008109090753829484,0.0008105804662541516
2023-07-01 00:00:00+00:00,30471.99,30661.6,30320.57,30585.9,0,17501.75075,533859338.1325383,567975.0,8102.13876,247175148.950766,0.003737857705434555,0.0037308892745926414
2023-07-02 00:00:00+00:00,30585.9,30791.0,30155.0,30617.03,0,23286.41019,711031423.4334425,591533.0,10630.2474,324616031.9581684,0.00101778924275564,0.0010172716464573739
2023-07-03 00:00:00+00:00,30617.02,31380.0,30570.27,31156.2,0,43761.64311,1352635339.5043936,781855.0,20885.94331,645698735.3773494,0.017610133967925767,0.01745687224902781
2023-07-04 00:00:00+00:00,31156.2,31350.69,30620.0,30766.51,0,33206.11943,1028794008.5245212,779472.0,14107.36566,437126154.0841225,-0.012507622880839175,-0.012586501609655798
2023-07-05 00:00:00+00:00,30766.52,30878.07,30200.0,30504.81,0,33215.67122,1013694790.3170501,827926.0,15619.11716,476478254.9434133,-0.008506002143239377,-0.008542384639438794
2023-07-06 00:00:00+00:00,30504.8,31500.0,29850.45,29895.43,0,71319.6261,2181763648.9952693,1397042.0,33952.63237,1039137135.293551,-0.019976521735424746,-0.020178750191661265
2023-07-07 00:00:00+00:00,29895.42,30449.0,29701.02,30344.7,0,34070.53895,1027461795.2332091,912948.0,14875.86309,448638761.3838917,0.015028049437656454,0.014916247025860585
2023-07-08 00:00:00+00:00,30344.7,30386.81,30044.47,30284.63,0,13094.59042,395759717.5724278,480214.0,5990.91468,181083431.1999306,-0.001979587868721766,-0.001981549842481556
2023-07-09 00:00:00+00:00,30284.63,30445.52,30061.12,30160.71,0,15388.50196,465781514.2589476,473168.0,7017.35093,212433521.8897289,-0.004091844608965056,-0.004100239112277748
2023-07-10 00:00:00+00:00,30160.71,31045.78,29950.0,30411.57,0,41262.87652,1254289037.7420728,896853.0,19574.2347,595390893.1450084,0.008317443455409412,0.008283044133909456
2023-07-11 00:00:00+00:00,30411.57,30813.63,30300.0,30622.1,0,28476.83311,868966244.2412692,691213.0,13670.16079,417204801.1629621,0.006922694224599457,0.006898842392956794
2023-07-12 00:00:00+00:00,30622.1,30983.25,30210.0,30380.0,0,38108.99669,1166497472.433173,784195.0,18251.27965,558742524.9312288,-0.007906054777431892,-0.007937473335964285
2023-07-13 00:00:00+00:00,30380.0,31804.2,30251.0,31454.23,0,70772.51836,2194927210.224416,1301632.0,36084.841779999995,1119542855.1513171,0.03535977616853181,0.03474897613970285
2023-07-14 00:00:00+00:00,31454.23,31630.0,29900.0,30312.01,0,60749.48424,1869443273.7476244,1274387.0,28513.77996,877642037.8224415,-0.036313716787853334,-0.036989469688736065
2023-07-15 00:00:00+00:00,30312.0,30390.9,30200.0,30289.52,0,14118.55329,427921094.3021783,488354.0,6430.5498099999995,194912673.9119217,-0.0007419501379155591,-0.0007422255191400495
2023-07-16 00:00:00+00:00,30289.52,30441.46,30064.29,30231.99,0,15760.1281,477189328.0072937,494225.0,7322.44372,221713710.223243,-0.0018993368003190625,-0.0019011428276591857
2023-07-17 00:00:00+00:00,30232.0,30336.96,29659.2,30138.0,0,30882.76839,929647644.243343,816466.0,14352.218930000001,432105955.4547703,-0.0031089584245033164,-0.003113801275832273
2023-07-18 00:00:00+00:00,30138.01,30239.78,29512.0,29859.13,0,30003.8601,897157095.4774112,754775.0,13771.19621,411748868.0629127,-0.009253102395646695,-0.009296178277228506
2023-07-19 00:00:00+00:00,29859.14,30189.09,29761.96,29909.21,0,25657.36137,769254865.2851151,617415.0,12260.98321,367624217.9174355,0.0016772089474810237,0.0016758040032573973
2023-07-20 00:00:00+00:00,29909.21,30417.46,29570.96,29800.0,0,37540.68193,1125950643.7116494,749723.0,18061.33493,541742405.5204978,-0.003651383637347849,-0.0036580662106331374
2023-07-21 00:00:00+00:00,29800.0,30061.7,29726.34,29901.72,0,23881.40865,713123417.7612139,555611.0,11566.3884,345404092.6459083,0.003413422818792089,0.003407610314390297
2023-07-22 00:00:00+00:00,29901.72,29999.0,29625.1,29794.0,0,14660.40467,437785700.3396102,423988.0,6725.50525,200848375.4485695,-0.0036024683529910506,-0.003608972868347493
2023-07-23 00:00:00+00:00,29793.99,30350.0,29730.0,30083.75,0,18292.78637,548940321.0915866,519434.0,8889.35695,266761143.4116981,0.009725112438746075,0.009678127907076117
2023-07-24 00:00:00+00:00,30083.75,30099.58,28861.9,29176.5,0,39628.99691,1162562413.8190155,869107.0,18047.66786,529388757.4915814,-0.03015747704325422,-0.030621568131758536
2023-07-25 00:00:00+00:00,29176.5,29376.0,29047.65,29228.91,0,21565.7478,629531351.1145664,533797.0,10257.29455,299466722.1976085,0.001796308673075897,0.001794697240116605
2023-07-26 00:00:00+00:00,29228.91,29690.0,29096.94,29351.96,0,33931.63366,995569172.1396836,750401.0,15987.94266,469155943.83416,0.0042098730332400525,0.004201036310069739
2023-07-27 00:00:00+00:00,29351.95,29567.49,29083.85,29222.78,0,22476.47626,659594157.3443576,583045.0,10384.95749,304728875.7312362,-0.004401068957575638,-0.004410782171051508
2023-07-28 00:00:00+00:00,29222.78,29542.22,29123.12,29314.14,0,23993.61627,702705076.8378661,543177.0,11422.36141,334588917.0883291,0.003126328159059444,0.0031214513568595947
2023-07-29 00:00:00+00:00,29314.14,29406.92,29256.18,29352.9,0,10851.36844,318276733.8766431,339750.0,5443.09222,159659088.1646764,0.0013222287947045608,0.0013213554199946742
2023-07-30 00:00:00+00:00,29352.9,29449.0,29033.24,29281.09,0,15706.97441,459830379.65098244,454846.0,7720.41654,226012721.3705351,-0.0024464362976061027,-0.002449433712540028
2023-07-31 00:00:00+00:00,29281.09,29530.0,29101.8,29232.25,0,22605.48964,663025204.2072346,563115.0,11029.2258,323482162.2920864,-0.0016679706937139382,-0.0016693633056039658
2023-08-01 00:00:00+00:00,29232.26,29739.25,28585.7,29705.99,0,44719.65162,1299160215.0779243,900141.0,21831.75056,634595648.9435309,0.01620607377126304,0.01607615710438992
2023-08-02 00:00:00+00:00,29705.99,30047.5,28927.5,29186.01,0,48181.65141,1419729744.649752,945158.0,22953.8144,676256840.2750593,-0.01750421379661149,-0.01765922409943066
2023-08-03 00:00:00+00:00,29186.0,29433.33,28968.0,29193.64,0,26476.91994,773302705.4947629,651970.0,12901.09228,376856740.4883937,0.00026142662186434684,0.00026139245587941673
2023-08-04 00:00:00+00:00,29193.65,29333.08,28807.54,29113.99,0,23551.95217,686643453.3930904,544850.0,10539.62903,307284659.321428,-0.002728333979592712,-0.0027320626663573933
2023-08-05 00:00:00+00:00,29114.0,29152.23,28978.64,29072.13,0,11645.52018,338478560.1218247,331924.0,5491.4962,159611625.1658778,-0.0014377967430778682,-0.0014388313646502837
2023-08-06 00:00:00+00:00,29072.13,29205.09,28991.88,29088.42,0,13178.1972,383209498.8777505,338654.0,6471.2448699999995,188192943.696217,0.0005603304608226001,0.0005601735343265801
2023-08-07 00:00:00+00:00,29088.43,29276.78,28701.03,29211.06,0,30966.87746,899492595.6812717,671438.0,15375.49318,446702609.5645752,0.004216110740975276,0.0042072478486439024
2023-08-08 00:00:00+00:00,29211.06,30244.0,29146.45,29770.42,0,45700.53392,1352934531.6659672,877168.0,24189.621329999998,716161501.5730364,0.019148911405474367,0.018967878407380567
2023-08-09 00:00:00+00:00,29770.41,30160.0,29376.67,29581.99,0,38003.88725,1130396850.0974114,750252.0,18700.85778,556446376.2517849,-0.006329437072100319,-0.006349552885030363
2023-08-10 00:00:00+00:00,29581.99,29738.0,29320.2,29455.75,0,23463.45373,692863472.0877249,513691.0,11204.06553,330886650.2003818,-0.0042674613844437825,-0.004276592986208527
2023-08-11 00:00:00+00:00,29455.76,29564.52,29252.45,29426.03,0,20637.0443,607176051.3015367,437828.0,9803.94004,288451712.1002085,-0.0010089710837443144,-0.00100948043771254
2023-08-12 00:00:00+00:00,29426.02,29481.35,29381.56,29430.17,0,8971.48068,263949405.5434029,310852.0,4181.99127,123039182.1587899,0.0001406917616817438,0.0001406818655240727
2023-08-13 00:00:00+00:00,29430.18,29474.65,29272.32,29303.84,0,11101.70947,326264625.2296824,341726.0,5257.0700799999995,154501729.2473491,-0.004292533818187172,-0.004301773191171421
2023-08-14 00:00:00+00:00,29303.85,29695.32,29102.45,29430.93,0,31443.11532,924613476.6817989,671592.0,15036.11048,442247506.1673844,0.004336974266853755,0.004327596697699221
2023-08-15 00:00:00+00:00,29430.92,29499.26,29059.6,29200.0,0,27503.87691,806683957.3100156,591162.0,12751.639509999999,374046205.2590536,-0.007846507059070196,-0.007877452879609947
2023-08-16 00:00:00+00:00,29200.01,29259.85,28723.08,28730.51,0,32996.69854,959870747.0063142,768028.0,14761.86053,429510396.4298237,-0.016078424657534285,-0.016209084961303688
2023-08-17 00:00:00+00:00,28730.51,28783.48,25166.0,26623.41,0,100271.54033,2755821274.340605,1976577.0,47495.99471,1302553963.310623,-0.07334015302895769,-0.07616872037641187
2023-08-18 00:00:00+00:00,26623.41,26832.6,25619.0,26054.0,0,69790.65711,1834219523.699404,1293122.0,33522.24573,881095856.1944035,-0.0213875683092436,-0.02161959666114832
2023-08-19 00:00:00+00:00,26054.0,26281.0,25801.09,26100.01,0,26160.75343,680623880.8247554,615764.0,12952.29598,337010159.8115182,0.001765947647194288,0.001764390194963994
2023-08-20 00:00:00+00:00,26100.01,26299.0,25971.05,26189.99,0,19056.91209,497880752.2301158,451543.0,9909.1293,258890029.0825063,0.003447508257659715,0.003441579224087832
2023-08-21 00:00:00+00:00,26190.0,26258.42,25812.0,26126.92,0,30267.24233,788205156.3215923,565987.0,14052.07264,365942107.3406446,-0.0024081719771562593,-0.002411076286948699
2023-08-22 00:00:00+00:00,26126.92,26139.42,25300.0,26056.0,0,34247.06688,886782344.1602929,603624.0,16436.92888,425661908.6149738,-0.0027144416563451568,-0.002718132433543019
2023-08-23 00:00:00+00:00,26055.99,26819.27,25812.82,26432.72,0,44023.69978,1156326251.922411,673711.0,21955.66524,576734438.2954001,0.014458090267116974,0.014354568703083714
2023-08-24 00:00:00+00:00,26432.71,26577.87,25864.0,26180.05,0,30205.22116,792966965.8982658,575619.0,13987.93493,367233375.4168434,-0.009558985984038038,-0.009604966342235954
2023-08-25 00:00:00+00:00,26180.05,26314.05,25777.15,26060.01,0,27753.33772,722611079.1898074,611438.0,13258.65894,345214226.918254,-0.0045851707693453925,-0.004595714908301574
2023-08-26 00:00:00+00:00,26060.0,26125.77,25985.92,26017.37,0,10022.22322,261041530.4758038,329412.0,4681.90628,121952627.5976749,-0.0016362234703670708,-0.0016375635459642268
2023-08-27 00:00:00+00:00,26017.38,26182.23,25966.11,26101.77,0,12099.64216,315548363.0193776,349090.0,6170.48664,160918200.3936097,0.003243986613558514,0.0032387362406804954
2023-08-28 00:00:00+00:00,26101.78,26253.99,25864.5,26120.0,0,22692.62655,591008939.1765699,523057.0,10912.40549,284226173.7934395,0.0006984200688304742,0.0006981762870346131
2023-08-29 00:00:00+00:00,26120.0,28142.85,25922.0,27716.34,0,74251.99488,2023326050.7584789,1137083.0,37945.55071,1034244032.3814664,0.061115620214395205,0.05932082656409854
2023-08-30 00:00:00+00:00,27716.34,27768.57,27017.24,27299.99,0,35448.25848,969086451.1625257,690292.0,16715.57712,456926409.729732,-0.015021824670934159,-0.015135795081848258
2023-08-31 00:00:00+00:00,27299.99,27587.51,25655.01,25940.78,0,51032.80401,1360373186.0116708,944690.0,24598.11397,655707233.8849008,-0.04978793032524931,-0.051070088063355
2023-09-01 00:00:00+00:00,25940.77,26156.0,25333.75,25805.05,0,41032.15056,1059444591.7097495,881179.0,19960.9903,515429946.1831724,-0.005232302189833948,-0.005246038619320714
2023-09-02 00:00:00+00:00,25805.04,25987.5,25752.47,25869.51,0,16250.77698,419812969.9468598,567728.0,7634.91416,197234437.02204838,0.002497960670488908,0.002494845952616842
2023-09-03 00:00:00+00:00,25869.52,26135.0,25800.0,25971.21,0,17474.47667,453100690.1021077,496412.0,8583.16498,222581536.0268467,0.003931268895313478,0.0039235616506463344
2023-09-04 00:00:00+00:00,25971.21,26108.02,25631.21,25826.02,0,21777.59609,563532890.5699993,596830.0,10177.3686,263365883.4295556,-0.005590421085501895,-0.005606105973525288
2023-09-05 00:00:00+00:00,25826.03,25915.49,25562.62,25792.1,0,21323.39337,548893707.6002005,566736.0,9926.658379999999,255537038.4660957,-0.0013134040785224288,-0.001314267349624032
2023-09-06 00:00:00+00:00,25792.11,26040.0,25372.51,25759.95,0,27262.523859999998,700763180.8011677,636302.0,12736.70564,327416444.7840959,-0.0012465057129895651,-0.0012472832474372808
2023-09-07 00:00:00+00:00,25759.95,26443.14,25615.38,26255.0,0,27687.49567,718923008.9071183,631929.0,13506.19156,350741324.2920373,0.01921781680476853,0.019035486849341865
2023-09-08 00:00:00+00:00,26255.0,26445.5,25647.26,25910.5,0,28999.76471,754184537.1096923,646852.0,14238.899449999999,370236844.4314076,-0.01312131022662355,-0.01320815513349416
2023-09-09 00:00:00+00:00,25910.5,25945.09,25796.64,25901.61,0,10980.62277,284109473.8075783,359038.0,5212.44349,134863388.7628859,-0.0003431041469674767,-0.0003431630206609526
2023-09-10 00:00:00+00:00,25901.6,26033.66,25570.57,25841.61,0,18738.26914,483577459.2055345,489773.0,8747.51072,225752901.0403501,-0.002316458320544501,-0.0023191454606887874
2023-09-11 00:00:00+00:00,25841.6,25900.69,24901.0,25162.52,0,41682.32,1057371884.6697066,864138.0,19664.902430000002,498821645.3852222,-0.026278935406888304,-0.026630397675802442
2023-09-12 00:00:00+00:00,25162.53,26567.0,25131.48,25840.1,0,56434.38537,1464393036.9616623,1047056.0,27720.5183,719147319.9787064,0.026928145511657675,0.026571963076776228
2023-09-13 00:00:00+00:00,25840.1,26405.22,25764.17,26222.0,0,31610.82753,825437881.4687591,714880.0,15287.00038,399099781.6207648,0.01477935456906132,0.014671204201256671
2023-09-14 00:00:00+00:00,26222.0,26860.49,26126.77,26522.73,0,38333.1725,1015267319.7730225,799278.0,19440.45467,514863794.3783894,0.011468614140797806,0.011403348118843581
2023-09-15 00:00:00+00:00,26522.73,26888.0,26224.0,26600.0,0,26227.29369,695203258.0004445,654094.0,12600.39115,334045930.7667212,0.0029133501717206745,0.0029091145916009253
2023-09-16 00:00:00+00:00,26599.99,26777.0,26445.0,26559.67,0,13960.93351,370889866.4592735,526416.0,6508.91352,172926781.3888423,-0.001516165413533943,-0.0015173159554038307
2023-09-17 00:00:00+00:00,26559.67,26623.25,26399.0,26527.51,0,12998.10277,344703727.5601071,476775.0,6359.89459,168675580.016463,-0.0012108584180451354,-0.0012115920994144602
2023-09-18 00:00:00+00:00,26527.5,27409.0,26377.35,26762.51,0,43000.43256,1158780347.625305,938705.0,21551.71605,580912488.7594309,0.00885872816559119,0.008819719840065687
2023-09-19 00:00:00+00:00,26762.5,27483.57,26667.79,27210.26,0,36190.521870000004,981539255.55962,898076.0,17851.15558,484061308.124933,0.016730493514995448,0.016592080487148664
2023-09-20 00:00:00+00:00,27210.25,27388.63,26800.0,27125.0,0,34207.21867,927206075.9626273,867288.0,16983.43086,460402346.1707834,-0.0031333768953327734,-0.0031382961994257386
2023-09-21 00:00:00+00:00,27125.01,27159.6,26377.7,26568.08,0,34476.82662,920768143.3513128,823416.0,16878.78202,450738363.8506985,-0.020531612903225693,-0.02074531664949042
2023-09-22 00:00:00+00:00,26568.08,26743.38,26468.77,26580.14,0,18198.2292,484331618.9485319,567149.0,8484.09679,225805692.7235693,0.00045392817245337724,0.00045382517822822876
2023-09-23 00:00:00+00:00,26580.14,26632.81,26509.0,26575.96,0,9440.7026,250873957.38867378,421717.0,4387.1973,116581214.130133,-0.00015726027026197187,-0.00015727263695453075
2023-09-24 00:00:00+00:00,26575.97,26738.54,26122.08,26248.38,0,15706.65771,416368301.3736848,545045.0,7547.06342,200078452.0167577,-0.012326177492741452,-0.012402774904893832
2023-09-25 00:00:00+00:00,26248.39,26446.15,25990.46,26304.81,0,26266.2039,688252596.3809944,873488.0,12654.58207,331622453.1518055,0.0021498469619840588,0.0021475393477565774
2023-09-26 00:00:00+00:00,26304.8,26397.46,26088.34,26221.67,0,18495.35066,485217905.0421048,697727.0,8813.76144,231246870.5474588,-0.0031606386816709353,-0.003165644049664351
2023-09-27 00:00:00+00:00,26221.68,26850.0,26112.06,26372.99,0,34771.57978,918797815.048481,939690.0,16813.75506,444221386.426141,0.005770799495226742,0.005754212215801857
2023-09-28 00:00:00+00:00,26373.0,27308.48,26342.4,27021.39,0,44517.83491,1193420040.1309185,1158974.0,22463.19242,602340703.6015062,0.024585759900564774,0.02428839422275786
2023-09-29 00:00:00+00:00,27021.39,27244.89,26665.16,26906.96,0,28478.76219,767827314.9319088,878610.0,14409.35554,388591243.2591525,-0.004234793250828317,-0.004243785383295062
2023-09-30 00:00:00+00:00,26906.96,27094.99,26886.31,26962.56,0,12804.62307,345406056.6806953,534908.0,6221.24272,167818583.0599575,0.002066379851161315,0.0020642478248635854
2023-10-01 00:00:00+00:00,26962.57,28065.51,26954.09,27992.57,0,24602.81468,674657121.9944204,883593.0,12815.98694,351622961.4701274,0.03820149125305594,0.037489880793176056
2023-10-02 00:00:00+00:00,27992.58,28580.0,27281.44,27494.51,0,57071.14241,1600944483.4902065,1464158.0,28423.61,797598852.4797782,-0.017792578530660186,-0.017952769440013228
2023-10-03 00:00:00+00:00,27494.51,27676.52,27160.5,27426.46,0,28928.96555,794301815.426502,1202377.0,13562.03527,372402100.79675114,-0.0024750395624435484,-0.0024781075361435256
2023-10-04 00:00:00+00:00,27426.45,27839.72,27202.0,27778.57,0,29816.142,820421385.2557853,1188381.0,15077.70185,414806576.3484014,0.012838332034101452,0.012756619276586889
2023-10-05 00:00:00+00:00,27778.57,28120.39,27352.0,27410.39,0,30681.49619,849415594.0472504,1210397.0,14985.994050000001,415039706.5866476,-0.013254101993011136,-0.013342721522066725
2023-10-06 00:00:00+00:00,27410.39,28295.0,27175.94,27931.09,0,37983.24277,1052864393.8176135,1326700.0,19091.24006,529241188.557369,0.01899644623808716,0.018818266735083355
2023-10-07 00:00:00+00:00,27931.1,28029.67,27842.08,27956.67,0,13348.83825,372820279.523143,641623.0,6392.35089,178534947.7787839,0.0009158253401495564,0.0009154062279908004
2023-10-08 00:00:00+00:00,27956.67,28095.14,27687.5,27917.05,0,19693.56921,549839951.4800811,822730.0,9216.08271,257333249.5330772,-0.0014171931063320375,-0.0014181982742726973
2023-10-09 00:00:00+00:00,27917.06,27987.93,27260.0,27590.12,0,31534.74639,870014634.3621609,1156525.0,15077.43003,415887241.10445,-0.01171076456860598,-0.011779875664382544
2023-10-10 00:00:00+00:00,27590.12,27735.0,27298.0,27390.12,0,22776.84383,626258724.2775784,1002272.0,10851.22317,298354384.6981499,-0.007248971733359588,-0.007275373195295032
2023-10-11 00:00:00+00:00,27390.12,27477.39,26538.66,26875.52,0,37349.44706,1007065585.9346406,1336479.0,17460.0774,470620209.7857446,-0.018787796475517426,-0.01896652932854792
2023-10-12 00:00:00+00:00,26875.52,26947.04,26555.0,26759.63,0,23428.64112,626909068.3868717,1066082.0,11128.85943,297794983.5412317,-0.004312102612340163,-0.004321426540286666
2023-10-13 00:00:00+00:00,26759.63,27130.0,26685.0,26862.0,0,24115.76499,647553796.3580662,1035322.0,11209.65389,301049285.742293,0.0038255386939205493,0.0038182399293198444
2023-10-14 00:00:00+00:00,26862.0,26989.58,26789.0,26852.48,0,10417.25576,280059019.0534013,517837.0,4378.85219,117730324.81867291,-0.00035440399076769324,-0.0003544668067032575
2023-10-15 00:00:00+00:00,26852.48,27293.33,26808.25,27154.15,0,15274.6917,412673965.3439348,682942.0,7802.69243,210833694.1344327,0.011234344090378379,0.011171707530674979
2023-10-16 00:00:00+00:00,27154.14,30000.0,27112.66,28500.78,0,78399.22445,2210785548.236096,2289339.0,40738.04173,1148700588.6793344,0.04959205130707445,0.04840156611029478
2023-10-17 00:00:00+00:00,28500.77,28613.65,28069.32,28395.91,0,38428.44532,1090741746.4830873,1345810.0,18994.06799,539218488.3415859,-0.003679548419376566,-0.003686334609520614
2023-10-18 00:00:00+00:00,28395.91,28982.36,28142.87,28320.0,0,32162.475909999997,914773525.1527581,1215235.0,15590.14442,443515753.8170772,-0.00267327231280845,-0.0026768518861093327
2023-10-19 00:00:00+00:00,28320.0,28916.89,28100.66,28713.71,0,35895.50179,1023984017.0322788,1330256.0,18427.23743,525695852.5632501,0.013902189265536657,0.013806440226000305
2023-10-20 00:00:00+00:00,28713.71,30207.55,28578.29,29669.04,0,59422.0992,1753411192.551091,1915748.0,29466.75927,869634841.3281221,0.0332708660775638,0.032729368812681514
2023-10-21 00:00:00+00:00,29669.05,30379.99,29464.77,29909.8,0,27517.51897,821964508.4353629,1152137.0,13836.12444,413323530.3421796,0.00811485642946308,0.008082108028451884
2023-10-22 00:00:00+00:00,29909.8,30248.0,29640.0,29992.46,0,22852.54563,683854827.8969324,1008299.0,11161.46844,334011129.2314961,0.002763642685674972,0.0027598308466529886
2023-10-23 00:00:00+00:00,29992.46,34741.91,29883.6,33069.99,0,93513.64246,2941620022.8651876,2839938.0,47839.23087,1505815243.5676994,0.10261012267749958,0.09768020786547815
2023-10-24 00:00:00+00:00,33069.99,35280.0,32832.34,33922.73,0,115265.02418000001,3933194868.1611967,2850160.0,57409.31981,1959449469.4657931,0.02578591647593509,0.025459066570862277
2023-10-25 00:00:00+00:00,33922.73,35132.85,33679.05,34496.05,0,54887.02529,1888210825.6063828,1643976.0,26150.50377,900236395.3726264,0.0169007624091575,0.016759533553248218
2023-10-26 00:00:00+00:00,34496.05,34824.13,33751.0,34151.66,0,39744.66255,1363077907.10912,1382785.0,18528.43061,635547858.4928182,-0.009983461874620403,-0.01003363081587949
2023-10-27 00:00:00+00:00,34151.66,34245.0,33390.95,33892.02,0,32330.40106,1096889423.419842,1112240.0,14310.32429,485405697.9244014,-0.007602558704320916,-0.007631605467210534
2023-10-28 00:00:00+00:00,33892.01,34493.33,33860.0,34081.0,0,16880.13144,575936523.347353,607438.0,8313.30759,283656619.5863619,0.005575943835746777,0.005560455807826159
2023-10-29 00:00:00+00:00,34081.01,34750.11,33930.0,34525.89,0,20685.52176,711652985.1790965,717480.0,10053.96096,345933681.7968467,0.013053901000557477,0.01296943313090182
2023-10-30 00:00:00+00:00,34525.88,34856.0,34062.84,34474.73,0,33657.95976,1159771907.6421053,1117727.0,15237.56781,525162190.5371194,-0.0014817865665446295,-0.0014828854979818118
2023-10-31 00:00:00+00:00,34474.74,34720.49,34025.0,34639.77,0,32737.89822,1125442444.4884882,1179053.0,15843.795,544722903.4968481,0.004787274621149917,0.004775852062776309
2023-11-01 00:00:00+00:00,34639.78,35582.0,34097.39,35421.43,0,53473.28165,1856348820.4794536,1624635.0,25779.0029,895387891.4676665,0.022565392322177802,0.022314560261213146
2023-11-02 00:00:00+00:00,35421.43,35984.99,34300.0,34941.59,0,48015.57732,1686141698.092171,1450837.0,23303.3535,818365718.954931,-0.013546601591183705,-0.01363919395731017
2023-11-03 00:00:00+00:00,34941.58,34946.5,34120.0,34716.78,0,39071.20644,1347962831.5658622,1237373.0,19168.85669,661176167.7749345,-0.006433880083877019,-0.00645466669736372
2023-11-04 00:00:00+00:00,34716.78,35255.0,34585.18,35062.07,0,18377.55545,639958598.4198353,794787.0,9229.16649,321479754.9172934,0.009945910882288134,0.009896775837230365
2023-11-05 00:00:00+00:00,35062.06,35380.0,34448.0,35011.88,0,24528.73376,859350974.0014893,1038468.0,11870.33193,415912075.9000027,-0.0014314614054447006,-0.0014324869251005623
2023-11-06 00:00:00+00:00,35011.89,35276.33,34725.9,35046.09,0,22346.47086,782427702.2653204,988246.0,10770.27727,377126281.1530906,0.00097709691681791,0.0009766198683500704
2023-11-07 00:00:00+00:00,35046.09,35888.0,34523.06,35399.12,0,38688.736919999996,1358031361.1978526,1352796.0,19375.26868,680382009.6599416,0.010073306323187703,0.010022908737337133
2023-11-08 00:00:00+00:00,35399.13,36106.0,35100.0,35624.72,0,33401.34137,1185492160.4927278,1132568.0,17192.8245,610314635.3798897,0.006373039781779832,0.006352817835121982
2023-11-09 00:00:00+00:00,35624.72,37972.24,35534.05,36701.09,0,82537.88885,3033417922.7826815,2138765.0,42156.81236,1550254981.0451877,0.030214132209319677,0.0297666759831543
2023-11-10 00:00:00+00:00,36701.1,37526.0,36324.71,37301.63,0,43414.04898,1605069174.5241032,1297729.0,21388.56879,790671818.768367,0.016363001752808914,0.016230570534908395
2023-11-11 00:00:00+00:00,37301.63,37408.26,36666.93,37130.0,0,22984.97235,851924612.7339427,923300.0,10728.65792,397673179.6679197,-0.004601139414014854,-0.004611757237880099
2023-11-12 00:00:00+00:00,37129.99,37222.22,36731.1,37064.13,0,17687.18874,655570813.1382711,810885.0,8506.46051,315285367.544748,-0.0017740371667116506,-0.0017756126342121092
2023-11-13 00:00:00+00:00,37064.13,37417.99,36333.0,36462.93,0,32798.18252,1208037462.3041444,1217191.0,15442.44512,568916594.9113173,-0.016220534516795504,-0.01635352749252128
2023-11-14 00:00:00+00:00,36462.93,36744.0,34800.0,35551.19,0,45503.68416,1639130785.08681,1404428.0,21205.18615,763841642.880878,-0.025004573137704433,-0.025322498392936765
2023-11-15 00:00:00+00:00,35551.2,37980.0,35360.0,37858.2,0,53569.13385,1963249656.5094738,1545427.0,28142.1424,1031669501.9934208,0.06489262384747163,0.06287397140001083
2023-11-16 00:00:00+00:00,37858.2,37929.54,35500.0,36163.51,0,47490.39566,1744503339.0151725,1542446.0,22214.04928,815932555.1331269,-0.044764146208747246,-0.045797001672132964
2023-11-17 00:00:00+00:00,36163.51,36800.0,35861.1,36613.92,0,38283.61112,1391225051.1923273,1349322.0,18403.36411,668865883.1417465,0.012454819789339933,0.012377896572665747
2023-11-18 00:00:00+00:00,36613.91,36845.49,36178.58,36568.1,0,17102.24186,624434069.5256634,784498.0,8101.54756,295795105.4300323,-0.0012514366120863762,-0.0012522203127858234
2023-11-19 00:00:00+00:00,36568.11,37500.0,36384.02,37359.86,0,21246.34648,781531839.4371592,862400.0,10575.25293,389089868.806342,0.021651658139197894,0.021420590373205428
2023-11-20 00:00:00+00:00,37359.85,37750.0,36677.0,37448.78,0,36022.70291,1343722642.386475,1485050.0,17591.22652,656245983.7397183,0.0023800945720888755,0.0023772666332870784
2023-11-21 00:00:00+00:00,37448.79,37649.44,35735.0,35741.65,0,47646.54804,1756747495.9818544,1936895.0,22371.42068,824920009.55786,-0.04558573069670091,-0.046657457238005406
2023-11-22 00:00:00+00:00,35741.65,37861.1,35632.01,37408.34,0,45051.30697,1657141022.4273481,1648374.0,23046.71174,847145468.3259536,0.046631590875071405,0.045576998787717926
2023-11-23 00:00:00+00:00,37408.35,37653.44,36870.0,37294.28,0,23827.92882,888826648.8541473,992284.0,11086.35132,413539343.94482046,-0.003049052697874255,-0.00305371052944281
2023-11-24 00:00:00+00:00,37294.27,38414.0,37251.51,37713.57,0,44680.80646,1688715728.079148,1379414.0,22349.17236,844803081.6321824,0.011242742854936427,0.011180012954367768
2023-11-25 00:00:00+00:00,37713.57,37888.0,37591.1,37780.67,0,11396.14464,430165251.7609749,569448.0,5153.91116,194536221.2850941,0.001779200431038408,0.0017776195288341512
2023-11-26 00:00:00+00:00,37780.67,37814.63,37150.0,37447.43,0,21264.53723,797321193.5893991,848020.0,10204.51641,382571274.0460782,-0.008820383545342092,-0.008859513391714202
2023-11-27 00:00:00+00:00,37447.42,37569.23,36707.0,37242.7,0,30001.07376,1112557435.2767923,1238017.0,14458.63822,536129095.56684417,-0.005467130855174918,-0.0054821303093675056
2023-11-28 00:00:00+00:00,37242.7,38377.0,36868.41,37818.87,0,37544.46667,1414360251.6823456,1272779.0,18168.56198,684514270.9388716,0.0154706828452289,0.015352231946753392
2023-11-29 00:00:00+00:00,37818.88,38450.0,37570.0,37854.64,0,32994.19107,1252586505.66259,1131353.0,15588.96473,591917955.4743968,0.0009458241348827556,0.0009453771250758081
2023-11-30 00:00:00+00:00,37854.65,38145.85,37500.0,37723.96,0,24740.29147,934491058.9608141,1007791.0,11484.45424,433772722.5045634,-0.0034521527611939273,-0.0034581251896561582
2023-12-01 00:00:00+00:00,37723.97,38999.0,37615.86,38682.52,0,43415.66324,1669750777.6239815,1523417.0,22408.27301,861977420.1631951,0.025409845625962824,0.02509238206309128
2023-12-02 00:00:00+00:00,38682.51,39717.14,38641.61,39450.35,0,26696.92161,1043421976.7660651,1034690.0,13166.65386,514763687.5746009,0.019849534104810163,0.01965510083116584
2023-12-03 00:00:00+00:00,39450.35,40250.0,39274.86,39972.26,0,26710.65335,1059860641.0494443,1151524.0,13333.29632,529259227.1675092,0.013229540422328379,0.01314279428918752
2023-12-04 00:00:00+00:00,39972.26,42420.0,39972.26,41991.1,0,79272.33059,3285736844.140881,2112219.0,38595.61905,1599710862.0871768,0.05050602592898157,0.04927197753490198
2023-12-05 00:00:00+00:00,41991.1,44488.0,41414.0,44073.32,0,67490.74644,2890205389.4901266,2072700.0,34815.80813,1491813847.2389681,0.04958717442505667,0.048396919644705605
2023-12-06 00:00:00+00:00,44073.82,44297.21,43335.28,43762.69,0,51431.10492,2256979505.594805,1876282.0,25092.62492,1101273363.0864296,-0.007048028149456376,-0.007072982823142837
2023-12-07 00:00:00+00:00,43762.69,44047.33,42821.1,43273.14,0,47103.26845,2046945851.8836446,1414759.0,22635.67672,983629776.4938614,-0.011186469570312108,-0.011249508685349241
2023-12-08 00:00:00+00:00,43273.15,44700.0,43081.1,44170.99,0,42900.37556,1875581755.4469104,1311268.0,20818.67861,910357262.894073,0.02074843655902936,0.020536119557329258
2023-12-09 00:00:00+00:00,44171.0,44358.02,43584.51,43713.6,0,24925.97008,1096487106.5648339,987352.0,11598.007740000001,510255993.86808586,-0.010354986383596998,-0.010408972260494309
2023-12-10 00:00:00+00:00,43713.59,44049.0,43563.0,43789.51,0,18956.61758,830485162.5569534,830667.0,8841.906430000001,387376075.3824843,0.0017365305076681992,0.001735024481821057
2023-12-11 00:00:00+00:00,43789.5,43804.5,40222.0,41253.4,0,76663.89804,3205540835.5114336,2087142.0,36499.24269,1525642878.1521034,-0.05791592552645597,-0.0596607573549246
2023-12-12 00:00:00+00:00,41253.41,42104.12,40680.0,41492.39,0,42722.69773,1773961284.3375635,1526411.0,21394.91158,888438328.8915346,0.005793219467971067,0.005776503301278879
2023-12-13 00:00:00+00:00,41492.38,43475.2,40555.0,42869.03,0,45865.99773,1919703389.4848804,1724659.0,22354.97386,935785466.0225856,0.033178132182793085,0.0326396168808305
2023-12-14 00:00:00+00:00,42869.03,43420.0,41400.0,43022.26,0,42047.05709,1798740625.30166,1599536.0,20579.79343,880356342.3815118,0.0035743752541170792,0.0035680023564594876
2023-12-15 00:00:00+00:00,43022.26,43080.81,41666.0,41940.3,0,33421.7932,1416898938.509979,1323628.0,16321.13654,691713304.7485888,-0.02514884155318664,-0.025470477640977762
2023-12-16 00:00:00+00:00,41940.29,42724.43,41605.0,42278.03,0,24118.85747,1020469627.8857331,1180886.0,12193.50511,515909440.9100929,0.008052636724105389,0.00802038725814036
2023-12-17 00:00:00+00:00,42278.02,42424.07,41252.0,41374.65,0,27722.11452,1161963642.9627964,1227634.0,13245.86404,555309260.127941,-0.02136759919986808,-0.02159919133520738
2023-12-18 00:00:00+00:00,41374.64,42757.81,40542.93,42657.8,0,46734.0925,1936003306.0825727,1741647.0,23255.79871,963775419.5731498,0.03101295116695857,0.03054176670855213
2023-12-19 00:00:00+00:00,42657.8,43497.0,41811.1,42275.99,0,40927.86444,1747830242.4615936,1609188.0,20163.65946,861082883.3110157,-0.00895053190741213,-0.008990828549253038
2023-12-20 00:00:00+00:00,42275.99,44283.0,42206.0,43668.93,0,48710.2947,2115813869.779619,1934588.0,23912.13682,1038694005.7761399,0.03294872574243679,0.03241755264462931
2023-12-21 00:00:00+00:00,43668.92,44242.35,43286.72,43861.8,0,34624.29384,1514529919.1877797,1500702.0,17058.89545,746266380.7692404,0.004416641305385882,0.004406916568445496
2023-12-22 00:00:00+00:00,43861.79,44398.26,43412.54,43969.04,0,32783.19638,1436074497.5128598,1404109.0,16049.22275,703199211.0393196,0.0024449520995490914,0.0024419680670515476
2023-12-23 00:00:00+00:00,43969.04,43988.68,43291.1,43702.16,0,16557.1293,722943825.3332176,849658.0,7765.3056400000005,339046509.1677196,-0.006069725424980743,-0.006088221088726087
2023-12-24 00:00:00+00:00,43702.15,43946.0,42500.0,42991.5,0,25144.33496,1093460634.8894227,1137678.0,11841.26614,514962029.1783347,-0.016261438793872096,-0.016395107062852077
2023-12-25 00:00:00+00:00,42991.5,43802.32,42720.43,43576.13,0,27021.23992,1172053386.5109816,1168428.0,13691.2393,593900885.8031462,0.013598734633590404,0.013507101635685359
2023-12-26 00:00:00+00:00,43576.12,43592.68,41637.6,42508.93,0,41010.04282,1746333612.304945,1475816.0,21096.16634,898267435.237983,-0.024490472192000512,-0.024795351864669968
2023-12-27 00:00:00+00:00,42508.93,43677.0,42098.69,43428.85,0,36191.21136,1554082990.052276,1439770.0,18982.83267,815239612.617364,0.021640629392459365,0.021409795298209744
2023-12-28 00:00:00+00:00,43428.86,43787.57,42241.79,42563.76,0,35150.52485,1508408742.378081,1391826.0,17422.8191,747631903.055399,-0.01991970775187457,-0.020120779808234346
2023-12-29 00:00:00+00:00,42563.76,43111.0,41300.0,42066.95,0,42597.18912,1803086285.2465775,1571137.0,21195.34128,897324724.7968955,-0.011672136108276221,-0.011740790238734533
2023-12-30 00:00:00+00:00,42066.94,42612.32,41520.3,42140.28,0,22906.57818,964875790.984935,936545.0,11727.69648,494133887.9071811,0.0017431736790995966,0.001741656115189727
2023-12-31 00:00:00+00:00,42140.29,42899.0,41965.84,42283.58,0,23585.91603,1001519241.5559053,1016484.0,11997.148650000001,509478742.74451077,0.0034005469351414686,0.0033947781497314367
