timestamp,open,high,low,close,filled_hours,volume,quote_volume,trades,taker_buy_base,taker_buy_quote,return,log_return
2021-01-01 00:00:00+00:00,736.42,749.0,714.29,728.91,0,675114.09329,496072043.7774074,483671.0,338988.53158,249240373.9386839,,
2021-01-02 00:00:00+00:00,728.91,787.69,714.91,774.56,0,1352618.57668,1024472182.612087,824134.0,686674.7334200001,519915827.0114855,0.06262775925697261,0.06074485859426648
2021-01-03 00:00:00+00:00,774.44,1011.07,768.71,978.28,0,2813603.88615,2522411859.73161,1636501.0,1439027.79886,1290266275.5931487,0.26301384011567874,0.23350080143632557
2021-01-04 00:00:00+00:00,978.33,1162.97,890.0,1041.43,0,4245010.94004,4303634203.219599,2477862.0,2126337.6721,2157639019.329191,0.06455207098172311,0.06255412006085237
2021-01-05 00:00:00+00:00,1041.45,1134.6,974.45,1099.56,0,2706995.67525,2857050280.008142,1960503.0,1337641.02794,1412551452.853558,0.055817481731849306,0.054315331076559836
2021-01-06 00:00:00+00:00,1100.16,1213.0,1057.26,1208.42,0,2390136.59334,2725262121.288513,1600888.0,1227955.8885,1401239480.5305793,0.0990032376587,0.09440362142142167
2021-01-07 00:00:00+00:00,1208.75,1289.0,1131.0,1224.87,0,1972922.8205900001,2406219891.368534,1402699.0,974726.97516,1189746026.1513844,0.013612816735902866,0.01352099471191881
2021-01-08 00:00:00+00:00,1224.86,1273.75,1065.0,1216.93,0,2131172.92341,2543427452.5801253,1718817.0,1042889.10509,1246619297.4198394,-0.006482320572795297,-0.006503422053271812
2021-01-09 00:00:00+00:00,1216.72,1304.37,1171.36,1276.0,0,1448871.11514,1780137376.4164696,1131871.0,746369.6968,918333130.7683301,0.048540178974961545,0.047398891059544646
2021-01-10 00:00:00+00:00,1276.0,1348.33,1170.0,1254.25,0,1951179.35003,2517791852.407762,1437486.0,979792.30536,1266203575.0952868,-0.017045454545454586,-0.017192400540372965
2021-01-11 00:00:00+00:00,1254.24,1260.0,915.0,1087.01,0,4099450.90046,4323564508.699637,2577496.0,1981122.01834,2089606728.712708,-0.13333864859477773,-0.1431069766534545
2021-01-12 00:00:00+00:00,1087.0,1150.02,1006.33,1050.16,0,2302645.34052,2491067092.510127,1516625.0,1149858.00491,1244662146.2852807,-0.03390033210366039,-0.03448827421575551
2021-01-13 00:00:00+00:00,1050.36,1137.65,987.48,1129.89,0,1564202.39081,1664178969.0738044,1123983.0,792814.80569,844656818.225537,0.07592176430258246,0.07317774934014576
2021-01-14 00:00:00+00:00,1129.79,1247.55,1086.7,1231.62,0,1555737.38556,1825860914.1737955,1255769.0,794405.96443,932454704.101369,0.09003531317207858,0.0862100931218448
2021-01-15 00:00:00+00:00,1231.89,1256.98,1069.42,1168.53,0,1944038.83738,2302781118.9587393,1519266.0,966118.73281,1145518024.4912322,-0.05122521556973736,-0.05258382736684997
2021-01-16 00:00:00+00:00,1168.48,1298.0,1151.77,1227.83,0,1575384.43797,1927453174.611793,1252473.0,804431.16803,984555467.0914599,0.05074752038886454,0.049501835051495746
2021-01-17 00:00:00+00:00,1227.83,1269.02,1165.0,1232.45,0,1317285.00579,1606424364.4970417,1121278.0,665250.50449,811881943.4555254,0.0037627358836322955,0.00375567450083647
2021-01-18 00:00:00+00:00,1232.5,1260.75,1182.58,1258.45,0,998050.11073,1223628040.7372608,940604.0,499759.24001999997,613148505.5656064,0.02109619051482814,0.020876746806386848
2021-01-19 00:00:00+00:00,1258.52,1438.3,1251.49,1365.36,0,2278852.5575800003,3120980923.930309,1840481.0,1158029.40293,1585793803.6607606,0.08495371290079046,0.0815373251614897
2021-01-20 00:00:00+00:00,1365.36,1407.93,1235.42,1376.99,0,2219137.62144,2931656296.4670005,1852253.0,1103381.0876,1459031149.789856,0.008517900041014936,0.008481827427658573
2021-01-21 00:00:00+00:00,1376.72,1390.0,1086.0,1110.96,0,2310208.57298,2857288905.5771327,1864620.0,1114608.89147,1379815497.0216153,-0.19319675524150504,-0.214675451147035
2021-01-22 00:00:00+00:00,1111.98,1273.79,1042.31,1232.62,0,2020593.21673,2360267831.3175545,1652010.0,1036188.85921,1212076603.4709723,0.10950889320947632,0.10391747886940728
2021-01-23 00:00:00+00:00,1232.61,1272.44,1195.9,1233.6,0,1009545.08258,1250575691.7627306,932871.0,505750.89704,626781286.5809959,0.00079505443689043,0.0007947385485325142
2021-01-24 00:00:00+00:00,1233.46,1398.83,1220.0,1392.51,0,1510879.53817,1996765627.5405192,1313986.0,790374.50924,1045052388.6384156,0.1288180933852141,0.12117115029513403
2021-01-25 00:00:00+00:00,1392.19,1475.0,1293.69,1317.88,0,1885441.31289,2644267236.8971877,1661512.0,943347.25829,1324815913.9859085,-0.05359387006197436,-0.055083489227750526
2021-01-26 00:00:00+00:00,1317.6,1378.49,1244.56,1365.97,0,1682923.65799,2216751668.3927126,1423178.0,856659.30135,1128968367.8538907,0.036490424014326006,0.035840414080469785
2021-01-27 00:00:00+00:00,1366.54,1373.9,1207.0,1239.03,0,2009772.0835799999,2554649901.0748444,1737296.0,997748.24567,1268777717.4971037,-0.09293029861563584,-0.09753598354584714
2021-01-28 00:00:00+00:00,1238.93,1360.0,1217.23,1329.69,0,1365269.71962,1790490878.1937943,1275024.0,702526.23919,922191761.3683511,0.07317014115880971,0.07061701692996536
2021-01-29 00:00:00+00:00,1329.44,1436.9,1285.35,1379.5,0,2253963.18682,3077996801.2317657,1714076.0,1126572.38403,1539947796.2074935,0.037459859064894685,0.036775282316304114
2021-01-30 00:00:00+00:00,1379.56,1406.0,1326.41,1378.05,0,1040042.2363,1414231402.5438833,1013174.0,508185.46266,691043000.9994265,-0.0010511054729974711,-0.0010516582717556844
2021-01-31 00:00:00+00:00,1378.04,1380.74,1281.12,1312.55,0,958704.85571,1276842259.9713488,828176.0,448756.56134,597602925.7805631,-0.04753093138855624,-0.04869764640731589
2021-02-01 00:00:00+00:00,1312.45,1377.99,1269.99,1374.17,0,1096397.91862,1449463766.7237952,915584.0,550007.37258,727808340.6755196,0.04694678297969612,0.045878102496986095
2021-02-02 00:00:00+00:00,1374.09,1547.9,1360.28,1511.87,0,1944227.99878,2821617332.399785,1614541.0,986022.09176,1431300798.430241,0.10020594249619763,0.09549738273185238
2021-02-03 00:00:00+00:00,1511.93,1669.35,1508.39,1664.49,0,1535869.8880099999,2418887041.5875616,1384979.0,793334.97198,1249029451.1419606,0.10094783281631359,0.09617147497977196
2021-02-04 00:00:00+00:00,1664.67,1695.2,1554.44,1595.67,0,1646502.32962,2693099602.275608,1507993.0,825236.64834,1350478681.245404,-0.04134599787322235,-0.042225059473644855
2021-02-05 00:00:00+00:00,1595.53,1760.49,1591.0,1719.19,0,1194123.29946,2011685911.1668868,1326415.0,600948.63761,1012301493.0861533,0.07740948943077197,0.07455953893923795
2021-02-06 00:00:00+00:00,1718.95,1743.67,1642.94,1676.35,0,1149808.33101,1940057857.9438982,1152167.0,565703.52545,954941828.4017799,-0.02491871171889093,-0.02523443886358212
2021-02-07 00:00:00+00:00,1676.35,1693.0,1490.46,1611.62,0,1281734.86814,2044371589.0232763,1263737.0,618789.69751,987284129.7353909,-0.03861365466638833,-0.03937892652140018
2021-02-08 00:00:00+00:00,1611.46,1775.57,1563.89,1750.15,0,1339777.09536,2255426926.0199776,1372788.0,677614.29512,1141288384.5474298,0.08595698737915902,0.08246161426252474
2021-02-09 00:00:00+00:00,1749.68,1821.88,1708.49,1769.13,0,1185071.89593,2080818891.698905,1173421.0,593423.36868,1042666171.1807508,0.010844784732737311,0.010786401775911614
2021-02-10 00:00:00+00:00,1769.14,1837.86,1680.0,1740.78,0,1219932.25474,2149076144.4076576,1279140.0,605462.91818,1067949000.5237134,-0.016024825761815187,-0.016154611680890163
2021-02-11 00:00:00+00:00,1740.76,1819.0,1703.44,1785.62,1,735079.82699,1301681871.563269,935602.0,367056.14118,650153645.4431872,0.025758567998253712,0.025432405216073484
2021-02-12 00:00:00+00:00,1785.83,1864.88,1739.88,1840.26,0,909600.20653,1635426867.7740927,996495.0,460779.83709,829217927.344209,0.03060001568082793,0.030141172127228444
2021-02-13 00:00:00+00:00,1840.24,1871.72,1765.0,1814.96,0,767589.07285,1395594093.2839975,853189.0,372008.25141,676531918.543253,-0.01374805733972373,-0.013843437079732901
2021-02-14 00:00:00+00:00,1815.25,1850.0,1784.11,1800.42,0,675261.77873,1230043295.0342839,714827.0,334005.33344,608556979.1025333,-0.008011195839026763,-0.008043457889004735
2021-02-15 00:00:00+00:00,1800.03,1835.72,1655.67,1779.25,0,1053474.57879,1860338371.8974078,1086589.0,511771.37271,904087834.7542373,-0.011758367492029631,-0.011828043820219847
2021-02-16 00:00:00+00:00,1779.33,1827.28,1724.0,1781.99,0,817493.47513,1455884891.92438,826125.0,389395.787,693804838.7492043,0.0015399747084445803,0.0015387901633499013
2021-02-17 00:00:00+00:00,1781.99,1855.0,1733.01,1849.88,0,795711.6331099999,1437546812.9718318,862461.0,412387.45021,745568293.761723,0.03809785689033052,0.03739005476095869
2021-02-18 00:00:00+00:00,1849.7,1950.5,1849.69,1939.61,0,937227.10191,1787383532.102376,1053661.0,493607.02548999997,941541216.781136,0.048505849028045,0.04736614981642351
2021-02-19 00:00:00+00:00,1938.91,1972.82,1891.0,1955.0,0,793404.4115,1533991632.1295462,988320.0,388954.85277,752267904.1699668,0.007934584787663512,0.007903271499353437
2021-02-20 00:00:00+00:00,1955.46,2042.34,1803.14,1913.0,0,1261315.8127899999,2493836246.4871454,1329067.0,624716.42408,1236782122.344605,-0.02148337595907923,-0.0217175029792136
2021-02-21 00:00:00+00:00,1912.9,1976.31,1883.01,1933.53,0,756568.1974300001,1467970937.2850726,895138.0,386132.26661,749271580.5746851,0.010731834814427632,0.010674657390530307
2021-02-22 00:00:00+00:00,1933.54,1936.29,1551.0,1777.58,0,1807244.98099,3200483176.979585,1799926.0,854014.62953,1513747907.8030388,-0.0806555884832405,-0.08409445913382463
2021-02-23 00:00:00+00:00,1777.42,1782.39,1355.0,1577.89,0,2547837.82068,3931407907.5342765,2396626.0,1231889.46331,1903489088.143906,-0.11233812261614096,-0.11916437721265005
2021-02-24 00:00:00+00:00,1577.79,1712.7,1500.2,1623.39,0,1384388.81727,2261264845.4650745,1319936.0,705887.81504,1153792817.1865423,0.02883597715937114,0.028428043912497536
2021-02-25 00:00:00+00:00,1623.16,1671.59,1459.16,1481.75,0,1032670.79409,1650582276.8718638,1110019.0,501173.65129,802212265.4535747,-0.08724952106394646,-0.09129273372885827
2021-02-26 00:00:00+00:00,1482.08,1562.25,1400.0,1444.59,0,1355973.29378,2004016547.111193,1298739.0,662906.93964,979857228.4282846,-0.02507845453011648,-0.02539827740660172
2021-02-27 00:00:00+00:00,1444.56,1529.0,1425.0,1458.13,0,927423.0475,1375946816.3325431,954919.0,452205.99129,671100313.8001161,0.009372901653756482,0.009329248569764026
2021-02-28 00:00:00+00:00,1458.27,1468.75,1293.18,1419.18,0,1410207.56284,1929140046.6462588,1190546.0,704060.34406,963537938.0773447,-0.026712295885826354,-0.02707555282154317
2021-03-01 00:00:00+00:00,1418.67,1572.0,1409.91,1569.86,0,1094695.17839,1642627276.3105588,989006.0,568597.04493,853434777.3750484,0.10617398779576925,0.10090720338220738
2021-03-02 00:00:00+00:00,1570.0,1602.9,1455.52,1486.78,0,1061142.38743,1627312282.623529,966176.0,508683.55658,781051077.7385646,-0.05292191660402834,-0.054373735767518916
2021-03-03 00:00:00+00:00,1486.79,1656.94,1475.47,1567.69,0,1054846.31471,1676300215.0458324,1237215.0,534919.19161,850213871.6866411,0.054419618235381106,0.05299049065843686
2021-03-04 00:00:00+00:00,1567.68,1624.87,1506.36,1539.23,0,946365.67088,1476463517.9864872,1125118.0,468540.00465,731257773.7169952,-0.018154099343620222,-0.018320906916699187
2021-03-05 00:00:00+00:00,1539.22,1548.96,1441.66,1528.31,0,910786.28976,1355798089.272699,1000913.0,451258.01245,672042056.2406198,-0.007094456319068687,-0.007119741635654542
2021-03-06 00:00:00+00:00,1528.08,1671.58,1513.03,1650.35,1,1013300.9392799999,1611851701.8240168,1188531.0,536167.18087,853820036.0928466,0.07985290942282641,0.0768248368818858
2021-03-07 00:00:00+00:00,1650.68,1734.16,1630.35,1726.16,0,848470.78136,1414988218.19354,1166072.0,432388.65922000003,721395027.1827203,0.045935710606840985,0.04491190161890568
2021-03-08 00:00:00+00:00,1726.46,1843.59,1664.96,1833.18,0,1149711.39987,1995142128.6481345,1407402.0,602217.91071,1046045706.9018363,0.06199888770450013,0.06015287545997072
2021-03-09 00:00:00+00:00,1833.22,1870.77,1798.2,1870.51,0,857229.47855,1570286249.4509006,1196670.0,414078.09328,758575748.3569633,0.02036352131269159,0.02015895724693717
2021-03-10 00:00:00+00:00,1870.5,1877.69,1757.0,1795.12,0,937230.62831,1706230875.2676637,1098051.0,451348.3302,821707575.727272,-0.040304515880695724,-0.041139248882490875
2021-03-11 00:00:00+00:00,1795.28,1846.7,1725.0,1825.78,0,909011.4961,1627027458.0887964,1023958.0,443744.99114,794476087.9173054,0.01707963813004154,0.01693542091312583
2021-03-12 00:00:00+00:00,1825.78,1841.88,1719.72,1766.1,0,869564.6361,1542873062.4201016,1126153.0,426161.77880000003,756268155.2595268,-0.032687399358082625,-0.03323356726634774
2021-03-13 00:00:00+00:00,1766.13,1944.3,1727.75,1922.35,0,926283.22642,1718553131.9614732,1265904.0,471925.04818,875441534.0351523,0.08847177396523409,0.08477467022646756
2021-03-14 00:00:00+00:00,1922.35,1933.1,1836.0,1848.1,0,637963.63627,1200354205.603357,963564.0,301776.22952,567878404.1829317,-0.03862460009883739,-0.0393903116370824
2021-03-15 00:00:00+00:00,1848.1,1891.76,1730.0,1793.48,0,1025326.79658,1842608872.7630603,1496415.0,511041.33812,918123974.5540836,-0.029554677777176463,-0.0300002177615335
2021-03-16 00:00:00+00:00,1793.99,1819.5,1711.68,1805.12,0,764993.40147,1360127229.789916,987906.0,388327.71998,690760061.4775398,0.006490175524678232,0.006469205021434554
2021-03-17 00:00:00+00:00,1805.01,1838.88,1741.18,1823.58,0,658349.44843,1177718486.9646137,872416.0,337373.92544,603533782.448005,0.010226466938486167,0.010174530410139937
2021-03-18 00:00:00+00:00,1823.58,1850.0,1759.04,1776.08,0,603721.61056,1092346826.5536902,783517.0,284617.82364,514992961.4272932,-0.026047664484146527,-0.026392913379088334
2021-03-19 00:00:00+00:00,1775.92,1840.61,1733.47,1809.1,0,500258.42875,901801564.202326,703977.0,250974.49054,452606834.7538839,0.01859150488716721,0.018420795444552773
2021-03-20 00:00:00+00:00,1809.01,1868.83,1800.86,1806.1,0,451556.10639000003,828404987.6527742,743672.0,230001.04734,421947140.5731145,-0.0016582831242053508,-0.0016596595975979511
2021-03-21 00:00:00+00:00,1806.57,1817.16,1747.0,1782.98,0,465953.98748999997,830951276.5130765,748800.0,227170.16353,405242308.7464666,-0.012801063064060592,-0.012883702679304498
2021-03-22 00:00:00+00:00,1783.23,1807.51,1655.15,1680.97,0,582727.49081,1019780398.7821894,879976.0,284682.99701,498556293.2724821,-0.0572132048592805,-0.05891511402087701
2021-03-23 00:00:00+00:00,1681.17,1721.17,1650.0,1668.08,0,577213.99589,975522491.0640426,654415.0,286791.61839,484836342.0061468,-0.0076681915798616496,-0.007697743330171036
2021-03-24 00:00:00+00:00,1668.2,1740.86,1536.92,1581.84,0,753834.52393,1251031751.1563811,994542.0,360806.99166,599730061.1379827,-0.05170015826579066,-0.05308453798669088
2021-03-25 00:00:00+00:00,1581.88,1622.0,1549.4,1585.74,0,701697.00258,1115502879.6291516,778215.0,357916.02537,569176818.6933715,0.002465483234713961,0.0024624489172726527
2021-03-26 00:00:00+00:00,1585.83,1699.93,1585.79,1698.84,0,515470.92907,844707873.9147714,650812.0,265021.0976,434412049.546837,0.0713231677324151,0.06889448986455893
2021-03-27 00:00:00+00:00,1698.84,1732.67,1666.41,1712.63,0,443845.49957,753555521.6446562,516929.0,223163.53,378944599.8136217,0.008117303571849144,0.008084535469532916
2021-03-28 00:00:00+00:00,1712.52,1725.66,1661.4,1687.01,0,348895.51314,592836644.5993392,512231.0,169502.24442,288084679.2831071,-0.014959448333849212,-0.015072469453262904
2021-03-29 00:00:00+00:00,1687.16,1841.0,1677.85,1816.74,0,647724.46387,1148231088.8115873,846836.0,342048.8415,606329959.123471,0.07689936633452077,0.07408595493625736
2021-03-30 00:00:00+00:00,1816.76,1859.13,1786.3,1840.46,0,568842.00526,1039262033.3867556,856093.0,283746.67403,518558427.2436417,0.013056353688474909,0.012971854211305534
2021-03-31 00:00:00+00:00,1840.41,1947.29,1768.15,1919.37,0,746995.8591,1387448329.8618677,1040362.0,377271.88679,700970286.0783392,0.04287515077752291,0.041981466818802105
2021-04-01 00:00:00+00:00,1919.37,1984.77,1885.02,1968.05,0,741585.0726600001,1438751530.7872295,994836.0,371883.72089,721736727.4450144,0.025362488733282396,0.025046197616482857
2021-04-02 00:00:00+00:00,1968.05,2146.0,1948.48,2133.69,0,846197.93215,1719752062.5167284,1218698.0,436010.09375,886653805.0691665,0.08416452834023525,0.08080967041185705
2021-04-03 00:00:00+00:00,2133.69,2138.12,1996.3,2008.52,0,770176.32192,1601516390.597115,1107620.0,363187.43008,755374910.2259054,-0.05866362967441385,-0.060454742775760906
2021-04-04 00:00:00+00:00,2008.59,2091.83,1975.24,2075.69,0,514345.76554,1050448906.4424022,818926.0,263875.56295,538795778.1429203,0.03344253480174464,0.0328954960797736
2021-04-05 00:00:00+00:00,2075.7,2130.64,2002.15,2107.38,0,684923.61494,1419084945.8137891,947978.0,343642.59997,712219066.8657458,0.015267212348664794,0.015151841243723041
2021-04-06 00:00:00+00:00,2107.43,2151.0,2044.65,2112.21,0,673386.0557499999,1420490813.0390558,1106761.0,332812.25752,702230157.7878639,0.0022919454488512514,0.002289322948201722
2021-04-07 00:00:00+00:00,2112.22,2129.01,1930.01,1963.47,0,892984.90422,1798606574.0535572,1229155.0,437902.88352,882121983.6155156,-0.07041913446106207,-0.07302147663878511
2021-04-08 00:00:00+00:00,1963.46,2084.61,1947.35,2080.46,0,501355.998,1015796231.0118822,911403.0,250910.57734000002,508200399.2728804,0.05958328876937258,0.05787570702807798
2021-04-09 00:00:00+00:00,2080.39,2100.0,2047.57,2066.87,0,426387.4379,885134116.0229067,645172.0,205375.78451,426445139.8748137,-0.006532209222960383,-0.006553637468456941
2021-04-10 00:00:00+00:00,2067.19,2200.0,2058.0,2133.49,0,655458.20894,1405364881.8583133,1175161.0,330628.54391,708994754.4852773,0.03223231262730608,0.03172375086109813
2021-04-11 00:00:00+00:00,2133.49,2165.02,2113.4,2151.36,0,392265.50773,839653140.9405916,830771.0,197850.92141,423496403.3909447,0.008375947391363603,0.008341063797419501
2021-04-12 00:00:00+00:00,2151.42,2203.46,2102.0,2137.69,0,579093.35694,1244982956.770031,914567.0,286715.00745,616499175.9046108,-0.006354120184441481,-0.006374393531250355
2021-04-13 00:00:00+00:00,2137.86,2318.0,2135.53,2299.19,0,782608.6209,1745821661.496614,1288668.0,399098.2072,890600412.464373,0.07554884010310192,0.07283108022698048
2021-04-14 00:00:00+00:00,2299.19,2447.29,2281.33,2432.6,0,972931.60866,2294753430.627407,1554097.0,495400.5019,1168618278.836883,0.0580247826408431,0.05640375720793411
2021-04-15 00:00:00+00:00,2432.59,2543.47,2400.0,2514.04,0,681950.96645,1680063463.6011207,1462768.0,355972.40197,877438758.0443232,0.03347858258653291,0.03293037673824539
2021-04-16 00:00:00+00:00,2514.04,2548.29,2300.0,2422.67,0,999163.75205,2418566593.0473747,1679215.0,486268.80792,1177128974.4662452,-0.03634389269860461,-0.037020783181244354
2021-04-17 00:00:00+00:00,2422.38,2495.0,2310.0,2317.6,0,624232.25568,1504895144.9122343,1242299.0,306700.14929,739461805.3209879,-0.04336950554553454,-0.044338070286196185
2021-04-18 00:00:00+00:00,2317.65,2340.0,1946.8,2235.64,0,1475383.69204,3190809322.5104613,2113566.0,722180.39492,1562761985.6647463,-0.03536416983085955,-0.036004626931239514
2021-04-19 00:00:00+00:00,2235.65,2300.0,2080.0,2161.12,0,820592.26555,1800575928.1074944,1411498.0,405251.54082,889798938.6894947,-0.033332736934390095,-0.03390093471144695
2021-04-20 00:00:00+00:00,2161.12,2346.62,2055.0,2330.03,2,992240.809,2181209665.2259355,1478664.0,500443.49263,1100996922.791374,0.0781585474198565,0.07525453720088393
2021-04-21 00:00:00+00:00,2330.26,2469.54,2235.16,2357.06,0,1177885.8617,2771995884.0361485,1905822.0,587138.28906,1381898508.9894187,0.011600709003746656,0.011533936687039947
2021-04-22 00:00:00+00:00,2357.06,2644.47,2303.44,2397.94,0,2220753.09746,5508778905.781418,3110597.0,1124195.46709,2790172132.6770344,0.017343639958253165,0.01719495572334573
2021-04-23 00:00:00+00:00,2397.94,2442.89,2107.0,2367.39,0,2532242.44185,5719925451.745558,2790382.0,1244539.8952,2812376010.1441708,-0.012740101920815428,-0.012821952956106664
2021-04-24 00:00:00+00:00,2367.39,2368.74,2154.8,2213.35,0,997688.94623,2246912953.271781,1275474.0,494456.79061,1113625193.119451,-0.06506743713541074,-0.06728087757311663
2021-04-25 00:00:00+00:00,2214.08,2356.64,2168.0,2320.49,3,857517.38218,1948978895.4651551,1307545.0,431554.84567,981153774.0355633,0.048406262001039035,0.047271165361370215
2021-04-26 00:00:00+00:00,2320.44,2542.8,2303.64,2532.6,0,1076469.01367,2652330344.6620235,1852607.0,547426.1513200001,1348633236.680463,0.09140741826079846,0.08746807276063695
2021-04-27 00:00:00+00:00,2532.06,2680.0,2480.29,2666.13,0,771728.46451,1995139023.6148367,1255607.0,404885.92295000004,1047010126.527801,0.05272447287372661,0.05138153972385684
2021-04-28 00:00:00+00:00,2666.13,2760.0,2559.44,2748.24,0,999383.1852,2673547154.2008715,1587100.0,497704.7228,1332642242.7525673,0.030797447986407045,0.03033272403282883
2021-04-29 00:00:00+00:00,2748.23,2798.0,2668.0,2757.04,0,863890.01069,2366133509.254801,1379738.0,428965.61199,1175245479.025322,0.0032020493115594295,0.0031969336691135553
2021-04-30 00:00:00+00:00,2757.04,2798.3,2723.09,2772.42,0,695339.20482,1917297701.0995226,1382521.0,348038.76271000004,959914846.737665,0.005578446449815866,0.0055629445417411105
2021-05-01 00:00:00+00:00,2772.42,2954.28,2743.41,2944.77,0,690260.07741,1979833188.0652046,1437394.0,363427.72753,1042474172.8140893,0.06216590559871871,0.06031013057980772
2021-05-02 00:00:00+00:00,2944.83,2985.0,2852.26,2949.56,0,571982.5445,1672310882.2447007,1132280.0,294479.86893,861215743.5882932,0.001626612604719524,0.0016252911032905715
2021-05-03 00:00:00+00:00,2949.33,3454.0,2949.32,3431.04,0,1329088.0628,4243786480.4151516,2502746.0,689402.61551,2199717718.4532933,0.16323790667082538,0.1512074155319718
2021-05-04 00:00:00+00:00,3431.04,3527.0,3160.0,3239.01,0,1826039.38558,6103102520.709462,3634236.0,913493.5176499999,3054026099.6513777,-0.055968452714045824,-0.05759569465990921
2021-05-05 00:00:00+00:00,3239.01,3549.34,3200.23,3524.26,0,1174816.73588,3955994776.901158,2224441.0,581159.24143,1957116423.5450509,0.08806703282793205,0.0844027575909525
2021-05-06 00:00:00+00:00,3524.33,3605.4,3376.47,3489.73,0,920592.57706,3213427394.7772655,1703109.0,457348.26339,1596792938.7543738,-0.00979780152429166,-0.009846115823277657
2021-05-07 00:00:00+00:00,3489.74,3587.0,3353.23,3479.53,0,760544.64781,2641740668.4696465,1382532.0,373468.63998,1297499899.4079986,-0.0029228622271636473,-0.002927142130710436
2021-05-08 00:00:00+00:00,3479.79,3958.33,3449.27,3910.26,0,1130467.54852,4170897763.922394,2146967.0,576465.81586,2128434949.1036053,0.12378970723057425,0.11670664075614923
2021-05-09 00:00:00+00:00,3910.26,3983.65,3726.08,3923.95,0,1000401.0082,3885039042.6637073,2289303.0,501191.98456,1946904544.358348,0.0035010459662527804,0.003494931571852433
2021-05-10 00:00:00+00:00,3923.95,4208.0,3650.0,3945.88,0,1505897.92612,6079977785.411387,3033133.0,745235.17136,3010349053.8575735,0.005588756227780767,0.005573197073655223
2021-05-11 00:00:00+00:00,3946.63,4180.22,3771.64,4173.45,0,1095927.10403,4350260231.588787,2290977.0,546195.67057,2169036982.218561,0.05767281316208295,0.05607103528897284
2021-05-12 00:00:00+00:00,4173.46,4372.72,3701.58,3823.21,0,1601842.7401700001,6673102683.974241,3188941.0,781569.68782,3259590092.4730773,-0.08392097665001375,-0.08765264799631467
2021-05-13 00:00:00+00:00,3810.15,4034.77,3500.0,3717.91,0,2068708.1742699998,7846531159.419687,3943562.0,1019129.41961,3869202428.614081,-0.027542300841439604,-0.02792870144475046
2021-05-14 00:00:00+00:00,3717.92,4173.28,3691.35,4075.01,0,1153390.42631,4569415542.247888,2227244.0,589306.03131,2332631768.0700326,0.09604858643700376,0.09171151823394474
2021-05-15 00:00:00+00:00,4075.02,4134.05,3632.0,3646.68,0,1039174.8808200001,4030586492.9649377,2055345.0,498020.66776,1932010797.3563285,-0.10511139849963569,-0.11105603605137482
2021-05-16 00:00:00+00:00,3646.24,3879.0,3343.06,3582.1,0,1324065.65875,4788918304.497996,2532983.0,633005.25035,2292116232.8254232,-0.017709258832691588,-0.01786794401273184
2021-05-17 00:00:00+00:00,3581.81,3587.06,3102.0,3282.51,0,1904012.43998,6401071580.734826,2885352.0,933732.36068,3143594982.0233293,-0.08363529773038159,-0.08734084696477318
2021-05-18 00:00:00+00:00,3282.25,3565.71,3240.0,3375.07,0,1287110.84143,4392873871.822427,2143887.0,648040.21083,2211619486.734546,0.028197933898145067,0.027807691201481077
2021-05-19 00:00:00+00:00,3375.08,3441.73,1888.0,2438.92,0,4309836.31939,11641524166.98746,5548968.0,2090952.35775,5659752851.777947,-0.27737202487652113,-0.3248607464823099
2021-05-20 00:00:00+00:00,2438.92,2990.05,2155.0,2768.62,0,2942777.9301,7750201898.66744,4243052.0,1465674.26337,3868330692.801342,0.13518278582323306,0.12679368274522762
2021-05-21 00:00:00+00:00,2767.87,2938.54,2101.0,2430.98,0,2727031.93514,6898701128.841128,3676164.0,1340165.22786,3393349822.1647105,-0.12195245284654443,-0.1300545328799716
2021-05-22 00:00:00+00:00,2430.98,2485.0,2145.0,2294.87,0,1684318.01157,3934313840.4707274,2484734.0,822180.46988,1920309768.123878,-0.05598976544438872,-0.057618271205140736
2021-05-23 00:00:00+00:00,2295.45,2381.57,1728.74,2096.39,0,2914548.73125,5907260139.544961,3761018.0,1410830.44221,2862585215.1775413,-0.08648855926479493,-0.09045937917550084
2021-05-24 00:00:00+00:00,2096.63,2675.0,2079.94,2648.43,0,2186632.92245,5180244966.7212305,3299296.0,1103328.42714,2619744995.6376796,0.2633288653351713,0.23375019374596473
2021-05-25 00:00:00+00:00,2647.92,2750.0,2378.54,2705.11,0,2115349.50445,5442737549.401259,2976859.0,1050034.53412,2703460213.343867,0.02140135854072045,0.021175565307593125
2021-05-26 00:00:00+00:00,2705.1,2910.0,2643.0,2884.94,0,1583799.5925099999,4416389128.58148,2726537.0,786524.11588,2193352742.2343354,0.0664778881450292,0.06436152561075215
2021-05-27 00:00:00+00:00,2884.82,2889.74,2633.68,2742.23,0,1099029.91206,3033719144.340213,1732113.0,540641.23243,1493018236.9716175,-0.04946723328734737,-0.05073264451511594
2021-05-28 00:00:00+00:00,2742.23,2762.45,2327.38,2412.1,0,1554584.61362,3934662309.0444226,2184249.0,763125.86389,1931909198.7690516,-0.12038742191574014,-0.12827372062630538
2021-05-29 00:00:00+00:00,2412.34,2574.27,2204.1,2278.74,0,1379427.18851,3288804154.831871,1887733.0,681047.48538,1625990815.6297283,-0.055287923386260984,-0.056875078745051155
2021-05-30 00:00:00+00:00,2278.74,2476.42,2180.53,2385.98,0,1151113.1988300001,2726606138.631717,1519005.0,577190.77662,1368058965.0840323,0.047061095166627265,0.045987282780631134
2021-05-31 00:00:00+00:00,2385.82,2720.0,2271.44,2706.15,0,1307958.04068,3277131772.1340704,1849177.0,661801.72603,1660383324.5955362,0.13418804851675215,0.12591701917386455
2021-06-01 00:00:00+00:00,2706.15,2740.0,2523.74,2634.57,0,1179577.10806,3081355010.9534516,1790186.0,575201.66943,1503196035.623285,-0.026450861925613856,-0.026806979763833283
2021-06-02 00:00:00+00:00,2634.31,2802.99,2550.0,2706.22,0,970070.53563,2616566301.6287875,1349232.0,481481.7217,1299176997.0039196,0.027196088925327322,0.0268328464359211
2021-06-03 00:00:00+00:00,2706.21,2891.95,2662.4,2857.25,0,1024290.89423,2874856613.490244,1620340.0,500895.12020999996,1405843557.4623542,0.055808470856028025,0.05430679653869763
2021-06-04 00:00:00+00:00,2857.25,2860.0,2552.0,2689.51,0,1188314.11191,3175186750.490876,1775946.0,580744.67311,1551953930.2872362,-0.058706798495056334,-0.060500602908095225
2021-06-05 00:00:00+00:00,2689.54,2816.87,2552.23,2627.73,0,961824.12413,2575726370.4308586,1670498.0,485392.70366,1300138730.369177,-0.022970727009752778,-0.023238665269225578
2021-06-06 00:00:00+00:00,2627.63,2745.0,2614.0,2711.92,0,673792.69369,1814112037.5335102,1336460.0,330313.64976,889529103.1930319,0.0320390603296381,0.03153651549973624
2021-06-07 00:00:00+00:00,2711.92,2847.55,2570.0,2592.05,0,1152128.07856,3149245176.9112635,1926275.0,577620.94623,1579210256.0021944,-0.04420115637629429,-0.04520780269055269
2021-06-08 00:00:00+00:00,2592.05,2620.99,2304.91,2507.23,0,1693747.42759,4201646662.8817344,2128256.0,825822.24736,2049450576.8071203,-0.03272313419880024,-0.03327051034015316
2021-06-09 00:00:00+00:00,2507.43,2626.63,2405.28,2610.18,0,1276718.24011,3223323188.070379,1763686.0,628336.14933,1586470728.7592206,0.04106125086250567,0.04024062638655135
2021-06-10 00:00:00+00:00,2610.2,2624.46,2425.11,2471.09,0,741237.49926,1874571746.4354444,978237.0,363431.81896,918906133.8856996,-0.05328751273858501,-0.05475983562962927
2021-06-11 00:00:00+00:00,2471.01,2497.99,2321.37,2354.01,0,587364.27358,1424975261.8077207,885172.0,283123.21039,687294443.9824528,-0.047379901177213246,-0.048539091926779854
2021-06-12 00:00:00+00:00,2354.09,2454.53,2256.22,2370.74,0,767439.4984,1807036943.9986246,1127302.0,387478.69595,912817435.7895498,0.007107021635421873,0.007081885780932495
2021-06-13 00:00:00+00:00,2370.64,2548.41,2308.41,2509.33,0,715948.75986,1724097564.334307,1217504.0,362663.11261999997,873887342.4001299,0.05845854037136089,0.05681364254166166
2021-06-14 00:00:00+00:00,2509.33,2609.17,2461.0,2580.77,0,684183.55622,1730260219.1338103,1118498.0,344642.00777,871859785.3777081,0.028469750889679846,0.028072018778686925
2021-06-15 00:00:00+00:00,2580.58,2640.0,2507.7,2543.54,0,599826.64933,1548303436.0627651,1044834.0,296745.7672,766423377.3833216,-0.014425927145774287,-0.014530992500365159
2021-06-16 00:00:00+00:00,2543.55,2556.19,2351.18,2367.89,0,624741.78358,1533734359.4130068,896073.0,284039.92262,698017754.3540518,-0.06905729809635397,-0.07155754827824179
2021-06-17 00:00:00+00:00,2368.02,2460.5,2306.0,2373.28,0,560667.58566,1338389545.0014827,961448.0,270180.83506,645226707.8364275,0.0022762881721702932,0.0022737013530695904
2021-06-18 00:00:00+00:00,2373.28,2378.0,2139.0,2234.09,0,778905.20197,1758827532.8833418,1067542.0,371196.26583,838571112.1778259,-0.058648789860446304,-0.060438978275987765
2021-06-19 00:00:00+00:00,2234.09,2278.82,2161.67,2164.67,0,496872.24997,1104923869.4185991,763820.0,247263.46485,550102564.5556563,-0.031073054353226603,-0.03156606142284968
2021-06-20 00:00:00+00:00,2165.34,2280.01,2040.68,2243.47,0,743883.64741,1599009750.5269032,1035537.0,372014.61158,800346451.8622457,0.03640277732864572,0.035755849486717395
2021-06-21 00:00:00+00:00,2243.49,2260.16,1865.54,1885.49,0,1629819.66576,3252129521.677504,2014010.0,790387.70091,1576559907.5741656,-0.15956531622887749,-0.17383604031182376
2021-06-22 00:00:00+00:00,1885.27,1998.0,1700.48,1879.28,0,1695338.08052,3158928001.1311445,1856357.0,836934.44825,1561415491.3361256,-0.003293573553824203,-0.0032990093058495873
2021-06-23 00:00:00+00:00,1879.29,2045.0,1821.95,1968.14,0,918612.30494,1817518228.9100707,1141790.0,462271.19818,914984412.7312152,0.04728406623813375,0.04620020954786863
2021-06-24 00:00:00+00:00,1967.95,2036.61,1884.79,1989.52,0,701231.67478,1377799766.499455,833337.0,344155.41659,676304789.1846559,0.010863048360380878,0.010804469300156327
2021-06-25 00:00:00+00:00,1989.53,2019.99,1791.22,1808.82,0,858808.54767,1612556879.1072812,1041338.0,408120.68053,766594867.420166,-0.09082592786199684,-0.09521870463650206
2021-06-26 00:00:00+00:00,1808.97,1852.8,1717.32,1829.64,0,832315.14904,1478550576.564645,923226.0,407180.66965,723391264.7348672,0.011510266361495436,0.01144452721478384
2021-06-27 00:00:00+00:00,1829.84,1984.5,1804.26,1982.28,0,696055.79307,1299521992.0717993,1091206.0,354611.53419,662881681.770634,0.0834262477864498,0.08012847118323307
2021-06-28 00:00:00+00:00,1982.27,2145.0,1960.52,2084.41,0,1044244.68308,2138998047.8776278,1657087.0,541464.02542,1109375130.9563096,0.05152148031559611,0.050238144212159774
2021-06-29 00:00:00+00:00,2084.42,2245.0,2073.57,2165.33,0,831257.23277,1804733069.9829893,1536044.0,421410.27571,915112793.5954355,0.03882153702966318,0.03808693319614331
2021-06-30 00:00:00+00:00,2165.46,2287.78,2087.99,2275.68,0,910583.6032,1973676680.873127,1464112.0,455834.94051,988252389.8537893,0.0509622089935482,0.04970613405856561
2021-07-01 00:00:00+00:00,2275.68,2275.93,2073.12,2106.41,0,787865.25137,1688043308.127257,1414518.0,384175.37542,822709363.8629835,-0.0743821626942277,-0.07729383221470254
2021-07-02 00:00:00+00:00,2106.41,2160.0,2018.5,2154.13,0,672282.37476,1397269246.2664564,862561.0,337006.28168,700715966.082419,0.022654658874578182,0.022401853119900395
2021-07-03 00:00:00+00:00,2153.95,2240.0,2112.01,2226.99,0,569264.801,1248888441.2531536,922576.0,295114.62138,647377288.8497531,0.03382339970196768,0.03326396817441335
2021-07-04 00:00:00+00:00,2226.99,2389.93,2189.58,2322.69,0,590656.25069,1365904900.349907,1204553.0,301461.36172,697045137.9373571,0.04297280185362329,0.042075098836464875
2021-07-05 00:00:00+00:00,2322.69,2324.64,2157.32,2196.53,0,781806.31605,1753862827.3791046,1264204.0,376068.64852,843863080.0280032,-0.054316331494947634,-0.05584715432301035
2021-07-06 00:00:00+00:00,2196.85,2350.0,2193.0,2322.5,0,785330.17152,1803108194.4684093,1326163.0,394638.45053,905951763.4715282,0.05734954678515658,0.05576534927300969
2021-07-07 00:00:00+00:00,2322.51,2409.0,2291.9,2316.57,0,666501.35572,1570553094.6375713,1113578.0,341514.34243,804702677.2747093,-0.002553283100107606,-0.0025565482865497202
2021-07-08 00:00:00+00:00,2316.25,2325.6,2084.79,2116.33,0,880265.04124,1926184139.309848,1234614.0,430334.02257000003,941278322.1307552,-0.08643813914537446,-0.09040418695153285
2021-07-09 00:00:00+00:00,2116.32,2189.4,2046.51,2146.99,0,738611.36304,1568646237.310995,867603.0,376374.9264,799855032.1068395,0.014487343656234941,0.014383404756169504
2021-07-10 00:00:00+00:00,2146.99,2194.82,2074.16,2110.69,0,499071.85904,1058023794.511424,646476.0,244207.37542,517802339.2489759,-0.016907391278021655,-0.017051952975453588
2021-07-11 00:00:00+00:00,2110.68,2174.0,2081.02,2140.45,0,342294.40302,727911535.268998,479138.0,175830.75143,374053441.9544357,0.01409965461531515,0.014001179053283686
2021-07-12 00:00:00+00:00,2140.54,2167.83,2006.68,2031.58,0,540630.10742,1126108847.3713691,725803.0,259649.61299,541195461.2027714,-0.0508631362563946,-0.05220227186284809
2021-07-13 00:00:00+00:00,2031.57,2047.35,1918.0,1940.15,0,647388.24969,1287490852.461495,902810.0,316356.56219,629467223.5950301,-0.04500438082674563,-0.04604852576506513
2021-07-14 00:00:00+00:00,1940.44,2019.18,1865.0,1994.58,0,690505.60937,1342931974.3496466,936438.0,340257.8567,661765917.4307932,0.028054531866092747,0.02766821218840132
2021-07-15 00:00:00+00:00,1994.41,2042.88,1881.0,1919.51,0,645271.32563,1251834409.941772,865033.0,327273.48478,635240853.688175,-0.037636996259864164,-0.03836355672709324
2021-07-16 00:00:00+00:00,1919.54,1965.0,1850.0,1876.26,0,577068.89724,1097832472.3221335,721120.0,281955.46534,536656638.6665545,-0.0225317919677418,-0.022789511403690454
2021-07-17 00:00:00+00:00,1876.47,1919.19,1844.45,1899.59,0,430300.51578,810628641.2579023,576008.0,216291.07537,407705129.4338168,0.012434310809802396,0.012357639681334298
2021-07-18 00:00:00+00:00,1899.5,1993.79,1877.1,1891.64,0,534837.63654,1038104997.5220178,768528.0,265665.55659,515762272.1233446,-0.004185113629783133,-0.004193895729117436
2021-07-19 00:00:00+00:00,1891.65,1919.0,1805.0,1818.73,0,547419.93771,1011627398.9238826,641063.0,251885.98865,465870373.918487,-0.03854327461884932,-0.03930572237006569
2021-07-20 00:00:00+00:00,1818.73,1841.34,1706.0,1786.03,0,786257.272,1386498470.3401666,943640.0,361612.01276,638066651.1050907,-0.017979579156884196,-0.018143175687964863
2021-07-21 00:00:00+00:00,1786.03,2035.23,1747.55,1995.5,0,1115949.82033,2138345813.7854452,1304423.0,572242.67732,1096535844.2912283,0.11728246446028345,0.11089936588098759
2021-07-22 00:00:00+00:00,1995.5,2046.0,1947.62,2024.56,0,768854.3659,1536669128.5204518,1074800.0,380631.63083,760682754.97891,0.014562766224003987,0.014457747491656292
2021-07-23 00:00:00+00:00,2024.27,2130.9,1993.22,2124.25,0,708160.91322,1455496732.0516536,1035643.0,369453.14045,759725736.552947,0.04924032876279294,0.048066405903205656
2021-07-24 00:00:00+00:00,2124.26,2199.5,2105.58,2184.75,0,633075.18592,1360667031.9830072,1056670.0,325598.83875,699891567.7571778,0.028480640225962084,0.02808260662400297
2021-07-25 00:00:00+00:00,2184.9,2197.41,2105.93,2189.79,0,535630.27,1154562327.653945,941623.0,264032.01071,569308146.3799202,0.002306900102986509,0.00230424329415424
2021-07-26 00:00:00+00:00,2189.82,2433.65,2171.57,2228.08,0,1393738.163,3222622416.2567244,2252910.0,700749.72547,1620304810.0824242,0.017485694975317267,0.017334579243467374
2021-07-27 00:00:00+00:00,2227.81,2319.26,2150.5,2299.49,0,906359.23478,2025582065.4137945,1502763.0,453060.98840000003,1012813193.0187281,0.0320500161574091,0.03154713115377561
2021-07-28 00:00:00+00:00,2299.47,2345.0,2243.15,2300.9,0,718202.57727,1649860557.2934496,1287050.0,354056.40824,813646516.7585101,0.0006131794441377458,0.0006129915264363461
2021-07-29 00:00:00+00:00,2300.9,2400.0,2266.12,2382.92,0,499364.83496,1157988358.946293,1036449.0,256551.90722,595101393.8037221,0.03564692077013332,0.03502627568090322
2021-07-30 00:00:00+00:00,2382.93,2471.7,2315.92,2461.81,0,762577.28797,1824191451.558631,1428312.0,392130.06114,938693364.8598526,0.033106440837292084,0.03257022532995979
2021-07-31 00:00:00+00:00,2461.77,2553.86,2420.68,2531.05,0,507601.05026,1253810139.1383708,1007386.0,260698.67822,644275659.9179009,0.02812564738952239,0.027737384651180363
2021-08-01 00:00:00+00:00,2531.1,2697.61,2511.24,2555.69,0,853495.9407800001,2217485596.778454,1810440.0,424598.26467,1103204692.3483706,0.009735090179964878,0.009688009499400074
2021-08-02 00:00:00+00:00,2555.5,2666.0,2507.0,2606.93,0,726701.84952,1887684672.4710493,1596914.0,349146.53842,907116380.7113303,0.020049380010877638,0.019851037899737634
2021-08-03 00:00:00+00:00,2606.92,2632.44,2442.32,2509.04,0,792960.84375,1986976146.0041506,1701919.0,379722.87711,951417932.12994,-0.03754991503415894,-0.038273073940711555
2021-08-04 00:00:00+00:00,2508.51,2772.71,2457.68,2724.78,0,954590.7536,2498364633.894655,1839302.0,487804.51345,1277999531.487594,0.0859850779581035,0.08248748104727355
2021-08-05 00:00:00+00:00,2724.55,2843.98,2529.91,2826.99,0,1307720.20654,3553456266.77197,2690052.0,667954.4434,1816958298.9456925,0.037511285314777654,0.036824850475391635
2021-08-06 00:00:00+00:00,2827.01,2946.75,2720.06,2891.58,0,825399.4863699999,2334160884.1259294,1873337.0,414224.32756,1171841746.7253797,0.022847622382817123,0.022590524147627633
2021-08-07 00:00:00+00:00,2891.54,3171.0,2865.5,3160.31,0,1205277.1009499999,3673732670.317354,2318608.0,626027.34275,1908033758.0463479,0.0929353502237531,0.08886705851891641
2021-08-08 00:00:00+00:00,3160.48,3189.99,2949.03,3011.85,0,966349.70579,2979960615.1300263,1771162.0,483981.14361,1494356685.8181498,-0.04697640421351068,-0.04811561615229465
2021-08-09 00:00:00+00:00,3011.84,3186.0,2893.23,3160.52,0,1129584.61614,3453771928.0603356,2114151.0,561464.36607,1719164995.690605,0.04936168799907037,0.04818206312210016
2021-08-10 00:00:00+00:00,3160.51,3233.0,3051.22,3141.66,0,880675.74443,2763516346.6677885,1824522.0,446954.52251,1403643255.700469,-0.005967372457696851,-0.005985248375036889
2021-08-11 00:00:00+00:00,3141.14,3274.0,3120.27,3160.5,0,732546.60433,2351996141.79722,1786853.0,363763.55938,1168247882.8953278,0.005996829701495399,0.005978920282418088
2021-08-12 00:00:00+00:00,3160.4,3239.0,2979.29,3045.96,0,737628.45808,2283938414.771762,1587719.0,349848.69183,1083322209.190179,-0.03624110109159939,-0.03691412051983356
2021-08-13 00:00:00+00:00,3046.11,3327.83,3033.8,3322.32,4,579333.40323,1867199038.7077763,1311322.0,302432.48843,975151109.1948576,0.09073001615254306,0.08684721165507092
2021-08-14 00:00:00+00:00,3322.33,3330.98,3200.0,3263.16,0,486102.53787,1587713825.6861787,1014420.0,237085.55544,774933248.7153627,-0.01780683377880532,-0.017967283025718928
2021-08-15 00:00:00+00:00,3263.16,3320.0,3111.13,3307.09,0,565579.67765,1813755247.625386,1224556.0,278202.49839,892667696.2892821,0.013462410669412561,0.013372597588087842
2021-08-16 00:00:00+00:00,3307.35,3335.0,3135.22,3146.53,0,635667.05422,2062860388.3954494,1940766.0,299737.20397,973748229.973464,-0.04855023600809172,-0.04976839028511826
2021-08-17 00:00:00+00:00,3147.18,3290.0,2991.89,3011.72,0,804996.06971,2535149204.537598,1644472.0,374586.04818,1180969163.5711126,-0.04284402182721936,-0.04378891421362674
2021-08-18 00:00:00+00:00,3011.73,3125.81,2950.0,3014.55,0,625103.2556800001,1902429362.9636242,1093813.0,312124.66699,950560051.1196572,0.0009396623856137154,0.0009392211792818017
2021-08-19 00:00:00+00:00,3014.18,3188.0,2958.33,3184.12,0,634769.92174,1931520693.610396,1297759.0,323213.07804,984487319.539263,0.05625051831948369,0.054725390405797825
2021-08-20 00:00:00+00:00,3184.11,3300.0,3177.16,3284.82,0,558127.4554,1809283029.2179065,1137843.0,279786.28754,907257350.5530814,0.03162569249902658,0.031135900200595756
2021-08-21 00:00:00+00:00,3284.81,3309.16,3207.0,3223.43,0,421156.09084,1375973641.1631632,777622.0,211442.3087,691281509.7907202,-0.01868899970165805,-0.01886584590860174
2021-08-22 00:00:00+00:00,3223.36,3272.0,3126.42,3238.0,0,406479.07654000004,1304347038.5713573,803263.0,200170.96021,642534234.4598523,0.004520029906031731,0.0045098452492933205
2021-08-23 00:00:00+00:00,3238.0,3377.89,3230.02,3321.28,0,602103.44614,2000534992.1483486,1520784.0,307844.29088,1023003561.2471209,0.025719579987646846,0.02539439553934386
2021-08-24 00:00:00+00:00,3321.28,3357.85,3147.31,3170.62,0,540480.07853,1758604481.5998473,984324.0,255974.71494,833541906.1232421,-0.04536202909721565,-0.04642309843336179
2021-08-25 00:00:00+00:00,3170.63,3248.0,3080.0,3226.87,0,483697.69444,1534476278.2531996,1031704.0,237587.76403,754272690.4561902,0.01774100964480141,0.017585474802418233
2021-08-26 00:00:00+00:00,3226.88,3250.0,3053.3,3093.2,0,442298.47372,1382397989.4504704,959232.0,210645.9104,658517127.7445049,-0.04142404249318998,-0.0423064734111005
2021-08-27 00:00:00+00:00,3093.06,3280.0,3060.18,3273.45,0,451027.80711,1434311977.245256,802187.0,231317.4704,735958225.3697007,0.058272985904564756,0.05663832085823728
2021-08-28 00:00:00+00:00,3273.89,3287.0,3210.31,3244.48,0,262360.34921,850631439.0532795,539377.0,128912.53425,418041843.9212773,-0.008849990071636893,-0.008889383828902808
2021-08-29 00:00:00+00:00,3244.75,3285.0,3152.34,3223.47,0,335806.7827,1078681950.902087,661232.0,168361.7531,541070972.50378,-0.006475613965874372,-0.006496671711104796
2021-08-30 00:00:00+00:00,3223.47,3347.95,3143.0,3229.64,0,625347.27541,2027490192.4973872,1228525.0,317195.90286,1029315993.3941461,0.0019140863727598045,0.00191225684365115
2021-08-31 00:00:00+00:00,3229.14,3476.0,3188.77,3429.2,0,863071.13092,2895209449.707765,1772849.0,431197.75023,1446458670.5660667,0.061790168563678805,0.05995632190783873
2021-09-01 00:00:00+00:00,3429.19,3842.0,3382.22,3826.82,0,845759.95868,3038498667.85424,2022132.0,445083.48573,1600713524.7388706,0.11595124227225018,0.10970717328449098
2021-09-02 00:00:00+00:00,3826.82,3836.8,3717.04,3785.82,0,525165.7996,1981758437.085756,1402190.0,255406.3611,963939552.296903,-0.010713856413418932,-0.010771663031670542
2021-09-03 00:00:00+00:00,3785.82,4027.88,3705.05,3938.11,0,655903.75739,2557662974.330016,1678132.0,334965.95109,1306320160.6493835,0.040226423865899585,0.03943840471242588
2021-09-04 00:00:00+00:00,3938.11,3970.0,3832.5,3885.52,0,364478.1193,1422981232.233712,996623.0,176186.7034,688072330.17936,-0.013354121647186079,-0.013444089791113
2021-09-05 00:00:00+00:00,3885.61,3980.0,3830.0,3950.29,0,365759.8597,1432553302.476841,1083584.0,187163.4226,733284736.185792,0.01666958347917391,0.01653217094300352
2021-09-06 00:00:00+00:00,3950.28,3970.0,3864.3,3926.77,0,397768.5783,1562560096.37577,865160.0,199177.0547,782756030.92282,-0.005953993251128442,-0.005971788941049994
2021-09-07 00:00:00+00:00,3926.67,3947.15,3005.0,3434.57,0,1203536.00209,4298119218.282754,2359100.0,567117.08258,2025608219.4950175,-0.12534474899217418,-0.13392546911066106
2021-09-08 00:00:00+00:00,3434.84,3560.0,3215.16,3499.0,0,780611.7657,2665272033.980108,1783652.0,385803.0214,1318127754.089355,0.01875926244042181,0.018585477497662595
2021-09-09 00:00:00+00:00,3499.01,3567.06,3390.4,3424.93,0,628553.8831,2194182935.338638,1147283.0,313804.0919,1095691059.372896,-0.02116890540154337,-0.021396179836425944
2021-09-10 00:00:00+00:00,3424.94,3514.11,3150.0,3208.86,0,633026.2659,2107283581.30531,1128069.0,312620.0773,1041506592.916316,-0.06308742076480389,-0.06516529967132811
2021-09-11 00:00:00+00:00,3208.85,3348.37,3200.0,3267.21,0,413524.1761,1355587141.453793,833958.0,207506.7378,680210107.377414,0.01818402797255092,0.018020675830507926
2021-09-12 00:00:00+00:00,3267.1,3474.16,3231.1,3404.21,0,408858.9595,1379322044.697631,1089138.0,203397.6282,686413591.484902,0.041931801139198255,0.04107649122685153
2021-09-13 00:00:00+00:00,3404.3,3430.3,3108.49,3285.35,0,647855.7199,2103663103.0677478,1363198.0,311994.072,1013528553.212599,-0.034915589813789394,-0.035539709773022565
2021-09-14 00:00:00+00:00,3285.09,3437.05,3269.95,3434.37,0,373634.9026,1249733657.132103,894664.0,187175.3987,626226181.393532,0.04535894196965318,0.04436031157768383
2021-09-15 00:00:00+00:00,3434.37,3616.16,3357.78,3613.55,0,428507.5278,1486156273.791875,977023.0,216020.2616,749354190.414229,0.0521725964296218,0.050857165905489055
2021-09-16 00:00:00+00:00,3613.55,3676.28,3481.14,3567.98,0,467985.4919,1680487713.224465,1081868.0,231345.773,831073629.5048931,-0.012610867429536099,-0.012691059324421161
2021-09-17 00:00:00+00:00,3567.97,3594.17,3350.07,3399.81,0,398888.3705,1383268101.517886,867583.0,195646.9993,678415330.952951,-0.04713311173268908,-0.04828006161318754
2021-09-18 00:00:00+00:00,3399.89,3541.96,3368.88,3435.64,0,315162.7627,1090387917.429689,692204.0,154824.5614,535810347.479779,0.010538824228412791,0.01048367793338656
2021-09-19 00:00:00+00:00,3435.64,3456.53,3277.74,3328.62,0,312948.0013,1052980779.84908,687285.0,151230.7096,509076793.307809,-0.031149945861615347,-0.031645421956531194
2021-09-20 00:00:00+00:00,3328.57,3347.82,2913.39,2977.28,0,917939.57849,2834781758.8926153,1708278.0,438137.50219,1353089301.934755,-0.10555124946674588,-0.1115476716565551
2021-09-21 00:00:00+00:00,2977.32,3105.83,2652.0,2765.9,0,971519.88941,2827179157.4349656,1754962.0,468088.16275,1365275107.8553398,-0.07099768916595017,-0.07364405272892771
2021-09-22 00:00:00+00:00,2766.72,3088.88,2737.54,3076.92,0,677457.64825,1993084668.614384,1200519.0,356419.52515,1049114512.68168,0.11244802776673057,0.10656301735282803
2021-09-23 00:00:00+00:00,3076.92,3174.5,3033.85,3152.5,0,459293.8858,1428616217.718121,885568.0,230448.3995,716904113.011812,0.024563524563524508,0.024266692205038964
2021-09-24 00:00:00+00:00,3152.41,3158.52,2733.0,2928.53,0,932090.8856,2715718192.370976,1607374.0,447178.1607,1302897206.37027,-0.07104520222045985,-0.07369519820941228
2021-09-25 00:00:00+00:00,2928.22,2967.52,2801.57,2921.73,0,491974.0226,1428143403.478111,934301.0,245314.6092,712408056.645926,-0.0023219840670917202,-0.002324684052454451
2021-09-26 00:00:00+00:00,2921.84,3115.51,2738.17,3059.37,0,703594.478,2062409598.894876,1347301.0,346152.9053,1015957876.595305,0.04710907578729029,0.0460331058195953
2021-09-27 00:00:00+00:00,3059.36,3164.94,2922.71,2925.59,0,510130.7319,1564096695.372967,1043885.0,249913.2903,766484764.136042,-0.043727957063055434,-0.0447128426697434
2021-09-28 00:00:00+00:00,2924.76,2970.82,2789.0,2804.91,0,511325.4643,1477983245.669702,928494.0,250476.1527,724263328.002969,-0.0412497991858054,-0.042124716846513977
2021-09-29 00:00:00+00:00,2805.15,2950.0,2782.0,2850.45,2,411305.0893,1180681056.162314,748804.0,207837.6036,596539497.02346,0.016235815052889402,0.016105423654930284
2021-09-30 00:00:00+00:00,2850.45,3048.42,2837.19,3000.61,0,506896.7612,1514341937.307116,992243.0,255146.8926,762091704.426968,0.052679401498009204,0.05133872477868273
2021-10-01 00:00:00+00:00,3000.62,3330.0,2969.07,3309.91,0,648714.6151,2063112280.667791,1446386.0,336578.1769,1070284895.056629,0.103079040595079,0.09810539735495993
2021-10-02 00:00:00+00:00,3309.91,3469.0,3257.0,3387.76,0,422551.1811,1417055615.816637,1046194.0,215469.0975,722876150.36715,0.02352027698638337,0.02324793734102215
2021-10-03 00:00:00+00:00,3387.77,3488.0,3342.51,3417.73,0,360586.8905,1231536168.315363,816339.0,183173.9282,625701691.951877,0.008846553474862295,0.008807651981751263
2021-10-04 00:00:00+00:00,3417.73,3437.19,3270.0,3386.31,0,485204.642,1631562261.554976,1090407.0,234726.4574,789540744.903459,-0.009193236446413233,-0.009235755034168847
2021-10-05 00:00:00+00:00,3386.31,3545.0,3363.78,3515.27,0,393900.8818,1355905889.610947,1025512.0,198949.7787,684720843.632569,0.03808275084088586,0.03737550299278425
2021-10-06 00:00:00+00:00,3515.48,3632.11,3342.0,3574.89,0,618265.5402,2172519696.562985,1444856.0,309931.1456,1089939304.811416,0.01696029039021174,0.016818070473448188
2021-10-07 00:00:00+00:00,3574.88,3653.98,3470.8,3587.47,0,486102.3591,1736906584.27609,1252503.0,243095.0309,868883834.301905,0.0035189893954779006,0.003512812239616636
2021-10-08 00:00:00+00:00,3587.47,3695.0,3532.0,3563.13,0,403597.1437,1455713871.288283,1084792.0,199496.5173,719958341.956916,-0.006784725725929364,-0.006807846616124991
2021-10-09 00:00:00+00:00,3563.13,3635.0,3538.07,3574.82,0,361906.7514,1299757023.499163,1175683.0,181998.6895,653707840.812712,0.0032808233210688265,0.003275453162723707
2021-10-10 00:00:00+00:00,3574.83,3604.0,3405.0,3414.22,0,580223.6302,2049128230.344259,1765439.0,283364.0936,1001342447.915331,-0.0449253388981824,-0.045965762393031184
2021-10-11 00:00:00+00:00,3414.22,3623.8,3371.0,3542.12,0,493521.882,1743391083.658808,1110340.0,241854.8172,853789828.787545,0.037460972052181685,0.03677635511606603
2021-10-12 00:00:00+00:00,3542.12,3547.11,3403.21,3491.46,0,409377.1918,1425455761.406618,925699.0,201641.4148,702321739.232061,-0.014302169322326752,-0.014405431106840894
2021-10-13 00:00:00+00:00,3491.43,3613.0,3412.7,3607.42,0,393463.1222,1376610269.516408,902525.0,201681.7182,706082588.659431,0.033212466990886425,0.032672848553593425
2021-10-14 00:00:00+00:00,3607.41,3824.0,3586.04,3790.82,0,481894.1473,1792792932.944189,1430307.0,251733.9105,936783652.887338,0.05083965825991976,0.049589519133364846
2021-10-15 00:00:00+00:00,3790.82,3907.77,3734.1,3868.99,0,504321.732,1924965953.858499,1399937.0,254168.49349999998,970514136.648077,0.020620868308175888,0.020411136536653274
2021-10-16 00:00:00+00:00,3868.38,3971.0,3803.56,3829.96,0,373727.8549,1452752901.397648,1037769.0,187096.1122,727596178.479473,-0.010087904078325272,-0.010139131794053569
2021-10-17 00:00:00+00:00,3829.96,3919.19,3640.0,3846.85,0,368898.9831,1406207658.840768,1025324.0,178427.9421,680830276.477113,0.00440996772812241,0.004400272314299514
2021-10-18 00:00:00+00:00,3847.0,3893.14,3676.0,3744.96,0,401819.9734,1520728621.310328,994548.0,195898.47269999998,741595496.941215,-0.02648660592432761,-0.02684369558382116
2021-10-19 00:00:00+00:00,3744.96,3886.89,3732.0,3877.03,0,341268.3723,1300066269.933142,925015.0,174324.5608,664357630.012369,0.03526606425702816,0.0346584605962974
2021-10-20 00:00:00+00:00,3876.98,4169.0,3828.05,4161.15,0,537383.09732,2149449047.3673105,1766454.0,279381.99444,1118325109.6206875,0.07328289953907996,0.0707220817771681
2021-10-21 00:00:00+00:00,4161.37,4375.0,4013.13,4052.99,0,798566.55805,3335123440.998212,2380751.0,404846.9768,1692164862.5576446,-0.02599281448637991,-0.026336598042769666
2021-10-22 00:00:00+00:00,4053.0,4167.41,3888.0,3972.2,0,463222.5428,1872218697.851097,1133846.0,222124.1917,898314133.554093,-0.01993343186141594,-0.02013478295240745
2021-10-23 00:00:00+00:00,3972.19,4172.0,3937.51,4167.12,0,326576.9601,1323345505.757517,940891.0,168280.0749,682461302.9820809,0.04907104375409088,0.04790505233930098
2021-10-24 00:00:00+00:00,4167.13,4186.57,3961.5,4082.33,0,350115.8386,1421627004.334803,917969.0,173779.212,705808722.830333,-0.020347386204380924,-0.020557245877643737
2021-10-25 00:00:00+00:00,4082.33,4236.0,4067.71,4220.37,0,347438.6534,1445430078.54488,939963.0,173328.5306,721155504.756785,0.033814022874191885,0.03325489808536197
2021-10-26 00:00:00+00:00,4220.36,4297.0,4090.21,4131.52,0,414498.1599,1739912498.469915,1285913.0,205853.06889999998,864564656.686144,-0.021052656520636703,-0.02127742392535481
2021-10-27 00:00:00+00:00,4131.52,4307.0,3909.0,3922.0,0,704604.25,2874313313.398058,1872190.0,342946.2522,1399582259.368619,-0.050712570676167745,-0.052043650230062966
2021-10-28 00:00:00+00:00,3921.99,4295.0,3890.17,4286.02,0,626378.5055,2587268364.261439,1711575.0,331721.6797,1370287598.125038,0.09281489036206025,0.08875683562192016
2021-10-29 00:00:00+00:00,4286.01,4460.47,4265.97,4418.89,0,559231.07691,2440933126.0486555,1799386.0,299827.57771,1309028738.7546902,0.031000788610412444,0.03052996993308632
2021-10-30 00:00:00+00:00,4418.89,4434.06,4232.2,4322.68,0,340223.069,1469664811.936835,1035476.0,164985.5425,712725589.416983,-0.021772436064260492,-0.022012953052922057
2021-10-31 00:00:00+00:00,4322.68,4399.14,4164.35,4287.21,0,412856.2893,1764886607.687624,1303438.0,207029.193,885572414.319753,-0.008205557663301555,-0.008239408555731131
2021-11-01 00:00:00+00:00,4287.48,4386.58,4146.3,4319.43,0,417620.7073,1794319887.30236,1134036.0,208433.9365,895858147.040655,0.007515377133380463,0.007487277385632041
2021-11-02 00:00:00+00:00,4319.43,4599.6,4284.43,4589.89,0,468184.79301,2083371519.806827,1657233.0,245450.7112,1092310373.4304738,0.0626147431489803,0.06073260953753312
2021-11-03 00:00:00+00:00,4589.68,4665.87,4455.0,4603.35,0,448658.35125,2051737308.012625,1580640.0,221693.79026,1014198753.1220546,0.0029325321521866954,0.002928240667671389
2021-11-04 00:00:00+00:00,4603.35,4606.65,4420.08,4532.32,0,368218.25695,1663942873.793036,1019675.0,180789.4819,817221755.7173281,-0.01543006723364515,-0.015550349635635285
2021-11-05 00:00:00+00:00,4532.31,4570.05,4438.8,4474.24,0,305651.7244,1375503505.227947,893068.0,152155.8565,684734029.750039,-0.012814629152398727,-0.012897444774280231
2021-11-06 00:00:00+00:00,4474.24,4530.0,4326.17,4518.0,0,322154.0973,1429791261.319524,868676.0,162175.6278,720042764.54545,0.009780431983979376,0.009732913144382849
2021-11-07 00:00:00+00:00,4518.0,4637.98,4502.37,4612.59,0,243596.5952,1115635571.36518,834745.0,124167.1925,568809173.880069,0.020936254980079783,0.02072010332559593
2021-11-08 00:00:00+00:00,4612.59,4822.97,4612.0,4807.98,0,391102.31806,1850800839.6928573,1344244.0,202324.49531,957541306.1850827,0.042360149070261865,0.04148751611906931
2021-11-09 00:00:00+00:00,4807.98,4838.28,4713.89,4732.33,0,311267.57998,1489567265.6696913,995668.0,147968.47588,708147066.5785882,-0.015734258461973516,-0.015859355851562285
2021-11-10 00:00:00+00:00,4732.33,4868.0,4461.93,4628.78,0,553596.99163,2600175501.1604886,1492374.0,270065.18221,1268630239.571584,-0.021881398803549224,-0.022124347182797877
2021-11-11 00:00:00+00:00,4628.68,4779.0,4576.47,4719.0,0,303688.9765,1425610198.742417,909164.0,157894.3577,741000169.592689,0.019491097006122615,0.019303578288132783
2021-11-12 00:00:00+00:00,4719.0,4809.71,4507.85,4665.46,0,461580.0415,2146130116.871767,1206412.0,233963.1159,1088185088.951037,-0.011345624072896743,-0.011410476661028568
2021-11-13 00:00:00+00:00,4665.47,4707.6,4584.08,4644.28,0,220720.6611,1026142451.546252,731125.0,118424.284,550635027.19302,-0.004539745276993079,-0.004550081214127033
2021-11-14 00:00:00+00:00,4644.27,4696.05,4514.12,4626.5,0,245309.0674,1126786539.405778,623491.0,122672.4061,563409641.23753,-0.0038283652148448644,-0.0038357121621466206
2021-11-15 00:00:00+00:00,4626.5,4772.01,4540.0,4563.78,0,375421.6601,1752738875.791921,1061676.0,193844.8631,905084671.525607,-0.013556684318599466,-0.013649415199347814
2021-11-16 00:00:00+00:00,4563.77,4563.77,4103.0,4209.76,0,735857.063,3163788841.066021,1741259.0,354749.4963,1525045237.187241,-0.0775716620871294,-0.08074558856416836
2021-11-17 00:00:00+00:00,4209.59,4299.91,4063.48,4287.8,0,472852.1842,1980248927.711231,1146593.0,230168.3863,964335338.194658,0.018537873893048618,0.01836814194626335
2021-11-18 00:00:00+00:00,4288.07,4344.81,3956.44,3996.9,0,576945.1837,2387588164.850108,1319866.0,271503.5573,1123646212.609458,-0.06784364942394705,-0.07025472023755519
2021-11-19 00:00:00+00:00,3996.9,4308.97,3973.01,4294.76,0,420045.0897,1740904041.283998,984517.0,220791.4006,915311333.172286,0.07452275513522988,0.07187661429380654
2021-11-20 00:00:00+00:00,4294.75,4435.88,4199.86,4412.17,0,365584.578,1577172914.2160761,888090.0,184875.76260000002,797947406.834007,0.027337965334500502,0.026970956981331895
2021-11-21 00:00:00+00:00,4412.17,4451.0,4242.41,4258.31,0,340206.3203,1479842945.950397,836925.0,163875.6246,712849742.985788,-0.03487172978375708,-0.03549426397268718
2021-11-22 00:00:00+00:00,4259.7,4320.0,4022.74,4085.97,0,518501.3338,2167112891.865733,1162581.0,252693.2206,1055865143.426048,-0.04047145463810775,-0.04131321373002095
2021-11-23 00:00:00+00:00,4086.28,4385.59,4059.62,4339.44,0,502811.7902,2125825553.222323,1098270.0,257182.2577,1087600936.697824,0.06203422932620639,0.06018615330430066
2021-11-24 00:00:00+00:00,4339.45,4373.94,4167.65,4269.36,0,448727.0306,1913428104.737214,990018.0,224088.23619999998,955466127.579108,-0.01614954925059453,-0.0162813744258834
2021-11-25 00:00:00+00:00,4270.1,4550.0,4248.27,4524.85,0,445868.24340000004,1962939107.447745,1123629.0,231824.3193,1020486293.959096,0.05984269305001244,0.05812049432818611
2021-11-26 00:00:00+00:00,4524.48,4551.0,3913.0,4041.2,0,720245.1612,2994490664.021844,1654553.0,348872.8661,1449711434.447617,-0.10688752113329736,-0.1130427498597335
2021-11-27 00:00:00+00:00,4041.2,4183.66,4028.34,4095.29,0,275326.52019999997,1133169071.35039,723831.0,136157.3482,560538419.1334879,0.013384638226269452,0.01329585529692956
2021-11-28 00:00:00+00:00,4095.29,4298.51,3964.0,4294.78,0,346471.3551,1421535999.752079,842343.0,174386.8187,716242629.180937,0.04871205702160286,0.047562798904367654
2021-11-29 00:00:00+00:00,4294.77,4458.92,4276.89,4444.53,0,406881.2284,1772611136.392454,947503.0,197615.3669,861297710.0512381,0.03486790941561613,0.0342737948197005
2021-11-30 00:00:00+00:00,4444.54,4753.0,4346.36,4630.26,0,743024.4662,3391424543.472383,1808789.0,382798.4648,1747000994.593408,0.041788445572422894,0.04093889543660367
2021-12-01 00:00:00+00:00,4630.25,4778.75,4523.99,4582.95,0,508198.3105,2382156066.737272,1367302.0,246310.7878,1154670707.221559,-0.010217568775835573,-0.0102701264459224
2021-12-02 00:00:00+00:00,4582.95,4634.83,4433.0,4511.21,0,451861.9545,2047468326.8026571,1062149.0,226209.1863,1025021244.456828,-0.015653672852638523,-0.01577748536965018
2021-12-03 00:00:00+00:00,4511.35,4654.88,4032.5,4215.73,0,677974.8659,2972156867.637412,1516700.0,333149.3796,1461878585.380166,-0.0654990567940753,-0.0677426427708987
2021-12-04 00:00:00+00:00,4215.01,4238.59,3503.68,4117.25,0,1111773.1450999998,4370074804.513231,2264288.0,530635.0464,2087295412.430941,-0.023360129799583795,-0.023637302670389104
2021-12-05 00:00:00+00:00,4117.25,4248.19,4031.39,4196.44,0,536325.4413000001,2224220852.279197,1088546.0,267574.1867,1110245049.715657,0.01923371182221123,0.019051082037375267
2021-12-06 00:00:00+00:00,4196.44,4376.15,3921.0,4347.59,0,726742.9638,2991267298.82173,1447061.0,359456.3673,1481368763.448508,0.03601862531097799,0.03538512177508757
2021-12-07 00:00:00+00:00,4347.57,4425.0,4255.92,4306.4,0,420749.751,1830621575.426944,986492.0,209138.1349,910268147.820948,-0.009474214449844753,-0.009519380320032411
2021-12-08 00:00:00+00:00,4306.4,4450.49,4222.95,4436.91,0,429403.9351,1868281437.565388,991178.0,218029.7487,949111222.931751,0.030306056102544998,0.029855899950780085
2021-12-09 00:00:00+00:00,4436.91,4488.0,4076.16,4105.64,0,462173.711,1970732612.694487,1038790.0,220095.1564,939705730.525763,-0.07466232130018402,-0.07759655003333599
2021-12-10 00:00:00+00:00,4105.64,4231.08,3887.37,3897.94,0,563236.5671,2287155262.156313,1098758.0,275875.2948,1121490841.658745,-0.05058894593778318,-0.05191342972413082
2021-12-11 00:00:00+00:00,3898.31,4097.08,3828.22,4089.37,0,427853.4343,1711893271.974861,831899.0,219400.09649999999,877920201.044637,0.049110555832054814,0.04794271550246698
2021-12-12 00:00:00+00:00,4089.68,4173.63,3986.25,4130.0,0,260535.5157,1061361793.041272,591319.0,132750.983,540996287.574902,0.009935515739588174,0.009886483012550684
2021-12-13 00:00:00+00:00,4130.0,4142.75,3671.45,3781.93,0,533467.2307,2068534029.551105,1144882.0,254674.9584,987547550.403958,-0.08427845036319614,-0.08804294563350723
2021-12-14 00:00:00+00:00,3781.92,3882.74,3685.0,3858.99,0,395145.7462,1499985094.813692,915721.0,201941.9271,767055531.293764,0.02037583984896596,0.020171029867780632
2021-12-15 00:00:00+00:00,3858.99,4092.22,3643.73,4019.08,0,542068.0573,2102151850.1145852,1238234.0,279106.549,1083422761.69731,0.04148494813409731,0.040647529510854596
2021-12-16 00:00:00+00:00,4019.54,4113.43,3942.11,3958.11,0,368780.031,1489983161.888796,848885.0,183514.6827,741663724.896475,-0.015170138439642877,-0.01528638210983324
2021-12-17 00:00:00+00:00,3959.11,3994.1,3700.0,3875.42,0,463370.9225,1789265513.242975,1052871.0,229084.7318,885680674.009295,-0.020891283971390395,-0.021112594579609123
2021-12-18 00:00:00+00:00,3875.43,3996.93,3767.01,3959.93,0,339593.25430000003,1326617546.276588,740899.0,169241.7877,661219380.083755,0.02180666869655412,0.0215723043138496
2021-12-19 00:00:00+00:00,3959.93,4032.43,3884.0,3924.14,0,306006.323,1208752533.595065,688078.0,155815.0605,615474823.433924,-0.009038038551186456,-0.009079129396086572
2021-12-20 00:00:00+00:00,3924.14,3983.37,3753.0,3944.73,0,366916.4771,1416566980.691001,844070.0,174604.9108,674073059.621831,0.005247009535847447,0.005233291944611196
2021-12-21 00:00:00+00:00,3944.72,4063.0,3913.21,4014.15,0,340826.3553,1364232642.488108,799127.0,166855.95990000002,668028914.5581369,0.017598162611889734,0.01744510799270671
2021-12-22 00:00:00+00:00,4014.41,4074.87,3933.4,3979.51,0,303191.8076,1215914916.525937,675826.0,145269.3136,582537202.288927,-0.008629473238419005,-0.008666922744597017
2021-12-23 00:00:00+00:00,3979.51,4150.0,3893.23,4111.41,0,380207.8166,1525274496.506047,911905.0,194409.2359,780346994.886132,0.0331447841568433,0.032607339228881926
2021-12-24 00:00:00+00:00,4111.41,4134.84,4017.17,4046.36,0,230833.1661,943702137.854923,593513.0,108806.89749999999,444971527.996165,-0.015821822683702136,-0.015948323813459453
2021-12-25 00:00:00+00:00,4046.35,4137.91,4018.62,4094.83,0,208126.8805,846912042.129082,515115.0,100652.6926,409702072.869234,0.011978667246611785,0.011907490847253399
2021-12-26 00:00:00+00:00,4094.36,4105.0,4000.0,4063.56,0,189309.255,767315615.2688661,496076.0,88120.2395,357288552.818294,-0.007636458656403278,-0.007665765703514182
2021-12-27 00:00:00+00:00,4063.57,4127.46,4031.0,4037.23,0,222225.3761,905682624.776776,557367.0,105491.2656,430072907.835348,-0.006479540107688808,-0.006500623450616416
2021-12-28 00:00:00+00:00,4037.22,4037.23,3759.36,3792.75,0,358064.71630000003,1393962041.501678,846780.0,163464.6181,636073474.341983,-0.06055637157159732,-0.0624674636015925
2021-12-29 00:00:00+00:00,3792.75,3827.78,3604.2,3630.19,0,302753.6375,1136202240.431213,719559.0,138893.5886,521509292.190415,-0.04286072111264916,-0.043806361141282224
2021-12-30 00:00:00+00:00,3630.18,3769.1,3585.0,3709.27,0,249263.7305,921537785.386881,583361.0,125440.9911,463883545.332373,0.02178398375842594,0.021550103255039588
2021-12-31 00:00:00+00:00,3709.27,3815.0,3622.29,3676.23,0,268014.2942,1001765030.138141,617370.0,131438.1771,491454123.810568,-0.008907413048928725,-0.008947321214971993
2022-01-01 00:00:00+00:00,3676.22,3776.45,3673.46,3765.54,0,154143.89680000002,574718328.452744,408666.0,76937.9798,286855413.588924,0.024293909793456914,0.024003506717260592
2022-01-02 00:00:00+00:00,3765.54,3857.44,3717.3,3828.27,0,154791.4263,585374957.7304599,450610.0,81170.5053,307056603.74279,0.016658965248012247,0.016521726756629107
2022-01-03 00:00:00+00:00,3828.11,3853.09,3680.0,3765.89,0,236245.8586,892944105.552994,594541.0,114525.6299,433084435.776656,-0.016294566475196448,-0.016428782919867047
2022-01-04 00:00:00+00:00,3765.89,3900.73,3713.11,3785.11,0,288258.5549,1098182607.925726,676651.0,147451.4285,561958201.762099,0.005103707224587195,0.0050907274554319315
2022-01-05 00:00:00+00:00,3785.1,3848.0,3415.0,3540.63,0,397942.03630000004,1464819255.093511,962670.0,183641.1134,676663293.71856,-0.06458993265717505,-0.06677027114101364
2022-01-06 00:00:00+00:00,3539.82,3550.43,3300.0,3406.81,0,496745.7413,1698727637.365026,1006279.0,250536.4828,856938730.300548,-0.03779553356323595,-0.038528307826950936
2022-01-07 00:00:00+00:00,3406.81,3416.76,3064.42,3199.24,0,669631.7262,2149562773.329257,1307591.0,329420.1321,1057683053.114078,-0.06092796487036267,-0.06286308798824969
2022-01-08 00:00:00+00:00,3198.68,3250.0,3000.0,3080.95,0,400692.1061,1252795163.486269,814600.0,192818.0544,602863815.601238,-0.03697440642152505,-0.037675290612483536
2022-01-09 00:00:00+00:00,3080.98,3211.72,3057.35,3151.97,0,275874.1643,864505480.8817381,591523.0,140931.0384,441833198.219928,0.023051331569807987,0.022789663198233612
2022-01-10 00:00:00+00:00,3151.97,3185.0,2928.83,3082.68,0,529818.3866,1616550523.0972009,935157.0,259668.2416,792807641.846424,-0.021983077250100735,-0.022228305671767146
2022-01-11 00:00:00+00:00,3082.87,3263.54,3051.8,3239.72,0,362446.7087,1145852583.62298,668961.0,184190.5779,582792200.298909,0.05094268623405607,0.04968755780467582
2022-01-12 00:00:00+00:00,3239.73,3411.43,3206.2,3371.26,0,370465.8015,1226038697.472902,737196.0,193929.25699999998,641836657.478435,0.04060227427061602,0.0397996554094604
2022-01-13 00:00:00+00:00,3371.6,3410.0,3233.43,3240.61,0,336234.8799,1116293607.687924,666486.0,160295.7388,532448245.942649,-0.03875405634688511,-0.03952497803790678
2022-01-14 00:00:00+00:00,3240.61,3342.79,3188.0,3307.42,0,285326.3505,931347172.762881,572125.0,138986.6442,453872875.293877,0.020616488870922378,0.02040684557339212
2022-01-15 00:00:00+00:00,3307.42,3371.64,3261.0,3326.04,0,203100.3778,675484534.656949,444485.0,97533.1176,324387118.029709,0.005629765799323838,0.0056139778949315655
2022-01-16 00:00:00+00:00,3326.51,3393.6,3269.62,3346.88,0,210782.2277,701885138.83374,495317.0,105304.5398,350817972.668298,0.006265709372106132,0.0062461614271409616
2022-01-17 00:00:00+00:00,3346.89,3357.57,3141.1,3209.67,0,284063.6548,922568646.923763,646419.0,138706.976,450497992.462888,-0.040996390668323945,-0.041860440464827064
2022-01-18 00:00:00+00:00,3209.68,3243.87,3082.0,3159.85,0,299134.2728,943140782.3899239,579484.0,147919.8085,466359496.762586,-0.015521844924867745,-0.015643570001207863
2022-01-19 00:00:00+00:00,3159.85,3174.87,3000.0,3084.02,0,332996.5703,1035249881.473593,647383.0,166361.989,517513738.78952897,-0.023997974587401272,-0.02429061735337079
2022-01-20 00:00:00+00:00,3084.02,3273.37,2987.15,3001.48,0,357596.7062,1124982397.810134,718946.0,178166.9919,561491222.664943,-0.02676376936595737,-0.027128440411800625
2022-01-21 00:00:00+00:00,3001.48,3034.12,2403.0,2568.15,0,1022021.70024,2828122722.883165,1723216.0,492708.32186,1364832200.329052,-0.14437210975918546,-0.15591970501576125
2022-01-22 00:00:00+00:00,2567.47,2626.0,2300.0,2412.18,0,1081357.54893,2652383041.9991856,1994513.0,527287.46361,1293783666.72144,-0.06073243385316285,-0.06265489239063449
2022-01-23 00:00:00+00:00,2412.18,2556.78,2370.8,2539.01,0,580497.7613,1431696375.615066,1053655.0,300885.431,742655338.314519,0.052578994934043166,0.051243338327108034
2022-01-24 00:00:00+00:00,2539.0,2539.75,2159.0,2439.29,0,1123134.70389,2592832133.2002006,1848889.0,556098.73488,1284560488.6860812,-0.03927515055080533,-0.04006722791866402
2022-01-25 00:00:00+00:00,2439.56,2506.55,2348.96,2458.83,0,510152.954,1237051148.4309,946366.0,261026.4288,633004042.497613,0.00801052765353849,0.007978613695370562
2022-01-26 00:00:00+00:00,2459.04,2722.0,2402.03,2462.99,0,806441.62289,2058599145.3419724,1384921.0,405477.92029,1034936471.4965833,0.0016918615764407452,0.0016904319908572774
2022-01-27 00:00:00+00:00,2463.0,2521.0,2316.43,2424.25,0,599481.7159,1448742950.458556,1029204.0,308517.357,745718418.79699,-0.015728849893828167,-0.015853860838317857
2022-01-28 00:00:00+00:00,2424.02,2558.98,2357.88,2544.99,0,485149.8065,1183543182.408244,884305.0,243890.0215,595442818.157094,0.04980509435907998,0.04860452251916314
2022-01-29 00:00:00+00:00,2544.99,2636.66,2520.01,2601.43,0,376666.8246,966725225.782995,656017.0,196742.3966,504979471.310492,0.0221769044279152,0.021934573111189515
2022-01-30 00:00:00+00:00,2601.43,2640.0,2542.5,2601.68,0,290770.0859,755039834.5651209,564478.0,147074.1889,381845687.596601,9.610099060908261e-05,9.609637320462383e-05
2022-01-31 00:00:00+00:00,2601.67,2706.77,2476.07,2686.94,0,444584.851,1154488527.579429,814997.0,226655.5532,589826074.939442,0.032771132499000766,0.03224560944220123
2022-02-01 00:00:00+00:00,2686.94,2813.0,2673.52,2787.23,0,390034.27362,1075341490.803359,790343.0,199367.04362,549663013.504231,0.0373249867879446,0.03664527146008467
2022-02-02 00:00:00+00:00,2787.48,2810.88,2612.72,2680.67,0,447852.1228,1215958780.122614,819863.0,225815.1234,613110822.300808,-0.038231505831955004,-0.038981507830389894
2022-02-03 00:00:00+00:00,2680.25,2726.64,2576.05,2695.46,0,405043.3931,1068724165.6218231,726013.0,207767.1368,548363711.879621,0.005517277397068643,0.0055021129741135155
2022-02-04 00:00:00+00:00,2695.21,2995.0,2671.4,2994.99,0,664002.9328,1889746043.715049,1235215.0,338287.35349999997,962701411.4837689,0.11112388979988563,0.10537201641158855
2022-02-05 00:00:00+00:00,2994.99,3060.47,2958.01,3012.65,0,356803.3071,1073972573.348673,730502.0,184328.5685,554943551.863471,0.00589651384478751,0.005879197444611961
2022-02-06 00:00:00+00:00,3012.64,3074.56,2950.21,3054.99,0,249394.5966,749957614.968609,522276.0,125512.02739999999,377549134.733216,0.014054071996415063,0.013956229187492397
2022-02-07 00:00:00+00:00,3055.0,3186.0,2991.8,3139.77,0,455070.25289999996,1410603197.756882,898923.0,236657.1049,733764574.0339249,0.02775131833492095,0.02737322953394461
2022-02-08 00:00:00+00:00,3139.77,3232.87,3025.21,3116.69,0,514773.5837,1602652876.881495,910882.0,258325.7281,804657758.050287,-0.007350856909901005,-0.0073780075942462275
2022-02-09 00:00:00+00:00,3116.69,3269.7,3055.0,3243.94,0,370267.8913,1171445663.964222,738015.0,200069.2719,633521333.368431,0.04082857133689899,0.04001709916230212
2022-02-10 00:00:00+00:00,3243.6,3283.66,3056.74,3072.49,0,578212.8383,1839815885.635639,1039160.0,294389.9508,937496491.538538,-0.05285239554369081,-0.054300332623624215
2022-02-11 00:00:00+00:00,3072.36,3138.62,2879.0,2927.54,0,462025.8751,1404238408.517842,912879.0,225347.5191,685621003.996612,-0.04717671985913696,-0.04832582784232464
2022-02-12 00:00:00+00:00,2927.54,2985.98,2858.3,2918.88,0,336250.31309999997,981432045.703354,608416.0,165039.9186,481542585.224781,-0.0029581150044063476,-0.0029624988740577507
2022-02-13 00:00:00+00:00,2918.58,2954.4,2836.7,2871.13,0,242751.3547,705260941.483037,444540.0,120559.5578,350481622.861807,-0.01635901441648857,-0.01649430055386336
2022-02-14 00:00:00+00:00,2871.14,2964.97,2829.01,2929.75,0,381778.238,1107566192.889658,607853.0,194221.8781,563663360.651539,0.02041704833985225,0.020211414652665738
2022-02-15 00:00:00+00:00,2929.75,3196.19,2912.06,3183.52,0,448971.754,1381094746.2108111,795924.0,237944.8724,732387823.956892,0.08661831214267424,0.08307040769222596
2022-02-16 00:00:00+00:00,3183.53,3186.77,3044.03,3122.3,0,319997.62440000003,999219896.168787,633447.0,155323.1493,485323462.455795,-0.019230285972759664,-0.019417593123566945
2022-02-17 00:00:00+00:00,3122.31,3160.0,2851.55,2891.87,0,488693.2624,1467352492.887897,840552.0,233828.0428,702011907.690017,-0.07380136437882334,-0.07666655802966371
2022-02-18 00:00:00+00:00,2891.88,2943.97,2750.0,2779.48,0,502977.4069,1428246802.953186,742459.0,249635.4651,708728873.886389,-0.03886412598076672,-0.039639491848837416
2022-02-19 00:00:00+00:00,2779.3,2830.96,2694.45,2763.63,0,293838.0025,812399991.55453,474447.0,141892.3022,392252672.874323,-0.005702505504626698,-0.005718826867157745
2022-02-20 00:00:00+00:00,2763.63,2764.64,2576.0,2621.99,0,386384.904,1023095361.857724,615990.0,179982.3854,476410884.46124,-0.05125143380264374,-0.05261146152787255
2022-02-21 00:00:00+00:00,2621.99,2759.51,2558.0,2568.02,0,761838.9858,2030019705.147237,1116485.0,375450.9358,1001341576.758087,-0.02058360253090208,-0.02079839749232182
2022-02-22 00:00:00+00:00,2568.03,2665.74,2500.0,2636.29,0,692639.4942,1787436157.608267,1047915.0,350929.3036,905871370.400486,0.026584683919907093,0.02623745180416126
2022-02-23 00:00:00+00:00,2636.28,2753.55,2575.83,2579.71,0,504470.1412,1347740672.085344,839481.0,248657.1745,664765649.80641,-0.021461978765613732,-0.021695636248493244
2022-02-24 00:00:00+00:00,2579.7,2740.0,2300.0,2596.2,0,1395732.7753,3417715584.187025,1774038.0,707050.4189,1732942191.413947,0.006392191370347744,0.006371847961708532
2022-02-25 00:00:00+00:00,2596.26,2834.97,2571.72,2768.49,0,679394.1762,1818778014.603611,1102014.0,360732.9676,966041209.409697,0.06636237577998605,0.06425320773330956
2022-02-26 00:00:00+00:00,2768.05,2878.0,2727.5,2779.47,0,418485.2529,1169315477.8095,781683.0,216251.6942,604354686.841964,0.003966060921296366,0.003958216834923256
2022-02-27 00:00:00+00:00,2779.47,2836.33,2557.98,2616.79,0,650198.7785,1757950720.803781,1149184.0,318022.3875,860366198.543408,-0.05852914404544751,-0.060311886271581905
2022-02-28 00:00:00+00:00,2616.79,2951.6,2568.62,2920.95,0,733794.4488,2004492152.838274,1203874.0,382192.1865,1045287838.386042,0.11623401190007598,0.10996053006015138
2022-03-01 00:00:00+00:00,2920.83,3037.94,2854.09,2976.33,0,673901.6976,1983738648.0916271,1237486.0,336703.7636,991272629.435511,0.018959585066502305,0.018782092086540025
2022-03-02 00:00:00+00:00,2976.33,3043.91,2914.21,2947.3,0,614623.7461,1828572588.461256,1050193.0,307323.4319,914601548.810062,-0.009753622750165336,-0.009801500906561067
2022-03-03 00:00:00+00:00,2947.31,2970.97,2785.0,2833.99,0,446192.2353,1282099960.458349,770738.0,215583.3099,619536616.122407,-0.038445356767210837,-0.03920388433278532
2022-03-04 00:00:00+00:00,2834.0,2836.17,2573.0,2622.1,0,556178.7588,1499282207.482794,934846.0,272794.9911,735559329.811336,-0.07476737744311024,-0.0777100892411875
2022-03-05 00:00:00+00:00,2622.11,2685.12,2589.38,2665.15,0,268730.3036,709708518.862464,531829.0,132344.5447,349622255.232099,0.01641813813355708,0.01628481777252766
2022-03-06 00:00:00+00:00,2665.16,2676.29,2535.0,2551.29,0,336487.9099,881200532.285509,528787.0,158089.6763,414180880.675667,-0.042721798022625435,-0.04366122760415703
2022-03-07 00:00:00+00:00,2551.3,2649.0,2445.0,2491.12,0,620171.6787,1575658962.135642,870430.0,311464.4996,791626717.895083,-0.023584147627278784,-0.023866705063867677
2022-03-08 00:00:00+00:00,2491.12,2624.0,2480.15,2575.97,0,561659.7421,1438848034.008704,812094.0,282902.6371,724775308.206749,0.034060984617360734,0.03349375366749108
2022-03-09 00:00:00+00:00,2575.98,2775.85,2567.7,2726.98,0,562771.7403,1524779168.022153,840331.0,296746.7595,803535349.967805,0.05862257712628649,0.05696860755825739
2022-03-10 00:00:00+00:00,2726.98,2733.25,2550.27,2606.7,0,559029.9377,1460470256.475736,740676.0,264792.3285,691745592.300447,-0.044107400861025825,-0.04510971623868443
2022-03-11 00:00:00+00:00,2606.69,2676.78,2522.57,2556.86,0,494583.6568,1281060913.835518,684407.0,248108.1042,642646386.107198,-0.019119960102811917,-0.019305110383114332
2022-03-12 00:00:00+00:00,2556.86,2616.79,2553.39,2568.8,0,219236.5711,567134036.8966761,327122.0,114440.83840000001,296103645.660044,0.004669790289652198,0.004658920645148612
2022-03-13 00:00:00+00:00,2568.8,2603.32,2493.0,2515.65,0,316942.1601,811775081.557994,444352.0,148692.8964,381067370.58215404,-0.020690594830271025,-0.02090764432955794
2022-03-14 00:00:00+00:00,2515.66,2609.6,2498.67,2589.41,0,386630.1912,991479973.091494,609122.0,201825.4663,517653965.184892,0.02932045395822147,0.028898831069852804
2022-03-15 00:00:00+00:00,2589.42,2669.0,2507.0,2617.73,0,461202.3014,1189436494.535537,686797.0,235635.14250000002,608109166.511669,0.0109368543413364,0.010877479473803575
2022-03-16 00:00:00+00:00,2617.74,2788.0,2603.38,2773.81,0,666224.7217,1792497068.36131,1055171.0,338488.8388,911512672.569373,0.059624178200196276,0.05791429638892609
2022-03-17 00:00:00+00:00,2773.8,2836.0,2746.42,2811.92,0,379312.541,1058301299.033757,597885.0,192019.3212,535967207.351335,0.013739225109145936,0.013645697645398691
2022-03-18 00:00:00+00:00,2811.91,2984.0,2765.59,2938.92,0,556535.7966,1590887965.76135,794774.0,295262.3263,844515701.627299,0.04516486955532173,0.044174642881809945
2022-03-19 00:00:00+00:00,2938.84,2987.7,2890.86,2950.84,0,325971.5398,961244629.511118,556406.0,167607.0765,494412072.82747495,0.00405591169545283,0.0040477086586596656
2022-03-20 00:00:00+00:00,2950.85,2964.17,2817.21,2861.38,0,377608.8214,1089196046.052685,651827.0,187345.6127,540409984.019528,-0.030316791150994282,-0.03078584964190778
2022-03-21 00:00:00+00:00,2861.39,2960.57,2829.81,2890.03,0,450223.9073,1305282353.585495,690648.0,231550.1453,671432670.696185,0.01001265123821371,0.00996285675314823
2022-03-22 00:00:00+00:00,2890.03,3052.85,2886.43,2969.64,0,564868.9839,1692559175.066055,920670.0,295987.2868,886799022.425233,0.027546426853700456,0.02717385065331257
2022-03-23 00:00:00+00:00,2969.64,3045.2,2920.65,3036.0,0,453962.7298,1350911495.416662,813052.0,226895.04739999998,675451952.823776,0.022346142966824356,0.022100126186770375
2022-03-24 00:00:00+00:00,3035.99,3129.11,2999.11,3110.76,0,577171.5239,1768485489.446136,853822.0,298092.17100000003,913674092.595102,0.0246245059288539,0.0243262097938981
2022-03-25 00:00:00+00:00,3110.75,3193.28,3076.0,3102.14,0,489099.5572,1532535177.917052,745999.0,245720.49730000002,770253604.029141,-0.0027710270159061468,-0.002774873418568191
2022-03-26 00:00:00+00:00,3102.13,3153.2,3084.9,3145.0,0,207134.847,646551585.682247,403089.0,103598.4935,323415530.754146,0.01381626876930131,0.013721694243690408
2022-03-27 00:00:00+00:00,3145.01,3299.37,3126.02,3295.65,0,335467.4145,1072163952.3220841,645675.0,181361.8562,579807710.285812,0.04790143084260734,0.046789526935947734
2022-03-28 00:00:00+00:00,3295.65,3431.15,3275.01,3332.92,0,527237.1133,1766636914.051384,964079.0,270854.1957,907605017.55763,0.011308846509793247,0.01124537954894933
2022-03-29 00:00:00+00:00,3332.91,3481.87,3329.68,3400.51,0,465899.8226,1590016971.388558,884317.0,231156.957,789137059.001019,0.02027951465981781,0.020076623735940657
2022-03-30 00:00:00+00:00,3400.51,3446.9,3331.84,3385.79,0,356082.5231,1206555998.567904,675015.0,181916.4148,616519459.519428,-0.004328762450338419,-0.004338158668316439
2022-03-31 00:00:00+00:00,3385.8,3444.83,3261.35,3281.51,0,455091.2395,1526047563.602515,770564.0,216602.7505,726452427.308718,-0.030799311239031235,-0.03128357939106152
2022-04-01 00:00:00+00:00,3281.51,3481.29,3210.68,3455.21,0,532169.2392,1780259682.532936,883079.0,268660.5014,899094037.962393,0.05293294855112429,0.05157955453477214
2022-04-02 00:00:00+00:00,3455.2,3532.2,3433.14,3443.77,0,499893.29,1740311567.806437,763785.0,245277.9443,854137231.658219,-0.003310942026678587,-0.003316435323908351
2022-04-03 00:00:00+00:00,3443.77,3580.34,3412.11,3521.91,0,381581.7683,1334671716.892238,619758.0,194051.9378,678865118.435445,0.022690249348824132,0.022436654560095803
2022-04-04 00:00:00+00:00,3521.9,3547.0,3405.97,3519.5,0,449984.1586,1564866359.686716,810677.0,227537.1061,791274569.736388,-0.0006842877870245623,-0.0006845220187727818
2022-04-05 00:00:00+00:00,3519.5,3555.0,3400.0,3406.99,0,397782.7437,1383264215.874245,674184.0,191093.8907,665052981.216132,-0.031967609035374434,-0.032489730525076865
2022-04-06 00:00:00+00:00,3407.0,3407.5,3162.39,3168.51,0,736273.1047,2411228209.986985,1098773.0,348042.4629,1140287731.802044,-0.06999727031778769,-0.07256775769697832
2022-04-07 00:00:00+00:00,3168.52,3268.98,3143.15,3227.19,0,458179.3272,1470465124.5820699,706382.0,233162.8713,748511375.248145,0.018519745874243654,0.01835034370763644
2022-04-08 00:00:00+00:00,3227.2,3314.02,3173.52,3192.39,0,502422.5048,1634901495.645322,810752.0,250684.5444,816205996.871715,-0.010783375010458118,-0.010841936976364153
2022-04-09 00:00:00+00:00,3192.39,3268.4,3181.28,3258.57,0,212444.2566,683630508.159035,386154.0,112210.74279999999,361094272.72425497,0.020730549838835488,0.02051859626141095
2022-04-10 00:00:00+00:00,3258.57,3307.22,3193.0,3203.04,0,232303.23260000002,756032282.614135,439811.0,110649.5741,360491570.066002,-0.017041217466557512,-0.017188089995409328
2022-04-11 00:00:00+00:00,3203.04,3213.63,2950.0,2979.74,0,693394.2912,2127486125.62208,969832.0,330445.6021,1013511043.007334,-0.06971502073030622,-0.07226431045245985
2022-04-12 00:00:00+00:00,2979.75,3085.0,2950.0,3027.66,0,579522.9505,1750871209.720005,742214.0,295005.6558,891311086.89011,0.016081940035036713,0.01595399554506738
2022-04-13 00:00:00+00:00,3027.65,3128.97,2996.86,3118.28,0,419101.494,1285303924.978813,623328.0,215591.5489,661284289.125812,0.029930705561390658,0.029491523824413335
2022-04-14 00:00:00+00:00,3118.28,3145.0,2976.3,3021.98,0,408382.5572,1249759777.271426,540399.0,195917.4896,599778999.052393,-0.030882409533460775,-0.03136932206332865
2022-04-15 00:00:00+00:00,3021.98,3060.92,2993.13,3040.56,0,249626.2981,755644733.734266,388136.0,127112.3808,384893733.16373104,0.006148286884757548,0.006129463284809233
2022-04-16 00:00:00+00:00,3040.57,3086.1,3010.03,3059.3,0,176352.4165,536234354.29734397,298000.0,91002.4595,276791716.298392,0.006163338332412449,0.006144422645443015
2022-04-17 00:00:00+00:00,3059.3,3083.0,2981.7,2988.06,0,243772.074,742151590.621933,389959.0,117250.931,357193639.075146,-0.023286372699637292,-0.023561784234964023
2022-04-18 00:00:00+00:00,2988.07,3069.6,2883.22,3055.56,0,510251.6536,1508168472.867298,703622.0,251979.4119,745071559.389888,0.022589907833175937,0.0223385344904532
2022-04-19 00:00:00+00:00,3055.56,3131.0,3030.34,3101.77,0,359375.0038,1106468538.117098,521060.0,187636.8495,577702948.841607,0.015123250729817128,0.015010034412272333
2022-04-20 00:00:00+00:00,3101.74,3166.5,3036.45,3076.04,0,415000.0685,1285353922.303612,571292.0,206446.813,639549546.682222,-0.008295263672032371,-0.008329860832956726
2022-04-21 00:00:00+00:00,3076.03,3180.0,2942.31,2983.58,0,562699.697,1736496193.473973,719659.0,281522.194,869855348.793117,-0.030058126682357855,-0.03051913369504966
2022-04-22 00:00:00+00:00,2983.57,3034.32,2930.35,2962.39,0,452433.082,1350044345.250315,604084.0,216294.7313,645524337.460469,-0.007102206074581563,-0.0071275467947717885
2022-04-23 00:00:00+00:00,2962.39,2978.03,2913.89,2933.03,0,187576.7324,554261385.8515301,348435.0,89693.7455,265012367.481114,-0.009910916523482638,-0.009960356592142894
2022-04-24 00:00:00+00:00,2933.04,2967.06,2912.09,2921.0,0,218957.0222,643702920.89106,354013.0,106460.84049999999,312977989.100133,-0.004101560502279278,-0.004109994972449904
2022-04-25 00:00:00+00:00,2920.99,3025.65,2797.01,3006.62,0,619198.3616000001,1789151245.6765049,804935.0,304457.3579,880321348.209418,0.029311879493324255,0.0288905008160647
2022-04-26 00:00:00+00:00,3006.63,3039.54,2767.0,2809.67,0,531184.3504,1544470478.04639,775652.0,259112.9956,754001908.13238,-0.06550545130412222,-0.0677494854947831
2022-04-27 00:00:00+00:00,2809.68,2919.87,2794.46,2888.96,0,488951.2416,1401317315.552324,669916.0,246670.3519,706994610.709575,0.028220395989564606,0.027829537040038765
2022-04-28 00:00:00+00:00,2888.95,2980.0,2853.83,2936.93,0,537392.9978,1567476627.908683,736818.0,273351.8061,797420928.348637,0.0166045912715993,0.016468242321469262
2022-04-29 00:00:00+00:00,2936.92,2946.46,2776.63,2817.13,0,525978.147,1503869186.333024,678273.0,255390.6462,730762583.362024,-0.04079089389260204,-0.04164618187415492
2022-04-30 00:00:00+00:00,2817.13,2841.63,2709.26,2726.66,0,367757.2469,1028113961.6327059,577285.0,171690.8377,480105516.792566,-0.032114243929105224,-0.032641219258456644
2022-05-01 00:00:00+00:00,2726.67,2849.9,2716.13,2824.81,0,442544.87919999997,1230927404.406151,539462.0,228341.6993,635079254.459124,0.035996420529145645,0.035363688743625055
2022-05-02 00:00:00+00:00,2824.81,2894.22,2778.78,2856.54,0,521706.8567,1476062750.216177,625431.0,269834.1299,763609796.903061,0.011232613874915476,0.01116999653563866
2022-05-03 00:00:00+00:00,2856.54,2861.47,2755.19,2781.7,0,371331.1796,1046307600.938906,490176.0,184363.8992,519353347.817204,-0.026199528100429248,-0.026548850637667876
2022-05-04 00:00:00+00:00,2781.7,2965.85,2771.74,2940.64,0,548738.0668,1572901182.250391,742950.0,288893.9402,828312420.078609,0.057137721537189545,0.055564993137648955
2022-05-05 00:00:00+00:00,2940.65,2954.65,2683.0,2747.97,0,734845.3194,2055752498.216567,935371.0,350520.4261,980883294.226925,-0.06551975080254646,-0.06776478746508285
2022-05-06 00:00:00+00:00,2747.96,2758.18,2632.95,2692.85,0,711449.3234,1918267933.165302,813458.0,349985.0658,943463874.26934,-0.020058443141664495,-0.020262344954649514
2022-05-07 00:00:00+00:00,2692.86,2704.36,2584.75,2635.34,0,371271.4532,987464053.430564,505005.0,178447.74790000002,475117134.01016104,-0.02135655532242786,-0.021587906387849465
2022-05-08 00:00:00+00:00,2635.35,2642.0,2484.0,2519.71,0,757615.3415,1930282594.659069,867730.0,369624.7096,942238867.840915,-0.04387669143260453,-0.04486839039133006
2022-05-09 00:00:00+00:00,2519.71,2530.78,2225.0,2228.55,0,1574924.9793,3725676633.136297,1758980.0,785287.2222,1857342023.718995,-0.11555298030328887,-0.12279266576677994
2022-05-10 00:00:00+00:00,2229.0,2457.34,2200.0,2342.05,0,1550626.1387,3650912006.062748,1851225.0,770089.0695,1814101732.749854,0.05092997689080336,0.04967546445242288
2022-05-11 00:00:00+00:00,2342.04,2451.37,2005.0,2084.99,0,2022864.83806,4605757119.998099,2825340.0,1003328.68581,2287433514.6740475,-0.10975854486454195,-0.11626255514556405
2022-05-12 00:00:00+00:00,2084.99,2195.0,1800.0,1960.22,0,2305192.9083600002,4485518775.573885,2958830.0,1149413.56735,2239195361.5553775,-0.05984201363076069,-0.06170734723479576
2022-05-13 00:00:00+00:00,1960.22,2147.54,1940.23,2009.69,0,1134042.3387,2355144482.314068,1380079.0,571173.2861,1185879372.00475,0.0252369631980085,0.024923769479372027
2022-05-14 00:00:00+00:00,2009.69,2070.06,1951.21,2056.48,0,563788.3078,1136170835.745817,794510.0,281099.5159,566477120.581522,0.023282197751891998,0.023015302058914777
2022-05-15 00:00:00+00:00,2056.47,2167.0,2000.68,2145.29,0,514398.2587,1067795595.5524321,677163.0,262025.1755,544140622.2613829,0.043185443087216946,0.04227895799704928
2022-05-16 00:00:00+00:00,2145.29,2145.29,1979.12,2023.66,0,822070.8531,1672324751.612644,1046115.0,408849.6576,831576415.58978,-0.05669629747027205,-0.058366988252162244
2022-05-17 00:00:00+00:00,2023.66,2122.42,2008.0,2090.72,0,568249.0448,1175068276.038261,820184.0,285532.6493,590471647.472913,0.033137977723530554,0.03260075113412686
2022-05-18 00:00:00+00:00,2090.72,2110.72,1908.0,1915.11,0,631577.2341,1262292139.414203,803676.0,312760.9821,625432646.670215,-0.08399498737277111,-0.0877334420225111
2022-05-19 00:00:00+00:00,1915.11,2040.39,1903.18,2019.55,0,741476.9794,1461787984.391026,946509.0,379142.028,747524577.441866,0.0545347264647984,0.053099652082268634
2022-05-20 00:00:00+00:00,2019.55,2064.0,1923.0,1959.08,0,576981.5371,1151839844.607967,840589.0,288229.0147,575366153.0103151,-0.02994231388180535,-0.03039973902804949
2022-05-21 00:00:00+00:00,1959.08,1990.86,1937.36,1975.07,0,238869.7632,470714672.584742,417873.0,118346.0477,233248483.57794,0.008161994405537332,0.008128865472563973
2022-05-22 00:00:00+00:00,1975.06,2056.41,1966.33,2043.19,0,355735.1927,715445185.627839,540257.0,183171.2067,368425687.061909,0.034489916813075006,0.03390847123771312
2022-05-23 00:00:00+00:00,2043.19,2088.5,1957.12,1973.32,0,636085.0224,1296599784.113311,809254.0,302465.5284,616921358.817486,-0.03419652602058554,-0.034794908552463255
2022-05-24 00:00:00+00:00,1973.33,1993.83,1913.02,1979.41,0,534096.972,1047864199.932369,598082.0,266945.8146,523855302.585018,0.003086169501145264,0.0030814170554425147
2022-05-25 00:00:00+00:00,1979.4,2022.34,1934.61,1942.63,0,524786.3091,1034922798.422685,600224.0,262403.8246,517508625.29000497,-0.01858129442611689,-0.01875609541638923
2022-05-26 00:00:00+00:00,1942.64,1966.01,1735.0,1792.23,0,1168740.57514,2157585473.515414,1124028.0,568892.0724,1050063563.9471682,-0.07742081611011875,-0.08058207055617661
2022-05-27 00:00:00+00:00,1792.24,1822.26,1703.0,1727.27,0,1296693.28537,2284866824.037575,1226454.0,636298.35366,1121310214.676939,-0.03624534797431134,-0.03691852711164234
2022-05-28 00:00:00+00:00,1727.26,1808.98,1722.26,1792.22,0,558271.1818,988074924.551089,645423.0,274929.0893,486689625.025699,0.03760269095161739,0.03691294745507001
2022-05-29 00:00:00+00:00,1792.21,1827.4,1759.96,1813.64,0,432430.611,776046677.057929,447003.0,220130.2683,394977604.090882,0.011951657720592479,0.011880800673498726
2022-05-30 00:00:00+00:00,1813.64,2013.0,1803.18,1998.78,0,814922.8359000001,1557925971.047644,848129.0,429356.6023,820387228.004023,0.10208200083809338,0.09720111888622718
2022-05-31 00:00:00+00:00,1998.78,2016.45,1925.0,1941.9,0,751103.4225999999,1477853073.767754,791367.0,372240.6566,732469031.320572,-0.028457358988983272,-0.028870119196813704
2022-06-01 00:00:00+00:00,1941.9,1972.58,1763.75,1817.95,0,1037841.2706,1954005475.230421,973159.0,502588.515,947207203.239108,-0.06382923940470675,-0.06595738261063211
2022-06-02 00:00:00+00:00,1817.96,1853.05,1782.42,1834.08,0,788784.4017,1434781730.184754,793304.0,393723.5095,716261889.851378,0.008872631260485653,0.008833500757757129
2022-06-03 00:00:00+00:00,1834.09,1843.91,1737.0,1775.12,0,741282.5346,1319239612.462907,807046.0,359074.7991,639037260.339931,-0.03214690744133297,-0.03267496710853823
2022-06-04 00:00:00+00:00,1775.13,1816.0,1748.43,1804.58,0,388279.4579,689062742.981284,402734.0,193658.9013,343739405.010212,0.016596061111361582,0.016459851452395036
2022-06-05 00:00:00+00:00,1804.58,1830.17,1773.05,1806.23,0,371974.5061,670583716.956391,403935.0,186891.6989,336909023.97925496,0.000914340178878259,0.0009139224245240385
2022-06-06 00:00:00+00:00,1806.22,1920.0,1804.35,1859.84,0,804250.3567,1509754495.64725,817039.0,405327.2979,760750310.594949,0.029680605459991183,0.029248662366728517
2022-06-07 00:00:00+00:00,1859.84,1874.98,1725.13,1813.33,0,1397598.2288,2491786694.534087,1225296.0,693368.6997,1236307195.998481,-0.02500752752924984,-0.02532552855691339
2022-06-08 00:00:00+00:00,1813.33,1838.77,1765.28,1791.88,0,941510.1373,1696874614.384348,820627.0,480434.1803,865687999.825866,-0.011829065862253296,-0.011899585937941382
2022-06-09 00:00:00+00:00,1791.88,1833.0,1777.33,1788.81,0,535310.9618,963245550.843159,528098.0,264221.1578,475519035.763693,-0.0017132843717213575,-0.001714753721906881
2022-06-10 00:00:00+00:00,1788.8,1804.32,1655.93,1662.91,0,955035.79239,1648304410.4463153,990969.0,456629.3193,788205272.287783,-0.07038198578943533,-0.07298151461854463
2022-06-11 00:00:00+00:00,1662.91,1682.21,1496.74,1532.89,0,1220325.2542,1914818053.8337584,1030360.0,584721.52941,917977346.6833963,-0.07818823628458549,-0.08141423709847029
2022-06-12 00:00:00+00:00,1532.89,1547.0,1423.0,1434.84,0,1563225.37018,2311178755.269472,1192382.0,770513.07795,1139403038.696923,-0.06396414615530155,-0.06610149784854347
2022-06-13 00:00:00+00:00,1434.84,1455.0,1165.45,1209.82,0,3626351.66536,4611744120.817471,3047112.0,1791798.24942,2278239124.087627,-0.15682584817819412,-0.1705817565251957
2022-06-14 00:00:00+00:00,1209.35,1268.45,1075.8,1208.9,0,2716493.80131,3217818700.124194,2225812.0,1348790.33831,1598488294.1562355,-0.0007604437023688293,-0.0007607329863468237
2022-06-15 00:00:00+00:00,1208.9,1250.0,1014.4,1237.52,0,3114823.13621,3493040697.137657,2868796.0,1545969.74767,1735187764.941026,0.02367441475721721,0.023398521720463528
2022-06-16 00:00:00+00:00,1237.53,1257.85,1051.55,1068.5,0,1447386.8304,1649596819.734239,1443117.0,712044.8573,812156334.522525,-0.13657961083457237,-0.1468535811692071
2022-06-17 00:00:00+00:00,1068.5,1118.0,1051.11,1086.94,0,1220677.9491,1329091114.650089,1118997.0,612161.0345,666616721.780041,0.01725783809078152,0.017110613046464884
2022-06-18 00:00:00+00:00,1086.93,1097.58,881.56,995.13,0,2308983.5187,2263399396.7537208,1911260.0,1101942.26213,1080171003.6052585,-0.08446648389055522,-0.08824830591513777
2022-06-19 00:00:00+00:00,995.12,1158.62,936.15,1128.53,0,2018599.4499,2092850317.951397,1796154.0,1026357.8719,1064868109.350839,0.13405283731773743,0.125797797974724
2022-06-20 00:00:00+00:00,1128.53,1170.0,1053.0,1128.24,0,1721772.9132,1910020862.8136868,1585055.0,867678.5867,962585144.220855,-0.0002569714584459426,-0.00025700448126908526
2022-06-21 00:00:00+00:00,1128.24,1194.0,1109.23,1125.85,0,1306095.3757,1500605189.572539,1295971.0,655284.8532,752977829.693172,-0.002118343614833762,-0.002120590478315698
2022-06-22 00:00:00+00:00,1125.86,1127.33,1043.65,1050.19,0,1306959.8593,1420433701.91995,1132300.0,646031.5713000001,702291074.911178,-0.06720255806723796,-0.06956720574305475
2022-06-23 00:00:00+00:00,1050.19,1155.0,1045.3,1144.72,0,1278257.0899,1415452039.241517,1031001.0,641656.7356,710456786.566925,0.09001228349155865,0.0861889654358654
2022-06-24 00:00:00+00:00,1144.71,1245.43,1132.0,1225.02,0,1337137.483,1589113478.228719,1232149.0,673998.3259,800669596.490533,0.07014815850164235,0.06779710477768397
2022-06-25 00:00:00+00:00,1225.02,1256.77,1180.0,1242.36,0,861986.6177000001,1048516642.219459,824872.0,437886.335,532658837.555745,0.014154870940882525,0.014055626189859005
2022-06-26 00:00:00+00:00,1242.31,1280.0,1194.6,1197.79,0,884184.273,1094067725.453475,812743.0,437940.2564,542178116.010993,-0.03587526964808907,-0.036534604409681926
2022-06-27 00:00:00+00:00,1197.79,1238.93,1172.49,1192.51,0,868734.2061,1047407117.877672,794157.0,420783.4443,507473498.504359,-0.0044081182845072675,-0.004417862684769069
2022-06-28 00:00:00+00:00,1192.51,1237.99,1136.32,1144.05,0,1104065.2211,1314982778.267405,952584.0,533645.7487,636188942.640824,-0.04063697579055947,-0.04148573119321419
2022-06-29 00:00:00+00:00,1144.05,1156.8,1087.42,1100.21,0,1295517.796,1449586742.872254,1145867.0,652377.6608,730169240.797282,-0.03832000349635056,-0.03907352762180771
2022-06-30 00:00:00+00:00,1100.21,1106.62,998.0,1071.01,0,1420670.3656,1481000138.963289,1180758.0,701019.9239,730542636.474794,-0.02654038774415801,-0.02689894218423028
2022-07-01 00:00:00+00:00,1071.02,1117.0,1033.44,1059.73,0,1562255.1439,1669000120.5500479,1218279.0,783385.8656,837102080.570035,-0.010532114546082605,-0.0105879697932183
2022-07-02 00:00:00+00:00,1059.73,1078.88,1028.29,1067.01,0,714812.0804,752813687.02771,608900.0,360116.7187,379291428.477764,0.006869674351013932,0.006846185649962422
2022-07-03 00:00:00+00:00,1067.01,1088.34,1040.78,1074.26,0,644746.3337,686056543.195206,562962.0,329544.2186,350649880.771009,0.006794687959812862,0.00677170810282135
2022-07-04 00:00:00+00:00,1074.26,1160.9,1045.37,1151.0,0,1150108.9861,1266934953.3264241,842895.0,572056.1028,630242868.397467,0.0714352205238955,0.06899907728999821
2022-07-05 00:00:00+00:00,1151.01,1174.9,1076.34,1132.5,0,1398961.4495,1578654373.5100179,1130646.0,711600.6988,802654486.565431,-0.016072980017376226,-0.016203551364693425
2022-07-06 00:00:00+00:00,1132.51,1205.0,1111.44,1186.57,0,1211768.0757,1388074909.874991,1040498.0,610078.3513,699225684.142216,0.04774392935982341,0.04663921382851921
2022-07-07 00:00:00+00:00,1186.57,1254.29,1163.18,1237.49,0,1001316.079,1208160386.338313,877397.0,503991.6385,608408627.11503,0.042913608130999537,0.04201834241640601
2022-07-08 00:00:00+00:00,1237.49,1276.46,1193.15,1214.04,0,1189518.3631,1466331923.650613,1233964.0,605091.0349,746050709.076843,-0.018949648077964287,-0.019131493596315607
2022-07-09 00:00:00+00:00,1214.03,1235.4,1204.67,1217.02,0,576337.1809,702039918.546905,716361.0,285933.8844,348309048.795046,0.002454614345491102,0.0024516067004327624
2022-07-10 00:00:00+00:00,1217.02,1219.95,1153.0,1168.36,0,1018038.6506,1200593502.215751,680105.0,491394.2049,579379645.601991,-0.03998290907298163,-0.04080419162974991
2022-07-11 00:00:00+00:00,1168.37,1171.29,1091.71,1096.4,0,1201652.3048,1370709630.79611,1165044.0,597646.0363,681716660.921294,-0.06159060563524921,-0.06356897064785105
2022-07-12 00:00:00+00:00,1096.37,1098.26,1033.46,1038.58,0,1261349.6321,1347752238.274621,1142194.0,614931.8525,657086240.919135,-0.05273622765414099,-0.05417768989552485
2022-07-13 00:00:00+00:00,1038.58,1119.18,1006.32,1115.0,0,2035605.8299,2158672347.758078,1423956.0,1030606.4523,1093421247.313832,0.07358123591827304,0.07100000936111339
2022-07-14 00:00:00+00:00,1115.01,1214.65,1072.11,1193.42,0,1605101.9262,1816929082.732882,1611421.0,819667.2647,928967444.421808,0.07033183856502245,0.06796872989362246
2022-07-15 00:00:00+00:00,1193.42,1287.82,1181.05,1231.25,0,1466037.2584,1794058728.784521,1170632.0,730397.2075,894408671.965777,0.03169881516984785,0.031206778698456894
2022-07-16 00:00:00+00:00,1231.25,1422.91,1191.23,1355.85,0,1493809.9226,1936527899.325491,1678529.0,777667.4101,1007657142.354507,0.10119796954314708,0.09639865042623086
2022-07-17 00:00:00+00:00,1355.84,1387.0,1319.04,1338.65,0,1246202.8795,1687064377.69842,1163593.0,626408.8792,848289552.86427,-0.012685769074750053,-0.012766920485781874
2022-07-18 00:00:00+00:00,1338.65,1597.47,1336.07,1581.04,0,2029918.76521,2980357374.792685,1750043.0,1068091.40221,1567562752.768419,0.18107048145519733,0.16642121490543094
2022-07-19 00:00:00+00:00,1581.03,1631.0,1493.11,1542.32,0,1846048.6816,2856463586.860909,1818358.0,918478.723,1421417593.986071,-0.024490208976369998,-0.024795082040965255
2022-07-20 00:00:00+00:00,1542.33,1620.4,1484.23,1521.58,0,1351177.4247,2109332407.426856,1506300.0,672453.9477,1050414631.788798,-0.013447274236215612,-0.013538507645356468
2022-07-21 00:00:00+00:00,1521.63,1605.98,1463.56,1575.45,0,1247327.4963,1897833300.997763,1282430.0,635917.6296,968139590.421531,0.035403987959883976,0.03479167709103681
2022-07-22 00:00:00+00:00,1575.45,1650.05,1516.11,1535.27,0,1170723.0873,1865036182.28467,1295899.0,590259.7572999999,941037922.80644,-0.02550382430416709,-0.02583468441796999
2022-07-23 00:00:00+00:00,1535.27,1596.51,1488.0,1548.67,0,851284.7339,1310964570.189478,950665.0,423093.99079999997,651712229.252439,0.008728106456844742,0.008690236730156897
2022-07-24 00:00:00+00:00,1548.66,1664.34,1545.67,1597.7,0,1009935.8997,1616289077.628875,1238522.0,511819.2461,819430645.3426399,0.031659423892759664,0.031168596984445074
2022-07-25 00:00:00+00:00,1597.7,1609.55,1435.58,1440.79,0,1418390.9808999998,2151224738.816661,1407648.0,690797.6936,1048000398.972793,-0.0982099267697315,-0.10337352078442752
2022-07-26 00:00:00+00:00,1440.79,1454.11,1356.17,1449.12,0,1199643.7408,1684928509.399578,1175787.0,589360.8966,827885085.884651,0.0057815503994336215,0.005764901377539822
2022-07-27 00:00:00+00:00,1449.12,1644.44,1420.83,1635.74,0,1513426.0413,2305847817.810582,1547390.0,786958.5056,1199839217.826871,0.1287816053880977,0.12113882570088563
2022-07-28 00:00:00+00:00,1635.74,1784.79,1593.27,1724.52,0,1578145.07555,2644280824.310781,1719118.0,801669.85615,1343890731.514361,0.05427512929927736,0.05285344954663174
2022-07-29 00:00:00+00:00,1724.52,1765.99,1655.02,1721.68,0,1205266.5703,2061258807.226787,1439533.0,607250.6825,1038603690.653215,-0.0016468350613503269,-0.0016481925848257362
2022-07-30 00:00:00+00:00,1721.68,1744.85,1673.01,1697.0,0,735132.5286,1257726968.665854,1028313.0,359773.17579999997,615777525.208922,-0.014334835741833585,-0.014438572055103016
2022-07-31 00:00:00+00:00,1697.0,1754.69,1666.0,1678.12,0,696326.8079,1186613538.121665,886708.0,355783.3479,606331297.189402,-0.01112551561579267,-0.011187867057264711
2022-08-01 00:00:00+00:00,1678.12,1704.68,1606.12,1630.28,0,801566.5648,1328136208.959454,1029570.0,392775.0848,650859068.175174,-0.028508092389102013,-0.028922339987397017
2022-08-02 00:00:00+00:00,1630.28,1678.0,1559.28,1630.91,0,1081964.5104,1745550410.998945,1458878.0,533311.8644,859848287.884634,0.00038643668572269085,0.00038636203829689464
2022-08-03 00:00:00+00:00,1630.91,1685.03,1589.71,1618.16,0,777724.7413,1276328467.022254,1112406.0,389458.737,639185361.890034,-0.007817721394804078,-0.007848439983021649
2022-08-04 00:00:00+00:00,1618.16,1662.79,1580.39,1607.96,0,735552.181,1190650505.148946,1051634.0,364491.9028,590046389.121593,-0.00630345577693181,-0.006323406437222623
2022-08-05 00:00:00+00:00,1607.97,1742.07,1605.64,1736.81,0,1005846.4712,1688798692.307331,1404516.0,512103.1826,860464588.374454,0.0801325903629444,0.07708380245522761
2022-08-06 00:00:00+00:00,1736.81,1749.93,1685.26,1690.6,0,523314.6444,899479880.987209,752873.0,273243.8484,469642311.618183,-0.026606249388246295,-0.026966601768017462
2022-08-07 00:00:00+00:00,1690.6,1729.79,1668.0,1700.19,0,439904.76399999997,745750151.382087,692491.0,226220.1416,383519031.536582,0.0056725422926773295,0.005656514010152769
2022-08-08 00:00:00+00:00,1700.2,1818.0,1693.87,1777.05,0,781620.5443000001,1379905145.703021,987727.0,403146.578,711839570.830934,0.04520671219099026,0.04421467656389755
2022-08-09 00:00:00+00:00,1777.05,1790.83,1667.93,1702.76,0,818171.1019,1406671817.085673,1062267.0,398475.0539,684898876.000597,-0.04180523901972366,-0.0427042221119569
2022-08-10 00:00:00+00:00,1702.76,1885.0,1656.78,1853.57,0,1317767.5127,2346974815.067056,1590681.0,685632.8856,1223921617.958259,0.0885679719984025,0.08486304530864874
2022-08-11 00:00:00+00:00,1853.58,1942.0,1850.32,1880.19,0,1105261.9009,2093718964.800632,1324999.0,571243.8919,1082235762.980206,0.01436147542310251,0.014259326281607976
2022-08-12 00:00:00+00:00,1880.19,1964.71,1853.06,1958.28,0,717628.1015,1363895150.810113,1027178.0,365935.017,695903467.373167,0.04153303655481633,0.0406937013836659
2022-08-13 00:00:00+00:00,1958.28,2020.0,1946.5,1983.55,0,695876.0292999999,1382235354.292491,940869.0,359352.47119999997,713880075.1127961,0.012904181220254607,0.012821631671543265
2022-08-14 00:00:00+00:00,1983.55,2030.0,1906.0,1935.31,0,569583.4852,1122186881.223951,856767.0,284978.8108,561687887.384304,-0.024320032265382818,-0.024620648251884703
2022-08-15 00:00:00+00:00,1935.32,2012.47,1872.31,1899.06,0,949162.3305,1824203091.995667,1295615.0,470951.5329,905389296.663335,-0.018730849321297316,-0.018908493460727094
2022-08-16 00:00:00+00:00,1899.05,1915.0,1853.0,1876.67,0,622729.1499,1173013843.338048,908578.0,305961.0557,576443560.666985,-0.011790043495202851,-0.011860097226791488
2022-08-17 00:00:00+00:00,1876.67,1959.43,1818.74,1834.25,0,951824.8975,1781033503.423426,1179058.0,470464.1007,880482286.431054,-0.022603867488690144,-0.02286325106888043
2022-08-18 00:00:00+00:00,1834.24,1882.37,1821.25,1846.39,0,606254.024,1126844899.6077461,848806.0,296464.2738,551092134.364113,0.006618508927354494,0.006596702760470308
2022-08-19 00:00:00+00:00,1846.39,1848.0,1602.37,1609.01,0,1419826.9515,2447147973.005891,1681256.0,675272.2933,1163737621.678235,-0.12856438780539325,-0.13761329834110558
2022-08-20 00:00:00+00:00,1609.0,1657.08,1523.67,1576.04,0,914615.9225999999,1468671141.090122,1130991.0,454267.1105,729678631.797784,-0.020490860839895375,-0.020703711207068487
2022-08-21 00:00:00+00:00,1576.03,1646.52,1562.34,1618.13,0,780662.6062,1255041865.224435,1000876.0,396587.44190000003,637725950.430346,0.026706174970178465,0.026355789690765796
2022-08-22 00:00:00+00:00,1618.13,1629.72,1529.92,1624.66,0,941192.8954,1483442567.236265,1193059.0,468265.2769,738188886.421977,0.004035522485832388,0.004027401605631198
2022-08-23 00:00:00+00:00,1624.65,1676.07,1563.76,1665.41,0,940246.932,1528222432.851831,1195279.0,466987.52629999997,758906669.977075,0.025082171038863565,0.02477277624436347
2022-08-24 00:00:00+00:00,1665.4,1694.13,1604.92,1656.56,0,744667.6078,1228169659.887394,993324.0,371514.7637,612965815.582777,-0.005314006761097945,-0.005328176315390287
2022-08-25 00:00:00+00:00,1656.56,1722.0,1653.68,1695.11,0,603090.713,1023691864.190439,869479.0,309268.8451,524945702.128192,0.02327111604771326,0.02300447243224024
2022-08-26 00:00:00+00:00,1695.11,1706.45,1486.85,1508.18,0,1149912.8292,1862598061.318201,1488212.0,555637.4978,900512150.997047,-0.11027602928423519,-0.11684400962412589
2022-08-27 00:00:00+00:00,1508.18,1518.42,1447.52,1491.06,0,756136.6768,1125859038.154537,1015752.0,379636.6754,565279624.963262,-0.011351430200639223,-0.0114163494361188
2022-08-28 00:00:00+00:00,1491.06,1511.0,1424.0,1426.76,0,544846.4486,805616000.739226,756843.0,264538.0377,391369191.906,-0.04312368382224718,-0.04408113707511596
2022-08-29 00:00:00+00:00,1426.76,1559.99,1422.08,1551.8,0,826252.0831,1230281044.880169,1099487.0,418910.982,623872432.454368,0.08763912641229066,0.08400940813119995
2022-08-30 00:00:00+00:00,1551.79,1606.13,1473.61,1524.59,0,1003075.0172,1551625838.938324,1292499.0,498318.3738,770988003.189584,-0.017534476092279982,-0.017690026024655303
2022-08-31 00:00:00+00:00,1524.59,1619.78,1524.59,1554.1,0,949227.6775,1497596316.300993,1471691.0,472367.89,745430154.402163,0.019356023586669213,0.019171078486372117
2022-09-01 00:00:00+00:00,1554.11,1599.0,1512.77,1586.16,0,728710.482,1133222116.032772,1195229.0,362696.0954,564116804.890939,0.020629303133646637,0.02041940090874128
2022-09-02 00:00:00+00:00,1586.17,1650.0,1546.41,1575.35,0,919009.6598,1471855448.359926,1160858.0,465535.5694,745690939.306613,-0.006815201492913814,-0.006838531036052586
2022-09-03 00:00:00+00:00,1575.35,1582.71,1534.28,1557.46,0,321397.21890000004,500057144.51821697,562893.0,160362.006,249541318.092156,-0.011356206557272874,-0.011421180645425189
2022-09-04 00:00:00+00:00,1557.45,1583.66,1540.66,1579.28,0,296591.1166,463177013.875988,520856.0,151649.7912,236891872.145482,0.01400999062576247,0.013912757808582477
2022-09-05 00:00:00+00:00,1579.29,1631.99,1556.56,1617.8,0,503492.93700000003,797702531.399046,718867.0,254761.8242,403686557.440297,0.02439086165847737,0.02409815462644005
2022-09-06 00:00:00+00:00,1617.8,1687.4,1555.0,1559.01,0,1010722.8578,1650513284.852848,1294086.0,496027.9747,810065371.436276,-0.036339473358882435,-0.037016197178462384
2022-09-07 00:00:00+00:00,1559.01,1657.5,1490.66,1630.0,0,850991.4243,1326011621.8537521,1132986.0,430249.0193,670977086.970625,0.04553530766319658,0.04452901039541857
2022-09-08 00:00:00+00:00,1630.0,1663.56,1595.06,1635.37,0,645124.0085,1050551822.40818,1015658.0,319059.8308,519752582.705056,0.0032944785276072253,0.003289063622821331
2022-09-09 00:00:00+00:00,1635.37,1746.13,1630.51,1718.23,0,837458.2126,1425281242.15555,1066278.0,438441.49350000004,746145541.102161,0.0506674330579624,0.049425612760597204
2022-09-10 00:00:00+00:00,1718.24,1789.0,1706.03,1774.12,0,411046.2466,713890164.182501,687951.0,212635.6214,369484697.57283,0.03252765927727941,0.03200983414051706
2022-09-11 00:00:00+00:00,1774.12,1789.0,1720.1,1766.11,0,409287.7263,720937620.963401,645729.0,206627.71,364024270.153206,-0.004514914436453021,-0.004525137444915117
2022-09-12 00:00:00+00:00,1766.12,1783.0,1693.0,1716.37,0,630774.6032,1093457780.4845,979874.0,317746.0607,551004112.610201,-0.028163591169293012,-0.028567792358462185
2022-09-13 00:00:00+00:00,1716.37,1760.51,1560.54,1574.4,0,1134549.7256,1871967439.649553,1337439.0,577750.7321,953904597.542975,-0.08271526535653728,-0.08633734822337757
2022-09-14 00:00:00+00:00,1574.4,1647.01,1552.38,1638.39,0,764562.5393000001,1222499363.046366,1088561.0,401130.5188,641555247.035582,0.040644054878048674,0.03983980501294848
2022-09-15 00:00:00+00:00,1638.4,1655.2,1458.0,1472.75,0,1335499.8047,2095367507.332334,1748683.0,677767.2223,1065686121.9974799,-0.10109924987335128,-0.10658265090914032
2022-09-16 00:00:00+00:00,1472.76,1483.35,1405.52,1433.9,0,693597.2424999999,1006033555.197481,1111984.0,339284.6719,492281156.223532,-0.026379222542861958,-0.026733396680803878
2022-09-17 00:00:00+00:00,1433.9,1476.13,1409.12,1468.83,0,421391.3743,608805593.7143149,694945.0,214030.8621,309280515.752449,0.024360136690145584,0.02406816077324958
2022-09-18 00:00:00+00:00,1468.82,1469.63,1325.55,1334.51,0,804113.468,1118416540.560697,990605.0,389497.83389999997,541430482.234449,-0.09144693395423564,-0.09590198223450219
2022-09-19 00:00:00+00:00,1334.51,1393.35,1280.0,1375.98,0,974855.198,1293086590.941432,1235360.0,490443.5697,650755506.310869,0.031075076245213662,0.030602021244194866
2022-09-20 00:00:00+00:00,1375.98,1384.78,1312.71,1322.93,0,658027.1465,889324871.236183,981235.0,328109.0555,443453372.525897,-0.03855433945260833,-0.03931723084167604
2022-09-21 00:00:00+00:00,1322.94,1408.9,1220.0,1245.78,0,1192266.7379,1582450799.937471,1445950.0,590492.7628,785040538.0079631,-0.058317522469064964,-0.060087133912322344
2022-09-22 00:00:00+00:00,1245.79,1350.08,1237.32,1326.46,0,904282.2725,1165151398.830096,1094636.0,459643.7183,592453362.297206,0.06476263866814369,0.0627518998311718
2022-09-23 00:00:00+00:00,1326.47,1360.0,1262.15,1327.25,0,974052.3644,1273403019.692522,1233506.0,491489.0179,642697282.131048,0.0005955701641964239,0.0005953928826718524
2022-09-24 00:00:00+00:00,1327.24,1349.33,1306.52,1317.13,0,517557.3497,687931980.008602,616390.0,260952.6788,346899354.44723,-0.007624788095686452,-0.007654005404383213
2022-09-25 00:00:00+00:00,1317.13,1337.0,1269.27,1294.63,0,515533.8409,674560079.182339,640687.0,259096.2947,339189179.218145,-0.017082596250939552,-0.017230187035575995
2022-09-26 00:00:00+00:00,1294.62,1340.42,1277.85,1336.17,0,799166.4333,1048795559.358857,934159.0,397345.2068,521651019.468824,0.03208638761653915,0.031582372486728794
2022-09-27 00:00:00+00:00,1336.17,1400.0,1303.75,1328.02,0,860584.8944,1170630640.626625,1055212.0,433444.4541,589596662.456115,-0.006099523264255335,-0.0061182013466112295
2022-09-28 00:00:00+00:00,1328.01,1355.7,1253.2,1337.2,0,919314.9131,1199743172.3853009,1075441.0,459746.4755,600240588.087467,0.0069125464977937146,0.006888764382004808
2022-09-29 00:00:00+00:00,1337.2,1352.02,1288.52,1335.7,0,770591.6895,1022673511.086711,950476.0,387626.0998,514512068.219622,-0.0011217469338916652,-0.0011223765628844973
2022-09-30 00:00:00+00:00,1335.69,1373.19,1313.35,1328.72,0,740753.611,991505362.2653071,926935.0,376839.8864,504471719.511469,-0.005225724339297799,-0.005239426192315655
2022-10-01 00:00:00+00:00,1328.71,1333.69,1302.68,1311.79,0,252081.9056,332930112.025412,347396.0,124307.8184,164175871.437782,-0.01274158588716967,-0.012823456073443928
2022-10-02 00:00:00+00:00,1311.79,1317.93,1270.0,1276.72,0,371740.0407,482595051.281717,462476.0,180185.673,233988020.309472,-0.02673446207091068,-0.027098327626369212
2022-10-03 00:00:00+00:00,1276.72,1329.9,1263.04,1323.09,0,483775.2435,631178676.535611,598748.0,243945.53770000002,318341465.187772,0.03631963155586182,0.03567562092116372
2022-10-04 00:00:00+00:00,1323.1,1369.55,1318.66,1361.49,0,476207.6702,641511283.398288,771766.0,246811.6294,332479666.040737,0.029022968959027784,0.02860977823449673
2022-10-05 00:00:00+00:00,1361.5,1364.77,1316.29,1352.2,0,483508.7782,649745323.368146,695638.0,242935.0459,326501048.612342,-0.006823406708826307,-0.0068467925900135285
2022-10-06 00:00:00+00:00,1352.2,1383.99,1345.01,1352.06,0,573975.324,783638743.155702,789673.0,282964.4059,386401468.225932,-0.00010353498003257133,-0.00010354034014881108
2022-10-07 00:00:00+00:00,1352.07,1361.75,1317.26,1331.1,0,491999.8776,659508723.354053,679464.0,247253.6257,331432604.801858,-0.015502270609292546,-0.015623687263455643
2022-10-08 00:00:00+00:00,1331.1,1337.35,1303.51,1315.48,0,203391.6612,269448439.339348,383251.0,98609.8893,130665491.90867099,-0.011734655548042872,-0.011804050032933944
2022-10-09 00:00:00+00:00,1315.48,1329.0,1307.26,1323.13,0,186201.9185,245547831.320531,328378.0,95721.4273,126231603.566771,0.005815367774500535,0.005798523794402044
2022-10-10 00:00:00+00:00,1323.13,1338.0,1288.0,1290.03,0,393663.0114,515800751.338415,587314.0,193142.1332,253142658.794811,-0.025016438294045318,-0.025334667915181797
2022-10-11 00:00:00+00:00,1290.03,1298.0,1267.01,1280.11,0,429430.3941,550448836.809297,583107.0,206198.4696,264371667.440464,-0.007689743649372582,-0.007719462178012115
2022-10-12 00:00:00+00:00,1280.11,1306.87,1275.25,1294.44,0,369712.5759,478797824.541982,477911.0,185886.2443,240749511.847664,0.011194350485505211,0.011132157454090574
2022-10-13 00:00:00+00:00,1294.44,1301.58,1190.0,1287.08,0,945618.3163000001,1183462907.930145,1135833.0,465364.4155,582668649.548004,-0.005685856432125158,-0.005702082448907575
2022-10-14 00:00:00+00:00,1287.08,1343.12,1283.39,1296.27,0,669742.8093,883059208.714464,788710.0,329632.534,434825344.152729,0.007140193305777531,0.007114822820748046
2022-10-15 00:00:00+00:00,1296.26,1301.69,1263.64,1274.92,0,287100.9529,368914560.658213,396464.0,138436.0596,177899205.222794,-0.01647033411249188,-0.01660747802124707
2022-10-16 00:00:00+00:00,1274.93,1315.35,1274.67,1305.95,0,293321.3632,379290237.639458,397092.0,149695.15230000002,193561709.414251,0.024338782041226192,0.024047313738358334
2022-10-17 00:00:00+00:00,1305.96,1338.57,1295.64,1331.4,0,459848.4941,606979972.119024,553275.0,230951.5106,304878458.695217,0.01948772923925124,0.019300274902313674
2022-10-18 00:00:00+00:00,1331.39,1341.73,1286.72,1310.71,0,572728.9189,755297911.2919099,603600.0,277789.7916,366388382.880297,-0.01554003304791951,-0.015662045059259277
2022-10-19 00:00:00+00:00,1310.71,1313.5,1280.31,1285.09,0,368637.5105,478516630.187023,472022.0,180735.5001,234645769.599139,-0.019546657918227628,-0.01974022032012801
2022-10-20 00:00:00+00:00,1285.09,1310.87,1270.36,1282.57,0,428531.6103,552593958.212735,558080.0,209367.6306,270050670.668262,-0.0019609521512111705,-0.0019628773350879314
2022-10-21 00:00:00+00:00,1282.57,1306.97,1252.65,1299.75,0,468076.7986,600999941.106533,572819.0,234959.2124,301708822.646964,0.013394980390933897,0.013306060811697051
2022-10-22 00:00:00+00:00,1299.76,1320.2,1294.32,1313.61,0,221776.70070000002,290111447.628081,323066.0,116471.6898,152357813.953026,0.010663589151759911,0.010607134072841085
2022-10-23 00:00:00+00:00,1313.62,1371.55,1299.44,1364.2,0,432269.46,576212623.600304,496386.0,223572.87720000002,298246827.053375,0.03851219159415664,0.03778910388395307
2022-10-24 00:00:00+00:00,1364.19,1370.6,1324.17,1343.61,0,611830.797,822740466.673396,698241.0,299655.7589,402885161.804322,-0.01509309485412702,-0.015208154818901143
2022-10-25 00:00:00+00:00,1343.61,1525.16,1334.94,1459.74,0,1127932.9012,1612140846.305157,1205998.0,576939.5923,824866579.464192,0.08643133052001706,0.08289831625036648
2022-10-26 00:00:00+00:00,1459.74,1594.99,1457.44,1566.1,0,1236044.7023,1896388070.249785,1357864.0,638243.4563,979231645.537333,0.07286229054489146,0.07033011482030371
2022-10-27 00:00:00+00:00,1566.11,1578.58,1503.2,1514.05,0,869454.4851,1345399838.037334,1122874.0,434901.7238,673225442.609349,-0.033235425579464906,-0.03380027292123522
2022-10-28 00:00:00+00:00,1514.04,1574.9,1479.82,1554.41,0,858954.4425,1309517416.241141,999855.0,446580.4891,680822022.306759,0.026656979624186894,0.026307872841872637
2022-10-29 00:00:00+00:00,1554.4,1663.06,1547.66,1619.55,0,914161.0846000001,1477815830.639173,1094332.0,466874.5472,754548207.577111,0.041906575485232356,0.04105228046823317
2022-10-30 00:00:00+00:00,1619.55,1640.06,1576.56,1590.44,0,476036.4243,762732547.091583,705583.0,237790.3056,381025931.909763,-0.017974128615973473,-0.01813762536979535
2022-10-31 00:00:00+00:00,1590.45,1635.8,1545.43,1572.69,0,810334.2414,1283098004.765737,1024808.0,404153.8775,640094838.121876,-0.01116043359070451,-0.01122317850676513
2022-11-01 00:00:00+00:00,1572.69,1612.92,1563.69,1578.48,0,527539.2965,836251567.424643,702747.0,266946.8961,423274271.092324,0.00368159014173175,0.0036748296765072297
2022-11-02 00:00:00+00:00,1578.47,1621.68,1502.32,1518.34,0,981395.3648,1534786415.439207,1171091.0,491587.14029999997,769273458.5899171,-0.03809994425016483,-0.038844725865533114
2022-11-03 00:00:00+00:00,1518.33,1559.01,1515.17,1531.01,0,560202.8813,863253444.76684,678608.0,272210.5404,419476842.240718,0.008344639540550869,0.008310015519321645
2022-11-04 00:00:00+00:00,1531.01,1680.0,1528.4,1644.78,0,935531.4781,1503427052.720768,1072186.0,476524.1678,765537531.0538499,0.07431042253153142,0.07167898833885022
2022-11-05 00:00:00+00:00,1644.78,1666.97,1621.42,1626.98,0,351385.5362,577061606.733728,480888.0,181908.9699,298805281.162781,-0.010822116027675355,-0.010881101073359822
2022-11-06 00:00:00+00:00,1626.98,1639.02,1564.39,1568.29,0,414863.9525,668569491.577513,545053.0,202922.14919999999,327166389.681177,-0.03607296955094719,-0.03673968179149334
2022-11-07 00:00:00+00:00,1568.25,1608.04,1545.03,1568.1,0,642409.4494,1013046543.980439,851962.0,324994.20629999996,512801340.088844,-0.00012115106262233777,-0.00012115840200532801
2022-11-08 00:00:00+00:00,1568.09,1579.98,1233.0,1334.77,0,2339916.5089000002,3356475001.545905,2874276.0,1149464.0971,1650334828.2209392,-0.14879790829666473,-0.1611057030395351
2022-11-09 00:00:00+00:00,1334.78,1337.16,1073.53,1102.73,0,2494797.9357000003,3021176147.396161,3172468.0,1226565.3167,1486145674.667084,-0.17384268450744322,-0.1909700690038587
2022-11-10 00:00:00+00:00,1102.73,1350.0,1085.93,1299.28,0,1975955.6767,2443394252.530366,2800795.0,981919.0047,1215403138.072682,0.17823946024865567,0.16402134152275494
2022-11-11 00:00:00+00:00,1299.28,1310.0,1201.26,1289.28,0,1308087.1498,1652414528.520891,2118330.0,666760.4429,842409276.36576,-0.007696570408226133,-0.007726341863364183
2022-11-12 00:00:00+00:00,1289.35,1292.16,1238.7,1257.25,0,547772.9172,693031301.598889,933438.0,272855.74,345185291.206072,-0.02484332340531148,-0.025157126950908548
2022-11-13 00:00:00+00:00,1257.25,1274.23,1200.66,1221.49,0,547410.5304,676891239.244159,896665.0,265237.6142,327948706.754124,-0.02844303042354346,-0.028855371043540856
2022-11-14 00:00:00+00:00,1221.5,1291.2,1171.13,1243.28,0,934742.0059,1152982945.602032,1471485.0,456733.1098,563900777.053358,0.017838868922381623,0.01768162359882286
2022-11-15 00:00:00+00:00,1243.29,1291.0,1234.01,1253.23,0,632825.568,798023541.208052,961779.0,314465.0008,396586172.906339,0.00800302425841326,0.007971169901038522
2022-11-16 00:00:00+00:00,1253.22,1268.67,1187.06,1216.17,0,673339.7215,826025937.836291,969295.0,317652.4554,389344092.720584,-0.02957158701914253,-0.030017642122180277
2022-11-17 00:00:00+00:00,1216.16,1228.22,1181.05,1200.43,0,530537.3488,638342419.855931,719509.0,262166.3408,315405113.087009,-0.012942269584022004,-0.013026750462845627
2022-11-18 00:00:00+00:00,1200.42,1234.0,1199.18,1212.58,0,360218.5337,437658373.674359,493436.0,172730.6859,209826940.050667,0.01012137317461237,0.01007049509316893
2022-11-19 00:00:00+00:00,1212.58,1235.0,1197.67,1217.67,0,209789.5888,254211466.151609,330573.0,102589.3883,124372124.375792,0.0041976611852414525,0.004188875582935125
2022-11-20 00:00:00+00:00,1217.67,1227.07,1132.65,1142.21,0,531108.7607,625008081.79912,693003.0,255481.6277,300661282.069587,-0.061970813110284406,-0.06397421437289097
2022-11-21 00:00:00+00:00,1142.21,1146.99,1079.76,1107.34,0,922647.9454,1031424505.498328,1063296.0,456812.3479,510689566.36272,-0.030528536783954063,-0.031004239269978306
2022-11-22 00:00:00+00:00,1107.34,1146.13,1075.0,1139.6,0,748884.5791,831782462.696527,899796.0,369543.4358,410610955.8097,0.029132876984485412,0.028716580667149216
2022-11-23 00:00:00+00:00,1139.59,1190.0,1127.75,1184.52,0,636927.1594,741271142.430098,767861.0,315676.4972,367379226.826623,0.03941733941733938,0.03866030559404354
2022-11-24 00:00:00+00:00,1184.52,1217.71,1180.6,1203.73,0,486080.61230000004,583303022.423642,616769.0,248655.7713,298296381.131116,0.016217539594097108,0.016087440010926102
2022-11-25 00:00:00+00:00,1203.72,1207.77,1171.2,1199.3,0,391430.16579999996,465159072.75730497,581961.0,204292.8213,242755084.311808,-0.003680227293496152,-0.003687015991046927
2022-11-26 00:00:00+00:00,1199.29,1235.66,1196.2,1205.6,0,379840.8116,461938380.004201,566155.0,181365.6355,220556616.55439,0.0052530642875010525,0.005239315074610396
2022-11-27 00:00:00+00:00,1205.61,1223.33,1188.65,1193.88,0,286386.7986,347218857.867976,458378.0,141119.9316,171104378.529277,-0.009721300597212879,-0.009768860923017542
2022-11-28 00:00:00+00:00,1193.88,1199.25,1151.02,1167.77,0,478795.6093,560568777.560251,708380.0,230574.2519,269886004.465997,-0.02186986966864357,-0.022112560200172382
2022-11-29 00:00:00+00:00,1167.77,1228.37,1158.27,1216.49,0,512143.5861,617963786.601915,789552.0,269667.3226,325456756.063843,0.04172054428526173,0.0408737156965433
2022-11-30 00:00:00+00:00,1216.49,1309.77,1212.5,1294.46,0,815679.2717,1038748742.503758,985173.0,429518.0503,546961764.686726,0.06409423834145778,0.062123956867163876
2022-12-01 00:00:00+00:00,1294.46,1299.9,1262.77,1276.41,0,430018.7391,550769676.044084,587711.0,223232.5567,286025115.772396,-0.01394403844073977,-0.014042169844776353
2022-12-02 00:00:00+00:00,1276.4,1297.18,1265.24,1295.59,0,371559.585,475691291.455063,547512.0,185493.8719,237530991.331002,0.015026519691948348,0.014914739927744947
2022-12-03 00:00:00+00:00,1295.58,1309.0,1236.26,1240.51,0,347148.2588,441457418.331919,594082.0,156776.8726,199497713.81143498,-0.04251344947089741,-0.04344360447078888
2022-12-04 00:00:00+00:00,1240.5,1287.19,1240.1,1279.41,0,324129.5466,409404653.048475,498321.0,160510.7205,202806342.474933,0.03135807047101613,0.030876448784335153
2022-12-05 00:00:00+00:00,1279.4,1305.11,1246.61,1259.41,0,391628.51660000003,501560285.699509,612914.0,188633.4044,241637874.934233,-0.01563220546970867,-0.015755676837173382
2022-12-06 00:00:00+00:00,1259.41,1274.76,1241.56,1271.32,0,301631.839,379095106.355305,471097.0,149004.5314,187290980.775941,0.009456809140788058,0.009412373448133948
2022-12-07 00:00:00+00:00,1271.31,1278.69,1218.01,1231.18,0,398559.51660000003,492706380.526734,530298.0,199333.7162,246456887.459242,-0.03157348267941973,-0.03208267168203971
2022-12-08 00:00:00+00:00,1231.18,1292.58,1222.01,1280.18,0,406653.5447,509776313.42383903,559884.0,205497.4407,257709787.504561,0.039799217011322385,0.03902763394865527
2022-12-09 00:00:00+00:00,1280.18,1296.64,1250.0,1263.1,0,406008.0032,518804946.771469,540078.0,203800.2618,260457302.288898,-0.013341873798997095,-0.013431676246964841
2022-12-10 00:00:00+00:00,1263.11,1283.61,1259.6,1266.35,0,182278.6396,231301933.590191,322453.0,92997.3572,118041863.783334,0.0025730345974190882,0.0025697300112286214
2022-12-11 00:00:00+00:00,1266.35,1284.75,1255.85,1263.01,0,180494.902,229443304.733031,314531.0,87913.7111,111776911.34862301,-0.002637501480633242,-0.002640985815637542
2022-12-12 00:00:00+00:00,1263.0,1278.9,1240.03,1275.4,0,363750.5481,456347758.277843,489887.0,186055.4056,233526613.598401,0.009809898575624976,0.009762093905650637
2022-12-13 00:00:00+00:00,1275.41,1349.0,1255.1,1320.69,0,659393.8825,859595295.3788949,813791.0,332861.6727,433540760.593465,0.03551042810098792,0.034894472397663634
2022-12-14 00:00:00+00:00,1320.69,1352.72,1301.0,1307.44,0,554465.5717,734778540.993996,548806.0,274178.3789,363405616.858231,-0.01003263445623126,-0.010083300494032166
2022-12-15 00:00:00+00:00,1307.45,1311.14,1259.27,1266.54,0,390051.2447,499233719.98567903,445162.0,182051.3545,233047939.218449,-0.031282506271798405,-0.03178225373876842
2022-12-16 00:00:00+00:00,1266.53,1280.06,1155.32,1166.83,0,751422.2779,907833696.288013,883071.0,363283.563,438474640.416973,-0.07872629368199979,-0.08199810303572441
2022-12-17 00:00:00+00:00,1166.82,1190.03,1161.92,1187.16,0,328881.6281,387145994.352974,443309.0,163631.6323,192633850.854482,0.017423275027210527,0.017273230112821558
2022-12-18 00:00:00+00:00,1187.16,1199.54,1170.32,1183.06,0,252260.144,298608427.352787,385205.0,124008.68710000001,146847301.703688,-0.0034536204050003017,-0.0034595979186278214
2022-12-19 00:00:00+00:00,1183.06,1195.0,1150.51,1167.82,0,296832.7228,349312990.37441397,443756.0,141432.174,166469165.022255,-0.012881848765066817,-0.012965539281474925
2022-12-20 00:00:00+00:00,1167.82,1230.47,1163.12,1216.94,0,465184.19430000003,561079146.680025,624202.0,242142.5298,292031275.388441,0.0420612765665942,0.04120074828792042
2022-12-21 00:00:00+00:00,1216.95,1223.39,1203.02,1213.78,0,245723.8377,297776619.126343,413931.0,124553.6837,150934466.645866,-0.002596676910940676,-0.0026000541240511765
2022-12-22 00:00:00+00:00,1213.78,1237.99,1182.54,1217.71,0,336761.6598,406520096.766709,488758.0,171017.8089,206458932.223524,0.00323781904463738,0.0032325885956785427
2022-12-23 00:00:00+00:00,1217.72,1231.99,1210.0,1219.99,0,278604.2882,340146608.67751,439410.0,139743.6183,170624401.902608,0.001872366983928897,0.0018706162898212142
2022-12-24 00:00:00+00:00,1219.98,1227.99,1214.69,1220.41,0,123701.5301,150864338.673479,296993.0,61777.4784,75339103.824172,0.0003442651169272004,0.00034420587128902724
2022-12-25 00:00:00+00:00,1220.42,1225.0,1193.18,1218.51,0,231652.0612,280833354.71144897,379422.0,115203.3556,139649666.453096,-0.0015568538442000124,-0.0015580670004480268
2022-12-26 00:00:00+00:00,1218.52,1231.09,1211.67,1228.11,0,162723.0857,198389481.179895,308520.0,79649.3915,97114950.562074,0.00787847453036905,0.007847601399340931
2022-12-27 00:00:00+00:00,1228.12,1233.73,1200.58,1211.55,0,262437.6398,319100139.542709,372190.0,129218.2839,157132571.238972,-0.013484134157363714,-0.013575870686164393
2022-12-28 00:00:00+00:00,1211.55,1215.78,1181.06,1190.15,0,367828.8914,439875906.992195,474792.0,178354.66,213269645.025402,-0.017663323841360157,-0.01782118197435878
2022-12-29 00:00:00+00:00,1190.15,1206.57,1186.77,1200.49,0,249130.48690000002,298245107.21298003,377201.0,123380.9102,147692321.9073,0.008687980506658866,0.00865045718200097
2022-12-30 00:00:00+00:00,1200.48,1202.15,1181.08,1199.99,0,266014.2115,317524824.577787,364383.0,130580.9389,155866697.387572,-0.00041649659722275967,-0.0004165833560216825
2022-12-31 00:00:00+00:00,1199.98,1208.46,1191.66,1196.13,0,139379.2811,167161720.78087,261569.0,70227.5365,84226208.302994,-0.0032166934724455754,-0.003221878152229074
2023-01-01 00:00:00+00:00,1196.13,1204.67,1190.57,1200.34,0,117762.0685,141014996.65570801,233151.0,60055.5007,71918680.428805,0.003519684315249849,0.0035135047223100457
2023-01-02 00:00:00+00:00,1200.33,1224.29,1193.0,1214.0,0,252794.13999999998,306657437.527479,330000.0,123469.9434,149737175.610595,0.011380108969125446,0.011315842641327123
2023-01-03 00:00:00+00:00,1213.99,1219.89,1204.93,1214.55,0,205519.4944,249325343.252245,296709.0,97873.3515,118760573.010809,0.0004530477759472351,0.00045294518078886625
2023-01-04 00:00:00+00:00,1214.56,1272.6,1212.71,1256.9,0,457799.6648,571805761.1580551,526420.0,236858.34269999998,295758154.621164,0.03486888147873701,0.034274734130558926
2023-01-05 00:00:00+00:00,1256.91,1259.95,1242.81,1251.24,0,272805.33,341379819.27811,339445.0,137396.5629,171968288.82744,-0.004503142652557912,-0.004513312341289044
2023-01-06 00:00:00+00:00,1251.25,1276.7,1236.0,1269.14,0,342344.2023,429648347.112603,444840.0,172277.4922,216252876.922836,0.014305808637831374,0.014204446128787573
2023-01-07 00:00:00+00:00,1269.13,1271.09,1261.3,1264.07,0,129474.2884,163760550.011656,242794.0,64457.8749,81530432.005823,-0.003994831145500255,-0.004002831798053386
2023-01-08 00:00:00+00:00,1264.06,1296.0,1257.77,1290.16,0,213636.7848,271373377.530058,341498.0,113501.533,144256844.746569,0.02063967976457004,0.020429567752023203
2023-01-09 00:00:00+00:00,1290.15,1344.91,1285.44,1320.39,0,581727.6968,766640085.930397,667559.0,290264.2976,382393990.070957,0.02343120233149376,0.023160905815512223
2023-01-10 00:00:00+00:00,1320.4,1347.69,1316.8,1335.62,0,459660.2307,611680590.741332,467419.0,223763.8926,297762851.611724,0.01153447087602899,0.01146845601288593
2023-01-11 00:00:00+00:00,1335.63,1398.0,1321.04,1389.39,0,472465.9556,635118946.429521,534745.0,235594.2237,316751892.101341,0.040258456746679494,0.03946919838084639
2023-01-12 00:00:00+00:00,1389.4,1438.0,1361.92,1415.92,0,877712.4492,1231660847.868249,873540.0,438919.3883,616089439.700554,0.019094710628405176,0.018914694600994153
2023-01-13 00:00:00+00:00,1415.91,1464.0,1401.03,1451.2,0,499377.8649,709963291.5416291,670535.0,259443.2548,368821974.142587,0.024916661958302777,0.024611303878373292
2023-01-14 00:00:00+00:00,1451.21,1599.98,1449.14,1549.9,0,940691.7774,1444283818.189171,1187799.0,482842.2219,741178178.577223,0.06801267916207276,0.0657996123421336
2023-01-15 00:00:00+00:00,1549.91,1566.66,1516.03,1552.52,0,387832.71379999997,596626752.297843,590180.0,192499.6889,296178077.150001,0.001690431640750889,0.0016890044693154138
2023-01-16 00:00:00+00:00,1552.52,1604.5,1521.31,1576.94,0,574622.8953,897953752.929984,802443.0,283353.4366,442958606.028479,0.01572926596758828,0.015606843142374593
2023-01-17 00:00:00+00:00,1576.94,1609.0,1541.15,1565.57,0,506771.7219,797552620.1873369,703325.0,253800.4618,399512238.701721,-0.00721016652504225,-0.0072362853990490805
2023-01-18 00:00:00+00:00,1565.56,1610.0,1501.39,1511.43,0,752534.8857,1172243167.729863,913587.0,379449.3465,591240910.364482,-0.034581653966286985,-0.035193752379531595
2023-01-19 00:00:00+00:00,1511.44,1564.43,1509.15,1551.09,0,308679.4645,473220810.93493,477203.0,157860.3364,242038742.951305,0.026240050812806226,0.025901687036221865
2023-01-20 00:00:00+00:00,1551.09,1669.9,1542.02,1658.52,0,440570.9974,702227917.870663,710633.0,230258.0214,367212821.332237,0.06926097131694497,0.06696772883159863
2023-01-21 00:00:00+00:00,1658.53,1679.26,1616.21,1626.66,0,494248.6009,815990095.346851,648695.0,242585.2946,400675000.350255,-0.019209897981332658,-0.019396805593905775
2023-01-22 00:00:00+00:00,1626.65,1663.89,1604.0,1627.44,0,431729.6909,703883818.617405,550009.0,216146.2179,352401960.260315,0.0004795101619268216,0.00047939523366657966
2023-01-23 00:00:00+00:00,1627.43,1648.09,1585.29,1626.29,0,407267.1156,662442276.006642,602844.0,203026.4669,330314516.706953,-0.000706631273656888,-0.000706881055211106
2023-01-24 00:00:00+00:00,1626.28,1641.46,1535.0,1555.97,0,462275.3243,742483248.778448,664260.0,219529.2586,352794905.892124,-0.04323952062670244,-0.04420220164166899
2023-01-25 00:00:00+00:00,1555.97,1641.0,1518.0,1611.94,0,646474.9166,1010958308.5232589,832576.0,336800.3351,527017728.015549,0.03597113054878953,0.03533927718337271
2023-01-26 00:00:00+00:00,1611.95,1632.84,1577.43,1601.09,0,532777.8466,856294452.549072,661710.0,255584.4969,410800055.45538,-0.006731019765003787,-0.006753775247761773
2023-01-27 00:00:00+00:00,1601.08,1621.0,1552.54,1597.62,0,512093.3875,810894459.5928121,721339.0,271725.69,430230772.25918,-0.002167273544897541,-0.0021696254810139592
2023-01-28 00:00:00+00:00,1597.61,1606.83,1555.99,1572.1,0,313675.6574,496009423.632769,461988.0,159807.55299999999,252625590.628539,-0.01597376096944203,-0.016102716603945133
2023-01-29 00:00:00+00:00,1572.1,1660.0,1566.33,1644.72,0,551767.9134000001,892135111.02851,747055.0,281776.0177,455478541.954577,0.046192990267794665,0.0451578517482103
2023-01-30 00:00:00+00:00,1644.73,1647.53,1535.0,1566.2,0,595055.3281,945663093.918117,783703.0,287321.0407,456477684.32953703,-0.04774064886424434,-0.048917853628840824
2023-01-31 00:00:00+00:00,1566.21,1605.18,1561.63,1585.33,0,348856.6751,550862274.147693,565125.0,173798.9667,274479554.846062,0.01221427659302754,0.012140284216282105
2023-02-01 00:00:00+00:00,1585.32,1647.77,1555.18,1641.68,0,474617.1709,757974339.888151,795274.0,246070.2217,393191559.89691997,0.035544650009777135,0.03492752019938905
2023-02-02 00:00:00+00:00,1641.67,1714.68,1626.85,1643.12,0,629188.8874,1052104526.872657,939545.0,314689.8073,526350550.18805,0.0008771502363431605,0.0008767657648851568
2023-02-03 00:00:00+00:00,1643.12,1676.0,1625.93,1663.52,0,464815.032,766949169.430422,714675.0,229573.0449,378846983.90134096,0.012415404839573485,0.012338965732266338
2023-02-04 00:00:00+00:00,1663.52,1695.29,1645.43,1666.38,0,308227.1295,514857995.985798,559308.0,153457.142,256353550.305223,0.0017192459363277734,0.0017177697247712231
2023-02-05 00:00:00+00:00,1666.39,1673.81,1609.3,1629.02,0,413579.6748,680127291.926744,680427.0,198540.8776,326481458.836427,-0.022419856215269096,-0.02267500195691241
2023-02-06 00:00:00+00:00,1629.01,1658.56,1605.01,1614.29,0,384119.41969999997,626831152.687586,636588.0,191802.79320000001,313101318.539597,-0.009042246258486708,-0.00908337548866811
2023-02-07 00:00:00+00:00,1614.28,1678.37,1613.14,1671.03,0,451922.4,743635216.728552,746572.0,234924.0525,386597449.582718,0.035148579251559564,0.03454497124674827
2023-02-08 00:00:00+00:00,1671.03,1697.91,1630.47,1650.43,0,417966.2539,695793337.577435,671033.0,205938.1207,342878805.538366,-0.012327726013297124,-0.01240434275222757
2023-02-09 00:00:00+00:00,1650.42,1656.17,1524.4,1545.35,0,658011.6964,1054014372.583392,973879.0,317244.9366,508466128.352034,-0.06366825615142735,-0.06578543811037818
2023-02-10 00:00:00+00:00,1545.35,1555.01,1490.0,1513.06,0,484654.2199,743164643.511499,682215.0,220852.4958,338760669.128763,-0.02089494289319571,-0.02111633157896531
2023-02-11 00:00:00+00:00,1513.05,1543.0,1505.0,1538.51,0,289691.5708,440657107.728338,440506.0,141579.8991,215368016.233777,0.016820218629796546,0.01668032526444918
2023-02-12 00:00:00+00:00,1538.5,1548.02,1493.08,1514.83,0,286758.374,438014692.308034,490609.0,134744.9765,205825023.574182,-0.015391515167272218,-0.015511194152280083
2023-02-13 00:00:00+00:00,1514.82,1526.1,1461.93,1505.24,0,643152.3904,959644223.335073,788402.0,306701.2995,457512045.482247,-0.0063307433837459515,-0.0063508675184227315
2023-02-14 00:00:00+00:00,1505.25,1569.0,1482.66,1555.71,0,668964.3768,1021642935.313975,861338.0,329786.2183,503918880.172473,0.033529536818049044,0.032979679139187645
2023-02-15 00:00:00+00:00,1555.7,1680.0,1542.55,1674.92,0,581207.8586,928452953.9450489,852734.0,303747.759,485366943.877121,0.07662739199465207,0.07383336987757261
2023-02-16 00:00:00+00:00,1674.92,1742.97,1633.72,1637.84,0,832723.6731,1408096156.866216,1220762.0,422120.2495,714045600.344282,-0.02213837078785863,-0.022387102380211132
2023-02-17 00:00:00+00:00,1637.83,1722.0,1630.51,1693.87,0,579934.663,970891863.058295,940022.0,298275.5336,499403199.621222,0.034209690812289306,0.033637551282523326
2023-02-18 00:00:00+00:00,1693.81,1713.13,1679.77,1691.62,0,267305.7813,452969773.61025,457982.0,131392.3667,222669375.870258,-0.0013283191744348777,-0.0013292021723714242
2023-02-19 00:00:00+00:00,1691.62,1726.59,1666.14,1679.75,0,401023.0477,680092027.331298,634114.0,198379.91,336553647.754587,-0.007016942339295951,-0.0070416768542163055
2023-02-20 00:00:00+00:00,1679.74,1719.89,1650.56,1703.27,0,451314.8335,765198951.963577,752116.0,233136.761,395372679.440455,0.014002083643399388,0.013904960042027348
2023-02-21 00:00:00+00:00,1703.27,1716.66,1636.3,1659.76,0,520354.46880000003,874136698.284591,837901.0,261067.8341,438651496.248602,-0.02554498112454273,-0.025876919257401987
2023-02-22 00:00:00+00:00,1659.77,1666.95,1595.07,1643.14,0,528875.4809,861982489.016571,887617.0,261477.2949,426091167.73571897,-0.010013495927121974,-0.010063968196039497
2023-02-23 00:00:00+00:00,1643.15,1679.0,1628.75,1650.53,0,501305.9717,829754759.565515,849095.0,250058.0952,413918144.478033,0.004497486519712268,0.004487403049425076
2023-02-24 00:00:00+00:00,1650.52,1664.66,1575.64,1607.8,0,512515.4982,831164574.11824,829249.0,244939.45620000002,397377091.02658,-0.025888653947519935,-0.026229663544409476
2023-02-25 00:00:00+00:00,1607.8,1608.98,1557.33,1594.58,0,290188.0391,462128193.104393,532834.0,144096.2347,229488719.31488,-0.008222415723348697,-0.008256406234486313
2023-02-26 00:00:00+00:00,1594.58,1651.26,1587.76,1641.36,0,308607.9941,499002379.520129,544008.0,153077.9388,247588746.29951298,0.029336878676516687,0.028914787798576036
2023-02-27 00:00:00+00:00,1641.37,1665.22,1608.0,1633.45,0,431861.4129,707841123.057607,679771.0,215202.8928,352736478.154143,-0.004819174343227428,-0.004830824006812229
2023-02-28 00:00:00+00:00,1633.45,1647.52,1596.66,1605.23,0,393523.1647,640150766.311205,626287.0,192261.47580000001,312879269.16716,-0.01727631699776544,-0.017427293973113045
2023-03-01 00:00:00+00:00,1605.24,1669.72,1595.0,1665.22,0,474456.8235,780632253.606366,725546.0,233810.69929999998,384611475.602082,0.03737159160992509,0.03669019833997034
2023-03-02 00:00:00+00:00,1665.23,1677.86,1619.18,1647.86,0,423023.80819999997,694364877.504408,644400.0,209908.348,344522660.652602,-0.010425048942482196,-0.010479770413468259
2023-03-03 00:00:00+00:00,1647.86,1649.25,1544.39,1569.45,0,742816.5976,1166573996.744236,1008133.0,356042.8657,558918754.566335,-0.04758292573398215,-0.048752236909360924
2023-03-04 00:00:00+00:00,1569.45,1577.53,1549.12,1566.73,0,237640.2606,371865636.794456,442158.0,114523.6396,179242456.92659,-0.0017330912102966334,-0.0017345947503004666
2023-03-05 00:00:00+00:00,1566.74,1588.77,1553.05,1564.58,0,299240.7415,469729098.462738,505034.0,146252.8571,229586295.581382,-0.0013722849501829337,-0.0013732273954767393
2023-03-06 00:00:00+00:00,1564.57,1583.49,1554.44,1565.84,0,307709.3011,482146763.966397,495130.0,151429.2666,237315661.183636,0.0008053279474362629,0.0008050038448796926
2023-03-07 00:00:00+00:00,1565.84,1584.49,1536.14,1561.96,0,437947.9032,682865640.744412,601157.0,222838.1714,347497907.936122,-0.002477903234046841,-0.0024809783171546584
2023-03-08 00:00:00+00:00,1561.95,1570.89,1523.61,1532.38,0,460101.7658,714552395.993279,647197.0,227125.8414,352776402.72266,-0.01893774488463207,-0.01911936055839547
2023-03-09 00:00:00+00:00,1532.38,1546.45,1408.0,1437.32,0,718485.1364,1072396877.907578,914935.0,340420.8159,508749569.094812,-0.06203422127670688,-0.06404181387886965
2023-03-10 00:00:00+00:00,1437.32,1439.43,1368.39,1426.44,0,960262.4509,1353741388.827259,1155209.0,462418.6232,651918990.291944,-0.007569643503186452,-0.007598438659315754
2023-03-11 00:00:00+00:00,1426.43,1478.07,1408.4,1471.97,0,1374859.6201,1987926852.348374,1467256.0,674055.1504,975054688.509361,0.03191862258489664,0.031419809865822046
2023-03-12 00:00:00+00:00,1471.93,1594.19,1448.3,1580.33,0,1002355.0929,1506839740.469654,1253899.0,507616.3281,763938923.683043,0.07361563075334399,0.07103204632577942
2023-03-13 00:00:00+00:00,1580.33,1693.49,1565.0,1673.45,0,1228063.6053,1992277884.796341,1671283.0,631386.3058,1024622574.37087,0.05892440186543335,0.0572536777306647
2023-03-14 00:00:00+00:00,1673.44,1780.02,1655.24,1699.4,0,1283321.2355,2195733827.910122,1750035.0,666065.6812,1139199433.36359,0.015506886970031886,0.015387883866641694
2023-03-15 00:00:00+00:00,1699.41,1716.9,1611.0,1649.96,0,963142.4833,1602460705.895695,1388384.0,463785.2099,771970600.269402,-0.029092620925032397,-0.029524202392908983
2023-03-16 00:00:00+00:00,1649.95,1691.42,1632.18,1673.73,0,627985.6119,1040043241.140285,1004406.0,325261.1993,538689586.432635,0.01440640985235997,0.014303623541625399
2023-03-17 00:00:00+00:00,1673.73,1800.0,1662.65,1789.27,0,907528.2825,1569265196.452905,1293055.0,476255.4948,824016896.569734,0.0690314447372038,0.06675304670589899
2023-03-18 00:00:00+00:00,1789.26,1841.0,1747.47,1758.84,0,711614.731,1280189359.424549,1115890.0,353131.9671,635373026.202565,-0.017006935789456112,-0.01715321459684649
2023-03-19 00:00:00+00:00,1758.84,1841.36,1757.92,1780.68,0,541131.8908,972006261.580209,919093.0,275030.1756,494016367.258819,0.012417275022173824,0.01234081297882561
2023-03-20 00:00:00+00:00,1780.67,1803.05,1722.0,1732.78,0,682848.1248,1205036446.951221,1083767.0,346231.4658,611012606.1727049,-0.026899836017701184,-0.027268258638845744
2023-03-21 00:00:00+00:00,1732.77,1835.0,1717.01,1801.23,0,742348.4999,1324018564.211035,1166036.0,399394.246,712603682.260025,0.039502995186925016,0.03874270968448279
2023-03-22 00:00:00+00:00,1801.23,1819.98,1710.12,1734.33,0,891287.6009,1581074700.20938,1286030.0,432312.7267,767322678.065599,-0.03714128678736206,-0.03784859319942058
2023-03-23 00:00:00+00:00,1734.34,1857.16,1729.35,1813.79,0,732061.103,1312199315.577505,1074713.0,388644.191,697106769.812962,0.04581596351328754,0.044797407058995375
2023-03-24 00:00:00+00:00,1813.78,1818.99,1726.4,1749.57,1,564770.1417,1001546184.532135,855600.0,283157.3494,502222091.710247,-0.03540652445983272,-0.036048535272103166
2023-03-25 00:00:00+00:00,1749.57,1763.23,1713.09,1741.88,0,355679.37429999997,620341997.183512,620651.0,174749.2834,304837439.681757,-0.004395365718433575,-0.0044050537370114995
2023-03-26 00:00:00+00:00,1741.88,1801.0,1739.31,1773.88,0,354933.2372,627660488.27267,592618.0,178518.2669,315691892.319254,0.018370955519323884,0.018204248136497014
2023-03-27 00:00:00+00:00,1773.88,1780.48,1686.13,1715.22,0,570563.5023,987197970.21984,810253.0,274628.4302,475175903.71022403,-0.03306875324148195,-0.0336278855823684
2023-03-28 00:00:00+00:00,1715.21,1795.73,1701.13,1772.99,0,536511.3973,935507384.149678,766887.0,286377.2164,499476096.824357,0.033680810624876045,0.03312603464411623
2023-03-29 00:00:00+00:00,1773.0,1827.99,1772.48,1793.07,0,536865.5972,967342311.082234,810500.0,283946.5459,511607922.311683,0.011325500989853188,0.011261847656573565
2023-03-30 00:00:00+00:00,1793.06,1829.69,1763.0,1793.61,0,579690.0394,1039397383.7804,876484.0,299825.6561,537640857.627622,0.00030115946393616255,0.00030111412452793473
2023-03-31 00:00:00+00:00,1793.6,1847.28,1777.91,1821.52,0,554525.4762,1006896937.025254,902956.0,289189.755,525237162.942127,0.015560796382714237,0.015440968668430699
2023-04-01 00:00:00+00:00,1821.52,1842.83,1807.81,1820.79,0,272904.9674,497460628.076191,579259.0,138942.8139,253278130.995171,-0.00040076419693446663,-0.0004008445243677272
2023-04-02 00:00:00+00:00,1820.8,1824.81,1771.7,1794.51,0,322122.9385,580909276.164171,637705.0,162593.2236,293256522.063042,-0.01443329543769456,-0.014538468670514781
2023-04-03 00:00:00+00:00,1794.51,1839.99,1762.77,1810.51,0,628503.6619000001,1131436800.437073,1098681.0,318256.9181,573104096.04297,0.008916082941861525,0.008876569371509824
2023-04-04 00:00:00+00:00,1810.51,1891.91,1802.01,1870.37,0,622208.6411,1151551698.653268,1087425.0,324318.0474,599946499.359023,0.03306250724933846,0.032527698712763176
2023-04-05 00:00:00+00:00,1870.38,1942.98,1864.58,1908.69,0,548595.5155,1045846831.791563,1077031.0,281338.725,536320635.934765,0.02048792484909412,0.020280870614802105
2023-04-06 00:00:00+00:00,1908.68,1909.91,1853.7,1872.41,0,396241.4352,743618300.0239999,916688.0,190334.8978,357167485.352436,-0.019007801162053584,-0.019190771703289755
2023-04-07 00:00:00+00:00,1872.41,1882.61,1841.46,1863.72,0,284256.4873,528718750.37856597,829061.0,143802.1285,267474497.282928,-0.004641077541777783,-0.0046518807808926255
2023-04-08 00:00:00+00:00,1863.73,1879.38,1847.0,1848.82,0,197905.5407,368792680.929658,902787.0,97213.2882,181198387.334433,-0.00799476316184844,-0.008026892640480732
2023-04-09 00:00:00+00:00,1848.82,1873.99,1824.01,1858.92,0,287131.3079,529878494.840373,953458.0,146393.8295,270125898.843105,0.005462943931805242,0.005448076176833183
2023-04-10 00:00:00+00:00,1858.91,1918.79,1846.4,1910.2,0,434739.79839999997,816212712.862947,586284.0,218877.8586,410947350.79718,0.027585910098336663,0.027212274694364602
2023-04-11 00:00:00+00:00,1910.21,1937.37,1881.11,1889.86,0,405203.4892,774389695.845932,590527.0,209441.7172,400266668.511361,-0.010648099675426681,-0.01070519636464251
2023-04-12 00:00:00+00:00,1889.86,1933.0,1852.65,1917.39,0,630844.4186,1195663632.078732,801456.0,318566.1128,603818547.582894,0.014567216619220558,0.014462133997453108
2023-04-13 00:00:00+00:00,1917.4,2023.0,1899.55,2012.01,0,676164.5188,1333377092.124591,911569.0,358627.74439999997,706952043.8831019,0.049348332890022384,0.04816933615275776
2023-04-14 00:00:00+00:00,2012.0,2128.76,2009.22,2099.99,0,896307.3934000001,1877719501.123732,1182309.0,463960.1556,971826170.994831,0.043727416861745194,0.04279836040920948
2023-04-15 00:00:00+00:00,2099.99,2111.85,2071.13,2090.6,0,321823.7851,674260851.49151,505299.0,159120.98,333402759.039286,-0.004471449864046906,-0.00448147669680754
2023-04-16 00:00:00+00:00,2090.61,2141.54,2072.72,2118.67,0,319880.4393,673034613.415835,529231.0,162518.1328,341954921.31303203,0.013426767435186227,0.01333742720520359
2023-04-17 00:00:00+00:00,2118.66,2120.51,2056.25,2074.0,0,426972.7071,889433328.786508,674817.0,206218.4799,429616895.547511,-0.02108398193206118,-0.021309423514337844
2023-04-18 00:00:00+00:00,2073.99,2125.0,2051.0,2103.5,0,414244.6135,867291463.569828,636801.0,205943.0188,431182409.022914,0.014223722275795492,0.014123514241102697
2023-04-19 00:00:00+00:00,2103.51,2104.6,1923.03,1933.73,0,775389.0602,1547934187.85902,1116849.0,381226.9641,760478525.516055,-0.08070834323746134,-0.08415184379536278
2023-04-20 00:00:00+00:00,1933.74,1982.99,1914.43,1942.98,0,625336.2495,1218184973.299396,869619.0,307551.80710000003,598986977.594464,0.004783501316109273,0.0047720967284679006
2023-04-21 00:00:00+00:00,1942.98,1957.27,1825.0,1848.78,0,688876.6186,1306179482.091942,868887.0,339964.1825,644708261.744395,-0.04848222832967919,-0.04969691488980299
2023-04-22 00:00:00+00:00,1848.77,1887.31,1841.64,1874.16,0,331007.5879,616579601.311765,451499.0,168125.1409,313147831.357009,0.013727971959887064,0.013634596948651989
2023-04-23 00:00:00+00:00,1874.17,1882.01,1836.37,1862.0,0,344514.3444,641362428.689366,463928.0,180537.4201,336129438.631238,-0.006488240064882467,-0.006509380185517166
2023-04-24 00:00:00+00:00,1862.01,1890.0,1806.0,1841.84,0,447864.0517,826968889.241232,682824.0,216968.9613,400599962.395403,-0.010827067669172963,-0.010886106900898085
2023-04-25 00:00:00+00:00,1841.84,1877.86,1801.66,1866.1,0,457870.60469999997,839226421.378246,631766.0,238370.8971,436940670.148063,0.013171610997698036,0.013085619603311116
2023-04-26 00:00:00+00:00,1866.1,1964.72,1785.0,1866.01,0,897709.7298,1695903568.960903,1182620.0,445589.98610000004,842104509.424001,-4.822892663836065e-05,-4.823008969001563e-05
2023-04-27 00:00:00+00:00,1866.01,1940.96,1861.19,1908.68,0,727472.9466,1383094120.67767,959609.0,378523.2934,719109759.957455,0.022866972845804634,0.022609442195173024
2023-04-28 00:00:00+00:00,1908.68,1923.88,1873.94,1890.94,0,387630.7791,736203306.614156,574483.0,201390.0556,382298834.019809,-0.009294381457342293,-0.009337843733620232
2023-04-29 00:00:00+00:00,1890.93,1918.0,1883.05,1907.8,0,182046.1406,346028241.295737,335962.0,90910.2544,172785540.85637,0.008916200408262576,0.008876685799819484
2023-04-30 00:00:00+00:00,1907.79,1939.0,1866.16,1870.09,0,355336.4888,677913240.814662,552933.0,176787.4337,337334018.002625,-0.019766222874515127,-0.019964187678360723
2023-05-01 00:00:00+00:00,1870.08,1886.49,1806.12,1830.73,0,445519.1779,818821593.694849,647788.0,220514.8113,405281273.929108,-0.02104711537947368,-0.02127176363574179
2023-05-02 00:00:00+00:00,1830.73,1881.87,1822.94,1870.08,0,373753.2027,690907892.110455,563768.0,184439.1031,340877324.218158,0.02149415806809296,0.021266416285220302
2023-05-03 00:00:00+00:00,1870.09,1916.52,1842.64,1905.12,0,465185.2501,871222153.959792,751579.0,239749.08060000002,449104177.864072,0.01873716632443534,0.018563788020639294
2023-05-04 00:00:00+00:00,1905.12,1918.26,1866.71,1877.07,0,354528.6144,670584503.659619,525802.0,172127.9509,325526383.589932,-0.014723481985386755,-0.01483294825820014
2023-05-05 00:00:00+00:00,1877.07,1998.36,1875.65,1993.3,0,546608.875,1061183389.068112,803612.0,281818.2188,546945491.993123,0.06192097257960549,0.06007950628405556
2023-05-06 00:00:00+00:00,1993.3,2019.0,1860.0,1896.33,0,608106.9915,1169939393.312777,868626.0,309602.2227,595756528.400797,-0.04864797070185123,-0.049871117425896117
2023-05-07 00:00:00+00:00,1896.33,1933.33,1867.59,1870.4,0,413268.8357,787566158.198456,625667.0,198046.1876,377209171.372105,-0.013673780407418401,-0.013768127585020551
2023-05-08 00:00:00+00:00,1870.41,1883.97,1810.73,1847.56,0,625316.6168,1157603209.761854,885693.0,308193.8507,570302849.746665,-0.012211291702309723,-0.012286462103440421
2023-05-09 00:00:00+00:00,1847.55,1861.88,1830.99,1846.52,0,304396.186,561440259.790895,517737.0,154195.2071,284409845.645079,-0.0005629045876723859,-0.0005630630779389634
2023-05-10 00:00:00+00:00,1846.53,1887.47,1790.51,1840.84,0,639933.3855,1182254717.032215,802140.0,315762.39530000003,583244341.867981,-0.0030760565821112973,-0.0030807973686073353
2023-05-11 00:00:00+00:00,1840.83,1842.02,1772.68,1794.3,0,522096.0725,944525427.0279421,679625.0,256341.5035,463715175.20427203,-0.02528193650724664,-0.025607015449195636
2023-05-12 00:00:00+00:00,1794.31,1818.63,1740.0,1807.45,0,565539.8309000001,1002104362.594411,696930.0,272766.5815,483569848.957916,0.0073287633060246105,0.007302038414394474
2023-05-13 00:00:00+00:00,1807.45,1817.03,1785.23,1795.11,0,212895.4373,383397322.744781,342566.0,107960.5618,194416969.777289,-0.006827298127195847,-0.006850710751213462
2023-05-14 00:00:00+00:00,1795.12,1824.0,1789.82,1799.21,0,218101.0977,393557662.80186,348092.0,112091.4998,202267370.369558,0.002283982597166778,0.00228137827364705
2023-05-15 00:00:00+00:00,1799.2,1846.7,1785.05,1816.2,0,388171.9261,708011632.174709,503728.0,200878.5212,366433193.428354,0.00944303333129537,0.009398726600278628
2023-05-16 00:00:00+00:00,1816.21,1832.64,1796.2,1824.21,0,311238.6786,565367254.106777,466058.0,145796.2684,264839999.726318,0.004410307234886002,0.0044006103303644295
2023-05-17 00:00:00+00:00,1824.21,1837.5,1783.68,1822.12,0,352097.9913,637776970.833855,524718.0,174614.8238,316362266.891233,-0.0011457014269191657,-0.0011463582445250253
2023-05-18 00:00:00+00:00,1822.12,1831.92,1771.12,1800.56,0,293755.311,531357170.827152,480171.0,142539.4053,257898809.718076,-0.011832371084231519,-0.01190293073122728
2023-05-19 00:00:00+00:00,1800.56,1829.54,1796.81,1812.32,0,243116.4676,440291732.350879,390917.0,125305.6452,226950073.642058,0.006531301372906251,0.006510064842062846
2023-05-20 00:00:00+00:00,1812.31,1828.87,1807.06,1819.42,0,127754.43490000001,232010582.306628,272744.0,67168.5635,122004402.44592799,0.003917630440540387,0.003909976510074742
2023-05-21 00:00:00+00:00,1819.42,1828.98,1797.21,1804.91,0,161517.8053,292535613.878124,308391.0,76815.2518,139145313.568439,-0.007975068978025912,-0.008007039934467386
2023-05-22 00:00:00+00:00,1804.91,1828.27,1792.01,1817.35,0,237498.9423,430673377.916653,411867.0,123914.6884,224774189.867085,0.006892310419910119,0.006868667024692243
2023-05-23 00:00:00+00:00,1817.36,1872.5,1815.24,1854.05,0,396869.60970000003,734581474.722466,548587.0,222549.7769,411731244.578506,0.0201942388642804,0.019993039425737713
2023-05-24 00:00:00+00:00,1854.06,1854.09,1777.6,1799.89,0,420846.1445,761360360.597887,554307.0,193455.11130000002,349797434.176159,-0.029211725681615897,-0.029646883572655547
2023-05-25 00:00:00+00:00,1799.89,1818.81,1761.41,1805.6,0,350633.0089,628769352.4425709,482899.0,164410.1627,294794104.354962,0.00317241609209451,0.0031673945975407847
2023-05-26 00:00:00+00:00,1805.61,1838.2,1796.99,1827.79,0,275690.6854,501773973.879937,375854.0,140633.10749999998,255923842.594071,0.012289543642002743,0.012214640261706933
2023-05-27 00:00:00+00:00,1827.8,1836.12,1812.18,1829.89,0,138824.9406,253710138.250563,276383.0,69580.6479,127156321.87459001,0.0011489284874084404,0.001148268974181299
2023-05-28 00:00:00+00:00,1829.89,1918.65,1823.6,1908.64,0,378392.4371,705699886.229488,549727.0,194805.8607,363152161.536748,0.04303537371098809,0.04213509079442179
2023-05-29 00:00:00+00:00,1908.64,1927.62,1873.65,1892.6,0,313593.4942,596236148.909885,445895.0,158390.3448,301175186.43959403,-0.008403889680610344,-0.00843940145950306
2023-05-30 00:00:00+00:00,1892.6,1917.0,1881.19,1900.59,0,272665.8402,519059196.247416,422249.0,134288.1609,255644547.737627,0.004221705590193414,0.004212819192870754
2023-05-31 00:00:00+00:00,1900.58,1907.13,1846.95,1873.63,0,319255.5681,597360395.544034,451133.0,149451.087,279624016.04226,-0.014185068847042182,-0.014286638596146872
2023-06-01 00:00:00+00:00,1873.63,1889.2,1840.0,1861.78,0,270496.60970000003,504448237.27338,422899.0,132786.9324,247622735.209231,-0.006324621189882862,-0.006344706338571093
2023-06-02 00:00:00+00:00,1861.78,1910.0,1847.51,1906.68,0,313004.0658,591169483.099447,456788.0,157874.0403,298230534.993066,0.02411670551837486,0.02383049035599072
2023-06-03 00:00:00+00:00,1906.69,1907.92,1881.6,1892.06,0,148818.2427,282550389.946688,292512.0,71248.1015,135269927.949346,-0.007667778547003179,-0.007697327105709029
2023-06-04 00:00:00+00:00,1892.05,1914.63,1884.22,1890.01,0,172683.01189999998,328166899.06235397,289973.0,85783.1201,163026354.238026,-0.0010834751540648169,-0.0010840625375854174
2023-06-05 00:00:00+00:00,1890.0,1890.63,1778.0,1810.5,0,555361.2683,1017689609.3622559,688879.0,253634.645,464638835.759449,-0.042068560483806916,-0.042979069839285344
2023-06-06 00:00:00+00:00,1810.49,1898.29,1797.18,1884.64,0,491407.2174,907660359.4259659,616201.0,254098.0244,469823908.553932,0.04095001380834029,0.04013377100477822
2023-06-07 00:00:00+00:00,1884.65,1897.8,1821.18,1832.13,0,429196.7064,796856688.8667129,594071.0,201074.7993,373411267.734446,-0.027862085066644005,-0.028257596795300266
2023-06-08 00:00:00+00:00,1832.12,1861.28,1828.31,1845.64,0,189270.4853,349160385.10498,347990.0,89218.1306,164597259.31850702,0.007373930889183589,0.007346876378127476
2023-06-09 00:00:00+00:00,1845.65,1855.0,1827.0,1840.37,0,198324.3252,365037779.742887,354623.0,92841.2883,170881394.31631398,-0.002855378080232396,-0.0028594624490203557
2023-06-10 00:00:00+00:00,1840.37,1844.99,1715.03,1751.53,0,652324.6695,1148312156.5255961,877410.0,298962.6533,525884490.138605,-0.04827290164477793,-0.04947694667757574
2023-06-11 00:00:00+00:00,1751.52,1778.25,1738.72,1752.76,0,219956.2434,385656545.950238,378921.0,104970.1039,184058191.293455,0.0007022431816754438,0.0007019967243069303
2023-06-12 00:00:00+00:00,1752.77,1759.33,1720.0,1742.57,0,302132.4819,525467514.619609,467392.0,154579.0466,268848228.17759997,-0.0058136881261553475,-0.005830653396786012
2023-06-13 00:00:00+00:00,1742.57,1770.13,1724.22,1740.12,0,284268.0018,495907901.66849303,498880.0,147060.3735,256562479.934,-0.0014059693441296206,-0.0014069586464220407
2023-06-14 00:00:00+00:00,1740.12,1750.03,1630.43,1650.95,0,415847.327,705586390.233981,572996.0,198035.006,335772562.742377,-0.051243592395926685,-0.052603196562220234
2023-06-15 00:00:00+00:00,1650.95,1680.91,1626.01,1666.96,0,370774.7696,611499814.542176,458568.0,192425.5156,317419943.086948,0.009697446924497921,0.009650728476360726
2023-06-16 00:00:00+00:00,1666.96,1729.5,1649.86,1717.92,0,311734.5904,525393264.962201,408176.0,158600.074,267168521.191646,0.030570619570955637,0.030112648423880728
2023-06-17 00:00:00+00:00,1717.91,1770.0,1714.26,1727.76,0,210914.9216,366944179.320637,359758.0,107260.8485,186631806.833697,0.005727856943280152,0.005711515143331347
2023-06-18 00:00:00+00:00,1727.75,1747.84,1712.0,1720.95,0,156535.0128,270948973.417484,273858.0,79223.6039,137159225.733412,-0.003941519655507708,-0.003949307915894984
2023-06-19 00:00:00+00:00,1720.95,1752.19,1698.0,1737.11,0,245162.7589,422827205.775489,366143.0,120432.5942,207735564.792355,0.009390162410296554,0.009346348899017087
2023-06-20 00:00:00+00:00,1737.1,1796.99,1714.72,1791.99,0,328855.68460000004,577529266.789217,459724.0,168345.9791,295848851.477509,0.03159270282250404,0.03110392134988338
2023-06-21 00:00:00+00:00,1791.99,1901.0,1787.38,1889.11,0,613755.8869,1132377905.488902,699689.0,301882.535,557089886.052912,0.05419673100854361,0.05277908451265123
2023-06-22 00:00:00+00:00,1889.1,1933.17,1865.98,1872.01,0,416714.5719,791056016.146176,536410.0,196874.686,373931527.580786,-0.00905188157386283,-0.009093098771201902
2023-06-23 00:00:00+00:00,1872.0,1936.42,1861.01,1892.63,0,401147.9324,760352485.336681,531784.0,196520.6502,372600003.369504,0.011014898424688058,0.010954676254867124
2023-06-24 00:00:00+00:00,1892.63,1906.0,1864.77,1874.96,0,226910.2941,427721477.76198,356654.0,108047.8764,203668990.458571,-0.009336214685384925,-0.009380070314859879
2023-06-25 00:00:00+00:00,1874.95,1930.0,1868.83,1898.8,0,338757.61579999997,644415530.040616,482753.0,170334.2642,323870595.292583,0.012714937918675506,0.01263478183354394
2023-06-26 00:00:00+00:00,1898.8,1909.1,1837.18,1858.97,0,458743.861,859537162.355614,518009.0,221834.2749,415653994.571015,-0.0209764061512534,-0.021199536794378915
2023-06-27 00:00:00+00:00,1858.97,1912.53,1855.19,1889.58,0,366634.5707,690855987.041332,437184.0,195382.3664,368354695.947731,0.01646610757570044,0.016332011253664902
2023-06-28 00:00:00+00:00,1889.58,1890.19,1816.56,1828.02,0,337836.5792,626358502.58848,437585.0,160645.2676,297804857.125455,-0.03257866827548972,-0.033121168263168244
2023-06-29 00:00:00+00:00,1828.03,1880.0,1827.84,1851.99,0,241844.8281,448678322.176822,350823.0,123194.6191,228587452.243649,0.013112548002757185,0.013027322750231995
2023-06-30 00:00:00+00:00,1851.99,1948.6,1825.01,1933.79,0,716538.1035,1353630452.615445,824889.0,345435.6526,653049175.245027,0.04416870501460579,0.04322107124698338
2023-07-01 00:00:00+00:00,1933.8,1944.56,1909.44,1924.5,0,178373.3688,343093755.612736,307019.0,88294.4703,169850518.153404,-0.0048040376669648,-0.004815614146695069
2023-07-02 00:00:00+00:00,1924.5,1959.2,1885.75,1937.48,0,255852.7832,491981842.960139,381133.0,127341.9623,244921036.01352,0.006744608989347922,0.006721965869777691
2023-07-03 00:00:00+00:00,1937.49,1976.16,1933.55,1955.54,0,322102.42949999997,631158998.811416,404084.0,156608.6405,306826484.736802,0.009321386543345023,0.00927821051935318
2023-07-04 00:00:00+00:00,1955.55,1967.08,1931.58,1936.2,0,205525.0984,401186997.249838,307691.0,93898.5422,183304067.882058,-0.00988985139654519,-0.009939080826960378
2023-07-05 00:00:00+00:00,1936.19,1942.5,1894.51,1910.36,0,267633.4783,512774138.218949,362985.0,128057.0596,245340739.075563,-0.013345728747030328,-0.01343558333034256
2023-07-06 00:00:00+00:00,1910.35,1958.0,1846.0,1846.17,0,456362.741,868009586.22327,519031.0,225559.182,429043301.004543,-0.03360099667078442,-0.03417848312536442
2023-07-07 00:00:00+00:00,1846.17,1878.0,1826.0,1870.91,0,232944.3466,432733381.054967,355260.0,115143.0873,213926654.205755,0.01340071607706772,0.013311720667936733
2023-07-08 00:00:00+00:00,1870.92,1876.0,1842.8,1865.24,0,125819.8273,234001180.804625,228589.0,62592.5197,116432999.11736,-0.003030610772298048,-0.0030352123725823077
2023-07-09 00:00:00+00:00,1865.24,1879.36,1856.15,1862.8,0,135046.3743,252189550.05161,234925.0,67977.917,126943043.660608,-0.0013081426518839478,-0.0013089990173966726
2023-07-10 00:00:00+00:00,1862.81,1905.5,1846.63,1880.4,0,247868.1494,464186441.163382,338462.0,123964.154,232197400.111328,0.009448142581060859,0.009403788041753458
2023-07-11 00:00:00+00:00,1880.41,1891.99,1862.38,1878.3,0,177771.6117,333339876.932696,256360.0,85214.33009999999,159785569.139996,-0.001116783663050458,-0.0011174077306010943
2023-07-12 00:00:00+00:00,1878.31,1902.0,1864.37,1871.82,0,264406.8673,498567734.559133,338468.0,127657.9526,240728674.896198,-0.003449928126497359,-0.0034558928510683984
2023-07-13 00:00:00+00:00,1871.82,2012.63,1862.59,2004.49,0,548861.4207,1069502144.026194,618276.0,275375.01889999997,536826200.189522,0.07087754164396154,0.06847844472655584
2023-07-14 00:00:00+00:00,2004.49,2029.11,1898.39,1937.83,0,498724.0359,982369872.0199,604687.0,233071.082,459199490.677216,-0.03325534175775391,-0.03382087398995903
2023-07-15 00:00:00+00:00,1937.82,1946.37,1926.23,1931.41,0,135181.7663,261553961.167515,242818.0,65759.3938,127241697.857544,-0.0033129841110932645,-0.0033184841941045207
2023-07-16 00:00:00+00:00,1931.41,1943.55,1914.0,1922.11,0,148667.1051,286787440.456901,253770.0,69691.9153,134478359.190649,-0.004815135056772113,-0.00482676516830427
2023-07-17 00:00:00+00:00,1922.12,1936.18,1873.26,1911.2,0,277159.03489999997,528662412.297658,391391.0,134997.4387,257602038.119769,-0.005676053919910884,-0.00569222393089408
2023-07-18 00:00:00+00:00,1911.21,1917.19,1875.73,1897.21,0,215780.5006,409583830.876333,315100.0,104433.4023,198241004.728506,-0.007320008371703657,-0.00734693109649065
2023-07-19 00:00:00+00:00,1897.21,1922.04,1882.17,1888.63,0,218045.0005,415268112.543401,266831.0,108435.73969999999,206536797.50755998,-0.004522430305553882,-0.004532687429923854
2023-07-20 00:00:00+00:00,1888.64,1929.05,1878.0,1891.59,0,292907.5164,556981450.455301,353180.0,146238.3371,278124518.645565,0.0015672736322094316,0.0015660467406393153
2023-07-21 00:00:00+00:00,1891.59,1905.74,1884.64,1891.73,0,165554.0428,313414135.895111,260385.0,80526.6642,152465025.971911,7.401181017030467e-05,7.400907143129132e-05
2023-07-22 00:00:00+00:00,1891.73,1897.35,1851.18,1866.52,0,131901.64870000002,247820592.768613,240897.0,63386.2807,119075556.079677,-0.013326426075602749,-0.013416019757593212
2023-07-23 00:00:00+00:00,1866.52,1905.25,1857.82,1888.73,0,153501.0178,288736391.861338,254227.0,77750.7953,146207958.769452,0.011899149218867144,0.011828910977324192
2023-07-24 00:00:00+00:00,1888.74,1890.86,1833.19,1850.0,0,276504.5547,512402907.45784503,336366.0,132903.4964,246198594.777422,-0.02050584255028509,-0.020719006444616994
2023-07-25 00:00:00+00:00,1850.0,1868.71,1845.45,1857.66,0,152251.21,282696600.921257,248856.0,74772.6946,138842172.885674,0.004140540540540583,0.004131992091233272
2023-07-26 00:00:00+00:00,1857.66,1888.0,1848.35,1872.0,0,272090.5333,507049348.717311,319851.0,148093.9082,275939339.567176,0.00771938890862689,0.007689746873933423
2023-07-27 00:00:00+00:00,1871.99,1886.11,1854.84,1861.28,0,163766.4259,306463587.40202,252294.0,80701.93,151048244.460309,-0.0057264957264957506,-0.005742954969080394
2023-07-28 00:00:00+00:00,1861.29,1883.39,1856.52,1874.19,0,138695.7147,259228467.502262,219389.0,70493.2035,131768046.050694,0.006936086993896806,0.006912142997172133
2023-07-29 00:00:00+00:00,1874.2,1886.58,1869.54,1880.46,0,72867.0269,136676328.67955,166385.0,35883.350099999996,67306690.351579,0.0033454452323402606,0.0033398616799527048
2023-07-30 00:00:00+00:00,1880.45,1885.3,1848.17,1861.79,0,158657.5902,296504225.221497,247858.0,82527.463,154244296.26924402,-0.00992842176914166,-0.009978037223818959
2023-07-31 00:00:00+00:00,1861.79,1877.4,1851.02,1856.14,0,168204.4534,313517086.161755,246487.0,81667.8524,152228050.615145,-0.0030347139043608307,-0.003039327985911555
2023-08-01 00:00:00+00:00,1856.13,1875.62,1813.8,1873.47,0,358476.0966,659100582.108448,411508.0,170424.3649,313392733.794412,0.009336580214854395,0.009293263759436954
2023-08-02 00:00:00+00:00,1873.48,1879.74,1821.21,1839.9,0,254213.0553,470466371.26278603,331270.0,122977.5627,227628401.257956,-0.017918621595221618,-0.018081103995240433
2023-08-03 00:00:00+00:00,1839.9,1859.12,1826.0,1835.81,0,171148.052,315081750.38648,254918.0,84099.073,154854420.421639,-0.0022229468992880363,-0.002225421313420739
2023-08-04 00:00:00+00:00,1835.81,1851.31,1815.74,1830.23,0,187699.4552,344687096.602038,256002.0,90965.1443,167095446.038227,-0.0030395302346103437,-0.0030441589885050746
2023-08-05 00:00:00+00:00,1830.24,1839.0,1827.5,1836.48,0,93657.3255,171683574.022643,174254.0,46888.3941,85951801.632353,0.003414871354966209,0.0034090539218762927
2023-08-06 00:00:00+00:00,1836.48,1838.58,1825.86,1830.28,0,90403.9915,165701947.01934502,169928.0,43827.8515,80334895.42593,-0.0033760236975083346,-0.003381735324192725
2023-08-07 00:00:00+00:00,1830.28,1847.0,1802.0,1829.1,0,224092.9059,409166592.891649,289161.0,109927.115,200686537.155386,-0.0006447100990012444,-0.0006449180139247446
2023-08-08 00:00:00+00:00,1829.1,1876.51,1826.33,1856.3,0,236336.03,436891258.634858,322607.0,121075.1387,223753000.410186,0.01487070143786573,0.014761216633297103
2023-08-09 00:00:00+00:00,1856.3,1871.99,1846.28,1855.35,0,191926.8343,356559464.883318,266834.0,93172.6895,173114071.770235,-0.0005117707267144889,-0.000511901726048869
2023-08-10 00:00:00+00:00,1855.36,1865.95,1845.38,1852.47,0,127321.4553,236043286.656351,208017.0,62527.3615,115937584.656644,-0.0015522677661895523,-0.0015534737819997702
2023-08-11 00:00:00+00:00,1852.47,1857.26,1838.05,1848.84,0,113209.3103,209237745.63836,197546.0,54665.6809,101048972.227958,-0.0019595459035774976,-0.0019614683254447485
2023-08-12 00:00:00+00:00,1848.84,1854.01,1846.08,1849.93,0,63292.6476,117106742.569844,154110.0,32218.9528,59615440.052437,0.0005895588585276279,0.0005893851369798142
2023-08-13 00:00:00+00:00,1849.94,1862.0,1834.51,1840.73,0,120674.1364,222956657.347428,211874.0,69109.1508,127637208.702245,-0.004973161146638039,-0.0049855684653570265
2023-08-14 00:00:00+00:00,1840.73,1856.5,1835.0,1845.5,0,150196.1203,277387603.677403,244296.0,69702.7957,128731746.137513,0.0025913632091616456,0.0025880114167460277
2023-08-15 00:00:00+00:00,1845.5,1847.36,1814.0,1828.98,0,186081.6989,341622741.956271,264314.0,85927.3188,157737206.702051,-0.008951503657545379,-0.008991809076098534
2023-08-16 00:00:00+00:00,1828.98,1831.52,1798.17,1807.81,0,205430.73679999998,373631455.899558,311372.0,94619.3996,172094672.818027,-0.011574757515117717,-0.011642266459590545
2023-08-17 00:00:00+00:00,1807.81,1809.99,1550.0,1681.49,0,812138.2159,1390504308.003381,906515.0,389817.1811,666353412.643052,-0.06987459965372467,-0.07243586284279058
2023-08-18 00:00:00+00:00,1681.49,1699.4,1641.02,1661.59,0,538083.1018,901117750.717323,597838.0,256018.6718,428794110.089386,-0.011834741806374116,-0.011905329843399315
2023-08-19 00:00:00+00:00,1661.6,1696.72,1654.31,1669.67,0,231919.0485,387407573.3804,312174.0,116535.7301,194692011.360829,0.004862812125735028,0.004851026845808626
2023-08-20 00:00:00+00:00,1669.68,1694.75,1662.03,1685.24,0,195623.5263,327342264.94863,275035.0,94917.0042,158824704.09947202,0.009325195996813695,0.00928198478425113
2023-08-21 00:00:00+00:00,1685.23,1688.59,1649.4,1667.55,0,250835.1518,418860905.067397,297843.0,117136.71800000001,195605713.143898,-0.010497021195794098,-0.010552503530500523
2023-08-22 00:00:00+00:00,1667.56,1669.38,1580.0,1634.99,0,402012.045,657589420.923018,484314.0,187447.18469999998,306584459.756798,-0.019525651404755484,-0.019718795243034215
2023-08-23 00:00:00+00:00,1635.0,1702.11,1629.05,1679.61,0,374761.1088,622717740.76397,472134.0,180299.0885,299569404.886001,0.027290686793191243,0.0269249354861385
2023-08-24 00:00:00+00:00,1679.61,1683.37,1635.28,1661.16,0,231539.7805,383948287.500426,287178.0,111082.6585,184136212.63221902,-0.010984692875131596,-0.0110454701031939
2023-08-25 00:00:00+00:00,1661.16,1677.22,1635.51,1653.8,0,236261.6898,390502520.582296,307211.0,114825.18609999999,189795100.574874,-0.00443063883069672,-0.004440483199577017
2023-08-26 00:00:00+00:00,1653.79,1655.59,1644.0,1647.04,0,79175.425,130634757.648333,157980.0,36874.9536,60839314.571021,-0.004087555931793441,-0.004095932823677373
2023-08-27 00:00:00+00:00,1647.03,1660.24,1646.32,1658.33,0,87789.9196,145109143.683836,163046.0,45374.4533,75003594.938715,0.00685472119681374,0.006831334407922718
2023-08-28 00:00:00+00:00,1658.33,1664.34,1621.75,1653.08,0,214351.0143,352868062.83225,274580.0,103654.5089,170648261.334814,-0.0031658355092171186,-0.003170857368173685
2023-08-29 00:00:00+00:00,1653.08,1745.84,1640.0,1729.42,0,494371.0823,842464924.522092,504683.0,251594.2652,428870082.857159,0.04618046313548052,0.04514587765984235
2023-08-30 00:00:00+00:00,1729.41,1730.93,1694.34,1705.23,0,202841.4402,347291135.28552,308391.0,97462.2728,166837724.683157,-0.013987348359565721,-0.014086093183490078
2023-08-31 00:00:00+00:00,1705.23,1729.0,1630.0,1645.76,0,330518.2668,554219312.094311,396774.0,158776.94210000001,266221239.021038,-0.034875060842232464,-0.03549771539393909
2023-09-01 00:00:00+00:00,1645.77,1654.53,1602.33,1629.12,0,302406.1686,493457144.93884903,368740.0,152891.8655,249490726.906069,-0.010110830254715153,-0.010162291872580553
2023-09-02 00:00:00+00:00,1629.13,1645.0,1628.03,1637.03,0,102145.9476,166937240.933972,208209.0,50845.8558,83098703.769183,0.004855382046749179,0.0048436326957164155
2023-09-03 00:00:00+00:00,1637.02,1647.5,1625.14,1635.84,0,116767.2862,190979647.353311,216339.0,58997.6072,96501876.144268,-0.0007269262017189915,-0.0007271905406813772
2023-09-04 00:00:00+00:00,1635.84,1644.82,1616.32,1630.51,0,168010.9056,274049115.417922,275381.0,79390.4406,129501176.247899,-0.0032582648669796654,-0.003263584570429856
2023-09-05 00:00:00+00:00,1630.52,1648.02,1609.69,1634.45,0,204365.4907,333010633.963955,299045.0,92320.4268,150498646.091964,0.0024164218557383155,0.002413507003177884
2023-09-06 00:00:00+00:00,1634.46,1670.0,1609.2,1633.15,0,219541.01929999999,358419121.474319,331227.0,106351.4694,173671492.353161,-0.0007953745908408916,-0.0007956910690349872
2023-09-07 00:00:00+00:00,1633.15,1660.0,1623.4,1648.11,0,228558.2782,374542954.194732,319517.0,108679.2155,178109929.791434,0.009160211860514744,0.009118511581993616
2023-09-08 00:00:00+00:00,1648.11,1658.93,1616.21,1636.44,0,221570.0458,362938822.785618,312966.0,109915.1953,180061629.980893,-0.007080838050858129,-0.007106026156969314
2023-09-09 00:00:00+00:00,1636.43,1637.52,1629.74,1635.54,0,58519.6229,95627623.417556,156305.0,26774.7047,43756923.411164,-0.0005499743345310781,-0.0005501256258888532
2023-09-10 00:00:00+00:00,1635.53,1635.7,1600.0,1617.42,0,207957.8428,336517904.443572,292581.0,100039.4638,161887440.956075,-0.011078909717891272,-0.011140737921668808
2023-09-11 00:00:00+00:00,1617.42,1619.0,1531.01,1551.85,0,417424.8189,657137141.34232,470056.0,202066.27300000002,318051411.665565,-0.04053987214205346,-0.041384519522420504
2023-09-12 00:00:00+00:00,1551.84,1626.0,1549.67,1592.97,0,329739.9685,525392019.744392,444268.0,163861.7224,260938398.990684,0.026497406321487338,0.026152430753238143
2023-09-13 00:00:00+00:00,1592.97,1619.3,1581.88,1607.62,0,223409.28889999999,357304191.673901,349327.0,107880.3712,172522864.733231,0.009196657815275788,0.009154626062353621
2023-09-14 00:00:00+00:00,1607.61,1644.29,1607.05,1626.47,0,275301.1505,447913522.75155,414952.0,138634.912,225589264.493063,0.011725407745611705,0.01165719782718977
2023-09-15 00:00:00+00:00,1626.48,1654.08,1611.42,1641.29,0,181340.024,295616593.107865,313776.0,88087.7606,143641063.631508,0.00911175736410752,0.00907049575741059
2023-09-16 00:00:00+00:00,1641.3,1653.17,1631.31,1634.4,0,99555.4671,163144495.691079,245713.0,43821.9381,71819073.486561,-0.004197917491729042,-0.004206753484544912
2023-09-17 00:00:00+00:00,1634.4,1635.0,1612.0,1622.48,0,120227.4117,195464805.89100298,264713.0,53504.6423,86960701.565434,-0.007293196279980485,-0.007319921657535922
2023-09-18 00:00:00+00:00,1622.48,1669.5,1603.88,1636.66,0,279041.6978,458235380.246686,453410.0,138512.8418,227475377.92370299,0.008739707115033912,0.008701736946528982
2023-09-19 00:00:00+00:00,1636.66,1661.04,1626.32,1643.12,0,184282.4258,302910996.591828,350549.0,87617.8889,144020378.481033,0.003947062920826472,0.003939293704988245
2023-09-20 00:00:00+00:00,1643.13,1649.34,1604.51,1622.26,0,232844.2347,379255954.951705,382581.0,110068.5625,179266382.869451,-0.012695360046740323,-0.012776634737106107
2023-09-21 00:00:00+00:00,1622.27,1625.3,1567.77,1583.94,0,240627.544,384503484.655841,368163.0,113477.5269,181209870.858909,-0.023621367721573527,-0.023904824891214815
2023-09-22 00:00:00+00:00,1583.94,1602.68,1576.58,1593.08,0,124886.091,198987470.055888,267398.0,59931.0382,95501097.433615,0.0057704205967397115,0.00575383549124453
2023-09-23 00:00:00+00:00,1593.07,1598.24,1587.45,1593.86,0,64537.1341,102806906.083431,217950.0,29897.5066,47624962.929268,0.0004896175961031091,0.000489497772518277
2023-09-24 00:00:00+00:00,1593.85,1601.12,1570.01,1580.71,0,137517.8533,218549215.974009,307377.0,69567.5288,110560825.81027299,-0.008250410952028275,-0.008284633958369092
2023-09-25 00:00:00+00:00,1580.71,1597.5,1563.01,1588.33,0,176706.9277,279294486.722661,405042.0,86242.6755,136326196.382982,0.004820618582788594,0.004809036607637651
2023-09-26 00:00:00+00:00,1588.34,1599.78,1580.05,1594.01,0,125583.01610000001,199551097.289548,317309.0,60123.6282,95545795.23509699,0.0035760830557882706,0.003569704074099178
2023-09-27 00:00:00+00:00,1594.02,1634.1,1583.5,1598.64,0,274404.4328,440883556.960054,478489.0,130309.72469999999,209389151.243776,0.002904624186799376,0.002900413916830047
2023-09-28 00:00:00+00:00,1598.63,1668.21,1598.14,1652.99,0,331409.7015,541873730.296698,567825.0,161317.0219,263716289.47712898,0.03399764800080063,0.03343250142291598
2023-09-29 00:00:00+00:00,1653.0,1688.0,1648.37,1667.45,0,251975.6728,420335662.096628,494615.0,119324.5578,199086852.668729,0.008747784318114515,0.008709744136774056
2023-09-30 00:00:00+00:00,1667.45,1694.32,1666.19,1670.89,0,136924.9141,229630339.535437,342315.0,74748.0519,125347764.512873,0.002063030375723418,0.002060905250854006
2023-10-01 00:00:00+00:00,1670.89,1751.0,1668.0,1733.79,0,225611.5868,383793846.183488,495195.0,113996.1659,194000592.08668798,0.03764460856190399,0.03695334515639637
2023-10-02 00:00:00+00:00,1733.8,1744.0,1636.79,1662.4,0,378575.6898,643680600.092603,773990.0,181099.2202,308057405.921358,-0.04117569025083767,-0.04204742239501069
2023-10-03 00:00:00+00:00,1662.41,1670.65,1643.0,1656.88,0,198287.1164,328606758.398617,530016.0,93742.6154,155357300.321747,-0.0033205004812318917,-0.003326025577067071
2023-10-04 00:00:00+00:00,1656.88,1657.66,1625.0,1646.58,0,222861.7167,365919693.07998997,553269.0,105410.5768,173086611.248066,-0.006216503307421295,-0.006235906218075016
2023-10-05 00:00:00+00:00,1646.58,1655.47,1606.73,1611.79,0,237378.7449,386770321.772352,545845.0,110822.1459,180526551.030471,-0.021128642398182906,-0.021355046922359122
2023-10-06 00:00:00+00:00,1611.79,1662.0,1611.68,1645.03,0,220507.92859999998,360565723.578844,539488.0,109623.0006,179235720.669668,0.0206230340180793,0.020413258487783636
2023-10-07 00:00:00+00:00,1645.03,1647.71,1630.03,1633.57,0,101241.5732,165907550.809013,288695.0,47002.9812,77028514.729545,-0.006966438302037026,-0.006990817222148671
2023-10-08 00:00:00+00:00,1633.56,1641.4,1616.17,1632.84,0,149424.6635,243516204.388717,372636.0,72838.6157,118698298.922767,-0.00044687402437604273,-0.0004469739023296171
2023-10-09 00:00:00+00:00,1632.85,1636.0,1546.0,1580.13,0,340141.0988,540588837.459589,646240.0,167250.9839,265609380.01829502,-0.03228117880502668,-0.032813707873430964
2023-10-10 00:00:00+00:00,1580.13,1594.9,1550.55,1567.63,0,240659.32869999998,378967575.340083,613660.0,122514.9803,192965581.789255,-0.00791074152126725,-0.00794219743989455
2023-10-11 00:00:00+00:00,1567.62,1578.43,1544.26,1566.87,0,260253.9671,406667649.144022,605321.0,134785.4864,210618804.5234,-0.00048480827746355537,-0.0004849258349937102
2023-10-12 00:00:00+00:00,1566.86,1568.56,1521.0,1539.61,0,237221.4977,366335747.013667,510960.0,110863.925,171195520.917838,-0.017397741995187843,-0.017550861260393624
2023-10-13 00:00:00+00:00,1539.61,1575.36,1537.76,1552.16,0,192205.8736,297929349.186925,520123.0,92439.2041,143291580.645839,0.008151414968726067,0.008118371630919441
2023-10-14 00:00:00+00:00,1552.16,1561.72,1544.55,1554.94,0,100314.6754,155648012.907844,281561.0,41626.7567,64617045.026053,0.001791052468817611,0.0017894504469291306
2023-10-15 00:00:00+00:00,1554.94,1567.62,1547.44,1557.77,0,120311.2738,187266232.062386,316951.0,57789.4724,89957330.73435299,0.001820005916626899,0.0018183517126617588
2023-10-16 00:00:00+00:00,1557.78,1639.43,1555.06,1599.42,0,418510.8644,665124956.2536399,729569.0,215767.0856,342929071.44598204,0.02673693805889199,0.026385752136300233
2023-10-17 00:00:00+00:00,1599.41,1600.53,1551.08,1565.01,0,234817.0699,370032208.156754,475213.0,106364.4626,167596650.464214,-0.02151404884270558,-0.021748849778668422
2023-10-18 00:00:00+00:00,1565.01,1585.42,1555.88,1563.44,0,177750.2253,279357949.45458,440577.0,87939.0343,138219607.962158,-0.001003188478028827,-0.0010036920083749123
2023-10-19 00:00:00+00:00,1563.45,1574.45,1541.61,1566.57,0,216217.6675,336684246.044496,469598.0,101807.2651,158534910.776496,0.0020019955994472483,0.001999994276904893
2023-10-20 00:00:00+00:00,1566.57,1630.4,1561.19,1603.89,0,315995.792,506065182.982314,651738.0,158954.7247,254549257.170936,0.023822746509891246,0.023543412522500695
2023-10-21 00:00:00+00:00,1603.88,1644.53,1592.36,1628.94,0,176419.4092,285546594.56213,463033.0,89419.9093,144754684.681657,0.015618278061463098,0.015497567989965155
2023-10-22 00:00:00+00:00,1628.94,1667.8,1621.1,1663.7,0,228650.9225,374841495.304391,580843.0,108635.9861,178084510.666948,0.02133903028963613,0.021114541154505062
2023-10-23 00:00:00+00:00,1663.69,1800.0,1657.07,1765.46,0,610931.9663,1044121568.099054,1167834.0,302609.5335,517197485.186853,0.061164873474785164,0.05936724197482768
2023-10-24 00:00:00+00:00,1765.47,1854.38,1756.21,1784.98,0,674055.1375,1216867823.899225,1308532.0,335960.7613,606671583.339117,0.011056608475978003,0.01099593102865093
2023-10-25 00:00:00+00:00,1784.98,1817.69,1760.0,1787.15,0,354410.8294,634289515.565779,774777.0,177656.3027,318020760.740403,0.0012156998957972842,0.0012149615310379502
2023-10-26 00:00:00+00:00,1787.15,1865.54,1762.21,1803.38,0,431169.0453,781481904.959697,901019.0,216166.7856,391693373.219167,0.00908149847522588,0.009040509641070393
2023-10-27 00:00:00+00:00,1803.39,1803.91,1744.66,1779.4,0,274532.6921,488398895.217537,594592.0,137263.4682,244249949.518076,-0.013297252936153248,-0.01338645303061714
2023-10-28 00:00:00+00:00,1779.41,1803.23,1770.0,1776.2,0,122919.73819999999,219588597.64105,333711.0,59590.4543,106460555.45935899,-0.0017983589974148728,-0.0017999779862636345
2023-10-29 00:00:00+00:00,1776.21,1811.3,1762.66,1795.14,0,144110.6508,258015412.931554,371024.0,68282.9779,122240383.728225,0.010663213602071897,0.010606762485537935
2023-10-30 00:00:00+00:00,1795.14,1829.84,1777.77,1809.04,0,277686.192,501228029.317605,560359.0,134895.648,243576319.809321,0.007743128669630117,0.007713304504797236
2023-10-31 00:00:00+00:00,1809.03,1819.41,1780.99,1814.67,0,258074.5796,464695558.99525404,577888.0,120112.9154,216284275.887916,0.003112147879538396,0.0031073151714648972
2023-11-01 00:00:00+00:00,1814.67,1857.66,1783.19,1846.99,0,471921.6184,858744655.311508,862416.0,234932.8994,427830377.619231,0.017810400789124214,0.017653654013214393
2023-11-02 00:00:00+00:00,1846.99,1875.0,1785.01,1800.8,0,368738.2193,674522153.765589,790110.0,185623.84900000002,339696387.315571,-0.025008256677080065,-0.02532627640689533
2023-11-03 00:00:00+00:00,1800.79,1834.58,1777.11,1832.71,0,315000.2678,568244477.5177029,713592.0,148670.1446,268213982.308777,0.01771990226565978,0.017564735146825328
2023-11-04 00:00:00+00:00,1832.7,1869.9,1824.03,1855.54,0,171538.03639999998,315560482.702516,463794.0,90964.88279999999,167382926.708237,0.012456962640024827,0.01238001306060621
2023-11-05 00:00:00+00:00,1855.54,1912.67,1846.11,1891.71,0,383106.7628,721508408.943992,780672.0,194760.1848,366825053.126505,0.019492977785442456,0.019305423108153974
2023-11-06 00:00:00+00:00,1891.71,1914.23,1868.48,1900.95,0,328746.2394,622198937.156692,717293.0,163547.4576,309583391.106961,0.004884469606863728,0.004872579288075052
2023-11-07 00:00:00+00:00,1900.95,1906.99,1850.32,1885.27,0,332419.44060000003,625566317.427045,760921.0,157050.0994,295599094.272118,-0.008248507325284704,-0.008282714497108934
2023-11-08 00:00:00+00:00,1885.26,1904.69,1872.51,1888.12,0,247881.0997,468144576.741454,514836.0,125671.6197,237346429.604856,0.001511719806712053,0.0015105783085971325
2023-11-09 00:00:00+00:00,1888.11,2132.0,1882.07,2121.32,0,1100330.3237,2200484378.92985,1657379.0,576184.4116,1151326154.6953769,0.12350909899794527,0.1164569114070213
2023-11-10 00:00:00+00:00,2121.33,2136.99,2064.61,2077.72,0,555573.6495,1167220520.828261,880646.0,270796.8185,569032269.470129,-0.020553240435200903,-0.020767397781500385
2023-11-11 00:00:00+00:00,2077.72,2089.6,2030.3,2053.17,0,370966.0372,763796737.409375,675522.0,177075.1787,364652650.682364,-0.011815836590108209,-0.011886198392189407
2023-11-12 00:00:00+00:00,2053.16,2066.5,2012.1,2044.68,0,281907.559,577153459.51571,556231.0,142320.7072,291430126.465684,-0.00413506918569817,-0.004143642225854727
2023-11-13 00:00:00+00:00,2044.69,2118.0,2028.49,2053.65,0,529143.5815,1093862454.321374,1025249.0,261963.7359,541622293.089721,0.0043869945419332534,0.004377399732726772
2023-11-14 00:00:00+00:00,2053.65,2064.96,1936.6,1979.39,0,481909.733,972032428.326573,884487.0,227697.39860000001,459505858.160156,-0.036160007791006255,-0.03682998133401583
2023-11-15 00:00:00+00:00,1979.4,2062.4,1967.01,2058.48,0,421870.80319999997,847945999.664,731745.0,214270.8055,430649792.143132,0.0399567543536139,0.039179129936417034
2023-11-16 00:00:00+00:00,2058.49,2090.4,1939.1,1961.77,0,545286.1297,1101174547.308609,991673.0,258249.2406,521815881.914009,-0.04698126773153011,-0.04812071941568963
2023-11-17 00:00:00+00:00,1961.77,1991.5,1904.0,1960.82,0,401100.5069,783561858.011889,788071.0,190084.3041,371312547.95541203,-0.00048425656422523833,-0.0004843738543023335
2023-11-18 00:00:00+00:00,1960.82,1971.22,1916.0,1962.6,0,279368.2208,543924395.733028,535494.0,125794.9894,245020429.99701,0.0009077834783406402,0.0009073716921088604
2023-11-19 00:00:00+00:00,1962.59,2015.75,1942.89,2011.47,0,251132.61920000002,494600634.891146,506631.0,126144.4417,248644868.457963,0.024900642005502904,0.02459567326312939
2023-11-20 00:00:00+00:00,2011.47,2066.4,1990.0,2021.4,0,421717.679,854002757.451172,751621.0,202758.5895,410688842.479823,0.004936688093782227,0.004924542605039939
2023-11-21 00:00:00+00:00,2021.41,2034.6,1931.43,1933.01,0,490163.9863,974304142.397174,888864.0,228457.6645,454169629.260296,-0.04372711981794797,-0.0447119671398708
2023-11-22 00:00:00+00:00,1933.01,2092.46,1928.41,2063.21,0,466120.5109,943776525.65738,796700.0,230629.9937,466898382.311014,0.06735609231199002,0.065184648894558
2023-11-23 00:00:00+00:00,2063.22,2088.94,2040.35,2062.2,0,250960.6958,517482313.45225596,527877.0,125214.9169,258240481.047099,-0.000489528453235577,-0.0004896483114062988
2023-11-24 00:00:00+00:00,2062.21,2133.02,2059.37,2080.84,0,426932.5402,894370772.518114,672044.0,209685.717,439269617.036783,0.009038890505285835,0.008998284241456211
2023-11-25 00:00:00+00:00,2080.84,2090.54,2065.3,2083.09,0,138847.393,288887833.978004,350920.0,69009.3343,143596956.953531,0.0010812940927702464,0.0010807099153868904
2023-11-26 00:00:00+00:00,2083.1,2094.99,2036.42,2062.33,0,241262.9136,499314260.833915,510922.0,118774.1509,245826217.302756,-0.00996596402459815,-0.010015956671339588
2023-11-27 00:00:00+00:00,2062.34,2071.24,1985.78,2027.5,0,326073.2298,660673302.74006,622522.0,159492.2391,323207766.236463,-0.016888664762671368,-0.017032904579778574
2023-11-28 00:00:00+00:00,2027.5,2075.0,1995.15,2048.14,0,283775.9279,578404413.958468,606358.0,146633.5652,298858840.662627,0.010180024660912501,0.010128557208434863
2023-11-29 00:00:00+00:00,2048.14,2075.7,2019.31,2028.81,0,254843.7319,521225853.33225,503614.0,125984.0441,257660016.097295,-0.009437831398244279,-0.009482649945161903
2023-11-30 00:00:00+00:00,2028.8,2054.75,2020.85,2051.96,0,243680.0921,496360388.666385,458227.0,123357.9875,251301504.634003,0.01141062987662722,0.011346019670436469
2023-12-01 00:00:00+00:00,2051.95,2110.87,2045.04,2087.24,0,372645.586,778670941.0337601,598646.0,193580.1024,404463202.528674,0.017193317608530156,0.017047185146421562
2023-12-02 00:00:00+00:00,2087.24,2186.6,2086.25,2164.74,0,320979.9768,684434398.684245,618401.0,177507.9065,378562669.28843397,0.03713037312431733,0.03645764277647068
2023-12-03 00:00:00+00:00,2164.75,2217.27,2149.0,2192.95,0,257879.1136,560343820.028509,556948.0,135206.30789999999,293879684.386559,0.013031588089100765,0.012947407494197094
2023-12-04 00:00:00+00:00,2192.96,2274.28,2191.0,2243.37,0,565307.7134,1263069834.208612,980117.0,283090.7467,632410939.65829,0.02299186027953226,0.022731530221834717
2023-12-05 00:00:00+00:00,2243.36,2309.72,2188.33,2293.33,0,529829.7214,1190597719.193227,1018557.0,272102.5162,611589710.74711,0.022270066908267383,0.02202571020764932
2023-12-06 00:00:00+00:00,2293.33,2312.23,2220.0,2232.7,0,408338.9056,925926168.109342,842212.0,201586.6438,457181711.841819,-0.02643753842665475,-0.02679329436545963
2023-12-07 00:00:00+00:00,2232.7,2382.8,2222.0,2355.73,0,485190.0609,1115389522.523053,921917.0,253392.503,582277684.037913,0.05510368611994454,0.0536390427812119
2023-12-08 00:00:00+00:00,2355.74,2392.0,2336.34,2358.72,0,378569.8126,893841920.83732,713431.0,188434.411,444945340.37882704,0.0012692456266210073,0.0012684408153207372
2023-12-09 00:00:00+00:00,2358.71,2403.0,2328.01,2340.49,0,287771.0664,679437458.931254,648813.0,143129.4262,338059268.859952,-0.007728768145434772,-0.0077587898612527795
2023-12-10 00:00:00+00:00,2340.48,2377.47,2320.0,2352.39,0,200037.2102,469860963.947153,464455.0,98846.2403,232231421.449705,0.005084405402287606,0.0050715234593692315
2023-12-11 00:00:00+00:00,2352.39,2355.0,2156.62,2225.12,0,640414.9166,1426910964.96622,1153316.0,310376.7183,691367771.317584,-0.05410242349270311,-0.05562098586873976
2023-12-12 00:00:00+00:00,2225.11,2244.12,2166.0,2203.46,0,361588.9087,799015127.414974,804062.0,174479.15720000002,385626460.741709,-0.009734306464370346,-0.009781994551532947
2023-12-13 00:00:00+00:00,2203.47,2284.02,2144.32,2260.16,0,418916.6154,922420273.947253,897019.0,208136.212,458517097.439537,0.025732257449647244,0.025406755041789353
2023-12-14 00:00:00+00:00,2260.16,2332.11,2228.2,2315.32,0,409508.0931,934716057.650864,918965.0,199995.2598,456684016.259407,0.024405351833498568,0.024112299688722416
2023-12-15 00:00:00+00:00,2315.32,2317.81,2200.0,2220.5,0,333552.6328,754022987.247722,714102.0,158002.0979,357145001.645171,-0.04095330235129491,-0.041815511177122566
2023-12-16 00:00:00+00:00,2220.51,2263.4,2210.0,2228.96,0,199285.923,446980227.082835,528692.0,102517.1494,229991096.387078,0.0038099527133528266,0.00380271322575787
2023-12-17 00:00:00+00:00,2228.96,2248.68,2191.5,2196.52,0,225925.7675,501306718.242808,531241.0,110196.7331,244591673.218002,-0.014553872658100708,-0.014660819188588192
2023-12-18 00:00:00+00:00,2196.53,2224.0,2116.6,2219.43,0,364103.1181,789100505.031711,769310.0,185328.3664,401777681.859636,0.010430134940724312,0.010376116372582622
2023-12-19 00:00:00+00:00,2219.44,2255.0,2135.55,2177.91,0,383551.4049,847060839.708398,786067.0,199184.6769,440190473.499015,-0.01870750598126547,-0.0188847048168439
2023-12-20 00:00:00+00:00,2177.9,2266.0,2156.0,2202.17,0,416841.6272,922794580.703402,867198.0,217937.7275,482487428.03181,0.011139119614676618,0.011077536520739173
2023-12-21 00:00:00+00:00,2202.17,2279.31,2182.98,2239.61,0,453069.7252,1010354340.135799,848508.0,231043.8883,515263188.513108,0.017001412243378144,0.016858505702015414
2023-12-22 00:00:00+00:00,2239.6,2343.15,2230.59,2324.54,0,591357.488,1358322906.958078,1124820.0,304284.728,698670214.948795,0.0379217810243746,0.03722042643648393
2023-12-23 00:00:00+00:00,2324.54,2330.65,2265.0,2308.2,0,255626.9352,586078143.242079,588229.0,125338.9003,287364940.980557,-0.007029347741918879,-0.007054169997999793
2023-12-24 00:00:00+00:00,2308.2,2326.19,2245.0,2264.05,0,307951.076,705420988.78504,711200.0,149344.80479999998,342167364.796424,-0.01912745862576881,-0.019312755101442924
2023-12-25 00:00:00+00:00,2264.04,2304.8,2253.1,2271.35,0,286277.1616,652158658.258351,613108.0,142610.6547,324881292.119615,0.003224310417172749,0.003219123474890395
2023-12-26 00:00:00+00:00,2271.36,2274.99,2178.45,2230.88,0,410413.1591,916097827.49845,701701.0,204347.7388,456146429.338457,-0.017817597464063084,-0.017978241913040982
2023-12-27 00:00:00+00:00,2230.88,2392.44,2211.88,2378.35,0,541537.3574,1250873719.550661,978666.0,275739.282,637066006.827834,0.0661039589758301,0.06401084348004193
2023-12-28 00:00:00+00:00,2378.35,2445.8,2335.0,2344.15,0,580459.982,1385456486.286191,1241094.0,286686.8536,684383781.918876,-0.0143797170307145,-0.014484107103263533
2023-12-29 00:00:00+00:00,2344.15,2385.41,2255.34,2299.2,0,450201.2069,1049566350.122209,990308.0,220819.1179,515080529.831584,-0.019175394066079487,-0.019361626498728413
2023-12-30 00:00:00+00:00,2299.2,2322.84,2268.0,2291.68,0,210539.1327,483369913.478846,555932.0,104439.5003,239815289.256531,-0.0032707028531663296,-0.0032760632932058442
2023-12-31 00:00:00+00:00,2291.68,2321.34,2258.88,2281.87,0,222175.8779,510046689.187396,548848.0,109570.8069,251574412.242063,-0.004280702366822542,-0.004289890804552776
2024-01-01 00:00:00+00:00,2281.87,2352.37,2265.24,2352.04,0,216702.6914,500451219.612806,536670.0,112374.437,259588575.400245,0.030751094497057263,0.030287754449622284
2024-01-02 00:00:00+00:00,2352.05,2431.3,2341.0,2355.34,0,458041.6642,1090922198.049091,1028335.0,223746.2422,532982278.479752,0.0014030373633102666,0.0014020540260544223
2024-01-03 00:00:00+00:00,2355.35,2385.45,2100.0,2209.72,0,798729.4869,1797597895.179904,1351067.0,401227.7608,903126257.9157571,-0.061825468934421535,-0.0638192800501809
2024-01-04 00:00:00+00:00,2209.72,2294.69,2201.91,2267.11,0,448844.055,1009072619.206773,780771.0,234794.6283,527905592.14952296,0.025971616313379187,0.02564008195399925
2024-01-05 00:00:00+00:00,2267.11,2277.21,2206.17,2268.78,0,405568.0006,910367621.181662,758963.0,213615.4427,479634490.30828,0.0007366206315528867,0.0007363494597347753
2024-01-06 00:00:00+00:00,2268.78,2270.0,2216.4,2240.78,0,194067.8656,434867515.959157,450441.0,96482.4173,216188633.006756,-0.012341434603619583,-0.01241822254395597
2024-01-07 00:00:00+00:00,2240.77,2258.01,2203.46,2221.42,0,207138.69269999999,463525159.257429,516569.0,102848.6702,230218378.9544,-0.008639848624139912,-0.008677388498553817
2024-01-08 00:00:00+00:00,2221.42,2358.2,2166.38,2330.44,0,539407.5547,1221527410.4408221,1069027.0,279216.731,632217788.55808,0.049076716694726796,0.0479104599094855
2024-01-09 00:00:00+00:00,2330.43,2371.72,2226.78,2344.29,0,551454.9931,1267764132.836077,1196445.0,273075.8892,627991032.601324,0.005943083709514019,0.005925493247509905
2024-01-10 00:00:00+00:00,2344.3,2643.1,2339.59,2584.38,0,1038388.666,2536320982.388543,2010707.0,535126.4372,1307342421.540569,0.10241480362924382,0.09750304973321544
2024-01-11 00:00:00+00:00,2584.37,2689.39,2566.01,2618.01,0,838712.2577,2194916359.191646,1693755.0,422894.0564,1106947875.844673,0.01301279223643581,0.012928853258319606
2024-01-12 00:00:00+00:00,2618.01,2717.32,2458.0,2522.54,0,887457.7627,2318179618.086912,1860636.0,438363.572,1145981221.305494,-0.036466629233654624,-0.03714815678577388
2024-01-13 00:00:00+00:00,2522.55,2590.0,2497.5,2578.19,0,422061.232,1075466481.72042,898845.0,218172.4057,556065721.44368,0.022061097148112552,0.02182127193995953
2024-01-14 00:00:00+00:00,2578.18,2578.69,2470.0,2472.87,0,306207.7463,774962904.807117,732294.0,144164.479,364865278.473857,-0.04085036401506492,-0.04170818291825373
2024-01-15 00:00:00+00:00,2472.87,2553.82,2470.92,2511.78,0,315247.8819,793871974.871601,789378.0,159083.4366,400685806.641764,0.01573475354547571,0.015612245726751794
2024-01-16 00:00:00+00:00,2511.79,2614.43,2500.05,2587.4,0,381077.6247,972060398.7746,1140088.0,201471.8152,514039096.291548,0.03010613986893751,0.029661845348865512
2024-01-17 00:00:00+00:00,2587.41,2592.97,2506.75,2530.19,0,366281.3477,933809190.348208,1140624.0,180607.81459999998,460417669.702018,-0.02211099945891626,-0.022359111767781492
2024-01-18 00:00:00+00:00,2530.2,2550.0,2428.56,2470.81,0,452090.1074,1129803152.914788,894355.0,213299.1789,533210494.568168,-0.023468593267699345,-0.0237483666303282
2024-01-19 00:00:00+00:00,2470.81,2504.2,2415.2,2492.0,0,424209.00289999996,1047352971.89337,855044.0,206802.9585,510669928.423242,0.008576134951695957,0.008539568821651855
2024-01-20 00:00:00+00:00,2491.99,2492.0,2454.2,2472.01,0,136620.9577,337794603.1476,418938.0,64429.7262,159284530.839302,-0.008021669341893967,-0.008054016030500932
2024-01-21 00:00:00+00:00,2472.02,2482.18,2452.13,2457.05,0,122572.1687,303022758.728082,360446.0,61174.3555,151252878.978452,-0.0060517554540636675,-0.006070141542372731
2024-01-22 00:00:00+00:00,2457.06,2466.1,2303.59,2314.2,0,526337.6492,1252505758.322904,933793.0,245492.642,584077487.054258,-0.05813882501373613,-0.05989738789223331
2024-01-23 00:00:00+00:00,2314.19,2352.23,2168.07,2242.6,0,700105.3314,1568448812.43809,1204183.0,342792.23579999997,768007673.887935,-0.030939417509290412,-0.031428148415456825
2024-01-24 00:00:00+00:00,2242.6,2264.6,2196.12,2235.02,0,359851.1496,802477123.108515,801012.0,175571.1055,391550218.454572,-0.0033800053509319694,-0.003385730473287829
2024-01-25 00:00:00+00:00,2235.02,2242.89,2171.3,2218.64,0,330426.6061,731016014.382289,756164.0,167421.8149,370422421.764266,-0.007328793478358131,-0.007355781023558272
2024-01-26 00:00:00+00:00,2218.64,2282.36,2195.84,2267.68,0,363566.4255,815753832.1631709,823603.0,182453.1834,409362536.723059,0.022103631053257855,0.021862886888660782
2024-01-27 00:00:00+00:00,2267.67,2282.94,2251.4,2267.94,0,145109.3836,329102144.459815,416970.0,71016.4181,161066722.425447,0.00011465462499127277,0.00011464805265237743
2024-01-28 00:00:00+00:00,2267.94,2308.24,2239.89,2256.9,0,209326.9087,476534769.158892,566626.0,104154.0496,237191132.099136,-0.0048678536469218825,-0.004879740236961361
2024-01-29 00:00:00+00:00,2256.9,2322.34,2233.8,2317.6,0,305528.0776,696374288.619473,681798.0,162757.9493,370938691.791536,0.026895298861269845,0.026539977220854993
2024-01-30 00:00:00+00:00,2317.61,2391.98,2297.0,2343.01,0,372879.5791,871148737.1666579,770660.0,183075.949,427968852.788697,0.010963928201588091,0.010904260075983885
2024-01-31 00:00:00+00:00,2343.0,2351.6,2263.57,2283.14,0,397116.1859,920131584.290104,922884.0,190645.6067,441780164.054719,-0.025552601141267117,-0.025884739060646922
2024-02-01 00:00:00+00:00,2283.15,2311.72,2240.0,2304.28,0,310997.4538,708868445.046755,779472.0,158219.2558,360682829.633507,0.009259178149390923,0.009216574739180139
2024-02-02 00:00:00+00:00,2304.28,2324.74,2281.94,2309.06,0,238230.511,549302201.697642,574621.0,124140.55470000001,286293198.37916,0.00207440068047271,0.002072252082236936
2024-02-03 00:00:00+00:00,2309.07,2329.98,2292.75,2296.49,0,133232.845,307866239.186442,397464.0,67739.1604,156542429.20219,-0.0054437736568128114,-0.005458644987955452
2024-02-04 00:00:00+00:00,2296.5,2311.0,2266.0,2289.79,0,171232.0444,393039532.452068,506684.0,86355.8479,198240508.080911,-0.0029174958305935306,-0.002921760017405184
2024-02-05 00:00:00+00:00,2289.79,2338.41,2269.11,2301.83,0,236610.412,545576620.002565,730863.0,119477.2073,275457076.81283,0.005258124107450968,0.005244348441228119
2024-02-06 00:00:00+00:00,2301.84,2392.4,2299.0,2372.64,0,368942.7498,864113645.787681,861796.0,194747.0503,455966832.433515,0.030762480287423566,0.030298800498996137
2024-02-07 00:00:00+00:00,2372.63,2444.44,2354.0,2425.1,0,342791.7013,820475884.303521,860357.0,170845.03340000001,409066707.644346,0.022110391799851747,0.021869501408001035
2024-02-08 00:00:00+00:00,2425.09,2463.15,2411.01,2419.55,0,338040.0539,821961943.652096,894102.0,171666.22,417466887.60629,-0.002288565419982569,-0.0022911881881721996
2024-02-09 00:00:00+00:00,2419.56,2525.0,2419.16,2486.56,0,492384.385,1222635531.628793,1134276.0,267424.6382,663906268.872707,0.027695232584571405,0.02731865672071443
2024-02-10 00:00:00+00:00,2486.56,2516.45,2471.57,2500.24,0,185099.59,461966177.394756,622723.0,92100.7468,229916992.533443,0.0055015764751302765,0.005486498081284985
2024-02-11 00:00:00+00:00,2500.24,2539.63,2493.45,2507.21,0,219975.1471,553430378.325069,711081.0,108625.5497,273332221.822829,0.0027877323776919205,0.0027838538582978245
2024-02-12 00:00:00+00:00,2507.22,2665.58,2472.0,2659.99,0,449501.776,1152087242.126358,1019390.0,234514.5882,600948748.239497,0.060936259826659844,0.05915178226329765
2024-02-13 00:00:00+00:00,2659.99,2686.12,2590.0,2639.99,0,502447.745,1328138932.929169,1044885.0,251035.4108,663739320.800162,-0.0075188252587415905,-0.0075472341157825085
2024-02-14 00:00:00+00:00,2639.99,2786.0,2618.4,2774.81,0,461670.69440000004,1258639954.547665,1090412.0,239546.5698,653095961.204625,0.05106837525899732,0.049807147113594574
2024-02-15 00:00:00+00:00,2774.8,2867.65,2759.25,2822.59,0,481689.1874,1353587492.514775,1347619.0,243023.6342,682988254.220004,0.017219196990064356,0.017072626772787203
2024-02-16 00:00:00+00:00,2822.58,2857.4,2740.0,2801.8,0,378070.8037,1062271564.48786,1123447.0,185179.0505,520346616.720798,-0.007365575588378026,-0.0073928353787682255
2024-02-17 00:00:00+00:00,2801.81,2804.21,2719.01,2785.93,0,243302.8759,673711593.251713,969157.0,119901.8284,332078826.686927,-0.005664215861232225,-0.00568031836605698
2024-02-18 00:00:00+00:00,2785.92,2895.0,2764.25,2881.2,0,367987.8833,1037802342.593287,1311570.0,195921.8991,552680229.202235,0.034196839116560795,0.0336251246192516
2024-02-19 00:00:00+00:00,2881.2,2984.52,2856.93,2944.8,0,446451.0401,1302430726.129661,1539410.0,227406.12,663377285.582205,0.022074135776759762,0.021834029049603743
2024-02-20 00:00:00+00:00,2944.8,3033.09,2874.56,3014.81,0,634681.7471,1868745481.647549,1517960.0,326652.0062,962250454.924167,0.023774110296115092,0.02349590686861891
2024-02-21 00:00:00+00:00,3014.81,3017.15,2868.0,2967.9,0,595955.0033,1746960179.79394,1256455.0,304412.8595,892448097.686906,-0.01555985285971584,-0.015682177936144015
2024-02-22 00:00:00+00:00,2967.91,3036.02,2906.51,2971.4,0,563525.9936,1676206889.451405,1205856.0,287462.4082,855123373.243196,0.001179285016341458,0.0011785902059662234
2024-02-23 00:00:00+00:00,2971.4,2993.8,2906.05,2922.24,0,428826.5787,1261137725.511952,1003464.0,213798.4907,628768240.52667,-0.016544389849902474,-0.016682776741931526
2024-02-24 00:00:00+00:00,2922.25,3007.48,2906.4,2992.62,0,243854.0783,721993808.566193,718718.0,129344.7613,382999668.629128,0.024084264126149835,0.023798812417439308
2024-02-25 00:00:00+00:00,2992.62,3122.0,2983.61,3112.59,0,412306.2237,1257766106.546299,1085332.0,214481.5073,654277370.550548,0.04008861800028085,0.03930591913880299
2024-02-26 00:00:00+00:00,3112.6,3196.0,3036.59,3175.94,0,546722.7747,1703165045.241492,1391934.0,261235.6085,814240988.847897,0.020352825139192676,0.02014847448335466
2024-02-27 00:00:00+00:00,3175.95,3288.14,3160.02,3242.36,0,625939.1221,2025805516.974933,1676466.0,313778.3423,1015674724.025601,0.020913493327959554,0.020697808196251444
2024-02-28 00:00:00+00:00,3242.35,3488.0,3176.16,3383.1,0,947538.7660000001,3153201034.914763,2442603.0,475465.5259,1583075300.157671,0.04340665441221825,0.04249098920918293
2024-02-29 00:00:00+00:00,3383.11,3522.81,3300.0,3340.09,0,759698.1123,2608623102.49017,2112875.0,391723.2419,1346123911.227616,-0.012713192042800858,-0.012794696190860932
2024-03-01 00:00:00+00:00,3340.1,3450.0,3338.54,3433.43,0,412788.5773,1405295834.572694,1263130.0,199773.6622,680364451.594785,0.02794535476588944,0.027562008777577418
2024-03-02 00:00:00+00:00,3433.42,3460.04,3390.01,3421.4,0,283984.9448,971756920.451209,926113.0,138242.2778,473033589.279695,-0.0035037848448926656,-0.003509937474877489
2024-03-03 00:00:00+00:00,3421.39,3491.8,3360.0,3487.81,0,341631.531,1172272660.98449,1116823.0,168839.1633,579484704.665243,0.01941018296603736,0.019224208049935854
2024-03-04 00:00:00+00:00,3487.8,3640.94,3423.78,3627.76,0,715360.6361,2526905041.93919,1953764.0,355054.0244,1255112595.621176,0.040125465550015615,0.039341345828805885
2024-03-05 00:00:00+00:00,3627.75,3822.04,3200.0,3553.65,0,1392904.864,5043847679.68348,3265582.0,683199.4423,2476743374.290515,-0.020428584029814623,-0.02064013361712469
2024-03-06 00:00:00+00:00,3553.66,3900.0,3499.4,3818.59,0,969494.71,3652250924.277737,2555462.0,479721.078,1807560970.848099,0.07455433146201784,0.0719060002353249
2024-03-07 00:00:00+00:00,3818.58,3933.81,3735.0,3868.76,0,540780.675,2067607917.443709,1636716.0,272250.4111,1041269288.7193379,0.013138357351797358,0.013052797728649423
2024-03-08 00:00:00+00:00,3868.76,3993.75,3820.0,3883.36,0,646399.2589,2534209920.0055647,1657141.0,322673.2991,1265164190.072715,0.0037738190014371398,0.0037667160111656273
2024-03-09 00:00:00+00:00,3883.37,3942.0,3870.01,3905.21,0,254839.1386,995823688.313553,819335.0,128650.6144,502755116.164503,0.0056265708046638885,0.00561080078160181
2024-03-10 00:00:00+00:00,3905.2,3964.67,3791.26,3878.47,0,356664.68,1393415653.98342,1195480.0,170475.8389,666139346.304353,-0.006847263015305249,-0.006870813084617566
2024-03-11 00:00:00+00:00,3878.47,4086.23,3722.95,4064.8,0,721554.5139,2874119154.303359,1894504.0,332359.6655,1322703936.946775,0.0480421403285316,0.04692379532759006
2024-03-12 00:00:00+00:00,4064.8,4093.92,3828.98,3979.96,0,632787.3941,2522475873.08181,1878541.0,317065.07300000003,1263946890.580183,-0.02087187561503645,-0.021092772302798934
2024-03-13 00:00:00+00:00,3979.97,4083.0,3932.23,4004.79,0,482305.7766,1933909390.302124,1536498.0,246106.0739,986890622.148062,0.006238756168403636,0.006219375694072937
2024-03-14 00:00:00+00:00,4004.79,4010.98,3723.0,3881.7,0,648237.5244999999,2520007951.6912003,1919963.0,314205.6322,1221942698.652346,-0.030735694006427394,-0.031217942680779487
2024-03-15 00:00:00+00:00,3881.69,3934.02,3570.0,3742.19,0,947537.4071,3513477459.320449,2487337.0,465197.9489,1725903963.6883569,-0.03594043846768158,-0.03660220045835061
2024-03-16 00:00:00+00:00,3742.19,3781.12,3468.8,3523.09,0,548288.1569000001,1999176881.312615,1798939.0,262005.6019,956602039.486558,-0.05854860389237315,-0.060332556107422164
2024-03-17 00:00:00+00:00,3523.09,3678.68,3412.0,3644.71,0,517790.9936,1843487764.621314,1721355.0,255961.304,911579392.357158,0.03452083256459515,0.033938355810843035
2024-03-18 00:00:00+00:00,3644.7,3645.02,3454.09,3520.46,0,570901.2851,2029690613.721462,1906387.0,273425.6255,972198172.9285331,-0.03409050377121914,-0.03468513836288878
2024-03-19 00:00:00+00:00,3520.47,3548.09,3150.88,3158.64,0,1049629.6936,3474307712.276456,2647385.0,486413.3436,1610306786.636244,-0.10277634172806971,-0.10845010767802066
2024-03-20 00:00:00+00:00,3158.65,3535.24,3056.56,3516.53,0,1207322.8201,3957251428.899041,2987953.0,589456.8972,1933803131.47832,0.11330509333130734,0.10733315272751476
2024-03-21 00:00:00+00:00,3516.53,3587.32,3412.0,3492.85,0,602755.2072,2114084858.156535,1791989.0,295366.0008,1035991329.66088,-0.0067339109861142,-0.006756686065854112
2024-03-22 00:00:00+00:00,3492.84,3542.52,3250.0,3336.35,0,558848.888,1891771641.019007,1747756.0,278223.9901,942265836.849891,-0.04480581759880897,-0.04584062681336043
2024-03-23 00:00:00+00:00,3336.35,3435.48,3270.08,3329.53,0,323675.9448,1089778379.601229,1129683.0,154840.9529,521336391.128006,-0.0020441500442098803,-0.0020462421704774414
2024-03-24 00:00:00+00:00,3329.53,3471.22,3298.76,3454.98,0,260824.1408,879033073.031454,1090982.0,131855.2555,444714434.073561,0.03767799058725996,0.03698551560100327
2024-03-25 00:00:00+00:00,3454.99,3666.0,3420.12,3590.42,0,548577.6942,1945377748.66027,1610130.0,294233.1102,1043376714.7606831,0.03920138466792866,0.03845251880978573
2024-03-26 00:00:00+00:00,3590.43,3678.86,3542.62,3587.33,0,499013.8384,1800812035.846224,1373691.0,232584.36359999998,838803442.550845,-0.0008606235482200297,-0.000860994097283907
2024-03-27 00:00:00+00:00,3587.32,3665.84,3460.02,3501.19,0,443195.3297,1576098628.307976,1436593.0,215695.7983,767206050.835836,-0.024012287690287737,-0.02430528249490216
2024-03-28 00:00:00+00:00,3501.2,3611.78,3465.0,3560.49,0,404654.03109999996,1436630524.623043,1158353.0,206071.3773,731610238.593602,0.016937098529357097,0.016795265133332293
2024-03-29 00:00:00+00:00,3560.49,3584.37,3445.91,3509.74,0,323086.179,1138548291.158387,951744.0,153989.35510000002,543117114.814375,-0.014253656097896639,-0.014356215181718923
2024-03-30 00:00:00+00:00,3509.74,3565.81,3485.0,3505.64,0,216025.2634,759625521.451892,750249.0,113298.4158,398420911.34965,-0.0011681776997726212,-0.0011688605511874783
2024-03-31 00:00:00+00:00,3505.65,3655.32,3505.09,3645.29,0,243464.9877,878141654.345982,722927.0,128657.58320000001,463986951.494866,0.03983580744172244,0.039062823229441435
2024-04-01 00:00:00+00:00,3645.29,3645.95,3413.71,3503.8,0,408854.1225,1437691729.032314,1115133.0,195398.2616,687310223.775467,-0.038814470179327265,-0.03958782951874973
2024-04-02 00:00:00+00:00,3503.8,3505.6,3212.0,3278.96,0,623264.6476,2068004456.0628228,1581408.0,301656.6252,1000777383.277249,-0.06417032935669853,-0.06632179487258938
2024-04-03 00:00:00+00:00,3278.96,3367.4,3202.79,3310.83,0,410484.1933,1358993604.798615,1113644.0,203085.1479,672512688.070807,0.009719545221655634,0.009672614295133997
2024-04-04 00:00:00+00:00,3310.83,3443.93,3250.92,3327.4,0,356338.5716,1187792289.214371,965695.0,172474.3566,575142238.42727,0.00500478731919185,0.004992305001376707
2024-04-05 00:00:00+00:00,3327.39,3350.0,3210.0,3317.85,0,344556.7983,1132252495.889124,854139.0,170435.7766,560317623.717126,-0.0028701087936527925,-0.0028742354537634185
2024-04-06 00:00:00+00:00,3317.85,3398.42,3306.68,3351.59,0,183312.2125,612681489.148954,549985.0,88419.098,295511518.819452,0.010169236101692514,0.010117877313200907
2024-04-07 00:00:00+00:00,3351.59,3459.94,3344.08,3454.2,0,210459.0752,715174110.573835,748530.0,105736.65479999999,359423500.72974,0.03061531989294619,0.0301560218247392
2024-04-08 00:00:00+00:00,3454.2,3730.71,3406.36,3694.61,0,496841.3532,1787240600.808657,1333378.0,278914.0233,1002520506.699263,0.06959932835388805,0.06728411886400743
2024-04-09 00:00:00+00:00,3694.61,3727.34,3450.46,3506.39,0,457592.252,1643610851.75092,1046479.0,220547.0893,791949096.359677,-0.0509444839915445,-0.05228798260119838
2024-04-10 00:00:00+00:00,3506.4,3562.95,3411.82,3545.64,0,389404.9055,1361401195.431785,915957.0,192647.044,673705538.778269,0.011193848944355933,0.011131661465093146
2024-04-11 00:00:00+00:00,3545.64,3618.3,3474.52,3502.52,0,338139.5534,1197654094.446207,890107.0,165840.8436,587427817.312289,-0.012161415146489718,-0.0122359702358672
2024-04-12 00:00:00+00:00,3502.52,3552.4,3100.0,3237.43,0,697327.1174,2328197177.420495,1423600.0,330495.3149,1105188365.986858,-0.07568550643536653,-0.07870290424943427
2024-04-13 00:00:00+00:00,3237.42,3301.9,2852.0,3007.01,0,994971.2354,3066250202.835826,2037632.0,462824.4833,1424811475.09485,-0.07117373966386908,-0.07383357559575998
2024-04-14 00:00:00+00:00,3007.01,3174.23,2906.73,3155.11,0,737580.4666,2244354713.135616,1680666.0,371070.3653,1128957864.665172,0.0492515821364079,0.048077131104058424
2024-04-15 00:00:00+00:00,3155.11,3277.85,3023.19,3101.99,0,605430.8863,1911310147.230663,1540774.0,291924.744,921674901.568192,-0.01683618003809706,-0.016979519656059594
2024-04-16 00:00:00+00:00,3102.0,3128.01,2986.0,3084.22,0,526113.855,1610290812.173095,1461779.0,253281.2795,775556508.638042,-0.0057285806853020205,-0.005745051938358614
2024-04-17 00:00:00+00:00,3084.21,3123.75,2914.47,2985.41,0,491897.5661,1483253378.358158,1348404.0,251660.7262,759106689.982421,-0.032037273605644234,-0.03256169823788113
2024-04-18 00:00:00+00:00,2985.41,3094.4,2950.98,3064.4,0,389060.7133,1177977125.358139,1168254.0,205229.8503,621538711.140502,0.026458677367597883,0.02611470081424727
2024-04-19 00:00:00+00:00,3064.4,3128.89,2865.18,3056.46,0,607850.4019,1843119282.769549,1465901.0,307900.1774,934301492.397589,-0.002591045555410565,-0.0025944081235795835
2024-04-20 00:00:00+00:00,3056.45,3171.88,3018.75,3155.79,0,242577.6371,749727918.396258,812118.0,124363.7908,384439163.554447,0.03249838047937814,0.03198147730884493
2024-04-21 00:00:00+00:00,3155.79,3197.18,3116.49,3147.67,0,219970.5072,694988777.1910241,767260.0,112675.8885,356074084.712093,-0.0025730482700052626,-0.0025763642480409743
2024-04-22 00:00:00+00:00,3147.66,3235.0,3129.15,3200.2,0,290879.9569,928957385.38023,993579.0,154288.5918,492830847.644836,0.01668853469391629,0.016550811254882447
2024-04-23 00:00:00+00:00,3200.19,3263.61,3152.0,3219.46,0,253914.2263,813798516.320386,844893.0,130572.4564,418614329.140766,0.006018373851634395,0.006000335776796817
2024-04-24 00:00:00+00:00,3219.46,3293.56,3104.9,3140.8,0,393314.3414,1261617674.785295,1130370.0,194455.1272,623756637.157222,-0.024432668832661375,-0.02473609908937391
2024-04-25 00:00:00+00:00,3140.79,3191.64,3072.2,3155.8,0,352288.5502,1104939534.274997,861077.0,181392.8007,568945918.8193771,0.004775853285787113,0.004764485079371994
2024-04-26 00:00:00+00:00,3155.81,3167.7,3102.0,3131.3,0,252522.655,792255507.862558,628635.0,127753.6376,400872715.709274,-0.007763483110463265,-0.007793775832009686
2024-04-27 00:00:00+00:00,3131.3,3285.0,3066.74,3255.56,0,323811.1919,1027413859.249457,734026.0,174549.3936,553988783.956655,0.03968319867147829,0.03891605008616139
2024-04-28 00:00:00+00:00,3255.55,3357.4,3250.45,3263.45,0,304766.009,1006628332.290045,753239.0,157192.4194,519222579.019554,0.0024235461794590574,0.0024206141277716142
2024-04-29 00:00:00+00:00,3263.44,3286.95,3115.13,3216.73,0,421831.29120000004,1345237182.5534291,943719.0,211216.5613,673542868.960571,-0.014316137829597397,-0.014419602393227038
2024-04-30 00:00:00+00:00,3216.74,3250.95,2921.0,3014.05,0,561717.4866,1710124473.495703,1292873.0,267662.5649,814867898.878449,-0.06300808585115936,-0.0650806262912571
2024-05-01 00:00:00+00:00,3014.04,3023.24,2817.0,2972.46,0,624963.7773,1827523436.860293,1365039.0,303494.8674,887304179.09162,-0.013798709377747631,-0.013894796510903973
2024-05-02 00:00:00+00:00,2972.46,3016.72,2893.26,2986.19,0,365939.7191,1084862887.847943,880167.0,200507.613,594224560.687365,0.004619069726758296,0.004608434561326646
2024-05-03 00:00:00+00:00,2986.19,3126.99,2958.32,3102.61,0,355825.8391,1081409861.154123,859542.0,186728.4623,567590125.828311,0.03898613283146757,0.03824536537880974
2024-05-04 00:00:00+00:00,3102.61,3168.0,3092.85,3117.23,0,196263.94879999998,613297368.100618,575026.0,100770.982,314978702.105466,0.0047121616961203205,0.004701094216413182
2024-05-05 00:00:00+00:00,3117.24,3171.93,3072.99,3136.41,0,218760.2662,684143592.814579,600693.0,115269.448,360512833.293173,0.006152898566996967,0.006134046775860824
2024-05-06 00:00:00+00:00,3136.4,3221.4,3046.35,3062.6,0,355135.3027,1111315631.576414,873200.0,172864.4334,541369437.880736,-0.02353327530520566,-0.023814605339406825
2024-05-07 00:00:00+00:00,3062.59,3129.85,2998.0,3005.69,0,298796.6829,917252045.688203,815246.0,139762.8508,429359938.308765,-0.018582250375497877,-0.01875706946532496
2024-05-08 00:00:00+00:00,3005.69,3038.15,2936.48,2974.21,0,266934.8125,800460076.635667,830635.0,133303.1238,399808582.394477,-0.01047346865445209,-0.01052870141817941
2024-05-09 00:00:00+00:00,2974.2,3059.0,2950.77,3036.23,0,238561.7462,715090822.076205,686147.0,122805.9215,368133010.889951,0.02085259615158308,0.02063815672421576
2024-05-10 00:00:00+00:00,3036.24,3053.89,2878.03,2909.99,0,327855.8758,972264869.49205,891040.0,154417.0672,458374734.958482,-0.04157787782875477,-0.04246696948830131
2024-05-11 00:00:00+00:00,2909.98,2945.67,2886.46,2912.45,0,138163.1087,402989065.566229,466357.0,68667.2224,200322136.669701,0.000845363729772286,0.0008450066111036492
2024-05-12 00:00:00+00:00,2912.45,2955.2,2901.17,2929.29,0,107670.6323,315212004.62252903,367990.0,49118.1523,143794831.49423,0.005782073511991781,0.005765421482945676
2024-05-13 00:00:00+00:00,2929.3,2996.4,2864.76,2950.99,0,368664.7648,1083553488.623212,925017.0,186525.3687,548782383.793628,0.007407938442421047,0.0073806344278288805
2024-05-14 00:00:00+00:00,2950.99,2960.6,2862.0,2881.93,0,269675.3037,783471918.254666,617845.0,132978.233,386314503.847034,-0.02340231583299157,-0.023680498679313544
2024-05-15 00:00:00+00:00,2881.93,3041.36,2863.75,3032.55,0,350254.3188,1036063008.59966,760817.0,175148.4191,518053714.89865804,0.05226358724882285,0.05094364115236427
2024-05-16 00:00:00+00:00,3032.55,3041.24,2922.8,2944.7,0,293874.1513,876706595.6580269,575271.0,140171.4796,418208240.567446,-0.02896901947206154,-0.029396905403769047
2024-05-17 00:00:00+00:00,2944.7,3120.0,2933.06,3092.01,0,357724.7731,1088374622.991193,754274.0,180386.216,548948430.858192,0.05002546948755415,0.04881442053005802
2024-05-18 00:00:00+00:00,3092.0,3146.98,3083.61,3122.94,0,199976.5456,622730956.337748,527531.0,96341.4461,300062897.672429,0.0100032018007703,0.009953500947915472
2024-05-19 00:00:00+00:00,3122.94,3136.64,3053.38,3071.19,0,166145.0102,513790068.69183,470419.0,74505.5837,230359925.232981,-0.016570923552805983,-0.016709757177627793
2024-05-20 00:00:00+00:00,3071.2,3694.0,3047.67,3661.78,0,847107.8828,2853349713.672701,2226153.0,442408.94180000003,1490710929.534518,0.19230005307388987,0.17588425934382101
2024-05-21 00:00:00+00:00,3661.79,3841.54,3624.28,3789.6,0,952437.2694,3557244460.363258,2204702.0,471779.518,1762078355.60011,0.034906520872362456,0.03431110464069853
2024-05-22 00:00:00+00:00,3789.59,3813.69,3653.15,3737.73,0,574938.3099,2151256432.12026,1339940.0,284002.5913,1062768583.89509,-0.013687460417986075,-0.013781997342475094
2024-05-23 00:00:00+00:00,3737.72,3949.29,3498.0,3783.61,0,1127866.076,4283549690.441181,2682768.0,564546.1661,2145257882.1608791,0.012274829910132734,0.01220010505397262
2024-05-24 00:00:00+00:00,3783.6,3829.61,3626.1,3728.28,0,479418.4318,1782983862.212967,1159074.0,244045.0104,907694433.158981,-0.014623600212495425,-0.014731579039832354
2024-05-25 00:00:00+00:00,3728.28,3779.43,3709.03,3749.26,0,158711.89919999999,594438275.805137,503711.0,81761.1157,306215084.302227,0.005627259755168534,0.005611485877132338
2024-05-26 00:00:00+00:00,3749.25,3884.2,3731.17,3826.47,0,292208.2937,1115661431.007397,697286.0,145205.4439,554271417.290499,0.020593397097027122,0.020384219998181408
2024-05-27 00:00:00+00:00,3826.47,3977.0,3823.37,3894.22,0,363717.6473,1424169372.465946,971964.0,183721.8676,719417955.980629,0.017705613790255814,0.01755069535485987
2024-05-28 00:00:00+00:00,3894.21,3931.09,3773.9,3844.69,0,416249.8344,1605074794.248354,941338.0,206643.3559,796958340.18732,-0.012718849987930714,-0.012800427009198145
2024-05-29 00:00:00+00:00,3844.69,3888.55,3742.59,3767.43,0,334759.6348,1274087642.072243,883401.0,170583.4441,649078378.829046,-0.020095248251484565,-0.020299904134327917
2024-05-30 00:00:00+00:00,3767.44,3825.35,3702.58,3747.91,0,277034.2894,1042146006.39132,765716.0,135950.14979999998,511516684.881294,-0.0051812508792465906,-0.005194720104684691
2024-05-31 00:00:00+00:00,3747.9,3849.94,3723.75,3762.29,0,273406.766,1032174005.216676,680329.0,136551.9833,515577099.538579,0.0038368050460122483,0.0038294632828161923
2024-06-01 00:00:00+00:00,3762.29,3833.3,3752.67,3815.82,0,132687.2006,503500622.837856,399377.0,70367.6098,267068560.050883,0.014228036647892628,0.014127768098338933
2024-06-02 00:00:00+00:00,3815.82,3838.59,3752.62,3780.91,0,210295.4407,798100737.663757,579563.0,105997.6518,402268605.703981,-0.009148754396171799,-0.009190861263354222
2024-06-03 00:00:00+00:00,3780.92,3849.99,3758.43,3767.06,0,248848.702,946239636.296371,648868.0,125597.9544,477669466.68620104,-0.0036631392971533394,-0.0036698650217754647
2024-06-04 00:00:00+00:00,3767.07,3831.65,3730.0,3810.23,0,232063.7468,878533930.59989,568514.0,120842.2499,457585643.874199,0.011459865253008905,0.011394698393576874
2024-06-05 00:00:00+00:00,3810.23,3887.47,3777.33,3865.99,0,273738.60349999997,1046373693.422429,645836.0,143786.3327,549824316.328025,0.014634287169015936,0.014528239359286488
2024-06-06 00:00:00+00:00,3866.0,3878.6,3760.0,3813.46,0,237504.1905,910751773.181592,525050.0,116926.4529,448449925.768107,-0.013587722679054948,-0.013680880614828084
2024-06-07 00:00:00+00:00,3813.47,3841.39,3600.0,3678.32,0,362223.3594,1352307567.238349,894006.0,163680.6805,611499294.849405,-0.03543763406460276,-0.03608078731116038
2024-06-08 00:00:00+00:00,3678.31,3709.5,3660.08,3681.57,0,140550.8394,518118534.039922,364485.0,65014.4392,239672339.125884,0.0008835555362229908,0.0008831654308014691
2024-06-09 00:00:00+00:00,3681.58,3721.52,3666.36,3706.4,0,103451.102,381854484.95566,287960.0,48702.6222,179769963.175974,0.0067444052401557375,0.006721763485566967
2024-06-10 00:00:00+00:00,3706.4,3713.67,3642.74,3667.85,0,156363.1846,575211243.30527,391165.0,74799.52590000001,275223031.297943,-0.010400928124325581,-0.010455395782559052
2024-06-11 00:00:00+00:00,3667.85,3673.0,3432.0,3497.33,0,439568.5978,1552225947.171155,1036229.0,207637.6021,733338576.38693,-0.046490450809057116,-0.04760583910880811
2024-06-12 00:00:00+00:00,3497.33,3659.01,3462.07,3560.12,0,387043.77400000003,1384558593.85822,850527.0,187121.7917,669515053.841925,0.01795369610531461,0.017794431932076193
2024-06-13 00:00:00+00:00,3560.13,3561.65,3428.0,3469.4,0,300230.8299,1048214494.75108,696369.0,147994.4439,516749769.179875,-0.025482287113917423,-0.025812583815840284
2024-06-14 00:00:00+00:00,3469.4,3532.61,3362.26,3481.8,0,322316.4214,1116570671.848945,746613.0,159447.8145,552550731.446636,0.003574105032570607,0.0035677330973094
2024-06-15 00:00:00+00:00,3481.8,3594.39,3473.1,3568.74,0,246649.5894,873576137.27908,500773.0,122544.6026,433959818.418328,0.024969843184559526,0.024663190874200325
2024-06-16 00:00:00+00:00,3568.75,3653.79,3541.05,3624.41,0,149839.982,537492821.643428,417858.0,77834.8967,279215755.248148,0.015599343185550119,0.015478924122646731
2024-06-17 00:00:00+00:00,3624.41,3638.37,3463.39,3511.46,0,337805.6402,1196162530.919053,774085.0,166343.2052,588834718.234546,-0.031163692849318858,-0.031659611030654844
2024-06-18 00:00:00+00:00,3511.47,3517.2,3355.0,3483.42,0,449913.3014,1541798882.411695,1062807.0,217161.5887,744297791.433542,-0.007985282475095778,-0.008017335592699126
2024-06-19 00:00:00+00:00,3483.42,3590.01,3465.65,3560.51,0,321500.0027,1138419054.652927,712501.0,162762.0238,576256549.358415,0.022130549861917315,0.021889223214424547
2024-06-20 00:00:00+00:00,3560.51,3625.96,3486.0,3513.08,0,329117.8453,1170597741.257869,743896.0,161277.7905,573660167.603421,-0.013321125344402995,-0.01341064744693199
2024-06-21 00:00:00+00:00,3513.08,3547.55,3446.82,3518.5,0,342155.102,1197095546.233963,746361.0,176183.038,616476628.149761,0.0015428057431086106,0.001541616841000959
2024-06-22 00:00:00+00:00,3518.5,3521.19,3475.09,3495.75,0,115774.6157,405045499.421582,315684.0,57671.8414,201786538.368218,-0.006465823504334223,-0.006486817485644281
2024-06-23 00:00:00+00:00,3495.76,3521.45,3406.38,3420.91,0,133411.4304,463204539.05644,338679.0,67467.4686,234264816.828695,-0.021408853607952527,-0.021641347386466947
2024-06-24 00:00:00+00:00,3420.91,3435.76,3240.0,3352.73,0,543370.4229,1807046957.965219,1222789.0,262600.4052,873824151.924763,-0.01993036940463211,-0.02013165821363927
2024-06-25 00:00:00+00:00,3352.74,3430.88,3336.76,3394.91,0,240036.2236,812730026.8442,654302.0,122936.19589999999,416346006.722906,0.01258079236920362,0.012502311747656591
2024-06-26 00:00:00+00:00,3394.91,3426.75,3325.01,3371.44,0,206949.3418,699375819.2761279,518727.0,108326.93729999999,366024176.143489,-0.00691329077943148,-0.00693729828535794
2024-06-27 00:00:00+00:00,3371.77,3477.0,3361.74,3450.44,0,201041.6609,687897292.145414,530697.0,108386.892,370765787.905384,0.02343212395890193,0.02316180634208287
2024-06-28 00:00:00+00:00,3450.44,3487.7,3365.22,3380.15,0,221634.34350000002,760116781.029508,934561.0,117864.7671,404433441.061016,-0.02037131496272937,-0.020581671934650103
2024-06-29 00:00:00+00:00,3380.15,3408.32,3371.86,3378.8,0,88329.7651,299468173.245718,365755.0,47423.3968,160794628.308532,-0.00039939055959048453,-0.0003994703372427466
2024-06-30 00:00:00+00:00,3378.8,3460.0,3352.66,3438.16,0,141221.6185,480491273.121482,557070.0,80177.9965,272838936.070124,0.01756836746773982,0.01741582769184369
2024-07-01 00:00:00+00:00,3438.16,3524.94,3423.78,3442.2,0,224273.2122,780112100.208223,854102.0,121044.94,421096637.788155,0.0011750471182259137,0.0011743572906954824
2024-07-02 00:00:00+00:00,3442.2,3464.12,3402.0,3421.35,0,137932.7014,473853655.522322,623720.0,68282.7584,234617896.703461,-0.006057172738364924,-0.006075591825215554
2024-07-03 00:00:00+00:00,3421.35,3432.1,3251.0,3295.48,0,310408.451,1031040642.9482449,1378502.0,143212.6723,475477399.866736,-0.036789571368027185,-0.03748337741811447
2024-07-04 00:00:00+00:00,3295.49,3313.45,3050.34,3059.7,0,450402.5692,1425360058.279399,1898898.0,202136.3683,639814934.746806,-0.07154648184786438,-0.07423496066796886
2024-07-05 00:00:00+00:00,3059.7,3110.0,2810.0,2981.78,0,886994.3753,2602693094.463384,2967124.0,404744.5317,1188081864.6179,-0.025466549008072548,-0.02579643431074885
2024-07-06 00:00:00+00:00,2981.79,3081.78,2955.06,3066.83,0,214487.9713,646245038.475145,1055462.0,112962.821,340494854.011427,0.0285232310901542,0.028124017206444307
2024-07-07 00:00:00+00:00,3066.83,3073.08,2922.24,2931.0,0,179892.7612,538755029.459879,878707.0,86519.9115,258997896.839986,-0.04429003237871021,-0.045300793109385395
2024-07-08 00:00:00+00:00,2930.99,3097.06,2822.8,3019.01,0,500445.01050000003,1484924133.828654,2222940.0,246399.4183,731702626.901893,0.030027294438758068,0.029585301345544934
2024-07-09 00:00:00+00:00,3019.01,3115.2,3004.0,3066.65,0,280358.1424,859567747.663927,1377129.0,148692.1493,455973139.541959,0.01578000735340379,0.015656797515207543
2024-07-10 00:00:00+00:00,3066.65,3151.51,3024.0,3101.05,0,270827.0844,839730659.372952,1296218.0,134603.8713,417474584.804576,0.011217452268762251,0.0111550032298382
2024-07-11 00:00:00+00:00,3101.06,3217.24,3054.76,3099.57,0,289229.32,907129989.222096,1413031.0,148734.7368,466509910.1477,-0.0004772577030360825,-0.0004773716267418848
2024-07-12 00:00:00+00:00,3099.57,3157.89,3045.58,3133.88,0,185745.1825,575599522.8506631,1094915.0,95406.1253,295730714.463656,0.011069277351374529,0.011008461282564497
2024-07-13 00:00:00+00:00,3133.89,3201.8,3113.37,3175.93,0,119302.4769,376336968.783293,591291.0,60506.1294,190893440.610938,0.013417871775562418,0.01332864936456346
2024-07-14 00:00:00+00:00,3175.93,3268.72,3163.67,3245.08,0,165430.7716,530204017.169411,792858.0,83179.8142,266820311.321886,0.021773149911994416,0.021539500325221894
2024-07-15 00:00:00+00:00,3245.2,3493.63,3233.22,3483.39,0,314296.8452,1058747637.288266,1617276.0,161760.1858,544978505.522768,0.07343732666066782,0.07086595438801879
2024-07-16 00:00:00+00:00,3483.2,3498.59,3346.55,3444.13,0,376128.7869,1291412549.937766,1636557.0,193947.8823,665961239.711155,-0.011270630047166663,-0.011334624893841294
2024-07-17 00:00:00+00:00,3444.14,3517.0,3376.0,3387.05,0,297812.5162,1029558208.636794,1285615.0,168234.51870000002,581998341.750337,-0.01657312586923254,-0.016711996605916823
2024-07-18 00:00:00+00:00,3387.05,3489.98,3367.2,3426.5,0,241950.3457,829503482.767012,1165443.0,128938.7441,442179155.873657,0.011647303700860645,0.011579995990526726
2024-07-19 00:00:00+00:00,3426.49,3540.27,3377.0,3503.53,0,299511.6422,1034724329.319296,1262244.0,158469.6446,547637460.466815,0.022480665402013766,0.02223169961375504
2024-07-20 00:00:00+00:00,3503.53,3539.65,3480.0,3517.5,0,147510.8165,516504071.765199,667108.0,69139.34330000001,242092830.77752998,0.003987406986667663,0.003979478348909993
2024-07-21 00:00:00+00:00,3517.5,3547.0,3411.4,3535.92,0,218890.9656,764360242.601174,961322.0,103673.58989999999,362208133.511289,0.005236673773987288,0.0052230100786658795
2024-07-22 00:00:00+00:00,3535.93,3562.82,3422.34,3439.6,0,207859.5043,724117324.169122,1069762.0,96899.9188,337741204.49652,-0.02724043530396625,-0.027618334530467692
2024-07-23 00:00:00+00:00,3439.61,3541.0,3389.0,3482.51,0,500568.7811,1737977523.0227861,1617621.0,270658.3324,940075969.466857,0.012475287824165626,0.01239811261345558
2024-07-24 00:00:00+00:00,3482.51,3487.82,3300.0,3335.81,0,275479.0506,940244066.497797,980283.0,135067.106,461180607.887137,-0.04212478930426622,-0.04303776972997575
2024-07-25 00:00:00+00:00,3335.82,3342.5,3087.53,3175.48,0,494282.6398,1570457188.18384,2011527.0,239121.0612,759567456.5136449,-0.04806328897629064,-0.049256726417779007
2024-07-26 00:00:00+00:00,3175.47,3286.36,3171.0,3274.61,0,260237.4641,844064770.724818,1169246.0,128738.67199999999,417477416.189299,0.031217327774068826,0.03073997600638556
2024-07-27 00:00:00+00:00,3274.6,3327.59,3191.01,3249.01,0,231991.9037,757931406.545815,1076809.0,118058.3171,385871810.970836,-0.007817724858838138,-0.007848443474349764
2024-07-28 00:00:00+00:00,3249.0,3284.3,3198.11,3270.16,0,103529.8329,336422802.722383,682428.0,52499.4791,170673348.408274,0.00650967525492363,0.006488578823413249
2024-07-29 00:00:00+00:00,3270.16,3396.77,3258.0,3317.66,0,318471.5055,1061016180.0780979,1484898.0,159686.5707,532117930.525702,0.014525283166572978,0.014420801773654901
2024-07-30 00:00:00+00:00,3317.66,3366.4,3233.18,3279.21,0,197277.1641,652703227.796507,1183239.0,91006.5842,301189857.217817,-0.011589493799846862,-0.011657175421794008
2024-07-31 00:00:00+00:00,3279.2,3350.0,3213.75,3232.74,0,233711.3352,769347274.9459879,1337992.0,112910.4249,371910899.513719,-0.014171096087167379,-0.014272464880157543
2024-08-01 00:00:00+00:00,3232.74,3242.57,3080.02,3203.4,0,323285.6105,1020921619.452479,1835455.0,151515.291,478652865.101788,-0.009075892277139452,-0.00911732909539964
2024-08-02 00:00:00+00:00,3203.4,3218.6,2967.0,2989.61,0,385704.0395,1185594927.514843,2104725.0,177842.9277,547327363.228976,-0.06673846538053319,-0.06906980163942755
2024-08-03 00:00:00+00:00,2989.61,3018.02,2859.0,2903.64,0,344595.3157,1013020792.752083,1798017.0,151541.6882,445649429.32525,-0.028756259177618593,-0.02917782177676642
2024-08-04 00:00:00+00:00,2903.65,2935.46,2630.0,2688.92,0,512064.2612,1426784556.442743,2184760.0,235563.9823,656402849.740975,-0.07394856111639181,-0.0768254963284436
2024-08-05 00:00:00+00:00,2688.91,2697.44,2111.0,2419.59,0,2670604.1003,6243689817.192618,7064159.0,1281460.7917,2994688528.683906,-0.10016289067729789,-0.10554152167987052
2024-08-06 00:00:00+00:00,2419.76,2556.23,2414.19,2461.33,0,642283.8038,1601879002.769123,2870150.0,323805.053,808046548.679428,0.017250856550076632,0.017103749924451073
2024-08-07 00:00:00+00:00,2461.33,2551.32,2309.04,2342.8,0,630115.4228000001,1537271441.495759,2370148.0,307617.0665,750975466.25288,-0.04815689078668839,-0.04935505901851123
2024-08-08 00:00:00+00:00,2342.79,2724.1,2320.4,2682.5,0,586502.8754,1474101815.469424,2112663.0,299400.9503,752709539.426406,0.14499743896192574,0.13540240028922668
2024-08-09 00:00:00+00:00,2682.5,2707.98,2552.61,2598.78,0,406739.9611,1069628608.098305,1710060.0,195440.2941,514507073.994305,-0.031209692451071636,-0.031707091387718656
2024-08-10 00:00:00+00:00,2598.79,2644.7,2576.49,2609.92,0,171012.3619,446695039.692734,758863.0,87017.1045,227278356.489,0.004286626801806914,0.004277465388845769
2024-08-11 00:00:00+00:00,2609.92,2720.0,2540.0,2555.38,0,297098.9145,780682452.75452,1217650.0,143129.6465,376123937.078661,-0.020897192251103425,-0.021118628942741857
2024-08-12 00:00:00+00:00,2555.38,2750.0,2510.05,2722.3,0,483414.25059999997,1275788778.660518,1915621.0,252099.21839999998,665331112.596738,0.06532100900844506,0.06327617065377655
2024-08-13 00:00:00+00:00,2722.3,2738.4,2611.37,2702.44,0,325668.6964,872886595.988518,1547949.0,165417.0546,443554807.911323,-0.007295301766888307,-0.007322042615237834
2024-08-14 00:00:00+00:00,2702.44,2780.0,2632.2,2661.45,0,338808.7141,914805683.898244,1503315.0,167827.7199,453631446.392397,-0.015167774307662807,-0.015283981564079951
2024-08-15 00:00:00+00:00,2661.45,2675.6,2515.71,2569.89,0,356546.8059,927491377.061398,1761529.0,172089.6821,447789574.12869096,-0.034402299498393685,-0.03500799062086557
2024-08-16 00:00:00+00:00,2569.9,2630.97,2550.04,2592.73,0,270684.1373,702631292.534931,1602311.0,127687.3984,331506251.81562,0.008887539933615907,0.008848278205884519
2024-08-17 00:00:00+00:00,2592.72,2629.69,2587.5,2614.51,0,89348.676,232787181.525924,543278.0,47334.2042,123329370.607968,0.008400411921025475,0.008365324821256515
2024-08-18 00:00:00+00:00,2614.51,2689.16,2594.53,2612.15,0,174074.05849999998,459975824.154323,836384.0,92214.9872,243669152.914624,-0.0009026547995609757,-0.000903062437727975
2024-08-19 00:00:00+00:00,2612.15,2648.08,2563.58,2636.36,0,224867.1336,585578272.443482,1156033.0,112686.5275,293606287.965002,0.009268227322320799,0.009225540852699332
2024-08-20 00:00:00+00:00,2636.36,2695.0,2555.0,2572.82,0,281315.8751,738361057.602134,1303349.0,139599.9133,366762747.976129,-0.024101412553672485,-0.02439660427267043
2024-08-21 00:00:00+00:00,2572.81,2663.74,2536.22,2630.71,0,245286.6218,638338169.862144,1420421.0,121889.9837,317338706.90672797,0.022500602451784424,0.02225119812954457
2024-08-22 00:00:00+00:00,2630.71,2644.69,2584.2,2622.88,0,199063.1196,521285357.086423,1064195.0,98645.806,258303739.531237,-0.002976382801601063,-0.0029808210376724986
2024-08-23 00:00:00+00:00,2622.89,2799.13,2621.4,2762.48,0,401786.4447,1082989033.023547,1747686.0,210295.5073,567121017.138491,0.05322393704630013,0.05185587630264976
2024-08-24 00:00:00+00:00,2762.49,2820.0,2731.26,2768.0,0,263542.9441,730370481.138122,1133872.0,130086.4491,360650474.071654,0.0019982045118878133,0.0019962107567641496
2024-08-25 00:00:00+00:00,2768.01,2792.28,2733.21,2746.13,0,154527.2352,426733399.326636,1047985.0,75993.749,209910294.015187,-0.00790101156069356,-0.007932389942457263
2024-08-26 00:00:00+00:00,2746.12,2762.0,2666.66,2680.49,0,211708.1247,575695656.4771789,1453833.0,102718.22469999999,279333306.990401,-0.023902728567110954,-0.024193034181736905
2024-08-27 00:00:00+00:00,2680.49,2699.98,2392.96,2457.33,0,412660.71969999996,1058769621.8921031,1898416.0,187278.0778,480143744.796805,-0.08325343500628613,-0.0869242189766748
2024-08-28 00:00:00+00:00,2457.33,2554.6,2418.8,2528.33,0,451266.634,1124304892.423795,2272721.0,222246.9184,553710617.949506,0.028893148254406142,0.02848361108540054
2024-08-29 00:00:00+00:00,2528.33,2595.4,2505.88,2527.61,0,237002.9632,603867504.225949,1455668.0,119563.3591,304607143.525936,-0.0002847729528976384,-0.00028481350841502717
2024-08-30 00:00:00+00:00,2527.6,2552.17,2431.14,2526.0,0,338379.19409999996,845015735.149411,1735497.0,172073.91139999998,429842974.52976197,-0.0006369653546235421,-0.00063716830324001
2024-08-31 00:00:00+00:00,2525.99,2533.95,2491.92,2513.01,0,97946.1147,246514334.07653,702529.0,47410.9072,119335754.458794,-0.005142517814726744,-0.005155786067160939
2024-09-01 00:00:00+00:00,2513.0,2516.28,2400.0,2425.72,0,223127.776,550299930.1534489,1357443.0,106672.8284,263071210.850516,-0.03473523782237253,-0.03535285032342195
2024-09-02 00:00:00+00:00,2425.71,2564.83,2423.52,2538.01,0,262632.8385,654854126.195111,1452334.0,134090.7048,334264683.017486,0.04629141038537021,0.04525192185703997
2024-09-03 00:00:00+00:00,2538.0,2553.6,2411.12,2425.29,0,224793.1299,556674703.352341,1272909.0,101487.6507,251452238.685074,-0.04441274857073074,-0.045429204526474365
2024-09-04 00:00:00+00:00,2425.28,2490.0,2306.65,2450.71,0,384179.3854,921640300.674654,2002621.0,188707.7458,452757932.493335,0.010481220802460722,0.010426673623994631
2024-09-05 00:00:00+00:00,2450.71,2466.0,2348.04,2368.81,0,278549.0969,667044058.826434,1862353.0,131571.9247,315231080.607934,-0.03341888677158866,-0.03399005914916842
2024-09-06 00:00:00+00:00,2368.81,2408.83,2150.55,2225.23,0,643027.111,1467265008.063493,2980066.0,303990.1689,694418877.024754,-0.06061271271229007,-0.06252743828077989
2024-09-07 00:00:00+00:00,2225.24,2311.27,2220.98,2273.58,0,219453.2076,498662894.230975,982698.0,109807.9246,249593766.45553,0.021728091028792473,0.021495400637583373
2024-09-08 00:00:00+00:00,2273.58,2333.58,2240.94,2297.3,0,192775.6493,440447734.826373,976672.0,93305.1937,213222870.553424,0.010432885581330043,0.010378838616076358
2024-09-09 00:00:00+00:00,2297.3,2381.41,2272.8,2359.5,0,321698.99,747001776.046536,1761692.0,156788.5098,364223174.142904,0.02707526226439727,0.026715211868316935
2024-09-10 00:00:00+00:00,2359.51,2400.0,2320.41,2388.52,0,224382.1729,528411566.919702,1210860.0,105895.4188,249480052.381382,0.012299215935579477,0.012224195084661105
2024-09-11 00:00:00+00:00,2388.52,2389.32,2277.68,2340.55,0,282898.3125,659291892.326731,1530070.0,135125.5965,314926799.454531,-0.0200835663925778,-0.020287982782529745
2024-09-12 00:00:00+00:00,2340.54,2391.93,2315.39,2361.76,0,202611.13079999998,476749201.764419,1093596.0,102118.0952,240341157.998119,0.009061972613274571,0.00902115932011327
2024-09-13 00:00:00+00:00,2361.75,2464.82,2337.35,2439.19,0,253888.61599999998,607650210.702862,1458878.0,124124.3676,297410717.96547,0.03278487229862459,0.03225891317213314
2024-09-14 00:00:00+00:00,2439.19,2440.6,2376.72,2417.79,0,122931.2302,296990460.130078,754834.0,57970.9645,140034806.307876,-0.008773404285849051,-0.00881211719287922
2024-09-15 00:00:00+00:00,2417.8,2430.32,2283.75,2316.1,0,174364.1946,413278017.27632403,1058493.0,80610.9146,191044099.00633,-0.04205907047344892,-0.042969163114274345
2024-09-16 00:00:00+00:00,2316.09,2335.7,2252.39,2295.68,0,330555.232,756718235.682234,2102319.0,153834.0111,352253267.83244,-0.008816545054185942,-0.008855640749803051
2024-09-17 00:00:00+00:00,2295.67,2393.63,2263.29,2341.8,0,274206.2588,640307796.594042,1813524.0,134491.637,314135444.255817,0.02008990800111521,0.019890768510760992
2024-09-18 00:00:00+00:00,2341.79,2376.14,2277.34,2374.75,0,292917.6008,679856751.171053,2555639.0,144167.2401,334741394.026549,0.014070373217183185,0.013972304355667653
2024-09-19 00:00:00+00:00,2374.74,2494.95,2372.6,2465.21,0,326746.032,794820680.995054,2862096.0,171108.4747,416132368.004027,0.038092430782187714,0.0373848277755755
2024-09-20 00:00:00+00:00,2465.21,2571.93,2437.31,2561.4,0,340754.5912,864016608.115563,3241249.0,173101.7132,438921107.763294,0.03901898824035288,0.038276987446104194
2024-09-21 00:00:00+00:00,2561.4,2623.34,2528.97,2612.4,0,154757.8773,396953470.517631,1425778.0,78964.0704,202638566.044652,0.0199109861794331,0.019715355036530546
2024-09-22 00:00:00+00:00,2612.4,2632.57,2524.58,2581.0,0,214266.32570000002,553059849.553399,2067811.0,97837.0512,252636983.573378,-0.01201959883631909,-0.012092418309888053
2024-09-23 00:00:00+00:00,2580.99,2702.82,2539.49,2646.97,0,333282.0149,883518257.199407,3492404.0,161782.1178,428832914.20111203,0.025559860519178468,0.025238668859070224
2024-09-24 00:00:00+00:00,2646.98,2670.96,2591.56,2653.2,0,288600.0402,760159619.981534,2730471.0,140655.8896,370558448.965917,0.002353634533069915,0.0023508690737168436
2024-09-25 00:00:00+00:00,2653.2,2673.5,2554.05,2579.95,0,220343.4293,576100924.711546,2446589.0,103887.8784,271731602.599472,-0.027608171264887682,-0.027996439768490866
2024-09-26 00:00:00+00:00,2580.09,2666.22,2559.2,2632.26,0,278686.3573,731881168.916695,2897463.0,139205.4473,365580497.054424,0.020275586736177242,0.020072773877989114
2024-09-27 00:00:00+00:00,2632.25,2728.6,2615.21,2694.43,0,281826.9792,753233859.358672,2599262.0,151742.5093,405576362.61347604,0.023618487535425725,0.023343886429398886
2024-09-28 00:00:00+00:00,2694.43,2704.35,2650.0,2675.21,0,137230.0342,367299958.062676,1192804.0,65924.2202,176467262.336168,-0.007133234116306508,-0.007158797268624895
2024-09-29 00:00:00+00:00,2675.21,2683.7,2629.73,2657.62,0,160554.3146,426486288.276277,1417045.0,81486.0061,216453626.088544,-0.00657518475185126,-0.0065968965039644445
2024-09-30 00:00:00+00:00,2657.62,2663.5,2575.0,2602.23,0,282475.7961,738997897.579085,2684395.0,135231.5945,353834770.003651,-0.020841956336872802,-0.021062215708309573
2024-10-01 00:00:00+00:00,2602.24,2659.0,2414.0,2447.79,0,502828.6804,1275068045.8165479,4525442.0,241562.4716,612727012.04731,-0.059349096736260876,-0.061183193070593056
2024-10-02 00:00:00+00:00,2447.78,2499.0,2352.0,2364.1,0,317484.735,772815459.366551,4299369.0,155763.8413,379325012.463598,-0.03419002447105346,-0.034788176823054684
2024-10-03 00:00:00+00:00,2364.09,2403.38,2310.0,2349.8,0,314635.9263,739732809.481887,4096011.0,149299.0436,351028567.523543,-0.006048813501966843,-0.00606718168227971
2024-10-04 00:00:00+00:00,2349.8,2441.64,2339.15,2414.41,0,239383.017,572627417.105369,2556302.0,121492.1876,290635408.17503,0.027495957102732005,0.027124732687306974
2024-10-05 00:00:00+00:00,2414.41,2428.23,2390.05,2414.66,0,103740.2316,250133597.688322,1147501.0,49644.8537,119740244.15091899,0.00010354496543674152,0.00010353960502662574
2024-10-06 00:00:00+00:00,2414.66,2457.8,2407.0,2440.03,0,105752.7096,257213775.45288,1097106.0,56040.4942,136283551.473558,0.01050665518126781,0.010451843867825161
2024-10-07 00:00:00+00:00,2440.02,2521.0,2403.0,2422.71,0,300459.5407,742163736.9669111,3081333.0,147053.1926,363265506.414649,-0.007098273381884734,-0.007123585979335267
2024-10-08 00:00:00+00:00,2422.7,2466.66,2401.18,2440.89,0,201358.33120000002,490043095.024962,2240640.0,98699.0695,240246242.020958,0.007503993461867031,0.0074759785647087185
2024-10-09 00:00:00+00:00,2440.88,2473.61,2351.42,2370.47,0,242082.27250000002,586469983.393527,2569883.0,118607.6753,287392550.52832,-0.028850132533625117,-0.02927447917481274
2024-10-10 00:00:00+00:00,2370.47,2421.36,2330.66,2386.49,0,257862.9619,614182044.949536,2734517.0,124649.1698,296876662.883377,0.006758153446362991,0.006735419496232353
2024-10-11 00:00:00+00:00,2386.49,2471.45,2381.86,2439.5,0,235441.2197,572065403.741898,1913115.0,120079.0581,291669006.342688,0.022212538078936195,0.02196943305546828
2024-10-12 00:00:00+00:00,2439.49,2490.51,2434.35,2476.4,0,139637.5062,343538957.820228,1058123.0,75635.4722,186143651.984974,0.015126050420168013,0.015012792389184959
2024-10-13 00:00:00+00:00,2476.4,2484.92,2436.4,2468.91,0,120022.8179,295322793.084125,1032905.0,59760.3747,147082675.325771,-0.0030245517686965373,-0.0030291349691484726
2024-10-14 00:00:00+00:00,2468.92,2654.0,2443.39,2629.79,0,435900.1619,1119084230.807938,2715025.0,229665.6047,589781071.815328,0.06516235909773949,0.0631272373991223
2024-10-15 00:00:00+00:00,2629.79,2688.6,2537.36,2607.41,0,416285.6663,1083630113.139707,3306565.0,205576.5183,535279891.165901,-0.008510185223915223,-0.008546603615559256
2024-10-16 00:00:00+00:00,2607.41,2647.79,2588.67,2611.1,0,260322.4242,681342662.41857,2813136.0,127407.6679,333593643.097793,0.0014151974564797776,0.0014141970083363375
2024-10-17 00:00:00+00:00,2611.1,2648.37,2575.4,2605.8,0,221624.5434,579597649.9294031,2543113.0,109682.85889999999,286944146.556011,-0.0020297958714716735,-0.0020318586989969134
2024-10-18 00:00:00+00:00,2605.79,2675.58,2596.49,2642.17,0,292444.1153,771232214.935164,2835054.0,151075.2919,398486077.848593,0.013957325965154643,0.013860819436412264
2024-10-19 00:00:00+00:00,2642.17,2663.49,2631.02,2648.2,0,105413.7646,278723129.157894,1145594.0,52955.701199999996,140037162.00516,0.002282214997520793,0.0022796147004129352
2024-10-20 00:00:00+00:00,2648.2,2759.0,2635.54,2746.91,0,256910.7448,692550694.441629,2274845.0,131315.6321,354129881.286766,0.03727437504720199,0.03659647963870061
2024-10-21 00:00:00+00:00,2746.91,2769.48,2655.01,2666.7,0,310674.7232,839718870.967621,2526347.0,155766.4454,421099497.596007,-0.029200083002355437,-0.029634890628617683
2024-10-22 00:00:00+00:00,2666.71,2671.92,2606.56,2622.81,0,265747.713,699818031.28854,2153796.0,129041.0542,339834310.024147,-0.016458544268196595,-0.016595490814311553
2024-10-23 00:00:00+00:00,2622.81,2628.2,2450.0,2524.61,0,352647.7086,897683017.740168,2642127.0,161673.0363,411442765.600342,-0.03744076010080788,-0.03815966676698235
2024-10-24 00:00:00+00:00,2524.6,2562.65,2507.31,2535.82,0,290851.7842,737665762.666147,2252562.0,151672.5796,384697096.340313,0.004440289787333462,0.004430460785638246
2024-10-25 00:00:00+00:00,2535.82,2566.33,2382.59,2440.62,0,514799.8822,1282541014.469803,3741205.0,232180.1435,578647966.535608,-0.03754209683652632,-0.03826495074970104
2024-10-26 00:00:00+00:00,2440.63,2508.0,2430.12,2482.51,0,248724.8313,612908876.738983,1985542.0,132469.8569,326550515.934207,0.017163671526087665,0.017018039738213808
2024-10-27 00:00:00+00:00,2482.51,2527.99,2464.13,2507.8,0,137580.8836,342704461.298222,1337190.0,70648.0053,176001096.76121,0.010187270141912785,0.010135729647840819
2024-10-28 00:00:00+00:00,2507.8,2589.67,2471.67,2567.48,0,360605.327,910015100.830837,2847523.0,180803.6076,456316658.784813,0.023797751016827462,0.02351899833726101
2024-10-29 00:00:00+00:00,2567.49,2681.86,2561.2,2638.8,0,451915.7025,1187541746.021715,3690029.0,227223.4801,597159695.537778,0.02777821054107532,0.027399395255018
2024-10-30 00:00:00+00:00,2638.8,2722.3,2599.66,2659.19,0,460627.126,1230352880.142655,3700127.0,234688.3298,627072013.721042,0.00772699711990299,0.007697296775859286
2024-10-31 00:00:00+00:00,2659.19,2669.0,2503.0,2518.61,0,403427.2017,1042550364.390791,3391343.0,196341.4498,507552898.63574797,-0.052865722268811144,-0.05431440310093283
2024-11-01 00:00:00+00:00,2518.61,2586.8,2467.67,2511.49,0,430249.10730000003,1084316033.711915,3614843.0,202239.1162,509869182.303567,-0.0028269561385051434,-0.002830959525722321
2024-11-02 00:00:00+00:00,2511.49,2523.45,2470.0,2494.23,0,145961.13,364240307.892377,1228028.0,68739.2217,171535490.173642,-0.006872414383493397,-0.006896138178869471
2024-11-03 00:00:00+00:00,2494.23,2496.39,2411.0,2457.73,0,276009.1197,675516839.246158,2569553.0,128755.1302,315138233.230781,-0.014633774752127904,-0.014741904629285152
2024-11-04 00:00:00+00:00,2457.73,2491.39,2357.59,2398.21,0,306316.9645,745000696.549594,3066552.0,148574.7254,361660123.21258,-0.024217468965264666,-0.024515533959114322
2024-11-05 00:00:00+00:00,2398.21,2480.0,2380.74,2422.55,0,331619.2545,807964220.382607,2878817.0,164899.7226,401792814.478282,0.010149236305411202,0.010098078656152865
2024-11-06 00:00:00+00:00,2422.6,2744.7,2420.3,2721.87,0,1002141.3618000001,2613263657.61569,5557031.0,527404.5797,1375499686.352236,0.12355575736310898,0.11649843968337503
2024-11-07 00:00:00+00:00,2721.88,2916.11,2699.49,2895.47,0,730845.9524,2069602523.372077,5380366.0,367745.6506,1041659729.922739,0.06377968088115882,0.06182830263713868
2024-11-08 00:00:00+00:00,2895.47,2981.69,2886.4,2961.75,0,568864.435,1664276186.367457,4290252.0,290136.2734,849147013.622051,0.022890929624551415,0.02263286312755053
2024-11-09 00:00:00+00:00,2961.75,3157.4,2953.71,3126.21,0,526719.4212,1602480049.885514,3681905.0,278109.2638,846556140.576448,0.05552798176753604,0.05404109839305882
2024-11-10 00:00:00+00:00,3126.2,3248.52,3069.0,3183.21,0,865536.7322,2751696491.353273,6072418.0,444231.9853,1412520566.696555,0.018232940205552328,0.01806871337269378
2024-11-11 00:00:00+00:00,3183.2,3387.61,3105.0,3371.59,0,1000093.9664,3248336095.357834,7802397.0,512353.6597,1664789115.812,0.059179256159662685,0.05749432156742351
2024-11-12 00:00:00+00:00,3371.59,3442.5,3207.67,3243.8,0,973215.7285,3215515065.96685,7073014.0,474680.79959999997,1569519071.966663,-0.03790199876022882,-0.038638961114456194
2024-11-13 00:00:00+00:00,3243.79,3331.0,3116.69,3187.16,0,919686.3747,2958494366.71914,9753402.0,446483.2399,1436610189.542692,-0.017461002527899505,-0.017615243942866954
2024-11-14 00:00:00+00:00,3187.16,3240.4,3028.56,3058.82,0,605780.6662,1909266330.683718,6204964.0,291332.14280000003,919046552.324913,-0.04026782464639356,-0.04110101745019179
2024-11-15 00:00:00+00:00,3058.81,3131.06,3014.5,3090.01,0,519623.63169999997,1593247701.2890491,6118576.0,256031.9621,785238977.756796,0.01019674253470293,0.010145106471979304
2024-11-16 00:00:00+00:00,3090.01,3219.97,3072.0,3132.87,0,423639.1573,1332892680.485038,5079843.0,221452.0936,696573570.911464,0.013870505273445577,0.013775190182858665
2024-11-17 00:00:00+00:00,3132.88,3162.11,3034.99,3076.0,0,449818.9575,1393762559.896065,5832635.0,219773.8217,681175947.125362,-0.01815268427990946,-0.018319465689833336
2024-11-18 00:00:00+00:00,3075.99,3224.94,3050.01,3207.8,0,640658.4357,2006111259.657586,6541040.0,335610.6352,1051440459.598216,0.04284785435630689,0.041955292277743084
2024-11-19 00:00:00+00:00,3207.81,3221.2,3065.4,3107.44,0,500112.0194,1561642778.418154,5163295.0,240538.5797,751285220.167402,-0.031286239790510706,-0.031786107830317434
2024-11-20 00:00:00+00:00,3107.45,3159.2,3029.41,3069.97,0,503607.8336,1559041767.185464,6338828.0,262555.3379,813254437.229678,-0.012058157196921049,-0.01213144652643372
2024-11-21 00:00:00+00:00,3069.97,3386.73,3032.59,3355.81,0,974923.3035,3167224819.418769,8227428.0,517407.4618,1678599533.383094,0.09310840171076595,0.08902538242000091
2024-11-22 00:00:00+00:00,3355.88,3425.92,3257.54,3327.78,0,603273.7093,2008464564.861674,7141711.0,299228.216,996678648.696995,-0.008352677892967675,-0.008387756979741923
2024-11-23 00:00:00+00:00,3327.78,3497.51,3312.72,3393.91,0,721024.0009,2449223191.454517,6790558.0,377413.2984,1281905367.172234,0.019872106930145517,0.019677234072176475
2024-11-24 00:00:00+00:00,3393.91,3450.0,3281.4,3361.2,0,479098.0921,1608242778.282872,5919258.0,229135.6476,769433365.505761,-0.00963785132781958,-0.009684596004898793
2024-11-25 00:00:00+00:00,3361.21,3546.66,3300.01,3414.49,0,949330.37,3272920810.057311,9876856.0,473543.9399,1633463973.6465259,0.015854456741639877,0.015730087656308456
2024-11-26 00:00:00+00:00,3414.49,3462.49,3252.0,3324.73,0,672367.1503,2252619301.964274,7269605.0,320649.414,1076018603.47616,-0.02628796687060142,-0.026639672925078628
2024-11-27 00:00:00+00:00,3324.74,3684.92,3302.4,3653.28,0,754573.6485,2640023089.760935,6392173.0,422777.0485,1478531171.096091,0.09882005456082155,0.09423692640189785
2024-11-28 00:00:00+00:00,3653.27,3661.92,3529.76,3578.79,0,560976.425,2014252549.702022,5393261.0,281616.1445,1011307244.124802,-0.020389896202864355,-0.02060063975035753
2024-11-29 00:00:00+00:00,3578.8,3647.98,3534.28,3592.21,0,425493.2449,1525999121.819639,4240304.0,220911.87589999998,792537823.50665,0.0037498707663763398,0.0037428575280191723
2024-11-30 00:00:00+00:00,3592.22,3738.98,3568.4,3703.6,0,503684.7485,1849683070.29735,4641849.0,267000.5769,980789627.359577,0.03100876619128612,0.03053770760904051
2024-12-01 00:00:00+00:00,3703.59,3746.8,3659.2,3707.61,0,429089.2633,1589850114.025915,3667910.0,212029.4008,785774029.012855,0.0010827303164488988,0.00108214458673217
2024-12-02 00:00:00+00:00,3707.61,3760.0,3554.32,3643.42,0,737130.569,2685285591.845365,6825848.0,368529.347,1342985979.580745,-0.017313039936778685,-0.01746466320090967
2024-12-03 00:00:00+00:00,3643.43,3670.0,3500.0,3614.51,0,678400.2032,2439869839.0290213,5200407.0,376625.93,1355330328.945037,-0.007934852418881144,-0.007966500888800354
2024-12-04 00:00:00+00:00,3614.51,3887.24,3614.51,3837.8,0,968744.0399,3638907449.551761,8222722.0,516513.6315,1939427558.6047401,0.06177600836627928,0.059942985664728
2024-12-05 00:00:00+00:00,3837.8,3956.0,3677.0,3785.2,0,946493.276,3653558567.753712,8753645.0,465065.3016,1796915310.225865,-0.013705768930116324,-0.01380056010156494
2024-12-06 00:00:00+00:00,3785.21,4087.73,3777.26,3998.87,0,803855.1146,3174080080.146193,6677199.0,410529.4137,1621071926.726909,0.05644880059177848,0.05491309555730872
2024-12-07 00:00:00+00:00,3998.87,4024.46,3968.0,3996.22,0,283920.02,1134418058.866173,2721543.0,141027.5358,563531840.2422119,-0.0006626872091366476,-0.0006629068833614582
2024-12-08 00:00:00+00:00,3996.22,4015.58,3923.5,4004.15,0,251362.1685,1000371580.638359,2614587.0,124696.173,496407855.459141,0.0019843752345967136,0.0019824089628457386
2024-12-09 00:00:00+00:00,4004.15,4006.17,3509.0,3712.0,0,939642.2001,3566495804.128105,8331026.0,434519.7442,1650765938.051974,-0.0729618021302898,-0.07576050836478032
2024-12-10 00:00:00+00:00,3712.0,3780.76,3515.89,3628.25,0,942206.0337,3443114495.273664,10461668.0,468842.2362,1713256933.099759,-0.022561961206896575,-0.022820376555618083
2024-12-11 00:00:00+00:00,3628.24,3848.64,3562.34,3831.81,0,461818.78010000003,1722223536.878177,6195364.0,248830.1039,928595809.300587,0.056104182457107354,0.05458683804756248
2024-12-12 00:00:00+00:00,3831.82,3987.41,3796.8,3881.61,0,572098.6343,2239803483.5766068,7005239.0,284607.1551,1114554219.241143,0.01299646903160645,0.012912739605591028
2024-12-13 00:00:00+00:00,3881.6,3968.47,3852.94,3906.8,0,387765.6873,1516942852.285181,5124578.0,192195.3238,751955442.548066,0.006489575202042408,0.006468608569695888
2024-12-14 00:00:00+00:00,3906.8,3945.0,3825.03,3870.29,0,265538.9479,1031595277.387337,3407748.0,131333.8294,510395698.455933,-0.00934524418961813,-0.0093891849564951
2024-12-15 00:00:00+00:00,3870.3,3974.61,3831.5,3959.09,0,253833.21409999998,987865003.127543,3637695.0,137576.2363,535670221.160293,0.022944017114996607,0.022684761244299523
2024-12-16 00:00:00+00:00,3959.09,4107.8,3884.0,3986.24,0,673351.0723,2686550997.1102448,7117624.0,357970.22609999997,1428720574.045161,0.006857636477069162,0.006834229836600869
2024-12-17 00:00:00+00:00,3986.24,4041.82,3847.96,3893.01,0,450825.9861,1788532842.700757,6874200.0,212006.098,841864072.770541,-0.02338795456369902,-0.023665793377496414
2024-12-18 00:00:00+00:00,3893.01,3907.19,3617.42,3626.8,0,722505.0618,2735374632.738641,6584244.0,338987.7414,1283903825.654028,-0.06838153511036449,-0.07083192054832921
2024-12-19 00:00:00+00:00,3626.8,3720.0,3326.8,3417.01,0,1078153.4851,3807975330.681162,6357638.0,498105.4058,1759867070.362796,-0.05784438072129705,-0.059584817117139366
2024-12-20 00:00:00+00:00,3417.01,3497.84,3101.9,3472.21,0,1332783.731,4421584295.580899,7029546.0,616548.6946,2043875039.787976,0.016154474233320837,0.016025379167370346
2024-12-21 00:00:00+00:00,3472.2,3555.18,3293.11,3338.92,0,475275.82,1627460721.692153,2732677.0,227433.37900000002,779411940.386095,-0.038387655124546005,-0.03914387743474812
2024-12-22 00:00:00+00:00,3338.92,3403.0,3221.1,3281.83,0,361920.2495,1201895225.016952,2546556.0,178324.6442,592471146.242741,-0.017098343176835673,-0.017246207763234267
2024-12-23 00:00:00+00:00,3281.83,3466.99,3216.97,3422.53,0,488253.41000000003,1627069583.878682,4032824.0,251606.2172,838574859.785712,0.04287242178906281,0.04197885002231594
2024-12-24 00:00:00+00:00,3422.53,3539.65,3358.19,3493.18,0,315723.6763,1087476459.253163,2764397.0,158218.8988,544905389.45923,0.0206426240237485,0.02043245246735559
2024-12-25 00:00:00+00:00,3493.17,3547.95,3440.93,3497.0,0,219846.0452,766349902.713217,2133099.0,110386.2104,384894251.076681,0.0010935594501286783,0.0010929619495545495
2024-12-26 00:00:00+00:00,3497.0,3514.94,3304.63,3335.05,0,310170.1719,1047464157.032189,2543314.0,164346.2488,554727435.330121,-0.046311123820417466,-0.04741778632229021
2024-12-27 00:00:00+00:00,3335.04,3444.16,3306.6,3333.51,0,342529.6038,1152635224.265439,3133395.0,171567.6704,577327628.470155,-0.00046176219247084926,-0.0004618688374637969
2024-12-28 00:00:00+00:00,3333.51,3428.68,3322.23,3404.0,0,175963.613,592591876.178986,1445334.0,88404.9578,297871890.109462,0.021145879268398726,0.020925407789642136
2024-12-29 00:00:00+00:00,3404.01,3413.78,3326.17,3356.48,0,156256.8819,527250656.14570403,1170497.0,74717.2883,252109610.012067,-0.013960047003525267,-0.01405840492002497
2024-12-30 00:00:00+00:00,3356.48,3437.59,3305.0,3361.84,0,420794.64759999997,1420731724.372564,2700666.0,215138.5269,726878029.720071,0.0015969110496711902,0.0015956373430370263
2024-12-31 00:00:00+00:00,3361.83,3451.0,3315.59,3337.78,0,303053.1685,1024862944.046191,2021786.0,146510.7501,495460792.490612,-0.007156795088403944,-0.007182527795684734
2025-01-01 00:00:00+00:00,3337.78,3374.85,3313.88,3360.38,0,190238.58610000001,636613395.695965,1182219.0,99518.0217,333085258.287462,0.006770967529315941,0.006748147479969546
2025-01-02 00:00:00+00:00,3360.39,3509.99,3354.5,3455.67,0,338632.8874,1166286232.162882,2373075.0,169044.3627,582161055.521965,0.028356912015902846,0.027962297453184348
2025-01-03 00:00:00+00:00,3455.68,3630.0,3423.44,3609.01,0,334041.0604,1179953901.101814,2293811.0,169194.075,597682226.030962,0.044373450011141236,0.04341713623585619
2025-01-04 00:00:00+00:00,3609.0,3671.6,3572.42,3656.88,0,229266.3133,829864804.8598369,1567855.0,116823.1483,422850861.08688605,0.01326402531442139,0.013176828339606317
2025-01-05 00:00:00+00:00,3656.88,3675.25,3593.7,3635.99,0,155444.1741,564147572.800669,1461192.0,76901.3758,279135355.270006,-0.005712519962372431,-0.005728898810648531
2025-01-06 00:00:00+00:00,3636.0,3744.83,3610.63,3687.45,0,329642.3648,1210642823.302069,2753873.0,166824.6196,612822771.954551,0.014152954216045677,0.014053736215553059
2025-01-07 00:00:00+00:00,3687.44,3700.86,3356.31,3381.31,0,541543.2874,1899318756.1580162,3538701.0,254553.4502,892893276.020809,-0.08302214267312091,-0.08667195387993942
2025-01-08 00:00:00+00:00,3381.31,3415.1,3208.2,3327.29,0,584749.9627,1944382187.6566591,3766197.0,275577.2269,916259778.4183791,-0.01597605661710988,-0.01610504951973013
2025-01-09 00:00:00+00:00,3327.29,3357.27,3158.0,3219.2,0,501818.42470000003,1638958679.714368,3685889.0,237793.7346,777185110.082679,-0.03248589693113624,-0.033025277369077344
2025-01-10 00:00:00+00:00,3219.2,3322.49,3193.97,3267.04,0,454142.1333,1482940591.671988,3199118.0,222519.1849,726413490.668374,0.014860834990059635,0.014751494709358326
2025-01-11 00:00:00+00:00,3267.05,3320.18,3217.56,3282.83,0,151679.7487,494933295.358262,1208777.0,74202.7876,242350177.143991,0.004833121112689076,0.004821479079346602
2025-01-12 00:00:00+00:00,3282.83,3300.0,3224.49,3267.3,0,164879.97090000001,538751712.045787,1151908.0,78312.5332,255990007.31399,-0.004730674448570227,-0.004741899504320912
2025-01-13 00:00:00+00:00,3267.3,3339.0,2920.0,3137.51,0,845907.5669,2614824635.154439,4900248.0,410956.8014,1271030799.211468,-0.039723931074587604,-0.0405344640637928
2025-01-14 00:00:00+00:00,3137.51,3256.67,3125.65,3225.63,0,374308.4517,1197715520.899026,2446285.0,180843.3605,578754045.677244,0.028085966259868478,0.027698788303025523
2025-01-15 00:00:00+00:00,3225.63,3473.75,3186.36,3451.52,0,464188.034,1537407357.366771,2689488.0,233981.7183,775803015.406068,0.07002973062626516,0.06768643371982463
2025-01-16 00:00:00+00:00,3451.51,3460.79,3265.44,3308.05,0,471282.6787,1573512574.074851,2667507.0,227669.8721,760336218.428321,-0.04156719358427585,-0.042455821806418825
2025-01-17 00:00:00+00:00,3308.04,3525.72,3307.5,3473.63,0,518550.1813,1773013467.309093,3165882.0,269301.5133,920836504.156446,0.05005365698825592,0.04884126475735151
2025-01-18 00:00:00+00:00,3473.64,3494.39,3227.0,3307.71,0,634197.1281,2100633661.764419,3931387.0,309754.3291,1025970289.517671,-0.047765593917602045,-0.048944049622672736
2025-01-19 00:00:00+00:00,3307.71,3448.99,3130.48,3215.12,0,1342301.5217,4408659681.01233,7064813.0,651932.4312,2143657478.900286,-0.027992175855803603,-0.02839142502302927
2025-01-20 00:00:00+00:00,3215.2,3453.69,3142.78,3284.0,0,1158354.7814,3830020315.131607,7137551.0,572672.7028,1895320599.961986,0.021423772674114883,0.021197509558280814
2025-01-21 00:00:00+00:00,3283.99,3368.0,3204.6,3327.54,0,548706.0512999999,1802317579.667659,3752957.0,271093.6278,890755658.885448,0.01325822168087698,0.013171100661510948
2025-01-22 00:00:00+00:00,3327.55,3365.99,3222.85,3242.6,0,349240.7498,1150648371.196559,2187671.0,163482.76,538844820.504563,-0.02552636482206072,-0.02585781511786145
2025-01-23 00:00:00+00:00,3242.61,3347.97,3185.0,3338.21,0,605592.7225,1965307923.080547,3255920.0,303294.94180000003,984590435.717348,0.029485597976932176,0.029059258050248005
2025-01-24 00:00:00+00:00,3338.22,3428.0,3275.9,3310.09,0,451524.27520000003,1519379297.690963,2793569.0,215008.0035,723830815.046523,-0.008423676161775306,-0.00845935583243218
2025-01-25 00:00:00+00:00,3310.1,3350.68,3268.66,3318.77,0,208559.0415,690383485.125444,1456638.0,98129.4498,324799632.127654,0.0026222851946622328,0.002618853003655275
2025-01-26 00:00:00+00:00,3318.76,3362.0,3230.0,3232.61,0,272165.469,899291017.613374,1416325.0,116826.2789,386320687.827929,-0.02596142546786906,-0.026304371881394673
2025-01-27 00:00:00+00:00,3232.61,3253.91,3020.01,3182.44,0,753004.7529,2349770569.706611,4888504.0,345284.5821,1077195796.137122,-0.0155199668379421,-0.01564166230511077
2025-01-28 00:00:00+00:00,3182.44,3223.01,3040.03,3077.72,0,350959.7173,1107001736.175005,2936974.0,170776.7271,538990208.723447,-0.03290556931159749,-0.03345913505110687
2025-01-29 00:00:00+00:00,3077.72,3182.52,3054.06,3113.9,0,409737.2576,1278256645.74957,3277369.0,200807.9235,626556500.38162,0.011755455337067788,0.011686896740588537
2025-01-30 00:00:00+00:00,3113.9,3283.43,3091.06,3247.39,0,350639.48230000003,1130886606.539682,2410789.0,180484.1307,581935263.184576,0.042869070939978826,0.041975636921270265
2025-01-31 00:00:00+00:00,3247.38,3437.31,3213.8,3300.99,0,648681.6561,2158479814.3317432,3802893.0,343645.0199,1144000791.641501,0.016505562928998296,0.016370826701884056
2025-02-01 00:00:00+00:00,3300.99,3331.98,3101.7,3117.54,0,354065.2525,1142845926.865901,2900696.0,170674.3585,551595869.395103,-0.055574236819863065,-0.057178194197787136
2025-02-02 00:00:00+00:00,3117.54,3163.2,2750.71,2869.68,0,1050805.93,3131430738.391756,5974563.0,494989.1069,1476742890.842307,-0.07950499432244662,-0.08284370398634877
2025-02-03 00:00:00+00:00,2869.68,2921.0,2125.01,2879.9,0,2807979.021,7325488963.974643,10550628.0,1344253.3318,3509887592.196321,0.003561372696607279,0.0035550460255056038
2025-02-04 00:00:00+00:00,2879.89,2888.5,2632.6,2731.19,0,1259594.3919,3477670143.18934,4767588.0,602952.4706,1664512055.454141,-0.051637209625334246,-0.05301815966572487
2025-02-05 00:00:00+00:00,2731.19,2826.95,2699.13,2788.25,0,686593.0429,1897054238.490223,3498289.0,327991.4256,906340721.064559,0.020891992135296356,0.02067674723543167
2025-02-06 00:00:00+00:00,2788.25,2857.64,2655.28,2686.64,0,719459.9571,1981674881.322119,3805682.0,325809.3292,897799508.979957,-0.036442212857527134,-0.03712281664965289
2025-02-07 00:00:00+00:00,2686.63,2797.5,2562.51,2622.1,0,695467.3612,1875060380.334312,3272698.0,327218.1388,882532535.722566,-0.024022570943632138,-0.02431581880329059
2025-02-08 00:00:00+00:00,2622.11,2667.3,2588.8,2632.46,0,379685.1509,996898803.984915,1865406.0,182406.1592,478945902.373384,0.003951031615880396,0.003943246789126498
2025-02-09 00:00:00+00:00,2632.46,2698.9,2520.02,2627.18,0,387166.7911,1016386052.050485,2319910.0,185314.8373,486833033.685477,-0.00200572848210423,-0.0020077426491758033
2025-02-10 00:00:00+00:00,2627.18,2693.79,2559.85,2661.19,0,398173.2716,1051708232.55688,2736600.0,195023.1915,515093980.36806,0.012945439596830255,0.012862363595727011
2025-02-11 00:00:00+00:00,2661.19,2725.04,2558.24,2602.59,0,484196.1435,1286091770.773805,2776008.0,226374.751,602010853.065178,-0.022020224035112057,-0.022266288133639733
2025-02-12 00:00:00+00:00,2602.59,2795.45,2546.92,2738.27,0,646295.8959,1705436939.5331268,4190060.0,324858.6193,858009920.218688,0.05213268321172371,0.050819231088437
2025-02-13 00:00:00+00:00,2738.27,2757.28,2612.76,2675.87,0,443769.2853,1185301387.824423,3213834.0,217787.6458,581683038.436098,-0.022788110741453593,-0.02305177301420791
2025-02-14 00:00:00+00:00,2675.87,2791.78,2664.46,2725.95,0,419895.7862,1142877818.0439029,2645594.0,222908.7801,606858652.139505,0.01871540844659858,0.01854243009741019
2025-02-15 00:00:00+00:00,2725.95,2739.0,2662.28,2693.04,0,202971.4295,548554180.2223231,1678502.0,90810.3179,245463912.573468,-0.012072855334837373,-0.01214632417065964
2025-02-16 00:00:00+00:00,2693.04,2727.31,2651.26,2661.41,0,191231.5314,514482095.174283,1449884.0,89433.4055,240599550.812392,-0.011745091049520262,-0.011814609501231033
2025-02-17 00:00:00+00:00,2661.41,2849.7,2637.71,2744.05,0,639739.8197,1752388687.805609,3881592.0,329950.3751,904399237.600089,0.03105120969711561,0.030578873730619627
2025-02-18 00:00:00+00:00,2744.05,2756.93,2605.44,2671.99,0,604863.8737,1616153629.018717,3898156.0,285508.8694,762964442.385853,-0.026260454437783687,-0.026611418119546038
2025-02-19 00:00:00+00:00,2672.0,2736.7,2656.03,2715.5,0,326154.0202,882047186.131933,2376004.0,163604.8767,442601160.332459,0.01628374357688478,0.016152585340337033
2025-02-20 00:00:00+00:00,2715.51,2770.59,2707.18,2738.04,0,336735.2544,921476439.3549371,2096063.0,170515.6667,466756209.201236,0.008300497146013663,0.008266237470579085
2025-02-21 00:00:00+00:00,2738.04,2845.32,2616.72,2663.0,0,890440.0604,2429306635.177234,3872201.0,428879.7345,1170981749.414793,-0.02740646593913898,-0.027789029131547238
2025-02-22 00:00:00+00:00,2663.0,2798.07,2653.33,2763.22,0,444989.6669,1214059511.899935,2597168.0,248387.7772,677008292.573996,0.037634247089748385,0.03694335953723282
2025-02-23 00:00:00+00:00,2763.23,2857.34,2745.41,2819.69,0,611002.1222,1711849865.819046,2796506.0,321625.33770000003,901407652.084993,0.02043630257453266,0.02023028346033673
2025-02-24 00:00:00+00:00,2819.7,2839.95,2470.33,2513.52,0,876876.3707,2334572148.661955,4737903.0,411575.6658,1095102528.763101,-0.10858285839932758,-0.11494278867850127
2025-02-25 00:00:00+00:00,2513.52,2533.49,2313.49,2495.7,0,1322016.8718,3207776114.782463,7076645.0,655424.2170000001,1590563026.371759,-0.007089659123460379,-0.007114910175048728
2025-02-26 00:00:00+00:00,2495.69,2507.5,2253.77,2336.37,0,863087.2133000001,2059160287.050773,5495972.0,408608.956,975185376.421555,-0.06384180790960448,-0.06597080814131129
2025-02-27 00:00:00+00:00,2336.38,2381.6,2230.57,2307.72,0,637583.9106000001,1480849324.540646,3906903.0,297736.9154,691230000.438891,-0.012262612514285065,-0.012338418705883925
2025-02-28 00:00:00+00:00,2307.72,2314.18,2076.26,2237.59,0,1291539.0557,2794546441.726884,5708556.0,625030.5287,1351940395.764772,-0.030389301995042528,-0.030860630307000037
2025-03-01 00:00:00+00:00,2237.59,2281.14,2142.73,2217.39,0,446430.7271,988941461.430361,2511839.0,209196.8605,463872993.775749,-0.009027569840766247,-0.009068565261910244
2025-03-02 00:00:00+00:00,2217.4,2550.58,2172.04,2518.11,0,1266684.7748,3001215557.6036873,4977392.0,627527.3017000001,1488652979.402768,0.1356189033052373,0.12717779157291886
2025-03-03 00:00:00+00:00,2518.12,2523.56,2097.91,2149.01,0,1109565.2003,2529346005.909485,4969357.0,510488.26519999997,1161760907.053157,-0.14657818760896069,-0.15850134915595238
2025-03-04 00:00:00+00:00,2149.02,2221.88,1993.2,2171.51,0,1257822.3372,2634485208.259771,5856962.0,596181.03,1248910466.060303,0.010469937319975253,0.010415507117135014
2025-03-05 00:00:00+00:00,2171.5,2273.51,2155.03,2241.59,0,687130.7897,1514537132.807393,3480893.0,326604.0072,720412253.031027,0.03227247399275157,0.03176265739762929
2025-03-06 00:00:00+00:00,2241.59,2319.99,2176.9,2202.2,0,596908.3935,1343407922.359188,3304973.0,304201.8256,684721457.490546,-0.01757234819926945,-0.01772857479408607
2025-03-07 00:00:00+00:00,2202.21,2258.47,2101.82,2141.6,0,782387.2606,1698459492.23933,4452265.0,384442.6282,834995037.361386,-0.027517936608845606,-0.02790364747334806
2025-03-08 00:00:00+00:00,2141.6,2234.93,2105.06,2203.58,0,328793.0979,714743022.410347,2118806.0,165408.6608,359616114.815223,0.028940978707508336,0.028530097293870682
2025-03-09 00:00:00+00:00,2203.57,2212.0,1989.66,2020.41,0,601671.5882,1249766628.544949,2791079.0,283406.499,589074622.734246,-0.08312382577442157,-0.0867828494034173
2025-03-10 00:00:00+00:00,2020.43,2152.4,1810.01,1865.1,0,1248745.3514,2461512870.7707767,5261040.0,617411.7094,1216440716.446106,-0.07687053617830053,-0.07998579015319418
2025-03-11 00:00:00+00:00,1865.11,1963.2,1754.28,1923.43,0,1171427.9995,2203451540.6113877,4578427.0,576537.0793,1085290919.303633,0.03127446249530874,0.030795379592982286
2025-03-12 00:00:00+00:00,1923.42,1960.0,1829.72,1908.2,0,788739.6762999999,1494384669.01818,3444921.0,399364.70410000003,756917595.0010949,-0.007918146228352518,-0.007949661218638049
2025-03-13 00:00:00+00:00,1908.2,1923.09,1821.81,1864.59,0,569537.2622,1069629049.44307,2688683.0,276728.702,519941674.768743,-0.02285399853264869,-0.0231191995500879
2025-03-14 00:00:00+00:00,1864.59,1945.64,1861.31,1911.65,0,375805.7355,718122712.753679,1728618.0,196808.7418,376032113.705905,0.025238792442306535,0.024925553693882385
2025-03-15 00:00:00+00:00,1911.64,1957.19,1903.75,1937.17,0,209545.8675,404571982.738394,884429.0,103183.2548,199258936.505655,0.013349724060366608,0.013261401678778206
2025-03-16 00:00:00+00:00,1937.18,1940.87,1860.38,1887.0,0,324766.6564,616620264.891675,1466585.0,147750.6179,280566280.649476,-0.025898604665568925,-0.026239878771768588
2025-03-17 00:00:00+00:00,1887.01,1952.4,1879.98,1926.31,0,334840.4877,641484974.278307,1566024.0,166794.9782,319499477.720785,0.020832008479067188,0.020617989385470104
2025-03-18 00:00:00+00:00,1926.3,1936.2,1872.31,1931.54,0,332896.0155,632109997.551311,1549810.0,156778.67070000002,297667875.79396904,0.0027150354823470835,0.0027113564311767036
2025-03-19 00:00:00+00:00,1931.54,2069.9,1927.58,2056.06,0,691809.5034,1385193898.481618,2614680.0,338168.3696,677189954.262031,0.06446669496878132,0.062473917843424154
2025-03-20 00:00:00+00:00,2056.05,2067.9,1952.17,1983.79,0,401518.9282,800851703.937569,1885019.0,185718.3372,370117787.131419,-0.0351497524391311,-0.03578237356016167
2025-03-21 00:00:00+00:00,1983.79,1996.73,1937.1,1965.75,0,262641.659,516587945.858554,1470569.0,130673.0391,256964902.67304102,-0.009093704474767983,-0.009135304596833649
2025-03-22 00:00:00+00:00,1965.74,2006.61,1964.34,1980.69,0,170782.9574,339679365.319319,833146.0,83417.243,165949750.564435,0.007600152613506328,0.007571416958698229
2025-03-23 00:00:00+00:00,1980.68,2020.74,1976.81,2005.99,0,268707.5233,537810044.752251,973880.0,141545.4057,283218620.576171,0.012773326467039325,0.01269243563426592
2025-03-24 00:00:00+00:00,2005.99,2104.11,1977.67,2081.2,0,477912.8154,985984215.594533,1804046.0,241987.6758,499157615.491606,0.03749270933553994,0.03680694595155831
2025-03-25 00:00:00+00:00,2081.2,2097.7,2037.08,2066.15,0,328765.3292,678919919.780749,1398034.0,144848.2928,299282311.765827,-0.007231404958677579,-0.007257678306284099
2025-03-26 00:00:00+00:00,2066.16,2079.21,1981.6,2009.52,0,428975.3286,872757205.466645,1468474.0,181445.0723,369125581.320511,-0.027408465019480688,-0.027791084545578215
2025-03-27 00:00:00+00:00,2009.52,2037.38,1987.06,2003.66,0,360634.8383,726385594.534751,1394730.0,154040.2327,310291637.030968,-0.002916119272263984,-0.0029203794321741583
2025-03-28 00:00:00+00:00,2003.67,2015.93,1860.0,1896.9,0,626167.5832,1197329354.058415,2245087.0,307332.2769,587606938.584515,-0.05328249303774091,-0.05475453339943481
2025-03-29 00:00:00+00:00,1896.9,1913.6,1797.2,1828.08,0,409769.75549999997,758545295.8717791,1755638.0,199201.1398,368752720.356886,-0.03628024671832997,-0.03695473900003421
2025-03-30 00:00:00+00:00,1828.09,1849.01,1767.69,1807.74,0,327843.4476,595676639.883548,1523210.0,164123.1476,298224370.054843,-0.01112642772745176,-0.011188789431230362
2025-03-31 00:00:00+00:00,1807.74,1854.22,1776.75,1822.43,0,497854.9052,904456573.010415,2283021.0,248408.7865,451323627.204578,0.008126168586190419,0.00809332906461524
2025-04-01 00:00:00+00:00,1822.43,1927.9,1817.88,1904.98,0,452989.09739999997,851190042.273377,2141608.0,227293.9134,427068696.66992,0.04529666434376067,0.04430073445199856
2025-04-02 00:00:00+00:00,1904.98,1957.0,1781.53,1795.22,0,750840.7823000001,1411539014.562126,3408080.0,364479.3767,685797603.628611,-0.05761740280737859,-0.059343932731742655
2025-04-03 00:00:00+00:00,1795.21,1845.26,1750.0,1817.23,0,508075.018,912214691.840036,2579520.0,253462.44640000002,455404696.427552,0.01226033578057284,0.012185786577508573
2025-04-04 00:00:00+00:00,1817.23,1835.68,1758.72,1816.87,0,572734.4702,1030518559.141754,2647730.0,277397.8197,499272616.797469,-0.00019810370729078652,-0.00019812333242263946
2025-04-05 00:00:00+00:00,1816.88,1827.29,1764.39,1806.01,0,201716.2696,362822603.997079,861593.0,96425.6245,173484839.307568,-0.00597731263106327,-0.005995248271207565
2025-04-06 00:00:00+00:00,1806.02,1817.0,1537.5,1580.76,0,979847.0958,1621420911.803542,3251935.0,453768.9316,751319408.63196,-0.12472245447145913,-0.13321424803042614
2025-04-07 00:00:00+00:00,1580.77,1639.0,1411.01,1553.04,0,2168796.0067,3314200223.327178,5723226.0,1076060.067,1645270461.504365,-0.017535868822591727,-0.01769144361261521
2025-04-08 00:00:00+00:00,1553.04,1618.67,1441.3,1473.41,0,891846.1327000001,1361139288.977932,3369669.0,449628.1417,686762120.765776,-0.051273631071962034,-0.05263485816822744
2025-04-09 00:00:00+00:00,1473.41,1689.0,1385.05,1669.51,0,1968530.9138,2995077137.626647,4723847.0,990740.8363,1508747907.727771,0.133092621877142,0.12495072793418771
2025-04-10 00:00:00+00:00,1669.51,1669.85,1471.02,1522.25,0,911855.3934,1425649915.894919,3007121.0,454828.25920000003,711164539.487151,-0.08820552138052484,-0.09234066669439756
2025-04-11 00:00:00+00:00,1522.24,1591.47,1504.63,1566.85,0,578484.3183,901210974.608363,2547292.0,305707.1748,476514872.298804,0.029298735424535982,0.02887773097149715
2025-04-12 00:00:00+00:00,1566.85,1669.59,1546.06,1644.18,0,501867.9033,813176435.3139731,2177800.0,266899.4092,432987094.823904,0.04935379902351866,0.048174545213551134
2025-04-13 00:00:00+00:00,1644.19,1649.75,1562.01,1597.76,0,580136.6145,931598664.291855,2597350.0,281372.538,452135764.611083,-0.02823291853689991,-0.028639131361487102
2025-04-14 00:00:00+00:00,1597.76,1691.5,1595.56,1623.77,0,645930.1419,1062426756.849636,2975844.0,332185.1295,546536662.981744,0.016279040656919763,0.01614795776376088
2025-04-15 00:00:00+00:00,1623.78,1661.21,1583.12,1588.78,0,476178.8915,774210116.710625,2283302.0,232389.8503,377978352.55460703,-0.02154861833880417,-0.02178417998114579
2025-04-16 00:00:00+00:00,1588.77,1613.66,1538.07,1577.14,0,611387.8686,965271509.893183,2645419.0,311107.7903,491272640.364742,-0.007326376213194985,-0.007353345914930642
2025-04-17 00:00:00+00:00,1577.15,1616.96,1563.2,1583.62,0,449870.3628,716711483.143345,1871114.0,226961.4241,361610704.821231,0.004108703095476507,0.004100285424177841
2025-04-18 00:00:00+00:00,1583.63,1600.64,1573.54,1588.6,0,200409.0359,317931022.839473,889028.0,99073.5374,157166748.966902,0.003144693802806131,0.0031397595949247403
2025-04-19 00:00:00+00:00,1588.6,1631.81,1585.01,1613.27,0,223096.3899,358254845.712294,1762563.0,119856.3027,192451022.067047,0.015529396953292363,0.015410049874644116
2025-04-20 00:00:00+00:00,1613.26,1619.19,1565.59,1587.36,0,276052.2306,438377495.975152,1913811.0,138393.3947,219774032.482756,-0.01606054783142319,-0.016190916172083014
2025-04-21 00:00:00+00:00,1587.36,1658.75,1564.07,1579.57,0,691486.6667,1117358203.868595,4257816.0,349723.7779,565324291.159292,-0.0049075194032859315,-0.00491960081936238
2025-04-22 00:00:00+00:00,1579.57,1778.0,1537.26,1756.26,0,1103036.9586,1833852783.080129,3841594.0,570956.5969,949980453.538352,0.11185955671480219,0.10603388993379337
2025-04-23 00:00:00+00:00,1756.25,1834.86,1744.95,1795.07,0,887545.6316,1590311895.515477,3346263.0,465865.2367,834633411.499644,0.022098094815118374,0.02185747036046859
2025-04-24 00:00:00+00:00,1795.08,1802.82,1722.9,1769.65,0,483465.0385,851507192.04646,2225460.0,228156.9812,401904077.519877,-0.014161007648726742,-0.01426223147476513
2025-04-25 00:00:00+00:00,1769.64,1827.32,1738.6,1784.6,0,595610.8894,1063192910.3390529,2516748.0,310119.5698,553732398.650821,0.008447998191732697,0.008412513564324264
2025-04-26 00:00:00+00:00,1784.6,1841.16,1778.94,1820.88,0,355068.0442,640645562.865216,1907298.0,184308.0796,332672166.455174,0.02032948559901393,0.020125600231877705
2025-04-27 00:00:00+00:00,1820.87,1857.47,1781.9,1791.29,0,340332.6435,616122293.308254,2405764.0,164744.7128,298455924.453593,-0.01625038442950666,-0.016383870030276526
2025-04-28 00:00:00+00:00,1791.29,1827.98,1744.71,1799.88,0,587269.743,1049690759.152374,2980656.0,282424.4021,504906960.405928,0.004795426759486299,0.0047839653276158245
2025-04-29 00:00:00+00:00,1799.88,1842.99,1780.47,1797.81,0,480456.3884,871685371.749142,2590967.0,247137.1213,448518545.933271,-0.001150076671778244,-0.0011507385174507334
2025-04-30 00:00:00+00:00,1797.81,1816.8,1731.7,1793.61,0,473523.9877,843558998.326332,2468998.0,224863.7757,400751136.051079,-0.0023361756804112233,-0.002338908796338579
2025-05-01 00:00:00+00:00,1793.62,1873.17,1792.52,1838.11,0,537198.7291,988206595.824892,2398765.0,284534.1382,523485516.257833,0.02481029878290153,0.024507521103854124
2025-05-02 00:00:00+00:00,1838.1,1871.0,1813.0,1842.2,0,410667.875,755324594.318921,2062923.0,214203.7089,394103918.039345,0.002225111663611168,0.002222639768802104
2025-05-03 00:00:00+00:00,1842.2,1848.6,1810.0,1833.52,0,213751.5979,391267436.332057,1135719.0,102337.2203,187310371.21118098,-0.0047117576810336015,-0.004722893002983675
2025-05-04 00:00:00+00:00,1833.52,1849.95,1803.0,1808.86,0,238254.3564,435999576.565349,1443996.0,115191.4115,210878994.455424,-0.013449539683232259,-0.01354080397434032
2025-05-05 00:00:00+00:00,1808.86,1833.55,1781.85,1820.19,0,342341.0078,619310042.705,1961255.0,174628.629,315946281.030022,0.0062636135466538345,0.006244078649583429
2025-05-06 00:00:00+00:00,1820.19,1820.9,1752.0,1817.0,0,384584.2451,687049952.313885,2333041.0,187697.5461,335412217.286639,-0.0017525642927387342,-0.001754101830223398
2025-05-07 00:00:00+00:00,1817.0,1850.0,1787.01,1811.11,0,456170.07050000003,831394497.734043,2408512.0,237181.4755,432215626.276345,-0.003241607044578987,-0.0032468724346577105
2025-05-08 00:00:00+00:00,1811.11,2226.0,1808.71,2207.39,0,1473152.686,2976074419.323541,5616063.0,774940.4643,1564609175.673035,0.2188050422116823,0.1978709051504639
2025-05-09 00:00:00+00:00,2207.39,2490.77,2184.33,2345.04,0,1667041.0382,3881949928.351723,6885286.0,816968.732,1901989668.677011,0.06235871323146336,0.06049163719221973
2025-05-10 00:00:00+00:00,2345.04,2600.0,2317.0,2583.23,0,979350.1606000001,2393510879.665205,4862978.0,508011.2632,1242333639.703975,0.1015718281990925,0.09673809457506444
2025-05-11 00:00:00+00:00,2583.22,2608.13,2435.51,2514.57,0,831584.3888,2087255708.689512,4340859.0,402700.0972,1010999635.269731,-0.02657912768123627,-0.026938739118238075
2025-05-12 00:00:00+00:00,2514.58,2624.0,2406.63,2495.47,0,1068680.9433,2694150708.642761,5441783.0,534397.3204,1347640836.766131,-0.007595732073475969,-0.007624726562569961
2025-05-13 00:00:00+00:00,2495.48,2738.5,2415.3,2679.71,0,1031355.6465,2653880363.305381,4666012.0,569632.7662,1468803335.9882889,0.0738297795605638,0.07123149149621355
2025-05-14 00:00:00+00:00,2679.71,2725.99,2547.26,2609.74,0,830047.1122,2183890526.340228,4181188.0,413256.8419,1088633834.584732,-0.026111034402976574,-0.026457980198254738
2025-05-15 00:00:00+00:00,2609.75,2647.03,2476.03,2548.69,0,768954.0332,1963827790.236602,4305508.0,396304.5157,1012773316.797603,-0.02339313494830897,-0.023671097836286847
2025-05-16 00:00:00+00:00,2548.7,2649.31,2529.4,2537.12,0,605953.6919,1568128704.046345,3310498.0,323624.7041,837990689.566938,-0.00453958700351953,-0.004549922218868296
2025-05-17 00:00:00+00:00,2537.13,2538.16,2446.42,2475.08,0,494333.2782,1227578098.31878,2950197.0,227882.8455,566013389.009042,-0.024452922999306237,-0.024756860728527563
2025-05-18 00:00:00+00:00,2475.09,2587.61,2323.21,2497.78,0,810103.1851,2001441345.4342968,3416878.0,400896.368,990832542.382129,0.009171420721754586,0.009129618637998327
2025-05-19 00:00:00+00:00,2497.78,2547.36,2348.38,2528.14,0,861747.523,2109843607.573324,4757453.0,431712.8465,1057907975.585551,0.012154793456589319,0.012081517129454156
2025-05-20 00:00:00+00:00,2528.14,2588.63,2442.4,2524.19,0,676989.1747,1703522806.130449,3816684.0,338210.0092,851893459.669116,-0.001562413473937263,-0.0015636353147154836
2025-05-21 00:00:00+00:00,2524.19,2615.95,2452.2,2550.99,0,1095890.2902,2780015740.832861,5568312.0,550624.5604,1397549396.349744,0.010617267321398005,0.010561299937300817
2025-05-22 00:00:00+00:00,2551.0,2692.99,2544.83,2664.82,0,852555.6669,2246807632.745271,5196535.0,448569.1098,1182067855.833156,0.044621891892951515,0.04365499400221573
2025-05-23 00:00:00+00:00,2664.83,2734.23,2498.3,2526.5,0,971442.4532,2537338702.615742,5450420.0,473528.1684,1237163443.755829,-0.05190594486682032,-0.05330156737301994
2025-05-24 00:00:00+00:00,2526.49,2575.85,2515.08,2530.4,0,257544.23440000002,656038924.220513,2090724.0,128007.8604,326091787.48766696,0.0015436374431030409,0.0015424472594762761
2025-05-25 00:00:00+00:00,2530.41,2554.26,2463.0,2551.22,0,359890.02989999996,901956598.724874,2556052.0,170482.1859,427565947.988837,0.008227948150489883,0.008194283121782497
2025-05-26 00:00:00+00:00,2551.22,2599.0,2525.86,2563.7,0,362971.1182,929347758.924527,2374458.0,175269.0596,448860267.783445,0.004891777267346686,0.004879851401569546
2025-05-27 00:00:00+00:00,2563.7,2712.36,2509.46,2660.81,0,798430.8862,2101748442.524873,4017588.0,412557.62559999997,1085725214.202044,0.0378788469789757,0.03717906018499928
2025-05-28 00:00:00+00:00,2660.81,2689.14,2608.5,2681.6,0,560095.6833,1480645502.351484,3160462.0,273261.3831,722627732.75787,0.007813410202156534,0.007783043587973104
2025-05-29 00:00:00+00:00,2681.61,2788.0,2619.05,2631.39,0,811567.2545,2189640513.339573,4254669.0,405459.3733,1094147671.84856,-0.01872389618138426,-0.018901407621664923
2025-05-30 00:00:00+00:00,2631.39,2649.23,2507.35,2531.34,0,763045.2564,1976177953.879442,4624552.0,376566.6772,975743608.339547,-0.038021729960211026,-0.03876341688777796
2025-05-31 00:00:00+00:00,2531.35,2550.34,2475.33,2528.06,0,394537.25210000004,994330383.170508,2792146.0,197180.2806,497000872.324811,-0.0012957563977973319,-0.0012965966160090048
2025-06-01 00:00:00+00:00,2528.06,2547.79,2468.56,2539.21,0,332021.7088,834842712.277541,2210246.0,165557.314,416473007.507851,0.004410496586315205,0.004400798850344501
2025-06-02 00:00:00+00:00,2539.2,2615.0,2475.0,2607.41,0,468889.9737,1184963591.4716659,3239230.0,232758.6658,588585524.428128,0.026858747405689165,0.026504382446835173
2025-06-03 00:00:00+00:00,2607.42,2655.38,2575.0,2593.36,0,454383.0439,1188862077.100825,3098351.0,228172.36,597147462.454556,-0.00538848896030919,-0.00540305923168205
2025-06-04 00:00:00+00:00,2593.35,2679.88,2583.5,2607.68,0,502494.8214,1321537606.684948,2754319.0,260366.5898,685080028.8773069,0.005521794120368906,0.005506604904045531
2025-06-05 00:00:00+00:00,2607.68,2640.86,2391.66,2414.01,0,808938.0344,2047572739.901186,4181206.0,378086.6913,958339246.460727,-0.0742690820959625,-0.07717167198088681
2025-06-06 00:00:00+00:00,2414.02,2531.36,2381.49,2476.1,0,578843.4974,1428256037.775954,3246760.0,290586.021,717257126.502031,0.02572068881239087,0.02539547656008878
2025-06-07 00:00:00+00:00,2476.1,2544.36,2457.0,2524.63,0,264787.6743,662320802.305284,1587509.0,135613.3419,339037471.977697,0.019599369976980086,0.019409775607686086
2025-06-08 00:00:00+00:00,2524.64,2548.63,2490.58,2509.83,0,266474.7139,670516749.0596551,1401175.0,135061.7873,339794332.050441,-0.005862245160677126,-0.005879495570296989
2025-06-09 00:00:00+00:00,2509.84,2693.99,2477.73,2680.13,0,568726.3025,1458505754.33474,2896758.0,303579.9958,779517686.549857,0.06785320121283123,0.0656502790426936
2025-06-10 00:00:00+00:00,2680.13,2827.0,2655.61,2816.4,0,1138405.4775,3115655145.472068,5277581.0,605348.556,1656990975.3260689,0.05084454858532972,0.049594172853838714
2025-06-11 00:00:00+00:00,2816.41,2879.22,2743.75,2771.61,0,850210.9323999999,2388186204.977766,4906906.0,410413.9413,1153264237.421366,-0.015903280783979512,-0.016031094874015217
2025-06-12 00:00:00+00:00,2771.6,2784.83,2616.24,2642.65,0,699593.3757,1905633561.097528,4172997.0,343802.7294,937069085.599158,-0.04652891279797666,-0.047646177209984764
2025-06-13 00:00:00+00:00,2642.66,2645.45,2436.98,2579.19,0,1202176.2972,3033896895.562154,6026303.0,570084.1354,1438866069.089298,-0.024013774052560888,-0.02430680542740138
2025-06-14 00:00:00+00:00,2579.19,2579.43,2488.72,2530.76,0,331438.9278,838399986.460107,1988958.0,155289.4372,393033307.094926,-0.018777213000980897,-0.018955743264715608
2025-06-15 00:00:00+00:00,2530.77,2559.51,2492.0,2547.61,0,299701.66240000003,758742736.767623,1846489.0,153252.4073,388090718.363716,0.006658078996032879,0.006636011883638382
2025-06-16 00:00:00+00:00,2547.62,2680.34,2514.85,2544.17,0,680429.988,1774646762.471706,3434185.0,348962.3301,910684719.14748,-0.0013502851692370754,-0.0013511976257332137
2025-06-17 00:00:00+00:00,2544.17,2618.6,2453.8,2509.95,0,715930.4081,1815306987.093816,4017130.0,359536.2104,912037726.665479,-0.013450359056195293,-0.013541634518074552
2025-06-18 00:00:00+00:00,2509.95,2548.42,2465.78,2525.0,0,504532.18179999996,1266177014.470926,3243812.0,250381.7951,628614334.113376,0.005996135381183043,0.00597823010076759
2025-06-19 00:00:00+00:00,2525.0,2546.91,2485.03,2521.12,0,252646.059,636251233.010393,1667327.0,122131.8125,307645921.480362,-0.0015366336633664268,-0.0015378154957241819
2025-06-20 00:00:00+00:00,2521.13,2569.0,2367.36,2406.49,0,632027.8235,1559837109.182709,3175602.0,283785.5071,700887886.0366,-0.0454678872881894,-0.046533992891630405
2025-06-21 00:00:00+00:00,2406.49,2448.8,2216.0,2295.73,0,496783.864,1167664698.578644,2825558.0,223536.0109,525577801.093422,-0.04602553927088826,-0.047118378616393564
2025-06-22 00:00:00+00:00,2295.72,2314.48,2111.89,2227.7,0,840155.8295,1865382440.303028,5203723.0,410219.4606,910717903.71948,-0.02963327569008556,-0.03008121263488306
2025-06-23 00:00:00+00:00,2227.7,2438.68,2188.0,2411.66,0,744583.8003,1707539521.027113,4477307.0,367124.34619999997,842382247.363266,0.08257844413520665,0.07934564398281108
2025-06-24 00:00:00+00:00,2411.66,2482.04,2376.11,2448.45,0,516760.6621,1252322606.094842,3133356.0,255502.6802,619378004.307767,0.015255052536427227,0.015139864214513743
2025-06-25 00:00:00+00:00,2448.46,2468.69,2389.69,2418.49,0,414894.7387,1007574107.706431,2776920.0,206517.9982,501745009.719739,-0.012236312769303037,-0.012311792807957467
2025-06-26 00:00:00+00:00,2418.5,2520.92,2394.32,2415.96,0,463704.0261,1138310757.584065,2978926.0,234924.0215,577384294.658558,-0.0010461072818161998,-0.0010466548339378434
2025-06-27 00:00:00+00:00,2415.96,2463.54,2382.53,2423.17,0,381474.766,927024811.54842,2112477.0,163666.228,397737067.688627,0.0029843209324658115,0.0029798766865933857
2025-06-28 00:00:00+00:00,2423.17,2447.8,2405.81,2435.62,0,155814.9859,378310903.948948,855656.0,75110.0135,182401886.244142,0.005137897877573572,0.005124743916839591
2025-06-29 00:00:00+00:00,2435.62,2525.0,2412.0,2500.09,0,284291.8057,700329421.976834,1370707.0,147274.8033,363091989.661933,0.026469646332350827,0.02612538697861666
2025-06-30 00:00:00+00:00,2500.09,2524.3,2431.0,2485.47,0,440455.714,1093515997.924797,2333352.0,224857.1016,558417620.217763,-0.005847789479578869,-0.005864954752458296
2025-07-01 00:00:00+00:00,2485.47,2500.8,2386.52,2405.01,0,351951.0868,858543228.334264,1978858.0,158891.8622,387699992.1451,-0.03237214691788659,-0.03290771492047462
2025-07-02 00:00:00+00:00,2405.01,2619.28,2373.0,2570.41,0,634967.0337,1599878809.253887,2717139.0,323198.0206,814743086.674377,0.06877310281454108,0.06651135770377259
2025-07-03 00:00:00+00:00,2570.41,2635.5,2556.12,2591.25,0,504943.6592,1308429372.972785,2506227.0,261017.40600000002,676592013.259716,0.00810765597706209,0.008074965510841636
2025-07-04 00:00:00+00:00,2591.26,2603.17,2474.24,2508.04,0,452593.02,1142275937.9682019,1980591.0,198158.5551,500628761.729327,-0.03211191509889055,-0.03263881316104378
2025-07-05 00:00:00+00:00,2508.04,2529.81,2487.95,2516.41,0,157198.0958,394906375.017766,911950.0,79575.3002,199902327.125929,0.0033372673482081616,0.003331711030045703
2025-07-06 00:00:00+00:00,2516.42,2605.0,2503.5,2570.35,0,277593.6319,707971625.070802,1375995.0,138516.8522,353423928.298894,0.02143529869933758,0.021208793768126455
2025-07-07 00:00:00+00:00,2570.35,2590.57,2512.0,2542.29,0,315707.5272,805370144.473485,1985043.0,155551.5678,396828929.460145,-0.01091680121384242,-0.010976826745835666
2025-07-08 00:00:00+00:00,2542.3,2628.21,2523.59,2615.25,0,370915.7321,957180096.783727,1899797.0,193484.7421,499495444.930149,0.028698535572259765,0.028294445582588423
2025-07-09 00:00:00+00:00,2615.25,2795.74,2589.78,2768.74,0,686119.3772,1844561572.906599,2997546.0,357355.9972,961263657.537834,0.058690373769238136,0.05703264782490436
2025-07-10 00:00:00+00:00,2768.74,3000.0,2755.5,2951.29,0,951896.07,2707997922.265638,4235042.0,489489.5943,1391543272.394588,0.06593251804069733,0.06385001983809158
2025-07-11 00:00:00+00:00,2951.29,3040.15,2913.75,2958.22,0,906839.1689,2704484897.471723,4434934.0,446642.8472,1332154807.314855,0.0023481257348481055,0.002345373195644207
2025-07-12 00:00:00+00:00,2958.21,2979.78,2903.85,2943.28,0,348884.8877,1027324169.831482,1690700.0,169290.3063,498560502.191284,-0.005050334322666883,-0.0050631303620845
2025-07-13 00:00:00+00:00,2943.29,3020.31,2936.49,2972.03,0,357333.5016,1063507989.9774051,1778200.0,181359.7935,539737375.12212,0.009768013916446883,0.009720615278928868
2025-07-14 00:00:00+00:00,2972.03,3083.0,2962.81,3013.62,0,815552.6496,2470137078.017986,3706161.0,386886.2252,1172067555.150503,0.013993802215993778,0.013896792937287294
2025-07-15 00:00:00+00:00,3013.61,3144.14,2932.46,3137.89,0,863583.7376999999,2610352115.953149,4317422.0,452826.4011,1369794578.661733,0.04123612134243859,0.04040858556728999
2025-07-16 00:00:00+00:00,3137.9,3425.0,3101.0,3371.35,0,1135950.5831,3699155067.268267,4381562.0,586498.6429,1907885299.313174,0.07440031358651833,0.07176265809814275
2025-07-17 00:00:00+00:00,3371.35,3523.44,3310.77,3476.87,0,974065.8264,3331779733.255004,5025581.0,483988.5692,1656122659.302883,0.03129903451139748,0.030819206153466894
2025-07-18 00:00:00+00:00,3476.88,3673.84,3458.68,3546.92,0,1163823.3977,4180688128.221824,5566028.0,568849.4755,2043472787.034766,0.020147431454152764,0.019947157492513412
2025-07-19 00:00:00+00:00,3546.92,3608.3,3506.79,3592.01,0,381791.9213,1360031951.337076,2217328.0,178344.0076,635470858.679646,0.012712437833387824,0.012632313134524509
2025-07-20 00:00:00+00:00,3592.0,3824.56,3579.13,3756.69,0,852356.5533,3170505338.400095,3794627.0,443544.9313,1649205513.376342,0.04584619753285768,0.04482631614396837
2025-07-21 00:00:00+00:00,3756.69,3860.0,3701.01,3762.33,0,812074.0534,3070256408.919716,4156350.0,385711.4986,1458766820.895454,0.0015013216421901898,0.0015001957855602654
2025-07-22 00:00:00+00:00,3762.32,3798.65,3616.54,3746.21,0,870127.3864,3216022611.720179,4455526.0,418929.4808,1548480285.714007,-0.004284578971009978,-0.004293784082248564
2025-07-23 00:00:00+00:00,3746.21,3764.2,3527.0,3628.29,0,800259.4025,2907900644.920295,3761894.0,369083.3537,1341700552.416428,-0.03147714623579567,-0.031983199341521384
2025-07-24 00:00:00+00:00,3628.29,3771.0,3502.85,3706.94,0,749459.495,2743326751.9871693,3752613.0,372725.3177,1364487144.845279,0.0216768780885761,0.021445275536585484
2025-07-25 00:00:00+00:00,3706.95,3747.0,3573.76,3724.96,0,764606.7261,2799663682.731906,4083119.0,370298.007,1356082362.396368,0.004861152325098317,0.004849375076046769
2025-07-26 00:00:00+00:00,3724.97,3793.0,3697.66,3741.1,0,407259.7024,1525422085.066145,1720495.0,204826.1817,767464713.633392,0.004332932434173653,0.004323572310550361
2025-07-27 00:00:00+00:00,3741.11,3879.82,3731.0,3872.1,0,457352.4605,1744992440.585528,2299384.0,230309.3217,878880700.378826,0.03501643901526297,0.03441730969773005
2025-07-28 00:00:00+00:00,3872.11,3941.0,3754.0,3799.0,0,620994.7463,2387363538.135913,3161770.0,304037.6074,1169796792.116981,-0.01887864466310274,-0.019059121321625128
2025-07-29 00:00:00+00:00,3799.0,3886.44,3716.04,3793.79,0,584210.4393,2218694085.7678022,3121489.0,286292.4572,1088086275.201961,-0.001371413529876242,-0.0013723547780699619
2025-07-30 00:00:00+00:00,3793.79,3834.03,3677.65,3810.0,0,525424.9003,1984744001.488409,3128399.0,248999.44819999998,941064351.695855,0.004272772082798415,0.004263669711191298
2025-07-31 00:00:00+00:00,3810.0,3878.67,3684.33,3698.39,0,516088.4503,1961880275.402547,2754480.0,245555.2293,934297246.777987,-0.029293963254593214,-0.02973159932233216
2025-08-01 00:00:00+00:00,3698.39,3724.02,3431.75,3488.2,0,783869.1517,2826423714.237822,5288678.0,361738.0053,1304785660.601062,-0.056832838072783054,-0.05851174596384645
2025-08-02 00:00:00+00:00,3488.21,3537.69,3368.29,3393.94,0,494195.7094,1709705648.162931,3703627.0,231776.9514,802069751.333398,-0.027022533111633495,-0.02739435545240454
2025-08-03 00:00:00+00:00,3393.94,3521.79,3354.28,3496.74,0,296347.6758,1026636932.33361,2428479.0,156807.23,543358817.947113,0.0302892803054855,0.029839617474776148
2025-08-04 00:00:00+00:00,3496.75,3736.73,3490.73,3720.99,0,463349.9861,1677819313.332998,3316870.0,241318.7064,873258522.311276,0.06413116216819104,0.06215865603646087
2025-08-05 00:00:00+00:00,3720.99,3722.24,3546.0,3612.0,0,489070.9589,1772309727.640444,3721006.0,230213.2832,834391670.474387,-0.029290592019865613,-0.029728126356525664
2025-08-06 00:00:00+00:00,3612.01,3698.6,3564.19,3683.31,0,365309.9205,1326203496.30214,2912356.0,186459.2777,677091112.596109,0.019742524916943616,0.019550168879220564
2025-08-07 00:00:00+00:00,3683.31,3927.77,3647.63,3910.31,0,631678.9872,2402252971.431741,3495451.0,344602.949,1310682080.45414,0.06162934968818812,0.059804850307981994
2025-08-08 00:00:00+00:00,3910.3,4071.0,3880.0,4009.5,0,723300.0109,2868715363.889369,4175115.0,389637.0166,1545604109.313508,0.025366275308095876,0.025049890523005658
2025-08-09 00:00:00+00:00,4009.51,4326.2,4006.63,4260.62,0,691932.1048,2897074775.140159,3932997.0,354396.8092,1482946335.172858,0.0626312507793989,0.06074814433253195
2025-08-10 00:00:00+00:00,4260.63,4332.6,4153.07,4250.57,0,494843.8105,2091948332.589114,3319102.0,235841.29630000002,997589724.686655,-0.0023588116283546068,-0.0023615980070612608
2025-08-11 00:00:00+00:00,4250.58,4366.46,4166.77,4223.22,0,722664.04,3089081112.554874,5162548.0,360218.2954,1540350244.420612,-0.006434431146881359,-0.006455221328954153
2025-08-12 00:00:00+00:00,4223.22,4639.7,4219.04,4590.52,0,885288.0652,3918279210.053929,5104868.0,460721.2581,2038703612.778519,0.08697155251206423,0.08339543715453956
2025-08-13 00:00:00+00:00,4590.52,4783.85,4564.33,4749.3,0,925931.4988,4334944436.910635,5293034.0,476639.1946,2232173733.897734,0.03458867404999855,0.03400393134970159
2025-08-14 00:00:00+00:00,4749.31,4788.0,4451.33,4546.84,0,1265449.0453,5853669749.165808,6488264.0,610793.1493,2824145240.890796,-0.042629440128018836,-0.04356475257801229
2025-08-15 00:00:00+00:00,4546.84,4672.67,4368.0,4439.47,0,880409.2591,3978902618.058779,5091385.0,431967.5378,1953497546.872039,-0.023614202391111117,-0.023897486238018573
2025-08-16 00:00:00+00:00,4439.47,4490.42,4372.54,4421.99,0,358676.5884,1587545552.644884,2446573.0,172182.4814,762345533.806514,-0.0039374069427207115,-0.003945178937147631
2025-08-17 00:00:00+00:00,4422.0,4576.0,4393.98,4472.33,0,442461.38289999997,1990037593.51367,2844829.0,216791.6846,975401417.633454,0.011384014889224137,0.011319704604323633
2025-08-18 00:00:00+00:00,4472.34,4481.88,4225.86,4312.99,0,823188.1269,3561988639.06488,4938429.0,406762.5481,1759665776.660579,-0.03562796126403911,-0.03627812652559115
2025-08-19 00:00:00+00:00,4312.99,4355.0,4067.34,4075.59,0,831222.7951,3499853674.637695,4828050.0,398237.7389,1679727808.428403,-0.05504302119875071,-0.056615877602734344
2025-08-20 00:00:00+00:00,4075.58,4378.0,4060.0,4336.16,0,728324.8933,3077553918.18234,4768196.0,377599.4336,1596144868.677022,0.06393430153670998,0.06197364233702274
2025-08-21 00:00:00+00:00,4336.16,4340.26,4204.2,4225.3,0,433836.3992,1854414176.529447,4202357.0,215637.3352,922109670.926336,-0.025566399763846226,-0.025898899620051097
2025-08-22 00:00:00+00:00,4225.3,4887.59,4207.39,4832.07,0,1277976.6352600001,5850514269.296542,6440351.0,685989.38976,3139499789.414669,0.14360400444938803,0.1341846830770539
2025-08-23 00:00:00+00:00,4832.07,4832.07,4659.7,4778.4,0,512442.08879999997,2428561923.417837,3011610.0,247002.372,1170650191.938999,-0.011107041081772406,-0.011169184846590241
2025-08-24 00:00:00+00:00,4778.4,4956.78,4711.0,4780.15,0,780668.77842,3755014998.4467025,4316811.0,393654.81102,1894436117.2707882,0.000366231374518744,0.0003661643281773763
2025-08-25 00:00:00+00:00,4780.15,4797.97,4334.13,4376.18,0,1043917.1659,4769033242.728044,6296796.0,466034.8159,2129931225.530787,-0.0845099003169355,-0.08829572903520422
2025-08-26 00:00:00+00:00,4376.17,4633.46,4311.04,4600.63,0,834750.2767,3739773474.021506,5640502.0,401376.3087,1798486042.553646,0.05128902376044864,0.05001705291016734
2025-08-27 00:00:00+00:00,4600.63,4663.93,4481.53,4506.71,0,606669.3611,2784659238.301701,3920404.0,307736.9098,1412983486.966091,-0.020414595392370227,-0.020625853354003354
2025-08-28 00:00:00+00:00,4506.71,4633.97,4430.0,4511.21,0,485243.4027,2202472276.64976,3236156.0,230509.0927,1046782923.357486,0.0009985111089907406,0.000998012928372205
2025-08-29 00:00:00+00:00,4511.2,4516.75,4265.0,4360.18,0,679063.8777,2969120530.274377,4406428.0,324223.3629,1417503064.20564,-0.033478822754870574,-0.03405206930103333
2025-08-30 00:00:00+00:00,4360.18,4415.61,4257.2,4373.7,0,340319.1826,1483613909.749367,2086140.0,180789.988,788720330.984074,0.003100789416950578,0.0030959918843134204
2025-08-31 00:00:00+00:00,4373.7,4498.47,4372.63,4391.83,0,356586.1861,1588952837.432261,2221987.0,183775.3164,819127243.5822101,0.004145231725998677,0.004136663921828543
2025-09-01 00:00:00+00:00,4391.83,4491.84,4210.61,4314.5,0,513830.0395,2244610986.86617,4011776.0,246147.2654,1075592499.534808,-0.017607694286891795,-0.017764553752352086
2025-09-02 00:00:00+00:00,4314.5,4416.78,4257.85,4326.5,0,524605.0512,2275752549.704531,4161006.0,262315.1298,1138093049.510545,0.002781318808668498,0.0027774580984321062
2025-09-03 00:00:00+00:00,4326.49,4490.64,4283.23,4450.46,0,487091.6861,2146232316.546182,3491341.0,260805.1318,1150952058.93142,0.028651334797180184,0.028248560557617708
2025-09-04 00:00:00+00:00,4450.46,4482.05,4265.33,4297.55,0,471795.7096,2061920365.306792,4087637.0,223178.8479,975391239.955494,-0.03435824611388483,-0.0349623687437699
2025-09-05 00:00:00+00:00,4297.56,4490.0,4256.03,4307.45,0,624169.8754,2722930703.949958,4751518.0,312428.2352,1364013868.120256,0.002303638119393492,0.002300988813017213
2025-09-06 00:00:00+00:00,4307.46,4329.3,4236.0,4273.14,0,191166.0686,819243725.2123,1711937.0,90318.6833,387096202.235548,-0.00796526947497933,-0.0079971617002208
2025-09-07 00:00:00+00:00,4273.15,4336.02,4270.81,4306.19,0,169620.8372,729149678.760542,1450115.0,88389.9104,379994466.147124,0.007734359276784675,0.007704602454886356
2025-09-08 00:00:00+00:00,4306.19,4384.06,4279.0,4306.37,0,372882.4355,1611402674.924859,2889398.0,185577.5078,801973160.9357901,4.180029213762815e-05,4.1799418530885646e-05
2025-09-09 00:00:00+00:00,4306.36,4381.87,4276.76,4310.09,0,405485.7821,1751903233.455334,3068397.0,197329.24,852710674.591241,0.0008638365955551119,0.0008634637034532489
2025-09-10 00:00:00+00:00,4310.08,4453.57,4285.1,4349.32,0,506633.90979999996,2207912091.685508,3221192.0,275693.6907,1201067542.5771081,0.00910189810421591,0.009060725473808873
2025-09-11 00:00:00+00:00,4349.33,4481.09,4338.82,4458.82,0,441259.6649,1949893256.335128,3446340.0,233524.38820000002,1032162722.6741021,0.025176349406343945,0.024864645993087464
2025-09-12 00:00:00+00:00,4458.83,4748.4,4450.71,4712.16,0,510777.5402,2337299050.098691,3859691.0,260127.44640000002,1190623320.120003,0.05681772307471489,0.05526224459511653
2025-09-13 00:00:00+00:00,4712.16,4769.36,4605.0,4666.53,0,394393.68690000003,1850836179.9834828,2711137.0,194348.8388,912698240.496336,-0.009683457268004458,-0.00973064682615643
2025-09-14 00:00:00+00:00,4666.54,4692.36,4576.89,4604.49,0,278244.3205,1287527692.946413,2561665.0,119825.8078,554538161.069432,-0.013294675058341032,-0.013383840415569281
2025-09-15 00:00:00+00:00,4604.48,4670.28,4466.0,4523.74,0,412291.96869999997,1874781946.015099,3889905.0,203592.7664,925893860.09543,-0.01753722996466489,-0.017692829050488967
2025-09-16 00:00:00+00:00,4523.74,4538.25,4424.0,4501.29,0,293307.1099,1315498731.650004,2967454.0,149843.5255,671943724.597036,-0.004962707847931069,-0.0049750629760669796
2025-09-17 00:00:00+00:00,4501.3,4616.77,4412.0,4590.53,0,476981.4561,2149457762.913816,3859374.0,239986.8267,1081954417.390737,0.01982542782180219,0.019631463454173215
2025-09-18 00:00:00+00:00,4590.54,4644.47,4553.7,4587.66,0,290660.377,1336761563.704996,2922079.0,146325.1789,673188179.996935,-0.000625200140288773,-0.0006253956593926802
2025-09-19 00:00:00+00:00,4587.66,4620.72,4435.7,4468.59,0,331611.1482,1495953132.099773,2302227.0,143873.0695,649024828.894893,-0.025954408129634676,-0.0262971675332917
2025-09-20 00:00:00+00:00,4468.59,4508.71,4454.45,4480.42,0,130781.913,585813348.774924,1094083.0,65379.0397,292888970.600943,0.002647367514137633,0.0026438694092458803
2025-09-21 00:00:00+00:00,4480.41,4498.16,4443.0,4444.97,0,149349.8262,668077573.112986,1098813.0,74558.8041,333524523.784046,-0.00791220465938458,-0.007943672245900757
2025-09-22 00:00:00+00:00,4444.98,4455.76,4077.0,4199.08,0,708243.2348,2991392446.130756,4143966.0,343579.0176,1450404524.234355,-0.05531870856271248,-0.05690766611089515
2025-09-23 00:00:00+00:00,4199.09,4229.03,4114.39,4164.26,0,315227.9057,1318382529.127912,3449275.0,157024.3339,656858840.051957,-0.008292292597426032,-0.008326864910836562
2025-09-24 00:00:00+00:00,4164.25,4206.9,4073.74,4152.81,0,353665.5671,1472276097.667921,3119658.0,166727.33669999999,694041084.405745,-0.0027495881621224516,-0.0027533752231523323
2025-09-25 00:00:00+00:00,4152.81,4161.04,3815.0,3874.36,0,930327.6951,3702962412.9171143,7611345.0,441393.5543,1756048962.795275,-0.06705098475490101,-0.06940472566749278
2025-09-26 00:00:00+00:00,3874.35,4068.3,3867.65,4032.24,0,575711.0859000001,2275867014.046836,5466636.0,307750.3457,1216442944.06247,0.040749956121785225,0.03994156493275902
2025-09-27 00:00:00+00:00,4032.24,4039.01,3972.98,4018.38,0,172693.26380000002,692281857.207582,1940113.0,79817.4035,320025622.513547,-0.003437295399083329,-0.0034432164711226676
2025-09-28 00:00:00+00:00,4018.39,4144.88,3966.0,4142.16,0,240331.8589,972239151.627579,2500609.0,140010.7323,566880552.499075,0.030803458109984527,0.030338554573123844
2025-09-29 00:00:00+00:00,4142.16,4235.86,4082.25,4215.07,0,380728.6784,1580732256.801187,3612246.0,199061.71469999998,826365235.842847,0.017601927496764924,0.017448807761484275
2025-09-30 00:00:00+00:00,4215.07,4245.0,4092.1,4145.15,0,391126.6172,1625808124.643462,4118784.0,181458.9958,754666917.727574,-0.016588099367270348,-0.016727222559595134
2025-10-01 00:00:00+00:00,4145.15,4355.46,4123.08,4348.03,0,507026.3822,2165739972.371045,4138481.0,247673.9891,1059254829.127008,0.04894394653993217,0.04778389284816065
2025-10-02 00:00:00+00:00,4348.03,4516.74,4332.73,4484.35,0,526411.1571,2322911121.293646,4441183.0,270113.997,1192562119.649421,0.03135212958512268,0.030870688512347755
2025-10-03 00:00:00+00:00,4484.35,4591.59,4428.0,4512.87,0,485684.0267,2184423024.582545,5149648.0,234630.1499,1055644644.394335,0.006359896083044214,0.0063397572859535956
2025-10-04 00:00:00+00:00,4512.88,4517.93,4440.0,4487.15,0,199732.7088,895195711.881079,2252261.0,90161.8179,404217765.196633,-0.005699255684298521,-0.005715558413767141
2025-10-05 00:00:00+00:00,4487.16,4618.17,4467.05,4514.32,0,506587.9614,2305062852.191549,3791095.0,265246.9061,1206877173.081055,0.006055068361877858,0.006036810101715417
2025-10-06 00:00:00+00:00,4514.32,4735.93,4488.25,4684.01,0,456200.6528,2107882753.614729,4677655.0,235462.9488,1087700705.0750859,0.037589271473887687,0.03690001421518474
2025-10-07 00:00:00+00:00,4684.02,4755.0,4430.43,4447.7,0,640685.9319,2946435862.400838,6028668.0,308407.6086,1419710155.477069,-0.05045036197617003,-0.05176747203007537
2025-10-08 00:00:00+00:00,4447.7,4558.0,4410.08,4525.72,0,399904.3287,1791815622.635745,4771608.0,205585.7695,921332896.435835,0.01754165074083236,0.017389571885848554
2025-10-09 00:00:00+00:00,4525.72,4531.52,4265.06,4368.09,0,515978.1829,2257574038.66859,5181361.0,242773.6384,1060847514.335138,-0.034829817134069296,-0.035450837890437015
2025-10-10 00:00:00+00:00,4368.09,4393.63,3435.0,3829.72,0,1493971.0244,5954598988.690315,12594514.0,680600.6897,2723566227.172543,-0.12325066562273224,-0.1315341491554456
2025-10-11 00:00:00+00:00,3829.72,3878.3,3643.33,3746.79,0,789885.6582,2994511140.409299,8794145.0,362107.59010000003,1373206442.87708,-0.02165432459814287,-0.02189222006538394
2025-10-12 00:00:00+00:00,3746.8,4197.7,3694.74,4152.29,0,811308.152,3213401552.2749557,8286691.0,406500.5487,1607458765.920295,0.10822597476773455,0.10276051587678658
2025-10-13 00:00:00+00:00,4152.29,4292.0,4042.29,4240.85,0,622813.9247,2590697041.479605,8321249.0,302948.0094,1261092410.082509,0.021327990097030902,0.02110373156831713
2025-10-14 00:00:00+00:00,4240.86,4263.38,3888.74,4125.02,0,962996.7657999999,3894019260.946043,10714712.0,500346.6817,2021620281.2079551,-0.02731292075881009,-0.02769285259047649
2025-10-15 00:00:00+00:00,4125.01,4217.6,3926.74,3985.61,0,626081.6966,2543782117.973257,7421801.0,313175.5389,1273392874.002121,-0.03379619977600112,-0.03438049370459062
2025-10-16 00:00:00+00:00,3985.61,4086.49,3826.04,3894.51,0,643804.6163,2552218455.018819,8451902.0,319663.4266,1268557283.411159,-0.022857228880899028,-0.023122505456864673
2025-10-17 00:00:00+00:00,3894.5,3950.45,3674.5,3831.57,0,830127.0885,3147006926.52111,9412569.0,421727.0445,1597875952.217623,-0.016161211551645738,-0.016293228229644185
2025-10-18 00:00:00+00:00,3831.58,3927.73,3819.07,3889.21,0,250710.6121,971616631.642943,3174247.0,123527.728,478841122.02979,0.015043441722322637,0.014931411304294429
2025-10-19 00:00:00+00:00,3889.2,4030.94,3827.04,3982.58,0,408538.2545,1609546719.1541991,4377250.0,210770.829,830019862.215925,0.024007446242295893,0.02372379831186855
2025-10-20 00:00:00+00:00,3982.58,4085.3,3908.73,3979.22,0,511382.3301,2049366257.294899,5803391.0,237126.1851,950802301.2777079,-0.0008436742011460607,-0.0008440302945231792
2025-10-21 00:00:00+00:00,3979.22,4110.0,3840.24,3873.05,0,590594.1382,2335723187.677247,7015049.0,279785.5053,1107257090.995763,-0.02668110835791926,-0.027043509852020975
2025-10-22 00:00:00+00:00,3873.04,3889.27,3710.0,3805.53,0,593130.0905,2268706650.109904,6834244.0,263582.8173,1008334927.99178,-0.017433289009953445,-0.01758703831725761
2025-10-23 00:00:00+00:00,3805.53,3934.86,3796.54,3856.8,0,477231.0181,1842438997.006866,4206428.0,210507.9739,813180072.006933,0.013472499231381718,0.013382552088275546
2025-10-24 00:00:00+00:00,3856.8,4026.39,3845.86,3934.88,0,425926.9383,1676037250.100214,4291705.0,217754.8375,857155216.561159,0.020244762497407143,0.02004256174235941
2025-10-25 00:00:00+00:00,3934.88,3969.22,3912.4,3953.82,0,138526.3338,545722019.675975,1476147.0,67667.2793,266617187.890661,0.004813361525637383,0.004801814340078536
2025-10-26 00:00:00+00:00,3953.81,4178.78,3919.03,4158.46,0,344698.0918,1396836816.693465,3249487.0,173720.1856,703491084.262075,0.051757540808635705,0.05046261323567869
2025-10-27 00:00:00+00:00,4158.46,4253.72,4095.0,4120.15,0,487131.2291,2035684992.603607,5081784.0,248999.9729,1040497593.800265,-0.009212545028688623,-0.009255242961714316
2025-10-28 00:00:00+00:00,4120.16,4175.55,3931.33,3979.2,0,472965.8377,1926589295.491682,5061999.0,222962.1579,908763052.717048,-0.03420991954176422,-0.03480877639867508
2025-10-29 00:00:00+00:00,3979.19,4036.66,3840.37,3902.99,0,486452.3127,1925328091.834018,5571627.0,230694.78,913403769.324608,-0.01915209087253722,-0.019337868003500347
2025-10-30 00:00:00+00:00,3903.0,3948.74,3680.0,3805.09,0,531455.9923,2028708564.222212,6906431.0,253157.6828,966915641.09658,-0.025083333546844777,-0.025403281941541067
2025-10-31 00:00:00+00:00,3804.95,3906.09,3796.36,3847.99,0,478636.2995,1843471240.9508579,5000695.0,263997.8361,1017255899.859766,0.011274371959664409,0.011211289925523005
2025-11-01 00:00:00+00:00,3848.0,3909.39,3831.0,3873.77,0,152998.1626,592459458.761567,1840903.0,75638.8612,292912520.170275,0.006699601610191452,0.006677259014800541
2025-11-02 00:00:00+00:00,3873.78,3918.23,3839.12,3906.58,0,216083.1542,837354910.688628,2433160.0,115417.92050000001,447423699.37343097,0.008469785247962491,0.008434117872054614
2025-11-03 00:00:00+00:00,3906.58,3914.29,3558.82,3603.83,0,877187.3852,3238285047.509506,7464333.0,396065.9448,1462435750.935427,-0.0774974530151693,-0.08066514211209963
2025-11-04 00:00:00+00:00,3603.84,3654.54,3057.0,3287.05,0,1568004.2379,5314450723.763831,10283812.0,730780.3822999999,2476934144.731218,-0.08790092762422197,-0.0920066628168481
2025-11-05 00:00:00+00:00,3287.05,3480.46,3166.66,3424.29,0,809591.5132,2699190339.1526318,6935719.0,421218.89650000003,1403027181.8598669,0.04175172266926275,0.040903644949260354
2025-11-06 00:00:00+00:00,3424.29,3456.46,3245.45,3315.14,0,566363.7003,1896818057.207791,6422367.0,278569.8569,932497460.957171,-0.031875220848701535,-0.03239429593105747
2025-11-07 00:00:00+00:00,3315.14,3473.0,3194.2,3436.05,0,683417.3854,2269770217.236427,7139239.0,352056.04589999997,1169901356.913121,0.03647206452819507,0.03582270079696137
2025-11-08 00:00:00+00:00,3436.04,3488.0,3355.58,3401.51,0,291532.2881,997076516.09053,3661341.0,144818.0207,495545476.057333,-0.010052240217691799,-0.010103105142434288
2025-11-09 00:00:00+00:00,3401.51,3623.25,3358.66,3583.46,0,464098.05199999997,1616068059.82672,4471232.0,255287.6113,888865168.926934,0.05349094960767409,0.05210936343989481
2025-11-10 00:00:00+00:00,3583.46,3658.98,3507.3,3567.85,0,595273.0298,2130222587.624694,5374965.0,288985.1178,1035700899.574761,-0.004356125085810958,-0.004365640642719271
2025-11-11 00:00:00+00:00,3567.85,3648.27,3405.24,3417.76,0,660283.2747,2334219569.458803,6239855.0,279975.2724,988115425.798087,-0.04206735148618912,-0.04297780774806981
2025-11-12 00:00:00+00:00,3417.76,3588.19,3371.65,3414.92,0,553101.9368,1913040553.62282,5915987.0,269502.1432,932258100.373958,-0.0008309536070408852,-0.0008312990403620546
2025-11-13 00:00:00+00:00,3414.91,3565.84,3154.22,3231.54,0,951989.1346999999,3206643011.077227,8109562.0,479288.7197,1611512971.446227,-0.05369964742951516,-0.05519526289010024
2025-11-14 00:00:00+00:00,3231.55,3256.71,3070.0,3112.4,0,890446.1491,2825408309.925825,9563602.0,444168.0228,1410419310.962096,-0.036867871046002754,-0.037564671036127706
2025-11-15 00:00:00+00:00,3112.4,3230.0,3110.68,3167.88,0,338463.4782,1076796729.102536,3329279.0,178961.8223,569908112.717186,0.017825472304330958,0.017668461686243475
2025-11-16 00:00:00+00:00,3167.87,3249.0,3004.0,3095.29,0,570633.5809,1779987722.711093,5709385.0,287844.8346,899323831.841917,-0.022914378069876395,-0.023180993184499954
2025-11-17 00:00:00+00:00,3095.29,3223.38,2959.46,3031.44,0,762500.4289,2363337280.7659388,7450569.0,387414.7425,1201427058.002213,-0.020628115620830334,-0.02084384711068843
2025-11-18 00:00:00+00:00,3031.44,3169.95,2946.56,3123.66,0,766640.1058,2340587460.798044,7615241.0,403280.7886,1232613020.736247,0.0304211859710235,0.029967637075662523
2025-11-19 00:00:00+00:00,3123.65,3125.54,2873.64,3025.48,0,737926.7146,2216678695.223021,7164222.0,360036.5459,1081978073.162999,-0.03143107764609454,-0.03193563464657245
2025-11-20 00:00:00+00:00,3025.48,3063.61,2790.01,2834.22,0,912524.3718,2661800409.340738,7127439.0,428888.8725,1252889590.169883,-0.06321641524650645,-0.06530298953202784
2025-11-21 00:00:00+00:00,2834.21,2886.73,2623.57,2765.85,0,1180475.4085,3236847819.47923,10064748.0,547922.1099,1502813541.495193,-0.02412303914304459,-0.024418765211608573
2025-11-22 00:00:00+00:00,2765.86,2799.01,2704.33,2770.12,0,264691.3089,726992504.445693,3610746.0,130783.3858,359293974.593027,0.001543829202595992,0.0015426387233992145
2025-11-23 00:00:00+00:00,2770.12,2858.16,2768.29,2802.16,0,409808.5734,1154902366.816105,3902263.0,206241.2795,581290867.286262,0.011566285937071319,0.011499907793958819
2025-11-24 00:00:00+00:00,2802.16,2987.0,2763.0,2953.38,0,715279.7551,2052356496.5525951,5727108.0,341887.1162,979551492.849392,0.05396551231906832,0.05255972882393767
2025-11-25 00:00:00+00:00,2953.38,2980.82,2857.32,2959.36,0,427686.4528,1246454120.370332,4418266.0,202476.6298,590249449.813369,0.0020247987052124383,0.00202275156321452
2025-11-26 00:00:00+00:00,2959.36,3045.0,2888.69,3026.56,0,364535.326,1079536972.459607,3911013.0,171996.0241,509726234.87035596,0.02270761245674735,0.022453632291662196
2025-11-27 00:00:00+00:00,3026.56,3071.37,2985.78,3015.23,0,274980.3955,831942752.099709,2917476.0,127744.67,386552391.784535,-0.003743524000845766,-0.00375054852327672
2025-11-28 00:00:00+00:00,3015.23,3099.0,2994.36,3031.15,0,346616.0275,1053857760.7148091,3662478.0,172614.6176,525060095.641535,0.00527986256438151,0.005265972958721221
2025-11-29 00:00:00+00:00,3031.14,3052.64,2961.91,2989.16,0,217904.1303,654348734.599726,1930588.0,93034.0164,279413777.604877,-0.013852828134536477,-0.013949673991056954
2025-11-30 00:00:00+00:00,2989.17,3053.02,2975.3,2991.26,0,182722.4253,551904047.432645,1896781.0,87143.65789999999,263255693.67659,0.0007025385058010425,0.000702291841147229
2025-12-01 00:00:00+00:00,2991.25,2999.47,2716.04,2799.07,0,849002.9909,2386884973.982846,7108249.0,383330.5081,1076737868.245771,-0.06425051650475055,-0.06640748416649345
2025-12-02 00:00:00+00:00,2799.07,3033.76,2782.19,2996.07,0,523707.35860000004,1528447401.324846,5821936.0,263958.3576,770318630.307678,0.07038051924389177,0.06801421071564917
2025-12-03 00:00:00+00:00,2996.07,3214.99,2985.58,3188.36,0,553669.8146,1713587615.132564,6210489.0,280795.7429,869390296.032023,0.0641807434405739,0.06220524814757056
2025-12-04 00:00:00+00:00,3188.39,3240.35,3066.37,3133.26,0,486698.3987,1543790061.952392,6357509.0,238177.9812,755733360.549938,-0.017281611863152135,-0.017432681936934813
2025-12-05 00:00:00+00:00,3133.26,3193.33,2983.08,3021.78,0,530382.8986,1639255389.987769,6012408.0,259028.7578,799899847.557016,-0.035579556117270816,-0.03622793434865734
2025-12-06 00:00:00+00:00,3021.77,3069.0,3012.58,3038.06,0,159721.2488,485368537.240031,2244070.0,75279.0803,228817367.459284,0.005387553031656722,0.005373092083985398
2025-12-07 00:00:00+00:00,3038.06,3150.0,2907.52,3059.85,0,391129.675,1186332501.65101,4277667.0,186555.6398,565678531.9593949,0.007172340243444708,0.007146741340973151
2025-12-08 00:00:00+00:00,3059.86,3180.51,3040.87,3124.16,0,452820.2207,1415589445.039095,6327207.0,224225.6496,701178219.819795,0.021017370132522917,0.020799551900223534
2025-12-09 00:00:00+00:00,3124.16,3397.85,3090.8,3318.04,0,603859.9458,1962292840.7676868,6993282.0,280409.759,911911294.837155,0.062058281266004434,0.06020880009550922
2025-12-10 00:00:00+00:00,3318.04,3447.44,3288.1,3324.14,0,539585.4535,1810738811.735616,7155428.0,265501.8458,891358758.833009,0.0018384347385804745,0.001836746885791385
2025-12-11 00:00:00+00:00,3324.14,3327.37,3145.28,3237.39,0,504114.2391,1619734578.213871,7267153.0,239375.5443,768839628.956444,-0.02609697545831402,-0.02644354442201724
2025-12-12 00:00:00+00:00,3237.38,3265.5,3045.31,3084.86,0,435686.4435,1371414759.857734,5948483.0,204665.1471,643771575.254284,-0.047115114335931074,-0.04826117416204845
2025-12-13 00:00:00+00:00,3084.86,3135.68,3078.6,3114.64,0,136465.7567,423920604.038122,1855254.0,66698.6327,207214417.642375,0.009653598542559427,0.00960730028486978
2025-12-14 00:00:00+00:00,3114.64,3129.54,3024.44,3063.5,0,279058.3545,862072488.530014,3511048.0,122884.5661,379597137.014435,-0.01641923304137871,-0.016555522553701962
2025-12-15 00:00:00+00:00,3063.49,3177.5,2894.57,2964.85,0,520509.9555,1579982448.239563,7417115.0,260217.0331,790063852.031119,-0.03220173004733151,-0.03273161223283605
2025-12-16 00:00:00+00:00,2964.85,2981.87,2876.0,2962.3,0,378293.11590000003,1111582164.804332,6669623.0,177353.9948,521322317.103601,-0.0008600772383087207,-0.0008604473169500082
2025-12-17 00:00:00+00:00,2962.3,3030.92,2791.02,2833.49,0,497630.4162,1446107029.749676,6532843.0,241806.4338,702713292.875421,-0.043483104344597234,-0.04445682621664204
2025-12-18 00:00:00+00:00,2833.5,2997.4,2775.19,2828.57,0,595253.7997,1712688363.64049,7801439.0,297647.5456,856465294.377289,-0.0017363745769349848,-0.0017378838226003168
2025-12-19 00:00:00+00:00,2828.56,3020.0,2808.63,2979.5,0,531702.5439,1565878519.31718,6948512.0,265654.992,782773695.892576,0.05335911785814029,0.05198421761035288
2025-12-20 00:00:00+00:00,2979.49,2994.41,2964.17,2977.93,0,91783.7734,273573678.212581,1350111.0,40641.5192,121155599.00852899,-0.0005269340493372354,-0.0005270729278725739
2025-12-21 00:00:00+00:00,2977.93,3013.4,2944.0,3002.02,0,162244.8067,483780019.527505,2474808.0,78868.2879,235186765.372176,0.00808951184211848,0.008056967137236803
2025-12-22 00:00:00+00:00,3002.03,3077.39,2963.43,3009.49,0,298443.5633,903056984.466161,5452069.0,142983.3689,432713971.599364,0.0024883245281510646,0.002485233774809359
2025-12-23 00:00:00+00:00,3009.48,3035.79,2900.93,2965.02,0,386465.747,1143899253.062532,4824322.0,206394.4595,610982176.714151,-0.0147765900534641,-0.014886851399568357
2025-12-24 00:00:00+00:00,2965.03,2978.15,2888.7,2947.47,0,197035.55980000002,578209287.858266,3194683.0,101402.5429,297704426.144271,-0.005919015723334087,-0.005936602528959334
2025-12-25 00:00:00+00:00,2947.48,2971.46,2891.2,2903.95,0,188721.2981,554690625.492779,2183611.0,85987.39199999999,252678463.929107,-0.014765205413456273,-0.014875296077072164
2025-12-26 00:00:00+00:00,2903.9,2994.38,2894.26,2927.99,0,314830.9989,928357784.217832,4062164.0,159371.2995,469784292.6982,0.008278379448682038,0.008244301609216187
2025-12-27 00:00:00+00:00,2928.0,2960.89,2917.13,2949.05,0,95040.3956,278706096.334518,1004396.0,43285.9713,126936744.90557301,0.007192647515872785,0.007166903796686164
2025-12-28 00:00:00+00:00,2949.05,2961.23,2924.54,2950.91,0,128834.139,379078145.43257797,1484510.0,65373.9915,192352556.018686,0.0006307115850865408,0.0006305127701269342
2025-12-29 00:00:00+00:00,2950.91,3057.78,2910.25,2937.9,0,485959.1824,1447180217.933539,5162535.0,233555.1583,694845447.761885,-0.004408809485887288,-0.004418556946778729
2025-12-30 00:00:00+00:00,2937.91,3009.8,2919.44,2973.69,0,286583.2879,851498558.489608,3959890.0,146128.2348,434231190.136072,0.01218217093842533,0.012108565473993416
2025-12-31 00:00:00+00:00,2973.69,3028.08,2958.91,2971.64,0,233729.5887,697600045.700212,2935432.0,116217.5263,346891301.180933,-0.0006893791888193945,-0.0006896169199164248
