timestamp,trend_votes,gate,vol_percentile,stormy,efficiency,efficient,choppiness,calm_trend,risk_forecast,storm,squeeze,state,target
2021-01-01 00:00:00+00:00,0.0,0.0,,False,,False,,False,,False,False,Downtrend,0.0
2021-01-02 00:00:00+00:00,0.0,0.0,,False,,False,,False,,False,False,Downtrend,0.0
2021-01-03 00:00:00+00:00,0.0,0.0,,False,,False,,False,,False,False,Downtrend,0.0
2021-01-04 00:00:00+00:00,0.0,0.0,,False,,False,,False,,False,False,Downtrend,0.0
2021-01-05 00:00:00+00:00,0.0,0.0,,False,,False,,False,,False,False,Downtrend,0.0
2021-01-06 00:00:00+00:00,0.0,0.0,,False,,False,,False,,False,False,Downtrend,0.0
2021-01-07 00:00:00+00:00,0.0,0.0,,False,,False,,False,,False,False,Downtrend,0.0
2021-01-08 00:00:00+00:00,0.0,0.0,,False,,False,,False,,False,False,Downtrend,0.0
2021-01-09 00:00:00+00:00,0.0,0.0,,False,,False,,False,,False,False,Downtrend,0.0
2021-01-10 00:00:00+00:00,0.0,0.0,,False,,False,,False,1.2679412335485587,False,False,Downtrend,0.0
2021-01-11 00:00:00+00:00,0.0,0.0,,False,,False,,False,1.527506238216603,False,False,Downtrend,0.0
2021-01-12 00:00:00+00:00,0.0,0.0,,False,,False,,False,1.5532376351098192,False,False,Downtrend,0.0
2021-01-13 00:00:00+00:00,0.0,0.0,,False,,False,,False,1.5490163406388637,False,False,Downtrend,0.0
2021-01-14 00:00:00+00:00,0.0,0.0,,False,,False,56.229584343135066,False,1.4905650082126094,False,False,Downtrend,0.0
2021-01-15 00:00:00+00:00,0.0,0.0,,False,,False,58.85014168537083,False,1.4781783396563402,False,False,Downtrend,0.0
2021-01-16 00:00:00+00:00,0.0,0.0,,False,,False,57.81429945280632,False,1.4418733398715216,False,False,Downtrend,0.0
2021-01-17 00:00:00+00:00,0.0,0.0,,False,,False,57.92585752896139,False,1.4042322539858068,False,False,Downtrend,0.0
2021-01-18 00:00:00+00:00,0.0,0.0,,False,,False,61.416758721855004,False,1.360733414929586,False,False,Downtrend,0.0
2021-01-19 00:00:00+00:00,0.0,0.0,,False,,False,61.530771656725875,False,1.3207095294230586,False,False,Downtrend,0.0
2021-01-20 00:00:00+00:00,0.0,0.0,,False,,False,61.116523089259246,False,1.2992711867311444,False,False,Downtrend,0.0
2021-01-21 00:00:00+00:00,0.0,0.0,,False,,False,60.93358415938755,False,1.3302547427746005,False,False,Downtrend,0.0
2021-01-22 00:00:00+00:00,0.0,0.0,,False,,False,58.60820442207954,False,1.3364613504901672,False,False,Downtrend,0.0
2021-01-23 00:00:00+00:00,0.0,0.0,,False,,False,58.3144625628835,False,1.306029279814292,False,False,Downtrend,0.0
2021-01-24 00:00:00+00:00,0.0,0.0,,False,,False,59.56348609365173,False,1.2677916041584554,False,False,Downtrend,0.0
2021-01-25 00:00:00+00:00,0.0,0.0,,False,,False,55.98700568612875,False,1.2429209989979886,False,False,Downtrend,0.0
2021-01-26 00:00:00+00:00,0.0,0.0,,False,,False,54.40769103159286,False,1.2379369406015928,False,False,Downtrend,0.0
2021-01-27 00:00:00+00:00,0.0,0.0,,False,,False,52.640693602496185,False,1.2650677991543413,False,False,Downtrend,0.0
2021-01-28 00:00:00+00:00,0.0,0.0,,False,,False,54.29935062244371,False,1.2268418371714416,False,False,Downtrend,0.0
2021-01-29 00:00:00+00:00,0.0,0.0,,False,,False,59.826640222198535,False,1.270471072471962,False,False,Downtrend,0.0
2021-01-30 00:00:00+00:00,0.0,0.0,,False,,False,59.433837455511416,False,1.239331264239344,False,False,Downtrend,0.0
2021-01-31 00:00:00+00:00,0.0,0.0,,False,0.08297582503400083,False,58.749658995190885,False,1.2153635000393004,False,False,Downtrend,0.0
2021-02-01 00:00:00+00:00,0.0,0.0,,False,0.03141061638010382,False,58.54257756883404,False,1.1925694354524072,False,False,Downtrend,0.0
2021-02-02 00:00:00+00:00,0.0,0.0,,False,0.05600541389376815,False,59.00756441541562,False,1.1591076808396952,False,False,Downtrend,0.0
2021-02-03 00:00:00+00:00,1.0,1.0,,False,0.12462684948293518,False,58.4132280497195,False,1.1263178874316087,False,True,Uptrend,0.75
2021-02-04 00:00:00+00:00,1.0,1.0,,False,0.06804779221063248,False,55.14432471876502,False,1.108634279570049,False,False,Uptrend,1.0
2021-02-05 00:00:00+00:00,1.0,1.0,,False,0.03584336838294764,False,53.660900432084134,False,1.0819291712049857,False,False,Uptrend,1.0
2021-02-06 00:00:00+00:00,1.0,1.0,,False,0.006033189180097032,False,46.238534483288426,False,1.0580094843675616,False,False,Uptrend,1.0
2021-02-07 00:00:00+00:00,1.0,1.0,,False,0.0447834875048175,False,46.40810440906077,False,1.0476960730538496,False,False,Uptrend,1.0
2021-02-08 00:00:00+00:00,1.0,1.0,,False,0.1337859225198696,False,36.263494076237755,True,1.0286298988756208,False,False,Calm uptrend,1.5
2021-02-09 00:00:00+00:00,1.0,1.0,,False,0.1833884285059202,False,34.35871545314305,True,1.0447108321005958,False,False,Calm uptrend,1.5
2021-02-10 00:00:00+00:00,1.0,1.0,,False,0.21387712637845424,False,35.79781189826122,True,1.0296438732536137,False,False,Calm uptrend,1.5
2021-02-11 00:00:00+00:00,1.0,1.0,,False,0.30406689778914614,False,39.71450843140513,False,1.0123152484530862,False,False,Uptrend,1.0
2021-02-12 00:00:00+00:00,1.0,1.0,0.0,False,0.22988546783297667,False,36.50038204219934,True,1.0021012529582514,False,False,Calm uptrend,1.5
2021-02-13 00:00:00+00:00,1.0,1.0,0.0,False,0.19300987775527795,False,36.36206226263937,True,0.9774822684549485,False,False,Calm uptrend,1.5
2021-02-14 00:00:00+00:00,1.0,1.0,0.0,False,0.29210582236230803,False,35.48783952669044,True,0.9558417306861674,False,False,Calm uptrend,1.5
2021-02-15 00:00:00+00:00,1.0,1.0,0.022222222222222223,False,0.2946796466847391,False,38.87098983963552,False,0.9476611338938835,False,False,Uptrend,1.0
2021-02-16 00:00:00+00:00,1.0,1.0,0.043478260869565216,False,0.32064862176069914,False,42.101202403087136,False,0.9343797043171479,False,False,Uptrend,1.0
2021-02-17 00:00:00+00:00,1.0,1.0,0.0851063829787234,False,0.3546122088635884,False,40.50584107007254,False,0.9098266358918279,False,False,Uptrend,1.0
2021-02-18 00:00:00+00:00,1.0,1.0,0.0,False,0.3599886908120896,False,40.72424498078086,False,0.8886585079965525,False,False,Uptrend,1.0
2021-02-19 00:00:00+00:00,1.0,1.0,0.14285714285714285,False,0.4308621619792646,False,37.32692558240555,True,0.8679706426514766,False,False,Calm uptrend,1.5
2021-02-20 00:00:00+00:00,1.0,1.0,0.14,False,0.582796230524728,False,35.56833117371797,True,0.8610243756790052,False,False,Calm uptrend,1.5
2021-02-21 00:00:00+00:00,1.0,1.0,0.13725490196078433,False,0.5775985251798903,False,35.92277301473397,True,0.8413571115516576,False,False,Calm uptrend,1.5
2021-02-22 00:00:00+00:00,1.0,1.0,0.0,False,0.4912064689358025,False,49.23575286071054,False,0.892913553543786,False,False,Uptrend,1.0
2021-02-23 00:00:00+00:00,1.0,1.0,0.2641509433962264,False,0.3338094268933452,False,53.32388378200428,False,1.0819525716213971,False,False,Uptrend,1.0
2021-02-24 00:00:00+00:00,1.0,1.0,0.2777777777777778,False,0.3442971413574739,False,54.52817932042114,False,1.0765480528830011,False,False,Uptrend,1.0
2021-02-25 00:00:00+00:00,1.0,1.0,0.2909090909090909,False,0.2756333488958598,False,57.40159562862689,False,1.0844072402599614,False,False,Uptrend,1.0
2021-02-26 00:00:00+00:00,0.8571428571428571,1.0,0.3392857142857143,False,0.30783554006537217,False,56.14253811518683,False,1.1118796759314438,False,False,Uptrend,0.8571428571428571
2021-02-27 00:00:00+00:00,0.8571428571428571,1.0,0.38596491228070173,False,0.26079040868026243,False,57.007020691035336,False,1.0986050553510127,False,False,Uptrend,0.8571428571428571
2021-02-28 00:00:00+00:00,0.8571428571428571,1.0,0.39655172413793105,False,0.22237946390077534,False,54.72631086675538,False,1.101597549154201,False,False,Uptrend,0.8571428571428571
2021-03-01 00:00:00+00:00,0.8571428571428571,1.0,0.4576271186440678,False,0.28706785461590456,False,55.532478196329016,False,1.075668084818115,False,False,Uptrend,0.8571428571428571
2021-03-02 00:00:00+00:00,0.8571428571428571,1.0,0.45,False,0.2876351879779851,False,55.227340896202534,False,1.0575595769904784,False,False,Uptrend,0.8571428571428571
2021-03-03 00:00:00+00:00,0.8571428571428571,1.0,0.47540983606557374,False,0.30680183479278356,False,55.722609459349265,False,1.0445763314179555,False,False,Uptrend,0.8571428571428571
2021-03-04 00:00:00+00:00,0.8571428571428571,1.0,0.5161290322580645,True,0.23524914409542028,False,57.1942579204771,False,1.059642229133841,False,False,Volatile uptrend,0.5142857142857142
2021-03-05 00:00:00+00:00,0.8571428571428571,1.0,0.4603174603174603,False,0.2096823284961118,False,55.80018087091986,False,1.05183854888122,False,False,Uptrend,0.8571428571428571
2021-03-06 00:00:00+00:00,0.8571428571428571,1.0,0.40625,False,0.22735169422170248,False,54.821748136178854,False,1.0259660489328388,False,False,Uptrend,0.8571428571428571
2021-03-07 00:00:00+00:00,0.8571428571428571,1.0,0.4153846153846154,False,0.23802486162698405,False,56.786184495147324,False,0.9993106616648748,False,False,Uptrend,0.8571428571428571
2021-03-08 00:00:00+00:00,0.8571428571428571,1.0,0.21212121212121213,False,0.24520361789880823,False,62.484364981749835,False,0.9819722072962883,False,False,Uptrend,0.8571428571428571
2021-03-09 00:00:00+00:00,1.0,1.0,0.0,False,0.28779925331230644,False,55.887896512871095,False,0.9629425277394319,False,False,Uptrend,1.0
2021-03-10 00:00:00+00:00,1.0,1.0,0.0,False,0.19226143621121985,False,48.67606847937988,False,0.9550640525508792,False,False,Uptrend,1.0
2021-03-11 00:00:00+00:00,1.0,1.0,0.0,False,0.22187698981488407,False,45.61768873449178,False,0.9424224329149355,False,False,Uptrend,1.0
2021-03-12 00:00:00+00:00,1.0,1.0,0.0,False,0.24776042192641035,False,44.707348317828306,False,0.9246911759721268,False,False,Uptrend,1.0
2021-03-13 00:00:00+00:00,1.0,1.0,0.014084507042253521,False,0.2596511187550775,False,38.22006016583826,False,0.9043996930125388,False,False,Uptrend,1.0
2021-03-14 00:00:00+00:00,1.0,1.0,0.0,False,0.2227089022662876,False,41.70918884467826,False,0.8875333167734168,False,False,Uptrend,1.0
2021-03-15 00:00:00+00:00,1.0,1.0,0.0273972602739726,False,0.15179391039796475,False,45.7443097936743,False,0.8996678561056655,False,False,Uptrend,1.0
2021-03-16 00:00:00+00:00,1.0,1.0,0.04054054054054054,False,0.14983101399881685,False,46.11754874209254,False,0.8943008407475355,False,False,Uptrend,1.0
2021-03-17 00:00:00+00:00,1.0,1.0,0.0,False,0.1933731391658,False,46.34190714646057,False,0.8861509452736067,False,False,Uptrend,1.0
2021-03-18 00:00:00+00:00,1.0,1.0,0.0,False,0.14954624385526674,False,45.49520379979128,False,0.8778503439454878,False,False,Uptrend,1.0
2021-03-19 00:00:00+00:00,1.0,1.0,0.0,False,0.10878007588819674,False,47.45580071147299,False,0.8604134897473152,False,False,Uptrend,1.0
2021-03-20 00:00:00+00:00,1.0,1.0,0.0,False,0.12165596908635805,False,52.363002086564144,False,0.8396503778174054,False,False,Uptrend,1.0
2021-03-21 00:00:00+00:00,1.0,1.0,0.012658227848101266,False,0.02877593010774945,False,53.94504161531601,False,0.8308247251970016,False,False,Uptrend,1.0
2021-03-22 00:00:00+00:00,1.0,1.0,0.05,False,0.03289648257605845,False,63.58502264888203,False,0.8313413237938376,False,False,Uptrend,1.0
2021-03-23 00:00:00+00:00,1.0,1.0,0.04938271604938271,False,0.05884808397661178,False,68.25241847267719,False,0.8252167877849271,False,False,Uptrend,1.0
2021-03-24 00:00:00+00:00,0.8571428571428571,1.0,0.10975609756097561,False,0.03508732594698328,False,63.83796142960289,False,0.8340206159784095,False,False,Uptrend,0.8571428571428571
2021-03-25 00:00:00+00:00,0.8571428571428571,1.0,0.07228915662650602,False,0.05149733145242628,False,58.648301997844264,False,0.845704727651691,False,False,Uptrend,0.8571428571428571
2021-03-26 00:00:00+00:00,0.8571428571428571,1.0,0.15476190476190477,False,0.10783984259635379,False,59.16734247694737,False,0.8328658831214213,False,False,Uptrend,0.8571428571428571
2021-03-27 00:00:00+00:00,0.8571428571428571,1.0,0.023529411764705882,False,0.18293937548266997,False,57.40458614381961,False,0.8138038265551722,False,False,Uptrend,0.8571428571428571
2021-03-28 00:00:00+00:00,0.8571428571428571,1.0,0.0,False,0.2019861946038707,False,60.59221007709612,False,0.7973500737091839,False,False,Uptrend,0.8571428571428571
2021-03-29 00:00:00+00:00,0.8571428571428571,1.0,0.0,False,0.23661893667361183,False,60.64245006345213,False,0.783872935255848,False,False,Uptrend,0.8571428571428571
2021-03-30 00:00:00+00:00,0.8571428571428571,1.0,0.0,False,0.2785444457428217,False,59.54670050822769,False,0.7628188276332201,False,False,Uptrend,0.8571428571428571
2021-03-31 00:00:00+00:00,0.8571428571428571,1.0,0.0,False,0.20607189796452247,False,58.0405312451932,False,0.7620432146282038,False,False,Uptrend,0.8571428571428571
2021-04-01 00:00:00+00:00,0.8571428571428571,1.0,0.0,False,0.2374480831565717,False,57.69579759606154,False,0.7402585501405193,False,False,Uptrend,0.8571428571428571
2021-04-02 00:00:00+00:00,1.0,1.0,0.0,False,0.20667838718266407,False,55.16643372347158,False,0.7199997652959711,False,True,Uptrend,0.75
2021-04-03 00:00:00+00:00,1.0,1.0,0.010869565217391304,False,0.20892142150878168,False,55.9289979188945,False,0.7075889949945902,False,True,Uptrend,0.75
2021-04-04 00:00:00+00:00,1.0,1.0,0.0,False,0.2233644568232485,False,55.00128173034813,False,0.6917414507004045,False,True,Uptrend,0.75
2021-04-05 00:00:00+00:00,1.0,1.0,0.0,False,0.23773261353252437,False,52.86570589140381,False,0.6752643294167766,False,True,Uptrend,0.75
2021-04-06 00:00:00+00:00,1.0,1.0,0.0,False,0.16651144828476183,False,52.13944778276125,False,0.6602679477087477,False,True,Uptrend,0.75
2021-04-07 00:00:00+00:00,1.0,1.0,0.0,False,0.08362432852207782,False,49.79832703539722,False,0.6557044695228038,False,True,Uptrend,0.75
2021-04-08 00:00:00+00:00,1.0,1.0,0.0,False,0.07529876419300882,False,52.55446364819408,False,0.6394614776118596,False,False,Uptrend,1.0
2021-04-09 00:00:00+00:00,1.0,1.0,0.0,False,0.05520014283439052,False,63.446312116486745,False,0.623521430669751,False,False,Uptrend,1.0
2021-04-10 00:00:00+00:00,1.0,1.0,0.010101010101010102,False,0.04843690355402615,False,61.158332400419575,False,0.6251392657160632,False,False,Uptrend,1.0
2021-04-11 00:00:00+00:00,1.0,1.0,0.01,False,0.06800549481052466,False,61.31776498943309,False,0.6120696553250369,False,False,Uptrend,1.0
2021-04-12 00:00:00+00:00,1.0,1.0,0.0,False,0.03583922946695353,False,63.424646474021465,False,0.6014711711415897,False,False,Uptrend,1.0
2021-04-13 00:00:00+00:00,1.0,1.0,0.0196078431372549,False,0.11946757496141751,False,53.20331053958176,False,0.5935835592642339,False,False,Uptrend,1.0
2021-04-14 00:00:00+00:00,1.0,1.0,0.038834951456310676,False,0.20535633757235253,False,49.16636946592754,False,0.6008691014300456,False,False,Uptrend,1.0
2021-04-15 00:00:00+00:00,1.0,1.0,0.04807692307692308,False,0.18029070700221775,False,49.41435186741907,False,0.5864080014338988,False,False,Uptrend,1.0
2021-04-16 00:00:00+00:00,1.0,1.0,0.06666666666666667,False,0.0701361901791437,False,51.28512013919888,False,0.5888789739013625,False,False,Uptrend,1.0
2021-04-17 00:00:00+00:00,1.0,1.0,0.0660377358490566,False,0.06817711422766906,False,51.29912185227581,False,0.5895977059662357,False,True,Uptrend,0.75
2021-04-18 00:00:00+00:00,0.8571428571428571,1.0,0.17757009345794392,False,0.04938463591439856,False,43.41816625883301,False,0.7107358746978691,False,True,Uptrend,0.6428571428571428
2021-04-19 00:00:00+00:00,0.7142857142857143,1.0,0.19444444444444445,False,0.06411165857245528,False,44.11355819906177,False,0.7183079752836831,False,True,Uptrend,0.5357142857142857
2021-04-20 00:00:00+00:00,0.7142857142857143,1.0,0.2018348623853211,False,0.024032623113502825,False,45.501655356174794,False,0.7351309028070585,False,False,Uptrend,0.7142857142857143
2021-04-21 00:00:00+00:00,0.5714285714285714,1.0,0.20909090909090908,False,0.00779520358449636,False,45.53431394007999,False,0.7370757233311622,False,False,Uptrend,0.5714285714285714
2021-04-22 00:00:00+00:00,0.42857142857142855,1.0,0.2882882882882883,False,0.0666441998523729,False,46.42377359535244,False,0.7548498087764044,False,False,Fading uptrend,0.42857142857142855
2021-04-23 00:00:00+00:00,0.42857142857142855,1.0,0.375,False,0.030777784712985597,False,41.7740216095536,False,0.7939319484231903,False,False,Fading uptrend,0.42857142857142855
2021-04-24 00:00:00+00:00,0.42857142857142855,1.0,0.37168141592920356,False,0.032481576376049495,False,40.97468558478599,False,0.7954476778152157,False,False,Fading uptrend,0.42857142857142855
2021-04-25 00:00:00+00:00,0.42857142857142855,1.0,0.39473684210526316,False,0.16734676454084818,False,41.324875878418865,False,0.8032643044021114,False,False,Fading uptrend,0.42857142857142855
2021-04-26 00:00:00+00:00,0.42857142857142855,1.0,0.41739130434782606,False,0.04567845237403424,False,43.83534808716844,False,0.8008985489272543,False,False,Fading uptrend,0.42857142857142855
2021-04-27 00:00:00+00:00,0.42857142857142855,1.0,0.41379310344827586,False,0.018802232516472665,False,42.66421724171263,False,0.7832416954526632,False,False,Fading uptrend,0.42857142857142855
2021-04-28 00:00:00+00:00,0.42857142857142855,1.0,0.41025641025641024,False,0.07146486250075901,False,44.311819145152434,False,0.7772688936195374,False,False,Fading uptrend,0.42857142857142855
2021-04-29 00:00:00+00:00,0.42857142857142855,1.0,0.423728813559322,False,0.1324049427451664,False,45.693919786286294,False,0.7693988643589861,False,False,Fading uptrend,0.42857142857142855
2021-04-30 00:00:00+00:00,0.5714285714285714,1.0,0.4369747899159664,False,0.024139515825378325,False,49.05013993718919,False,0.7540161738762946,False,False,Uptrend,0.5714285714285714
2021-05-01 00:00:00+00:00,0.5714285714285714,1.0,0.43333333333333335,False,0.021185598665224604,False,53.31635529095126,False,0.7343884180985571,False,False,Uptrend,0.5714285714285714
2021-05-02 00:00:00+00:00,0.5714285714285714,1.0,0.21487603305785125,False,0.05339291993403216,False,53.830376314022956,False,0.7260570875489035,False,False,Uptrend,0.5714285714285714
2021-05-03 00:00:00+00:00,0.5714285714285714,1.0,0.19672131147540983,False,0.0027241269978960096,False,51.540653772396524,False,0.7167483459560167,False,False,Uptrend,0.5714285714285714
2021-05-04 00:00:00+00:00,0.5714285714285714,1.0,0.21138211382113822,False,0.10889527679254857,False,51.86764908678617,False,0.7411590562083826,False,False,Uptrend,0.5714285714285714
2021-05-05 00:00:00+00:00,0.7142857142857143,1.0,0.2903225806451613,False,0.03439897843636421,False,53.39463805972787,False,0.737706100206594,False,False,Uptrend,0.7142857142857143
2021-05-06 00:00:00+00:00,0.7142857142857143,1.0,0.2,False,0.03250474354343967,False,51.93673851135613,False,0.7318845320768499,False,False,Uptrend,0.7142857142857143
2021-05-07 00:00:00+00:00,0.7142857142857143,1.0,0.1746031746031746,False,0.02834322177878758,False,50.9470309251091,False,0.71954674846086,False,False,Uptrend,0.7142857142857143
2021-05-08 00:00:00+00:00,0.7142857142857143,1.0,0.1732283464566929,False,0.01653300626839357,False,49.425113963654766,False,0.7159879539686917,False,False,Uptrend,0.7142857142857143
2021-05-09 00:00:00+00:00,0.7142857142857143,1.0,0.1484375,False,0.0020475523729735494,False,54.891779934643175,False,0.7179844610815704,False,False,Uptrend,0.7142857142857143
2021-05-10 00:00:00+00:00,0.7142857142857143,1.0,0.14728682170542637,False,0.0809928565062342,False,70.6402768933801,False,0.7339566760427505,False,False,Uptrend,0.7142857142857143
2021-05-11 00:00:00+00:00,0.7142857142857143,1.0,0.16153846153846155,False,0.06742052912938884,False,70.84816869470914,False,0.7302612628938668,False,False,Uptrend,0.7142857142857143
2021-05-12 00:00:00+00:00,0.2857142857142857,1.0,0.4351145038167939,False,0.18160590162188067,True,60.132662124360614,True,0.8314439255435184,False,False,Fading uptrend,0.42857142857142855
2021-05-13 00:00:00+00:00,0.2857142857142857,1.0,0.48484848484848486,False,0.2640934201866541,True,53.765326380784856,True,0.8522415202668842,False,False,Fading uptrend,0.42857142857142855
2021-05-14 00:00:00+00:00,0.2857142857142857,1.0,0.45112781954887216,False,0.25128900242820545,True,52.19360532481336,True,0.8515900942718244,False,False,Fading uptrend,0.42857142857142855
2021-05-15 00:00:00+00:00,0.0,0.0,0.5,False,0.2976877579034723,True,54.02007163196966,True,0.8706213534725965,False,False,Downtrend,0.0
2021-05-16 00:00:00+00:00,0.0,0.0,0.5851851851851851,True,0.2781116036805612,True,51.0272082854225,False,0.9155670938575997,False,False,Downtrend,0.0
2021-05-17 00:00:00+00:00,0.0,0.0,0.6176470588235294,True,0.29859988976081,True,48.17663582333021,False,0.9985332361567548,False,False,Downtrend,0.0
2021-05-18 00:00:00+00:00,0.0,0.0,0.6204379562043796,True,0.2558503597520872,True,47.80804180706491,False,0.9988830772759767,False,False,Downtrend,0.0
2021-05-19 00:00:00+00:00,0.0,0.0,0.8840579710144928,True,0.3287169971556849,True,32.856587885460044,True,1.254698649009166,False,False,Downtrend,0.0
2021-05-20 00:00:00+00:00,0.0,0.0,0.9064748201438849,True,0.262038188341493,True,35.18097556546213,True,1.2930596093803581,False,False,Downtrend,0.0
2021-05-21 00:00:00+00:00,0.0,0.0,0.9071428571428571,True,0.26970871246361466,True,37.781699768007,True,1.3986602751316546,True,False,Storm,0.0
2021-05-22 00:00:00+00:00,0.0,0.0,0.9078014184397163,True,0.23971006340153864,True,38.26595916393139,False,1.3747763622966518,True,False,Storm,0.0
2021-05-23 00:00:00+00:00,0.0,0.0,0.9084507042253521,True,0.26719965268680207,True,40.135265905501576,False,1.414233454841818,True,False,Storm,0.0
2021-05-24 00:00:00+00:00,0.0,0.0,0.9090909090909091,True,0.17389633157106588,False,42.018600300048355,False,1.4007555758723154,True,False,Storm,0.0
2021-05-25 00:00:00+00:00,0.0,0.0,0.9097222222222222,True,0.16733955798696828,False,42.40935955339436,False,1.391397102920524,True,False,Storm,0.0
2021-05-26 00:00:00+00:00,0.0,0.0,0.8896551724137931,True,0.24527309196237007,True,49.52873066190302,False,1.3702127331626577,True,False,Storm,0.0
2021-05-27 00:00:00+00:00,0.0,0.0,0.8835616438356164,True,0.27526389493136344,True,48.517645737489374,False,1.355670904399917,False,False,Downtrend,0.0
2021-05-28 00:00:00+00:00,0.0,0.0,0.891156462585034,True,0.306542145384169,True,50.65787858884643,False,1.3522088873504,False,False,Downtrend,0.0
2021-05-29 00:00:00+00:00,0.0,0.0,0.8986486486486487,True,0.3039518382495058,True,52.138371001639335,False,1.3445346233979854,False,False,Downtrend,0.0
2021-05-30 00:00:00+00:00,0.0,0.0,0.8791946308724832,True,0.37225430169529056,True,57.20488179529314,False,1.321989424302842,False,False,Downtrend,0.0
2021-05-31 00:00:00+00:00,0.0,0.0,0.8666666666666667,True,0.33822500090537666,True,58.59558284424968,False,1.2919862897695982,False,False,Downtrend,0.0
2021-06-01 00:00:00+00:00,0.0,0.0,0.8609271523178808,True,0.3309401272426738,True,63.636858432880494,False,1.2753529778592898,False,False,Downtrend,0.0
2021-06-02 00:00:00+00:00,0.0,0.0,0.7960526315789473,True,0.3246700370392026,True,64.10417042964872,False,1.240201661952929,False,False,Downtrend,0.0
2021-06-03 00:00:00+00:00,0.0,0.0,0.7450980392156863,True,0.24024180482404411,True,61.546525162418995,False,1.2111454558680481,False,False,Downtrend,0.0
2021-06-04 00:00:00+00:00,0.0,0.0,0.7012987012987013,True,0.3662731536737585,True,62.990804844418356,False,1.1942312610561177,False,False,Downtrend,0.0
2021-06-05 00:00:00+00:00,0.0,0.0,0.6838709677419355,True,0.3693374860440336,True,62.617108177155075,False,1.1904536115233113,False,False,Downtrend,0.0
2021-06-06 00:00:00+00:00,0.0,0.0,0.532051282051282,True,0.3849659194590049,True,67.99291376474795,False,1.1603392607938245,False,True,Downtrend,0.0
2021-06-07 00:00:00+00:00,0.0,0.0,0.445859872611465,False,0.4472136414927442,True,65.61063496126047,True,1.150326723810942,False,True,Downtrend,0.0
2021-06-08 00:00:00+00:00,0.0,0.0,0.44936708860759494,False,0.44279058185925146,True,55.2521045221406,True,1.1411988063587457,False,True,Downtrend,0.0
2021-06-09 00:00:00+00:00,0.0,0.0,0.5408805031446541,True,0.3192308631750426,True,58.778430960912175,False,1.1312589628926915,False,True,Downtrend,0.0
2021-06-10 00:00:00+00:00,0.0,0.0,0.53125,True,0.34721380471088104,True,62.25623207450455,False,1.116975600717616,False,True,Downtrend,0.0
2021-06-11 00:00:00+00:00,0.0,0.0,0.4782608695652174,False,0.2402095677284758,True,60.0762215207874,True,1.0931422751287607,False,True,Downtrend,0.0
2021-06-12 00:00:00+00:00,0.0,0.0,0.43209876543209874,False,0.2667646985500698,True,59.29663311115522,True,1.080641474435441,False,True,Downtrend,0.0
2021-06-13 00:00:00+00:00,0.14285714285714285,0.0,0.49693251533742333,False,0.1923618298415329,False,60.686212147525296,False,1.0654418235291956,False,True,Downtrend,0.05357142857142857
2021-06-14 00:00:00+00:00,0.2857142857142857,0.0,0.4634146341463415,False,0.11426193524785062,False,53.2565837377571,False,1.0425086643248325,False,True,Downtrend,0.10714285714285714
2021-06-15 00:00:00+00:00,0.2857142857142857,0.0,0.43636363636363634,False,0.11492181793855533,False,51.892222537141194,False,1.0222147831360646,False,True,Downtrend,0.10714285714285714
2021-06-16 00:00:00+00:00,0.2857142857142857,0.0,0.43373493975903615,False,0.0967879963433784,False,51.99107127250413,False,1.0025409817702158,False,False,Downtrend,0.14285714285714285
2021-06-17 00:00:00+00:00,0.2857142857142857,0.0,0.4251497005988024,False,0.08944716361060545,False,51.88756853307181,False,0.9846219728208321,False,True,Downtrend,0.10714285714285714
2021-06-18 00:00:00+00:00,0.2857142857142857,0.0,0.40476190476190477,False,0.01765443957678032,False,51.266564948462765,False,0.9804981272015215,False,True,Downtrend,0.10714285714285714
2021-06-19 00:00:00+00:00,0.2857142857142857,0.0,0.378698224852071,False,0.11012396622025308,False,49.84503051393471,False,0.966223058107122,False,True,Downtrend,0.10714285714285714
2021-06-20 00:00:00+00:00,0.2857142857142857,0.0,0.4117647058823529,False,0.03874405329151467,False,51.334958566616116,False,0.9579814039849449,False,True,Downtrend,0.10714285714285714
2021-06-21 00:00:00+00:00,0.0,0.0,0.5087719298245614,True,0.12580220227084948,False,52.17617058260241,False,1.0121343108276692,False,True,Downtrend,0.0
2021-06-22 00:00:00+00:00,0.0,0.0,0.5697674418604651,True,0.048180302097762605,False,46.172588230204326,False,1.091856715677612,False,True,Downtrend,0.0
2021-06-23 00:00:00+00:00,0.0,0.0,0.4913294797687861,False,0.12314644654283252,False,44.396310289324816,False,1.0803533034626953,False,True,Downtrend,0.0
2021-06-24 00:00:00+00:00,0.0,0.0,0.5114942528735632,True,0.08702520777525935,False,44.67875934807789,False,1.0613327694693209,False,True,Downtrend,0.0
2021-06-25 00:00:00+00:00,0.0,0.0,0.6,True,0.17310095449596896,False,46.91996813862314,False,1.0531273865031794,False,False,Downtrend,0.0
2021-06-26 00:00:00+00:00,0.0,0.0,0.6022727272727273,True,0.14124225565939755,False,46.66983328781371,False,1.0658265205730244,False,False,Downtrend,0.0
2021-06-27 00:00:00+00:00,0.0,0.0,0.5536723163841808,True,0.022002570907262556,False,45.00270596019762,False,1.0492900842484993,False,False,Downtrend,0.0
2021-06-28 00:00:00+00:00,0.0,0.0,0.5337078651685393,True,0.002568873344246316,False,44.16407573403994,False,1.0299205297658907,False,False,Downtrend,0.0
2021-06-29 00:00:00+00:00,0.0,0.0,0.5586592178770949,True,0.006245863379879164,False,47.19047406275923,False,1.0115887172014524,False,False,Downtrend,0.0
2021-06-30 00:00:00+00:00,0.0,0.0,0.5555555555555556,True,0.051903060523140365,False,50.146698713255205,False,0.9979717403496432,False,False,Downtrend,0.0
2021-07-01 00:00:00+00:00,0.0,0.0,0.56353591160221,True,0.0732358753804892,False,55.399622231867,False,0.9908688785971949,False,False,Downtrend,0.0
2021-07-02 00:00:00+00:00,0.0,0.0,0.5164835164835165,True,0.08807467506987855,False,60.76922555523258,False,0.9726605146110344,False,False,Downtrend,0.0
2021-07-03 00:00:00+00:00,0.0,0.0,0.5191256830601093,True,0.10861233052679238,False,60.74516448672053,False,0.9442957541067363,False,False,Downtrend,0.0
2021-07-04 00:00:00+00:00,0.0,0.0,0.483695652173913,False,0.03823119651160681,False,59.561573003653635,False,0.9221070332679514,False,False,Downtrend,0.0
2021-07-05 00:00:00+00:00,0.0,0.0,0.34054054054054056,False,0.044873180209978825,False,57.13281798312617,False,0.9186940025333357,False,True,Downtrend,0.0
2021-07-06 00:00:00+00:00,0.0,0.0,0.27419354838709675,False,0.03856514090968019,False,61.05025117901187,False,0.9078468314304622,False,True,Downtrend,0.0
2021-07-07 00:00:00+00:00,0.0,0.0,0.18181818181818182,False,0.007933965441223472,False,58.73226855902659,False,0.8834474337862123,False,True,Downtrend,0.0
2021-07-08 00:00:00+00:00,0.0,0.0,0.14361702127659576,False,0.012690157653413688,False,57.25882690168279,False,0.8752410971484039,False,True,Downtrend,0.0
2021-07-09 00:00:00+00:00,0.0,0.0,0.08465608465608465,False,0.09724254777957816,False,54.03147717592101,False,0.8573637382654994,False,True,Downtrend,0.0
2021-07-10 00:00:00+00:00,0.0,0.0,0.06842105263157895,False,0.08731981009451512,False,64.70235609905076,False,0.8401821784440432,False,True,Downtrend,0.0
2021-07-11 00:00:00+00:00,0.0,0.0,0.05759162303664921,False,0.08433978312007728,False,63.39671933368122,False,0.8163254822722648,False,True,Downtrend,0.0
2021-07-12 00:00:00+00:00,0.0,0.0,0.06770833333333333,False,0.06865775304335409,False,64.30564418662742,False,0.7969376367216744,False,True,Downtrend,0.0
2021-07-13 00:00:00+00:00,0.0,0.0,0.05699481865284974,False,0.19235144040370936,True,66.79694850818679,True,0.7859456755818258,False,True,Downtrend,0.0
2021-07-14 00:00:00+00:00,0.0,0.0,0.05670103092783505,False,0.24589311245477152,True,62.402140728818836,True,0.7773829297463216,False,True,Downtrend,0.0
2021-07-15 00:00:00+00:00,0.0,0.0,0.05641025641025641,False,0.2593289237587953,True,58.49486799765804,True,0.7656336092756226,False,True,Downtrend,0.0
2021-07-16 00:00:00+00:00,0.0,0.0,0.061224489795918366,False,0.22785634183587367,True,57.53756295726304,True,0.7523695918433178,False,True,Downtrend,0.0
2021-07-17 00:00:00+00:00,0.0,0.0,0.05583756345177665,False,0.21587097859058066,True,56.10629044371282,True,0.7354373050345567,False,True,Downtrend,0.0
2021-07-18 00:00:00+00:00,0.0,0.0,0.050505050505050504,False,0.14213023728231763,False,61.15657840615982,False,0.7208690393228753,False,True,Downtrend,0.0
2021-07-19 00:00:00+00:00,0.0,0.0,0.04522613065326633,False,0.15993942781533413,False,56.24854573138098,False,0.7093674766466848,False,True,Downtrend,0.0
2021-07-20 00:00:00+00:00,0.0,0.0,0.055,False,0.1938587801045673,True,48.85535997535744,True,0.7104341121322403,False,True,Downtrend,0.0
2021-07-21 00:00:00+00:00,0.0,0.0,0.11442786069651742,False,0.018903566328370966,False,55.04023361085384,False,0.6968088641449097,False,True,Downtrend,0.0
2021-07-22 00:00:00+00:00,0.0,0.0,0.10891089108910891,False,0.00804100539222067,False,53.41458101321169,False,0.6822662310821332,False,True,Downtrend,0.0
2021-07-23 00:00:00+00:00,0.0,0.0,0.10837438423645321,False,0.0015847129608478334,False,53.22001091829519,False,0.6694302862085031,False,True,Downtrend,0.0
2021-07-24 00:00:00+00:00,0.14285714285714285,0.0,0.09803921568627451,False,0.014783680744050377,False,52.946252977643965,False,0.6553189817105687,False,True,Downtrend,0.05357142857142857
2021-07-25 00:00:00+00:00,0.2857142857142857,0.0,0.11707317073170732,False,0.14926012141093317,False,48.53020824145204,False,0.6407315859301881,False,True,Downtrend,0.10714285714285714
2021-07-26 00:00:00+00:00,0.42857142857142855,0.0,0.17475728155339806,False,0.18628557332652457,True,30.71287298061055,True,0.7262288398123197,False,False,Downtrend,0.3214285714285714
2021-07-27 00:00:00+00:00,0.5714285714285714,0.0,0.2222222222222222,False,0.1802307014197508,True,33.62040090980444,True,0.7280196004202873,False,False,Bear rally,0.42857142857142855
2021-07-28 00:00:00+00:00,0.5714285714285714,0.0,0.22596153846153846,False,0.20650555654609382,True,33.234473906653214,True,0.7769472365310219,False,False,Bear rally,0.42857142857142855
2021-07-29 00:00:00+00:00,0.5714285714285714,0.0,0.21052631578947367,False,0.16199100451195125,False,32.39483557846569,True,0.7648448126836486,False,False,Bear rally,0.42857142857142855
2021-07-30 00:00:00+00:00,0.7142857142857143,0.0,0.2904761904761905,False,0.2685930404954071,True,31.70048256364072,True,0.7648220369940875,False,False,Bear rally,0.5357142857142857
2021-07-31 00:00:00+00:00,0.7142857142857143,0.0,0.2985781990521327,False,0.3076202817824885,True,32.138101799348235,True,0.7496621409859119,False,False,Bear rally,0.5357142857142857
2021-08-01 00:00:00+00:00,0.7142857142857143,0.0,0.33490566037735847,False,0.22274274492128876,True,33.92057465886737,True,0.7460975480329631,False,False,Bear rally,0.5357142857142857
2021-08-02 00:00:00+00:00,0.7142857142857143,0.0,0.323943661971831,False,0.16577714293540252,False,34.26582388425927,True,0.740381753289759,False,False,Bear rally,0.5357142857142857
2021-08-03 00:00:00+00:00,0.7142857142857143,0.0,0.32242990654205606,False,0.10682406403576929,False,35.25658407179614,True,0.7302306681446281,False,False,Bear rally,0.5357142857142857
2021-08-04 00:00:00+00:00,0.7142857142857143,0.0,0.2372093023255814,False,0.2213189686670474,True,41.2454765582379,True,0.7118636837831356,False,False,Bear rally,0.5357142857142857
2021-08-05 00:00:00+00:00,0.7142857142857143,0.0,0.375,False,0.2383464142274774,True,45.51006835581619,True,0.7124163674917093,False,False,Bear rally,0.5357142857142857
2021-08-06 00:00:00+00:00,0.7142857142857143,0.0,0.39631336405529954,False,0.30437935236444075,True,49.905471618621625,True,0.7184355997478769,False,False,Bear rally,0.5357142857142857
2021-08-07 00:00:00+00:00,0.7142857142857143,0.0,0.39908256880733944,False,0.3868681219275756,True,47.94066471008256,True,0.7106220528292606,False,False,Bear rally,0.5357142857142857
2021-08-08 00:00:00+00:00,0.7142857142857143,0.0,0.4018264840182648,False,0.3318141280109499,True,51.12682813847677,True,0.7085165249523244,False,False,Bear rally,0.5357142857142857
2021-08-09 00:00:00+00:00,0.7142857142857143,0.0,0.2818181818181818,False,0.3957477661355179,True,49.591384638459,True,0.7080989011888246,False,False,Bear rally,0.5357142857142857
2021-08-10 00:00:00+00:00,0.7142857142857143,0.0,0.2171945701357466,False,0.3524931592798509,True,51.255051110885,True,0.700748866101201,False,False,Bear rally,0.5357142857142857
2021-08-11 00:00:00+00:00,0.7142857142857143,0.0,0.2072072072072072,False,0.40036316472114164,True,50.312935353509395,True,0.68706186117087,False,False,Bear rally,0.5357142857142857
2021-08-12 00:00:00+00:00,0.7142857142857143,0.0,0.21973094170403587,False,0.3670967151327126,True,51.37388189232812,True,0.6805522479645194,False,False,Bear rally,0.5357142857142857
2021-08-13 00:00:00+00:00,1.0,1.0,0.18303571428571427,False,0.4267965938281371,True,46.682901890047006,True,0.6623584723634471,False,False,Calm uptrend,1.5
2021-08-14 00:00:00+00:00,1.0,1.0,0.2,False,0.43532422225094747,True,46.519665472226556,True,0.6591498351381047,False,False,Calm uptrend,1.5
2021-08-15 00:00:00+00:00,1.0,1.0,0.15486725663716813,False,0.452031058315673,True,45.155683304621306,True,0.6499225343018699,False,False,Calm uptrend,1.5
2021-08-16 00:00:00+00:00,1.0,1.0,0.15859030837004406,False,0.4059624558927312,True,45.79303806523305,True,0.6501298644448161,False,False,Calm uptrend,1.5
2021-08-17 00:00:00+00:00,1.0,1.0,0.17105263157894737,False,0.35514800594415724,True,46.463281409511524,True,0.6476097323967316,False,False,Calm uptrend,1.5
2021-08-18 00:00:00+00:00,1.0,1.0,0.15283842794759825,False,0.391217495037001,True,45.77382606558681,True,0.6449392013298672,False,False,Calm uptrend,1.5
2021-08-19 00:00:00+00:00,1.0,1.0,0.13478260869565217,False,0.4655982677934863,True,54.86785843881462,True,0.6398582889765474,False,False,Calm uptrend,1.5
2021-08-20 00:00:00+00:00,1.0,1.0,0.12554112554112554,False,0.4686261457878657,True,60.776664606942404,True,0.6288366277053383,False,False,Calm uptrend,1.5
2021-08-21 00:00:00+00:00,1.0,1.0,0.1206896551724138,False,0.44670561484958926,True,59.75314101474631,True,0.6310729916812439,False,False,Calm uptrend,1.5
2021-08-22 00:00:00+00:00,1.0,1.0,0.11587982832618025,False,0.4324623098588116,True,59.07506708873699,True,0.6212629540292472,False,False,Calm uptrend,1.5
2021-08-23 00:00:00+00:00,1.0,1.0,0.07692307692307693,False,0.42651165851534384,True,57.84138920055793,True,0.608014300083767,False,False,Calm uptrend,1.5
2021-08-24 00:00:00+00:00,1.0,1.0,0.08085106382978724,False,0.3377017854282923,True,58.02381190622396,True,0.6048222831373581,False,False,Calm uptrend,1.5
2021-08-25 00:00:00+00:00,1.0,1.0,0.08898305084745763,False,0.3274051573680195,True,58.909172576916966,True,0.6019773306467665,False,False,Calm uptrend,1.5
2021-08-26 00:00:00+00:00,1.0,1.0,0.09282700421940929,False,0.20657932495045297,True,60.5785378258772,True,0.6041697282835856,False,False,Calm uptrend,1.5
2021-08-27 00:00:00+00:00,1.0,1.0,0.07142857142857142,False,0.24187025765029624,True,59.554681289247036,True,0.5903902108373028,False,False,Calm uptrend,1.5
2021-08-28 00:00:00+00:00,1.0,1.0,0.06276150627615062,False,0.23620530449488322,True,58.063814592152596,True,0.5759423321172681,False,False,Calm uptrend,1.5
2021-08-29 00:00:00+00:00,1.0,1.0,0.0625,False,0.1846880395504748,False,58.06065085798154,False,0.5734342049006902,False,False,Uptrend,1.0
2021-08-30 00:00:00+00:00,1.0,1.0,0.04564315352697095,False,0.15098267211118913,False,57.611798094725955,False,0.5774962158662608,False,False,Uptrend,1.0
2021-08-31 00:00:00+00:00,1.0,1.0,0.028925619834710745,False,0.2068893443055351,True,56.018453278851496,True,0.5701870248165072,False,False,Calm uptrend,1.5
2021-09-01 00:00:00+00:00,1.0,1.0,0.04526748971193416,False,0.26780398899816094,True,57.11622348410007,True,0.5634131869390383,False,False,Calm uptrend,1.5
2021-09-02 00:00:00+00:00,1.0,1.0,0.02459016393442623,False,0.31030489431392955,True,72.01862565396006,True,0.5555892911987584,False,False,Calm uptrend,1.5
2021-09-03 00:00:00+00:00,1.0,1.0,0.02040816326530612,False,0.2951762791787887,True,67.70148421659125,True,0.5569802726289798,False,False,Calm uptrend,1.5
2021-09-04 00:00:00+00:00,1.0,1.0,0.012195121951219513,False,0.26818531642749793,True,67.20467009702998,True,0.5494125606737239,False,False,Calm uptrend,1.5
2021-09-05 00:00:00+00:00,1.0,1.0,0.04048582995951417,False,0.26528691848473757,True,61.96027085434667,True,0.537895093535195,False,False,Calm uptrend,1.5
2021-09-06 00:00:00+00:00,1.0,1.0,0.04435483870967742,False,0.24672270711466512,True,56.916756958530314,True,0.5246416011879036,False,False,Calm uptrend,1.5
2021-09-07 00:00:00+00:00,0.8571428571428571,1.0,0.39357429718875503,False,0.0811627252669145,False,49.431362618564826,False,0.6595157081903142,False,True,Uptrend,0.6428571428571428
2021-09-08 00:00:00+00:00,0.8571428571428571,1.0,0.424,False,0.005669580842461836,False,50.229799896749185,False,0.6674489654947047,False,True,Uptrend,0.6428571428571428
2021-09-09 00:00:00+00:00,0.8571428571428571,1.0,0.38645418326693226,False,0.02259695856624583,False,48.995287922417226,False,0.6563897603682725,False,False,Uptrend,0.8571428571428571
2021-09-10 00:00:00+00:00,0.7142857142857143,1.0,0.3968253968253968,False,0.01768615692287815,False,49.09709051488846,False,0.6555490794671959,False,False,Uptrend,0.7142857142857143
2021-09-11 00:00:00+00:00,0.7142857142857143,1.0,0.4031620553359684,False,0.021205101443372523,False,49.418475596694414,False,0.6407410404716408,False,False,Uptrend,0.7142857142857143
2021-09-12 00:00:00+00:00,0.7142857142857143,1.0,0.4015748031496063,False,0.05222379879318765,False,49.26325281887302,False,0.6335507072252621,False,False,Uptrend,0.7142857142857143
2021-09-13 00:00:00+00:00,0.7142857142857143,1.0,0.4588235294117647,False,0.06196798999090188,False,50.744736881567924,False,0.7015613614588311,False,False,Uptrend,0.7142857142857143
2021-09-14 00:00:00+00:00,0.7142857142857143,1.0,0.46875,False,0.003781630995203266,False,51.82253895327934,False,0.6844470100556364,False,False,Uptrend,0.7142857142857143
2021-09-15 00:00:00+00:00,0.7142857142857143,1.0,0.4591439688715953,False,0.06107583392892819,False,51.02271737689903,False,0.6669315090124535,False,False,Uptrend,0.7142857142857143
2021-09-16 00:00:00+00:00,0.7142857142857143,1.0,0.4573643410852713,False,0.08561781579674003,False,50.69835423733301,False,0.6600849761386975,False,False,Uptrend,0.7142857142857143
2021-09-17 00:00:00+00:00,0.7142857142857143,1.0,0.44787644787644787,False,0.07216097463162231,False,49.46216962757782,False,0.6536457911329897,False,False,Uptrend,0.7142857142857143
2021-09-18 00:00:00+00:00,0.7142857142857143,1.0,0.45384615384615384,False,0.04390733183548068,False,50.110953773017,False,0.637099385421048,False,False,Uptrend,0.7142857142857143
2021-09-19 00:00:00+00:00,0.7142857142857143,1.0,0.44061302681992337,False,0.06232772198514607,False,49.191691082002926,False,0.6294454725731097,False,False,Uptrend,0.7142857142857143
2021-09-20 00:00:00+00:00,0.42857142857142855,0.0,0.5038167938931297,True,0.15646444386776617,False,50.919080706776974,False,0.6644797779824315,False,False,Downtrend,0.12857142857142856
2021-09-21 00:00:00+00:00,0.2857142857142857,0.0,0.19771863117870722,False,0.21822412257113677,True,49.25028908970973,True,0.7359510706665691,False,False,Downtrend,0.21428571428571427
2021-09-22 00:00:00+00:00,0.2857142857142857,0.0,0.20833333333333334,False,0.14314648555254,False,49.81178848251722,False,0.7237640158072528,False,False,Downtrend,0.14285714285714285
2021-09-23 00:00:00+00:00,0.42857142857142855,0.0,0.21132075471698114,False,0.06844037810521948,False,49.836026682200696,False,0.7102572696526912,False,False,Downtrend,0.21428571428571427
2021-09-24 00:00:00+00:00,0.42857142857142855,0.0,0.2593984962406015,False,0.14745273030703623,False,51.58249574174885,False,0.7590591021480394,False,False,Downtrend,0.21428571428571427
2021-09-25 00:00:00+00:00,0.42857142857142855,0.0,0.26217228464419473,False,0.10484124824803184,False,51.640089301462815,False,0.7416541890511029,False,False,Downtrend,0.21428571428571427
2021-09-26 00:00:00+00:00,0.42857142857142855,0.0,0.31343283582089554,False,0.1552162809769301,False,53.16403886722293,False,0.7419243844684781,False,False,Downtrend,0.21428571428571427
2021-09-27 00:00:00+00:00,0.42857142857142855,0.0,0.2788104089219331,False,0.17343271874548624,False,51.87445166918213,False,0.7384328802035324,False,False,Downtrend,0.21428571428571427
2021-09-28 00:00:00+00:00,0.2857142857142857,0.0,0.2518518518518518,False,0.19400878407588645,True,51.077623439561584,True,0.7303873183157447,False,False,Downtrend,0.21428571428571427
2021-09-29 00:00:00+00:00,0.2857142857142857,0.0,0.2656826568265683,False,0.14136192634023909,False,51.097255336767816,False,0.7179984224180447,False,False,Downtrend,0.14285714285714285
2021-09-30 00:00:00+00:00,0.2857142857142857,0.0,0.30514705882352944,False,0.08032054781290808,False,52.34859458565652,False,0.714543308576463,False,False,Downtrend,0.14285714285714285
2021-10-01 00:00:00+00:00,0.8571428571428571,1.0,0.4725274725274725,False,0.015411149450895204,False,56.036712078464895,False,0.7060103230724084,False,False,Uptrend,0.8571428571428571
2021-10-02 00:00:00+00:00,0.8571428571428571,1.0,0.43795620437956206,False,0.03707290278892082,False,56.64023683743773,False,0.6886682401091654,False,False,Uptrend,0.8571428571428571
2021-10-03 00:00:00+00:00,0.8571428571428571,1.0,0.4618181818181818,False,0.04156235438922417,False,54.20502555685565,False,0.6776637401594485,False,False,Uptrend,0.8571428571428571
2021-10-04 00:00:00+00:00,1.0,1.0,0.3333333333333333,False,0.015616478991573774,False,50.879849499318105,False,0.6719497379544777,False,False,Uptrend,1.0
2021-10-05 00:00:00+00:00,1.0,1.0,0.26353790613718414,False,0.006382697957397736,False,44.747202307119636,False,0.6611272409965844,False,False,Uptrend,1.0
2021-10-06 00:00:00+00:00,1.0,1.0,0.31654676258992803,False,0.05572965891624089,False,35.830781013775784,True,0.6614356044584021,False,False,Calm uptrend,1.5
2021-10-07 00:00:00+00:00,1.0,1.0,0.3046594982078853,False,0.1598484353352503,False,35.89555849213837,True,0.6588837188307117,False,False,Calm uptrend,1.5
2021-10-08 00:00:00+00:00,1.0,1.0,0.20357142857142857,False,0.1852968925552249,True,33.16534139645453,True,0.6609335670670233,False,False,Calm uptrend,1.5
2021-10-09 00:00:00+00:00,1.0,1.0,0.20640569395017794,False,0.1975535868763479,True,33.68314573807245,True,0.6434126581637418,False,False,Calm uptrend,1.5
2021-10-10 00:00:00+00:00,1.0,1.0,0.19148936170212766,False,0.23325343461817344,True,31.833998108872805,True,0.6356169231631325,False,False,Calm uptrend,1.5
2021-10-11 00:00:00+00:00,1.0,1.0,0.19434628975265017,False,0.2761121578925625,True,30.082316215572245,True,0.6219116215170799,False,False,Calm uptrend,1.5
2021-10-12 00:00:00+00:00,1.0,1.0,0.2112676056338028,False,0.2208006331054919,True,31.942560585177045,True,0.6178307948233689,False,False,Calm uptrend,1.5
2021-10-13 00:00:00+00:00,1.0,1.0,0.22456140350877193,False,0.27342290713130674,True,35.083262986454194,True,0.6228247305258534,False,False,Calm uptrend,1.5
2021-10-14 00:00:00+00:00,1.0,1.0,0.2062937062937063,False,0.23643237355336635,True,36.965333004265794,True,0.6103331673796965,False,False,Calm uptrend,1.5
2021-10-15 00:00:00+00:00,1.0,1.0,0.1916376306620209,False,0.29073225383518053,True,35.8528773192422,True,0.6202135748887048,False,False,Calm uptrend,1.5
2021-10-16 00:00:00+00:00,1.0,1.0,0.19444444444444445,False,0.2793887441494293,True,37.046181553675474,True,0.6112730578592208,False,False,Calm uptrend,1.5
2021-10-17 00:00:00+00:00,1.0,1.0,0.20069204152249134,False,0.3012048957928249,True,37.589026005650865,True,0.6153340866854028,False,False,Calm uptrend,1.5
2021-10-18 00:00:00+00:00,1.0,1.0,0.19310344827586207,False,0.2935592077019513,True,43.171120840869435,True,0.6085068591737955,False,False,Calm uptrend,1.5
2021-10-19 00:00:00+00:00,1.0,1.0,0.18556701030927836,False,0.35537103553910576,True,42.90956448640819,True,0.593880108308121,False,False,Calm uptrend,1.5
2021-10-20 00:00:00+00:00,1.0,1.0,0.14726027397260275,False,0.5058346689389016,True,42.532019802820216,True,0.5879207880442414,False,False,Calm uptrend,1.5
2021-10-21 00:00:00+00:00,1.0,1.0,0.16382252559726962,False,0.45687743209094306,True,45.598041270758785,True,0.5988836000822434,False,False,Calm uptrend,1.5
2021-10-22 00:00:00+00:00,1.0,1.0,0.17346938775510204,False,0.3754510935631393,True,46.77084793179612,True,0.6152960822020587,False,False,Calm uptrend,1.5
2021-10-23 00:00:00+00:00,1.0,1.0,0.17627118644067796,False,0.365401813180908,True,47.68830955997452,True,0.6068477761506847,False,False,Calm uptrend,1.5
2021-10-24 00:00:00+00:00,1.0,1.0,0.16891891891891891,False,0.41646670475465003,True,47.28256717300203,True,0.5971115204652585,False,False,Calm uptrend,1.5
2021-10-25 00:00:00+00:00,1.0,1.0,0.16161616161616163,False,0.4494454425690274,True,46.98006882872543,True,0.5830882870642013,False,False,Calm uptrend,1.5
2021-10-26 00:00:00+00:00,1.0,1.0,0.15771812080536912,False,0.36016274540778553,True,47.548921572084616,True,0.58738730247222,False,False,Calm uptrend,1.5
2021-10-27 00:00:00+00:00,1.0,1.0,0.15719063545150502,False,0.33490745417181506,True,56.220835666863195,True,0.5864074749053652,False,False,Calm uptrend,1.5
2021-10-28 00:00:00+00:00,1.0,1.0,0.19666666666666666,False,0.3940563045561883,True,58.76291233711083,True,0.5884617918562439,False,False,Calm uptrend,1.5
2021-10-29 00:00:00+00:00,1.0,1.0,0.132890365448505,False,0.408134925674283,True,59.88071456377646,True,0.5828945972992914,False,False,Calm uptrend,1.5
2021-10-30 00:00:00+00:00,1.0,1.0,0.11920529801324503,False,0.3689264243485727,True,59.41706632813442,True,0.5699221299409513,False,False,Calm uptrend,1.5
2021-10-31 00:00:00+00:00,1.0,1.0,0.11551155115511551,False,0.2915799580785076,True,59.161997303136395,True,0.5596916095091049,False,False,Calm uptrend,1.5
2021-11-01 00:00:00+00:00,1.0,1.0,0.11842105263157894,False,0.2949666501441151,True,59.31881623701844,True,0.5700879814518295,False,False,Calm uptrend,1.5
2021-11-02 00:00:00+00:00,1.0,1.0,0.14754098360655737,False,0.32126265374427637,True,59.73196033014374,True,0.5620666937877671,False,False,Calm uptrend,1.5
2021-11-03 00:00:00+00:00,1.0,1.0,0.13725490196078433,False,0.2968747624943706,True,60.904933035277296,True,0.5618610025964258,False,False,Calm uptrend,1.5
2021-11-04 00:00:00+00:00,1.0,1.0,0.10097719869706841,False,0.21902239793616576,True,70.79091824820347,True,0.5598551149525525,False,True,Calm uptrend,1.125
2021-11-05 00:00:00+00:00,1.0,1.0,0.08116883116883117,False,0.13411277064104646,False,69.06728221816277,False,0.5561173837159824,False,False,Uptrend,1.0
2021-11-06 00:00:00+00:00,1.0,1.0,0.07119741100323625,False,0.18779412357619094,False,68.42104219073234,False,0.5433498165922025,False,False,Uptrend,1.0
2021-11-07 00:00:00+00:00,1.0,1.0,0.07096774193548387,False,0.2190289210954924,True,68.3961214341127,True,0.528326118472627,False,False,Calm uptrend,1.5
2021-11-08 00:00:00+00:00,1.0,1.0,0.09967845659163987,False,0.2744960359286327,True,53.27802918764007,True,0.5230081404907196,False,False,Calm uptrend,1.5
2021-11-09 00:00:00+00:00,1.0,1.0,0.08333333333333333,False,0.2665495658390657,True,49.47162783042333,True,0.5232129947981905,False,True,Calm uptrend,1.125
2021-11-10 00:00:00+00:00,1.0,1.0,0.13099041533546327,False,0.16339944791822852,False,50.31248687299205,False,0.5584811110607049,False,True,Uptrend,0.75
2021-11-11 00:00:00+00:00,1.0,1.0,0.07643312101910828,False,0.19953306879960733,True,53.13636001395685,True,0.5479442569109153,False,False,Calm uptrend,1.5
2021-11-12 00:00:00+00:00,1.0,1.0,0.09206349206349207,False,0.15611336934333642,False,53.49176730627556,False,0.5450400177930048,False,False,Uptrend,1.0
2021-11-13 00:00:00+00:00,1.0,1.0,0.09177215189873418,False,0.1616193235489205,False,53.44701131484307,False,0.5354707396833618,False,False,Uptrend,1.0
2021-11-14 00:00:00+00:00,1.0,1.0,0.06309148264984227,False,0.09539279209932196,False,52.97603472526389,False,0.5253319275097411,False,False,Uptrend,1.0
2021-11-15 00:00:00+00:00,1.0,1.0,0.05660377358490566,False,0.0659063734083974,False,55.582726168866806,False,0.520628041852993,False,False,Uptrend,1.0
2021-11-16 00:00:00+00:00,0.7142857142857143,1.0,0.12852664576802508,False,0.03314427388042836,False,51.13982617446918,False,0.5445488663492354,False,False,Uptrend,0.7142857142857143
2021-11-17 00:00:00+00:00,0.7142857142857143,1.0,0.1125,False,0.03772042206854354,False,49.79832880231682,False,0.5496871136741673,False,False,Uptrend,0.7142857142857143
2021-11-18 00:00:00+00:00,0.5714285714285714,1.0,0.1557632398753894,False,0.16303184418249309,False,45.522726606833736,False,0.5685684313328071,False,False,Uptrend,0.5714285714285714
2021-11-19 00:00:00+00:00,0.5714285714285714,1.0,0.19254658385093168,False,0.1775872642115366,False,43.72759859560377,False,0.5701223566398949,False,False,Uptrend,0.5714285714285714
2021-11-20 00:00:00+00:00,0.5714285714285714,1.0,0.20123839009287925,False,0.05833595014769162,False,44.592961585431055,False,0.5600859009820949,False,False,Uptrend,0.5714285714285714
2021-11-21 00:00:00+00:00,0.5714285714285714,1.0,0.19753086419753085,False,0.04897413155178941,False,44.22467369073256,False,0.5548269692645428,False,False,Uptrend,0.5714285714285714
2021-11-22 00:00:00+00:00,0.5714285714285714,1.0,0.19384615384615383,False,0.11462443760429958,False,43.62009913981482,False,0.5714678180585631,False,False,Uptrend,0.5714285714285714
2021-11-23 00:00:00+00:00,0.5714285714285714,1.0,0.2116564417177914,False,0.0738631077987102,False,43.17637797023633,False,0.5735375111588469,False,False,Uptrend,0.5714285714285714
2021-11-24 00:00:00+00:00,0.5714285714285714,1.0,0.10397553516819572,False,0.13814479403356741,False,47.16024602013081,False,0.5687512737640796,False,False,Uptrend,0.5714285714285714
2021-11-25 00:00:00+00:00,0.5714285714285714,1.0,0.13414634146341464,False,0.03252482946122792,False,48.03514898248446,False,0.5571575643285477,False,False,Uptrend,0.5714285714285714
2021-11-26 00:00:00+00:00,0.42857142857142855,1.0,0.23100303951367782,False,0.1032530285309437,False,44.59516061416829,False,0.59165870601086,False,False,Fading uptrend,0.42857142857142855
2021-11-27 00:00:00+00:00,0.42857142857142855,1.0,0.23333333333333334,False,0.1323894527289387,False,44.622508281562865,False,0.5844934684441496,False,False,Fading uptrend,0.42857142857142855
2021-11-28 00:00:00+00:00,0.42857142857142855,1.0,0.2688821752265861,False,0.11039399741244851,False,45.86627466898379,False,0.5783480257160135,False,False,Fading uptrend,0.42857142857142855
2021-11-29 00:00:00+00:00,0.42857142857142855,1.0,0.25903614457831325,False,0.09031574476744966,False,54.190212915447226,False,0.5762151094681245,False,False,Fading uptrend,0.42857142857142855
2021-11-30 00:00:00+00:00,0.42857142857142855,1.0,0.23723723723723725,False,0.09564297604989273,False,63.78555662631838,False,0.5949298206435022,False,False,Fading uptrend,0.42857142857142855
2021-12-01 00:00:00+00:00,0.42857142857142855,1.0,0.24251497005988024,False,0.08224099110032725,False,63.902371096677605,False,0.5952827664287943,False,False,Fading uptrend,0.42857142857142855
2021-12-02 00:00:00+00:00,0.42857142857142855,1.0,0.1582089552238806,False,0.1541782296812166,False,66.12128638984643,False,0.5913068505443017,False,False,Fading uptrend,0.42857142857142855
2021-12-03 00:00:00+00:00,0.42857142857142855,1.0,0.2857142857142857,False,0.20089908718876406,True,61.195852427741535,True,0.5975293121055495,False,False,Fading uptrend,0.6428571428571428
2021-12-04 00:00:00+00:00,0.2857142857142857,1.0,0.7181008902077152,True,0.24874990501106756,True,39.65895659138218,False,0.7283392369865493,False,False,Fading uptrend,0.1714285714285714
2021-12-05 00:00:00+00:00,0.2857142857142857,1.0,0.7248520710059172,True,0.23551560816722023,True,41.22555148678656,False,0.7259904440252429,False,False,Fading uptrend,0.1714285714285714
2021-12-06 00:00:00+00:00,0.2857142857142857,1.0,0.7345132743362832,True,0.22273733684773692,True,41.29224591080569,False,0.7277662729243615,False,False,Fading uptrend,0.1714285714285714
2021-12-07 00:00:00+00:00,0.2857142857142857,1.0,0.7264705882352941,True,0.2650453274849672,True,40.70439046083033,False,0.7139902910599235,False,False,Fading uptrend,0.1714285714285714
2021-12-08 00:00:00+00:00,0.2857142857142857,1.0,0.7419354838709677,True,0.3900530373548564,True,41.223039967445004,False,0.7068864651497002,False,False,Fading uptrend,0.1714285714285714
2021-12-09 00:00:00+00:00,0.14285714285714285,1.0,0.7602339181286549,True,0.42113110257507247,True,42.49293879352113,False,0.7029985635460985,False,False,Fading uptrend,0.0857142857142857
2021-12-10 00:00:00+00:00,0.14285714285714285,1.0,0.7201166180758017,True,0.39949179429039794,True,40.744713797159605,False,0.7189831405257443,False,False,Fading uptrend,0.0857142857142857
2021-12-11 00:00:00+00:00,0.14285714285714285,1.0,0.7441860465116279,True,0.33047190017792866,True,41.537769693378635,False,0.7037396585597049,False,False,Fading uptrend,0.0857142857142857
2021-12-12 00:00:00+00:00,0.14285714285714285,1.0,0.7014492753623188,True,0.30212688645015906,True,39.9961797388586,False,0.6916019596359265,False,False,Fading uptrend,0.0857142857142857
2021-12-13 00:00:00+00:00,0.14285714285714285,1.0,0.7687861271676301,True,0.35598212482296304,True,41.7351775230859,False,0.6999218207866429,False,False,Fading uptrend,0.0857142857142857
2021-12-14 00:00:00+00:00,0.14285714285714285,1.0,0.7579250720461095,True,0.34242666139278366,True,41.34939508440289,False,0.6953448853958797,False,False,Fading uptrend,0.0857142857142857
2021-12-15 00:00:00+00:00,0.14285714285714285,1.0,0.7701149425287356,True,0.30228061333082895,True,44.99097328190586,False,0.694270294922164,False,False,Fading uptrend,0.0857142857142857
2021-12-16 00:00:00+00:00,0.14285714285714285,1.0,0.7793696275071633,True,0.26750563308999886,True,45.233025527327946,False,0.6833296073392003,False,False,Fading uptrend,0.0857142857142857
2021-12-17 00:00:00+00:00,0.14285714285714285,1.0,0.6942857142857143,True,0.29817822593891935,True,53.048476889407105,False,0.6933001358139921,False,False,Fading uptrend,0.0857142857142857
2021-12-18 00:00:00+00:00,0.14285714285714285,1.0,0.27350427350427353,False,0.22389800170976698,True,67.14634733401846,True,0.6836942924165473,False,False,Fading uptrend,0.21428571428571427
2021-12-19 00:00:00+00:00,0.14285714285714285,1.0,0.26988636363636365,False,0.25895566558106226,True,67.06800161952229,True,0.6763623412944305,False,False,Fading uptrend,0.21428571428571427
2021-12-20 00:00:00+00:00,0.14285714285714285,1.0,0.23229461756373937,False,0.3011001280576077,True,65.21840597426157,True,0.6714478750951959,False,False,Fading uptrend,0.21428571428571427
2021-12-21 00:00:00+00:00,0.14285714285714285,1.0,0.24293785310734464,False,0.2243518280307578,True,70.61880907668832,True,0.6592346531510451,False,False,Fading uptrend,0.21428571428571427
2021-12-22 00:00:00+00:00,0.14285714285714285,1.0,0.22535211267605634,False,0.18542238620242188,False,71.8609059559245,False,0.6471971178954725,False,False,Fading uptrend,0.14285714285714285
2021-12-23 00:00:00+00:00,0.2857142857142857,1.0,0.22191011235955055,False,0.15859171139519895,False,67.94799792388612,False,0.6380536246393113,False,True,Fading uptrend,0.21428571428571427
2021-12-24 00:00:00+00:00,0.2857142857142857,1.0,0.17366946778711484,False,0.1508730439400557,False,63.239483568388316,False,0.6249448577866845,False,False,Fading uptrend,0.2857142857142857
2021-12-25 00:00:00+00:00,0.2857142857142857,1.0,0.1340782122905028,False,0.211498238729375,True,61.25451142328765,True,0.6083837214522972,False,False,Fading uptrend,0.42857142857142855
2021-12-26 00:00:00+00:00,0.2857142857142857,1.0,0.13370473537604458,False,0.08285142030284302,False,60.932208816424186,False,0.596484082413701,False,False,Fading uptrend,0.2857142857142857
2021-12-27 00:00:00+00:00,0.2857142857142857,1.0,0.03333333333333333,False,0.11584497208917742,False,55.70583582111759,False,0.5841574668180027,False,False,Fading uptrend,0.2857142857142857
2021-12-28 00:00:00+00:00,0.2857142857142857,1.0,0.04986149584487535,False,0.2756551637789058,True,56.97253191189617,True,0.5869541396427105,False,False,Fading uptrend,0.42857142857142855
2021-12-29 00:00:00+00:00,0.14285714285714285,1.0,0.03591160220994475,False,0.3152654839508947,True,55.797306003739735,True,0.5947727450778896,False,False,Fading uptrend,0.21428571428571427
2021-12-30 00:00:00+00:00,0.14285714285714285,1.0,0.03856749311294766,False,0.2752636579745389,True,55.89489545219614,True,0.5848877946087112,False,False,Fading uptrend,0.21428571428571427
2021-12-31 00:00:00+00:00,0.0,0.0,0.04945054945054945,False,0.30145638380100137,True,56.57639505826726,True,0.5923581976241662,False,False,Downtrend,0.0
2022-01-01 00:00:00+00:00,0.0,0.0,0.04945054945054945,False,0.2355325124635212,True,56.72711621762796,True,0.5801215305130456,False,False,Downtrend,0.0
2022-01-02 00:00:00+00:00,0.0,0.0,0.03571428571428571,False,0.18177680917705386,False,55.99657954598117,False,0.5713506584034841,False,True,Downtrend,0.0
2022-01-03 00:00:00+00:00,0.0,0.0,0.03571428571428571,False,0.08693435747236146,False,56.55555307998373,False,0.5618166116062547,False,False,Downtrend,0.0
2022-01-04 00:00:00+00:00,0.0,0.0,0.02197802197802198,False,0.11314791523683702,False,54.65554195940813,False,0.5641751297081492,False,False,Downtrend,0.0
2022-01-05 00:00:00+00:00,0.0,0.0,0.1620879120879121,False,0.2128955671868468,True,44.81639325756502,True,0.589037288456806,False,False,Downtrend,0.0
2022-01-06 00:00:00+00:00,0.0,0.0,0.11813186813186813,False,0.227071403723702,True,41.95042368176309,True,0.5842005714264639,False,False,Downtrend,0.0
2022-01-07 00:00:00+00:00,0.0,0.0,0.15934065934065933,False,0.2584328620057076,True,36.81934908931506,True,0.6156681247085323,False,False,Downtrend,0.0
2022-01-08 00:00:00+00:00,0.0,0.0,0.17582417582417584,False,0.185368707028106,False,37.429586277234094,True,0.6080410855938141,False,False,Downtrend,0.0
2022-01-09 00:00:00+00:00,0.0,0.0,0.17857142857142858,False,0.16789428227924721,False,37.0854261447656,True,0.6019176383073842,False,False,Downtrend,0.0
2022-01-10 00:00:00+00:00,0.0,0.0,0.23076923076923078,False,0.25901247024822077,True,40.03085870379425,True,0.6133641431955644,False,False,Downtrend,0.0
2022-01-11 00:00:00+00:00,0.0,0.0,0.1813186813186813,False,0.2486321111297054,True,46.344833076623374,True,0.6035661466665864,False,False,Downtrend,0.0
2022-01-12 00:00:00+00:00,0.0,0.0,0.1813186813186813,False,0.10263563504674343,False,46.131047553903166,False,0.5901475056017161,False,False,Downtrend,0.0
2022-01-13 00:00:00+00:00,0.0,0.0,0.18956043956043955,False,0.2143195175488171,True,46.36825109018761,True,0.5888204298631236,False,False,Downtrend,0.0
2022-01-14 00:00:00+00:00,0.0,0.0,0.16483516483516483,False,0.21530360113967745,True,47.35817214035655,True,0.5788102105038193,False,False,Downtrend,0.0
2022-01-15 00:00:00+00:00,0.0,0.0,0.15384615384615385,False,0.17659913604814828,False,46.69986288949079,False,0.5653368412734298,False,False,Downtrend,0.0
2022-01-16 00:00:00+00:00,0.0,0.0,0.1510989010989011,False,0.12608756573199462,False,48.066646359864116,False,0.552041376267925,False,False,Downtrend,0.0
2022-01-17 00:00:00+00:00,0.0,0.0,0.1510989010989011,False,0.1896229365143036,False,47.80436371360743,False,0.5430906736616536,False,False,Downtrend,0.0
2022-01-18 00:00:00+00:00,0.0,0.0,0.1346153846153846,False,0.17721039689781226,False,49.36966293478765,False,0.5345496880053032,False,False,Downtrend,0.0
2022-01-19 00:00:00+00:00,0.0,0.0,0.0027472527472527475,False,0.2111084726653675,True,60.83761744090373,True,0.5376240594380696,False,False,Downtrend,0.0
2022-01-20 00:00:00+00:00,0.0,0.0,0.057692307692307696,False,0.34358986378991596,True,63.21821140410147,True,0.561162698153038,False,False,Downtrend,0.0
2022-01-21 00:00:00+00:00,0.0,0.0,0.33791208791208793,False,0.4363905245699564,True,43.88458682095198,True,0.6725981315197451,False,False,Downtrend,0.0
2022-01-22 00:00:00+00:00,0.0,0.0,0.3983516483516483,False,0.5850849515508801,True,39.64941484146184,True,0.6984121883885974,False,False,Downtrend,0.0
2022-01-23 00:00:00+00:00,0.0,0.0,0.40934065934065933,False,0.5186400414756889,True,40.04224047373592,True,0.6982694938561798,False,False,Downtrend,0.0
2022-01-24 00:00:00+00:00,0.0,0.0,0.5439560439560439,True,0.48896655962719954,True,38.76566146082154,False,0.7633298787302134,False,False,Downtrend,0.0
2022-01-25 00:00:00+00:00,0.0,0.0,0.5494505494505495,True,0.493103875298394,True,38.781029550791565,False,0.7580011687098034,False,False,Downtrend,0.0
2022-01-26 00:00:00+00:00,0.0,0.0,0.5714285714285714,True,0.4944557431126568,True,39.72533178540936,False,0.764887828473423,False,False,Downtrend,0.0
2022-01-27 00:00:00+00:00,0.0,0.0,0.5714285714285714,True,0.41060232197652685,True,41.55474206325232,False,0.7776270920874699,False,False,Downtrend,0.0
2022-01-28 00:00:00+00:00,0.0,0.0,0.5879120879120879,True,0.3532276677307521,True,41.69653512711026,False,0.7638648661348115,False,False,Downtrend,0.0
2022-01-29 00:00:00+00:00,0.0,0.0,0.5961538461538461,True,0.3645740576744943,True,42.97726620231354,False,0.7471641983307256,False,False,Downtrend,0.0
2022-01-30 00:00:00+00:00,0.0,0.0,0.6016483516483516,True,0.3481489587697286,True,43.10876381814872,False,0.7308358596496862,False,False,Downtrend,0.0
2022-01-31 00:00:00+00:00,0.0,0.0,0.6401098901098901,True,0.40206013602475305,True,43.65054432967326,False,0.7254149479745464,False,False,Downtrend,0.0
2022-02-01 00:00:00+00:00,0.0,0.0,0.6373626373626373,True,0.37662540335077593,True,43.451195423904146,False,0.7144666209892296,False,False,Downtrend,0.0
2022-02-02 00:00:00+00:00,0.0,0.0,0.6648351648351648,True,0.40175295264907535,True,44.40370341563993,False,0.7110701967411789,False,False,Downtrend,0.0
2022-02-03 00:00:00+00:00,0.0,0.0,0.6043956043956044,True,0.3614728734132213,True,52.09994648483752,False,0.700242640529021,False,False,Downtrend,0.0
2022-02-04 00:00:00+00:00,0.2857142857142857,0.0,0.5164835164835165,True,0.07373875873665674,False,48.02234721590422,False,0.7076987772021859,False,False,Downtrend,0.0857142857142857
2022-02-05 00:00:00+00:00,0.2857142857142857,0.0,0.46153846153846156,False,0.06724655937622898,False,45.244336705250454,False,0.6926108551248727,False,False,Downtrend,0.14285714285714285
2022-02-06 00:00:00+00:00,0.2857142857142857,0.0,0.4423076923076923,False,0.032893495901793246,False,41.77974766497247,False,0.6751406916061139,False,False,Downtrend,0.14285714285714285
2022-02-07 00:00:00+00:00,0.2857142857142857,0.0,0.3131868131868132,False,0.08275472384764929,False,42.42711040271838,False,0.6680347809267834,False,False,Downtrend,0.14285714285714285
2022-02-08 00:00:00+00:00,0.2857142857142857,0.0,0.3241758241758242,False,0.08339097868991192,False,39.790973819305336,False,0.6638311844561796,False,False,Downtrend,0.14285714285714285
2022-02-09 00:00:00+00:00,0.42857142857142855,0.0,0.28296703296703296,False,0.0965631539907089,False,38.433426702159565,False,0.6563680964411952,False,False,Downtrend,0.21428571428571427
2022-02-10 00:00:00+00:00,0.42857142857142855,0.0,0.3076923076923077,False,0.029042340066223332,False,40.90862650578835,False,0.6779577290657238,False,False,Downtrend,0.21428571428571427
2022-02-11 00:00:00+00:00,0.42857142857142855,0.0,0.29945054945054944,False,0.058070651936530326,False,41.46420144933027,False,0.6801164971645891,False,False,Downtrend,0.21428571428571427
2022-02-12 00:00:00+00:00,0.42857142857142855,0.0,0.29395604395604397,False,0.013612228095505068,False,41.382346529335756,False,0.6688430604125486,False,False,Downtrend,0.21428571428571427
2022-02-13 00:00:00+00:00,0.42857142857142855,0.0,0.29120879120879123,False,0.040566046102507,False,41.225774482242024,False,0.6536098485080728,False,False,Downtrend,0.21428571428571427
2022-02-14 00:00:00+00:00,0.42857142857142855,0.0,0.2554945054945055,False,0.021704445106772673,False,40.11657392753257,False,0.6413878503622058,False,False,Downtrend,0.21428571428571427
2022-02-15 00:00:00+00:00,0.42857142857142855,0.0,0.2857142857142857,False,0.054041165487313136,False,41.544041484346714,False,0.6251860361905949,False,False,Downtrend,0.21428571428571427
2022-02-16 00:00:00+00:00,0.42857142857142855,0.0,0.24175824175824176,False,0.06178192562549036,False,40.162103239943775,False,0.6139512567426775,False,False,Downtrend,0.21428571428571427
2022-02-17 00:00:00+00:00,0.42857142857142855,0.0,0.3791208791208791,False,0.060669351012840905,False,47.21969849817643,False,0.6226141943076715,False,False,Downtrend,0.21428571428571427
2022-02-18 00:00:00+00:00,0.14285714285714285,0.0,0.14835164835164835,False,0.05596466221557735,False,55.19581689178224,False,0.6173686252065091,False,False,Downtrend,0.07142857142857142
2022-02-19 00:00:00+00:00,0.14285714285714285,0.0,0.14560439560439561,False,0.0205764581573721,False,54.82621881326072,False,0.601620332691588,False,False,Downtrend,0.07142857142857142
2022-02-20 00:00:00+00:00,0.0,0.0,0.18406593406593408,False,0.07271622776563093,False,47.867515759260286,False,0.6019466273784518,False,False,Downtrend,0.0
2022-02-21 00:00:00+00:00,0.0,0.0,0.19505494505494506,False,0.07252181376054953,False,42.23843929060949,False,0.6549312120844698,False,False,Downtrend,0.0
2022-02-22 00:00:00+00:00,0.0,0.0,0.17307692307692307,False,0.07422183649502556,False,39.35040593336129,False,0.6473584350412075,False,False,Downtrend,0.0
2022-02-23 00:00:00+00:00,0.0,0.0,0.21428571428571427,False,0.021584103183185,False,40.09655735768241,False,0.6454042290906702,False,False,Downtrend,0.0
2022-02-24 00:00:00+00:00,0.0,0.0,0.4807692307692308,False,0.048717703243706695,False,40.239161592846756,False,0.7088576569546998,False,False,Downtrend,0.0
2022-02-25 00:00:00+00:00,0.0,0.0,0.47802197802197804,False,0.0835545720923993,False,39.84471941782829,False,0.7032046030677616,False,False,Downtrend,0.0
2022-02-26 00:00:00+00:00,0.0,0.0,0.49175824175824173,False,0.06842984386431979,False,40.3299247154384,False,0.6889074251000094,False,False,Downtrend,0.0
2022-02-27 00:00:00+00:00,0.0,0.0,0.5604395604395604,True,0.0005938018494431531,False,42.716844342915465,False,0.721731114351419,False,False,Downtrend,0.0
2022-02-28 00:00:00+00:00,0.42857142857142855,0.0,0.7747252747252747,True,0.14487658755627483,False,48.67620063938648,False,0.7320148629518489,False,False,Downtrend,0.12857142857142856
2022-03-01 00:00:00+00:00,0.5714285714285714,0.0,0.7747252747252747,True,0.1845160300036342,False,47.77813142323227,False,0.7226774151021719,False,False,Bear rally,0.1714285714285714
2022-03-02 00:00:00+00:00,0.5714285714285714,0.0,0.782967032967033,True,0.15334788600083898,False,47.02578303266247,False,0.7231800396750748,False,False,Bear rally,0.1714285714285714
2022-03-03 00:00:00+00:00,0.5714285714285714,0.0,0.7637362637362637,True,0.10272900344606076,False,45.17919538281444,False,0.7215045759855232,False,False,Bear rally,0.1714285714285714
2022-03-04 00:00:00+00:00,0.2857142857142857,0.0,0.7967032967032966,True,0.05911157582228169,False,47.65804187077066,False,0.7251683504312876,False,False,Downtrend,0.0857142857142857
2022-03-05 00:00:00+00:00,0.2857142857142857,0.0,0.7994505494505495,True,0.054995746847962275,False,48.04539548968491,False,0.7070021211719267,False,False,Downtrend,0.0857142857142857
2022-03-06 00:00:00+00:00,0.0,0.0,0.7939560439560439,True,0.09100553287228003,False,47.54137936496187,False,0.7020548284973727,False,False,Downtrend,0.0
2022-03-07 00:00:00+00:00,0.0,0.0,0.7857142857142857,True,0.09728784889931082,False,47.24585136665066,False,0.711039274255528,False,False,Downtrend,0.0
2022-03-08 00:00:00+00:00,0.0,0.0,0.7774725274725275,True,0.10538684823963594,False,46.66675111222005,False,0.7020538379753394,False,False,Downtrend,0.0
2022-03-09 00:00:00+00:00,0.2857142857142857,0.0,0.8159340659340659,True,0.052166973448234,False,48.350248630691205,False,0.6975998264284008,False,False,Downtrend,0.0857142857142857
2022-03-10 00:00:00+00:00,0.2857142857142857,0.0,0.7554945054945055,True,0.11938923014319769,False,56.85472111521203,False,0.7141111976089156,False,False,Downtrend,0.0857142857142857
2022-03-11 00:00:00+00:00,0.2857142857142857,0.0,0.760989010989011,True,0.14444448710515928,False,57.1987522295323,False,0.7188559718645327,False,False,Downtrend,0.0857142857142857
2022-03-12 00:00:00+00:00,0.2857142857142857,0.0,0.75,True,0.12250506030292325,False,56.24049159061391,False,0.6990473685780112,False,False,Downtrend,0.0857142857142857
2022-03-13 00:00:00+00:00,0.0,0.0,0.7252747252747253,True,0.1203975611346903,False,55.778869185991915,False,0.6938864815418078,False,False,Downtrend,0.0
2022-03-14 00:00:00+00:00,0.0,0.0,0.43956043956043955,False,0.06379816680170386,False,50.84901357488101,False,0.6771864139608729,False,False,Downtrend,0.0
2022-03-15 00:00:00+00:00,0.0,0.0,0.4368131868131868,False,0.06908838349679158,False,50.426608210418074,False,0.6720314360973632,False,False,Downtrend,0.0
2022-03-16 00:00:00+00:00,0.0,0.0,0.46703296703296704,False,0.03426926269293549,False,57.90957154672223,False,0.7242636119474073,False,False,Downtrend,0.0
2022-03-17 00:00:00+00:00,0.0,0.0,0.4478021978021978,False,0.09140445873195646,False,65.61909506292344,False,0.7071361855095695,False,False,Downtrend,0.0
2022-03-18 00:00:00+00:00,0.14285714285714285,0.0,0.3543956043956044,False,0.05310217535600321,False,63.348725770196964,False,0.6948137649677067,False,False,Downtrend,0.07142857142857142
2022-03-19 00:00:00+00:00,0.5714285714285714,0.0,0.3516483516483517,False,0.04563305600387286,False,62.94741394294154,False,0.6744964371126765,False,False,Bear rally,0.2857142857142857
2022-03-20 00:00:00+00:00,0.5714285714285714,0.0,0.34065934065934067,False,0.03449223551698172,False,62.65517057235181,False,0.6571315096754077,False,False,Bear rally,0.2857142857142857
2022-03-21 00:00:00+00:00,0.5714285714285714,0.0,0.27472527472527475,False,0.024623805928941332,False,63.75272588910383,False,0.6460267867182249,False,False,Bear rally,0.2857142857142857
2022-03-22 00:00:00+00:00,0.5714285714285714,0.0,0.3131868131868132,False,0.10703906945950822,False,59.74522702477733,False,0.6420853360096891,False,False,Bear rally,0.2857142857142857
2022-03-23 00:00:00+00:00,0.5714285714285714,0.0,0.12912087912087913,False,0.1618489784223403,False,55.97164609896146,False,0.6304288310481986,False,False,Bear rally,0.2857142857142857
2022-03-24 00:00:00+00:00,0.7142857142857143,0.0,0.03571428571428571,False,0.15922055819627437,False,47.89341624315,False,0.6175802717881287,False,False,Bear rally,0.35714285714285715
2022-03-25 00:00:00+00:00,0.7142857142857143,0.0,0.013736263736263736,False,0.19882357941838244,True,42.421082482967385,True,0.6058000834110995,False,False,Bear rally,0.5357142857142857
2022-03-26 00:00:00+00:00,0.7142857142857143,0.0,0.008241758241758242,False,0.1784947130402054,False,42.248135878605055,False,0.5877837848966435,False,False,Bear rally,0.35714285714285715
2022-03-27 00:00:00+00:00,0.7142857142857143,0.0,0.038461538461538464,False,0.2109386847573411,True,35.08149556033466,True,0.5748864166703517,False,False,Bear rally,0.5357142857142857
2022-03-28 00:00:00+00:00,0.7142857142857143,0.0,0.0027472527472527475,False,0.22076710840366612,True,31.16662072994053,True,0.562107982676435,False,False,Bear rally,0.5357142857142857
2022-03-29 00:00:00+00:00,0.7142857142857143,0.0,0.0,False,0.2769208145497823,True,32.93552239660827,True,0.5506095576313816,False,False,Bear rally,0.5357142857142857
2022-03-30 00:00:00+00:00,0.7142857142857143,0.0,0.0,False,0.1299934770250577,False,35.75034875555161,True,0.546172959555847,False,False,Bear rally,0.5357142857142857
2022-03-31 00:00:00+00:00,0.7142857142857143,0.0,0.0027472527472527475,False,0.03587486190447642,False,38.26742531923097,False,0.5473789460638306,False,False,Bear rally,0.35714285714285715
2022-04-01 00:00:00+00:00,0.7142857142857143,0.0,0.005494505494505495,False,0.07811013793790733,False,40.42826146352775,False,0.5532559660081598,False,False,Bear rally,0.35714285714285715
2022-04-02 00:00:00+00:00,0.7142857142857143,0.0,0.008241758241758242,False,0.11326728717930376,False,41.57943751057197,False,0.5458885154071871,False,False,Bear rally,0.35714285714285715
2022-04-03 00:00:00+00:00,0.7142857142857143,0.0,0.01098901098901099,False,0.26955048615110827,True,42.43438831675632,True,0.5376101437222501,False,False,Bear rally,0.5357142857142857
2022-04-04 00:00:00+00:00,0.7142857142857143,0.0,0.016483516483516484,False,0.2674793214693627,True,45.58820232766397,True,0.5333400743032171,False,False,Bear rally,0.5357142857142857
2022-04-05 00:00:00+00:00,0.7142857142857143,0.0,0.008241758241758242,False,0.26250457183512177,True,49.414017499419494,True,0.5267303147807427,False,False,Bear rally,0.5357142857142857
2022-04-06 00:00:00+00:00,0.7142857142857143,0.0,0.02197802197802198,False,0.1796175138574024,False,56.23750026825575,False,0.5289077016659218,False,False,Bear rally,0.35714285714285715
2022-04-07 00:00:00+00:00,0.7142857142857143,0.0,0.016483516483516484,False,0.1660645647708737,False,56.62766512986167,False,0.5210457003886165,False,False,Bear rally,0.35714285714285715
2022-04-08 00:00:00+00:00,0.5714285714285714,0.0,0.024725274725274724,False,0.011769391238384325,False,53.090907055981226,False,0.5186693351211662,False,False,Bear rally,0.2857142857142857
2022-04-09 00:00:00+00:00,0.5714285714285714,0.0,0.024725274725274724,False,0.13685200587335322,False,53.0194858489703,False,0.5057723999464694,False,False,Bear rally,0.2857142857142857
2022-04-10 00:00:00+00:00,0.5714285714285714,0.0,0.01098901098901099,False,0.14141395813762825,False,49.9323392299621,False,0.5017920989008318,False,False,Bear rally,0.2857142857142857
2022-04-11 00:00:00+00:00,0.0,0.0,0.054945054945054944,False,0.02698041644667725,False,39.603733881005134,False,0.522412181925703,False,False,Downtrend,0.0
2022-04-12 00:00:00+00:00,0.0,0.0,0.06593406593406594,False,0.08731135298396141,False,41.775019408831504,False,0.5217451424146058,False,False,Downtrend,0.0
2022-04-13 00:00:00+00:00,0.0,0.0,0.09065934065934066,False,0.057912813448268194,False,43.27255718669805,False,0.5154776461588667,False,False,Downtrend,0.0
2022-04-14 00:00:00+00:00,0.0,0.0,0.08241758241758242,False,0.025165148065945775,False,43.32601104245266,False,0.5146349745298844,False,False,Downtrend,0.0
2022-04-15 00:00:00+00:00,0.0,0.0,0.04120879120879121,False,0.022408653144666297,False,41.19243387290436,False,0.5010459023767123,False,False,Downtrend,0.0
2022-04-16 00:00:00+00:00,0.0,0.0,0.04120879120879121,False,0.021514974372684487,False,39.81113274335675,False,0.4897631145466802,False,False,Downtrend,0.0
2022-04-17 00:00:00+00:00,0.0,0.0,0.03571428571428571,False,0.08343548484820511,False,39.5357239013729,False,0.4808894209264862,False,False,Downtrend,0.0
2022-04-18 00:00:00+00:00,0.0,0.0,0.06318681318681318,False,0.05468425312247081,False,37.84055667826154,True,0.4909292176756391,False,False,Downtrend,0.0
2022-04-19 00:00:00+00:00,0.0,0.0,0.0521978021978022,False,0.00911355161105204,False,45.00484308146014,False,0.4814163076880614,False,False,Downtrend,0.0
2022-04-20 00:00:00+00:00,0.0,0.0,0.038461538461538464,False,0.014107987100906631,False,52.73313100644582,False,0.4786654769957696,False,False,Downtrend,0.0
2022-04-21 00:00:00+00:00,0.0,0.0,0.12087912087912088,False,0.07613842733243918,False,56.13288137614541,False,0.4866479772922134,False,False,Downtrend,0.0
2022-04-22 00:00:00+00:00,0.0,0.0,0.11813186813186813,False,0.12695244213778759,False,59.86543445152601,False,0.4833931672133462,False,False,Downtrend,0.0
2022-04-23 00:00:00+00:00,0.0,0.0,0.12362637362637363,False,0.18834493932622579,True,59.898220712184404,True,0.47212473761108104,False,False,Downtrend,0.0
2022-04-24 00:00:00+00:00,0.0,0.0,0.10989010989010989,False,0.20395287849423907,True,62.5739166832187,True,0.4617067260021814,False,False,Downtrend,0.0
2022-04-25 00:00:00+00:00,0.0,0.0,0.06593406593406594,False,0.1659180731816972,False,58.47480285005036,False,0.46758737346883955,False,False,Downtrend,0.0
2022-04-26 00:00:00+00:00,0.0,0.0,0.14285714285714285,False,0.3540040952659096,True,57.41844603770385,True,0.48459216919546694,False,True,Downtrend,0.0
2022-04-27 00:00:00+00:00,0.0,0.0,0.14285714285714285,False,0.3099147296234683,True,56.814705530657626,True,0.49221362686966696,False,True,Downtrend,0.0
2022-04-28 00:00:00+00:00,0.0,0.0,0.1346153846153846,False,0.3000161849846241,True,56.074622280400824,True,0.49001892229883115,False,True,Downtrend,0.0
2022-04-29 00:00:00+00:00,0.0,0.0,0.14835164835164835,False,0.32065919258748954,True,57.117380339067296,True,0.49264642705240963,False,True,Downtrend,0.0
2022-04-30 00:00:00+00:00,0.0,0.0,0.1620879120879121,False,0.3050790890147302,True,57.02284131206004,True,0.4874991445784536,False,True,Downtrend,0.0
2022-05-01 00:00:00+00:00,0.0,0.0,0.17307692307692307,False,0.3018330574465109,True,56.07055724010053,True,0.4816992153239293,False,True,Downtrend,0.0
2022-05-02 00:00:00+00:00,0.0,0.0,0.11263736263736264,False,0.2859818704080372,True,53.73912575303564,True,0.4775646560096599,False,True,Downtrend,0.0
2022-05-03 00:00:00+00:00,0.0,0.0,0.11813186813186813,False,0.3379907806533925,True,53.648256505970664,True,0.4677371573365576,False,True,Downtrend,0.0
2022-05-04 00:00:00+00:00,0.0,0.0,0.15934065934065933,False,0.2508894263941628,True,55.21919702217035,True,0.46346423967565586,False,True,Downtrend,0.0
2022-05-05 00:00:00+00:00,0.0,0.0,0.3131868131868132,False,0.3030171011978967,True,59.39255726402626,True,0.5217730272780287,False,True,Downtrend,0.0
2022-05-06 00:00:00+00:00,0.0,0.0,0.3131868131868132,False,0.25808026679629514,True,56.87766112647485,True,0.5198016494220302,False,False,Downtrend,0.0
2022-05-07 00:00:00+00:00,0.0,0.0,0.3489010989010989,False,0.2847256500243943,True,54.77537306716175,True,0.5172528538489551,False,False,Downtrend,0.0
2022-05-08 00:00:00+00:00,0.0,0.0,0.3901098901098901,False,0.29085031545691037,True,49.718496130158236,True,0.528610093814543,False,False,Downtrend,0.0
2022-05-09 00:00:00+00:00,0.0,0.0,0.5686813186813187,True,0.3999246690548803,True,36.36167623341282,True,0.6037938133488324,False,False,Downtrend,0.0
2022-05-10 00:00:00+00:00,0.0,0.0,0.5961538461538461,True,0.347682176036228,True,36.56758738767572,True,0.677430373979312,False,False,Downtrend,0.0
2022-05-11 00:00:00+00:00,0.0,0.0,0.760989010989011,True,0.3327905191578186,True,33.806119085490856,True,0.9150247668864662,False,False,Downtrend,0.0
2022-05-12 00:00:00+00:00,0.0,0.0,0.8104395604395604,True,0.3579099326803898,True,34.10250110838849,True,0.989601824825777,True,False,Storm,0.0
2022-05-13 00:00:00+00:00,0.0,0.0,0.8241758241758241,True,0.3947697930084174,True,34.76892942007097,True,0.9836124078821722,False,False,Downtrend,0.0
2022-05-14 00:00:00+00:00,0.0,0.0,0.8269230769230769,True,0.33252291408138857,True,35.32840095895369,True,0.9659031213451142,False,False,Downtrend,0.0
2022-05-15 00:00:00+00:00,0.0,0.0,0.8324175824175825,True,0.30467523861466245,True,36.09458661951276,True,0.9442423873567882,False,False,Downtrend,0.0
2022-05-16 00:00:00+00:00,0.0,0.0,0.8543956043956044,True,0.3329192192258813,True,37.31073021509913,True,0.9451159491618348,False,False,Downtrend,0.0
2022-05-17 00:00:00+00:00,0.0,0.0,0.8653846153846154,True,0.29382951619529635,True,37.527141742972205,True,0.9253207238875766,False,False,Downtrend,0.0
2022-05-18 00:00:00+00:00,0.0,0.0,0.8708791208791209,True,0.37732510818685955,True,37.721149961606926,True,0.9134834814440331,False,False,Downtrend,0.0
2022-05-19 00:00:00+00:00,0.0,0.0,0.8269230769230769,True,0.3391997896915465,True,45.50746852758715,False,0.8956726768132429,False,False,Downtrend,0.0
2022-05-20 00:00:00+00:00,0.0,0.0,0.8434065934065934,True,0.3583512255742909,True,48.28641483363435,False,0.8917366683288757,False,False,Downtrend,0.0
2022-05-21 00:00:00+00:00,0.0,0.0,0.8379120879120879,True,0.3314675744543825,True,50.171779472586294,False,0.8643325917617213,False,False,Downtrend,0.0
2022-05-22 00:00:00+00:00,0.0,0.0,0.8351648351648352,True,0.2821532645034769,True,55.41803729945362,False,0.8421259772636702,False,False,Downtrend,0.0
2022-05-23 00:00:00+00:00,0.0,0.0,0.7884615384615384,True,0.30135665838837195,True,61.44248748449797,False,0.8342576002171264,False,False,Downtrend,0.0
2022-05-24 00:00:00+00:00,0.0,0.0,0.7747252747252747,True,0.28129258098373633,True,62.470686124467015,False,0.813202503684722,False,False,Downtrend,0.0
2022-05-25 00:00:00+00:00,0.0,0.0,0.6126373626373627,True,0.32049424275681004,True,62.783731270903026,False,0.798384889430098,False,False,Downtrend,0.0
2022-05-26 00:00:00+00:00,0.0,0.0,0.48626373626373626,False,0.2785895608243298,True,72.45136478077929,True,0.7926069264241392,False,False,Downtrend,0.0
2022-05-27 00:00:00+00:00,0.0,0.0,0.42032967032967034,False,0.3373847806059866,True,70.41700877993678,True,0.7833556405466923,False,False,Downtrend,0.0
2022-05-28 00:00:00+00:00,0.0,0.0,0.36813186813186816,False,0.34185911270868385,True,68.84383996284987,True,0.7608201340536616,False,True,Downtrend,0.0
2022-05-29 00:00:00+00:00,0.0,0.0,0.28846153846153844,False,0.2980898820998332,True,68.04476075603895,True,0.7380327345855365,False,True,Downtrend,0.0
2022-05-30 00:00:00+00:00,0.14285714285714285,0.0,0.3708791208791209,False,0.18471559853745698,False,60.263583705013794,False,0.7261327160248278,False,True,Downtrend,0.05357142857142857
2022-05-31 00:00:00+00:00,0.14285714285714285,0.0,0.36813186813186816,False,0.21402682032309564,True,58.4439642477437,True,0.7136433683018312,False,False,Downtrend,0.10714285714285714
2022-06-01 00:00:00+00:00,0.14285714285714285,0.0,0.42032967032967034,False,0.2635022808902347,True,59.585833230406436,True,0.7164482599087602,False,True,Downtrend,0.08035714285714285
2022-06-02 00:00:00+00:00,0.14285714285714285,0.0,0.37362637362637363,False,0.22089158315556454,True,58.19723076463497,True,0.6977124360467548,False,True,Downtrend,0.08035714285714285
2022-06-03 00:00:00+00:00,0.14285714285714285,0.0,0.29945054945054944,False,0.3148166414503426,True,57.00391806887071,True,0.6874761963668115,False,True,Downtrend,0.08035714285714285
2022-06-04 00:00:00+00:00,0.14285714285714285,0.0,0.29395604395604397,False,0.2325865149871918,True,56.60776853438552,True,0.667935193014417,False,True,Downtrend,0.08035714285714285
2022-06-05 00:00:00+00:00,0.14285714285714285,0.0,0.27197802197802196,False,0.2155469558469962,True,55.47350676328395,True,0.6495640954401493,False,True,Downtrend,0.08035714285714285
2022-06-06 00:00:00+00:00,0.2857142857142857,0.0,0.27472527472527475,False,0.14044739214256036,False,55.6158392831061,False,0.6354541264309651,False,False,Downtrend,0.14285714285714285
2022-06-07 00:00:00+00:00,0.2857142857142857,0.0,0.4010989010989011,False,0.10403394146311849,False,57.92434930900908,False,0.6739588850490569,False,True,Downtrend,0.10714285714285714
2022-06-08 00:00:00+00:00,0.2857142857142857,0.0,0.4230769230769231,False,0.005146712970790387,False,58.94933805917142,False,0.6888207487963571,False,True,Downtrend,0.10714285714285714
2022-06-09 00:00:00+00:00,0.2857142857142857,0.0,0.3324175824175824,False,0.03762056957733926,False,59.213876839928396,False,0.6717735561509423,False,True,Downtrend,0.10714285714285714
2022-06-10 00:00:00+00:00,0.2857142857142857,0.0,0.37362637362637363,False,0.000519412056561547,False,61.58233457941246,False,0.6669162618488093,False,True,Downtrend,0.10714285714285714
2022-06-11 00:00:00+00:00,0.0,0.0,0.4175824175824176,False,0.025409937614308993,False,59.34237402325934,False,0.6617799230098823,False,True,Downtrend,0.0
2022-06-12 00:00:00+00:00,0.0,0.0,0.510989010989011,True,0.106773545705826,False,49.9510974995172,False,0.693076279694635,False,False,Downtrend,0.0
2022-06-13 00:00:00+00:00,0.0,0.0,0.8186813186813187,True,0.26486023034415707,True,31.21100703631132,True,0.782876431101179,False,False,Downtrend,0.0
2022-06-14 00:00:00+00:00,0.0,0.0,0.8626373626373627,True,0.33065642232030124,True,30.919221912453313,True,0.8848522591136754,False,False,Downtrend,0.0
2022-06-15 00:00:00+00:00,0.0,0.0,0.8901098901098901,True,0.2720954961215803,True,29.20927439147388,True,0.9558630032522518,False,False,Downtrend,0.0
2022-06-16 00:00:00+00:00,0.0,0.0,0.967032967032967,True,0.35359107074835006,True,31.6404820589855,True,0.951133629221178,False,False,Downtrend,0.0
2022-06-17 00:00:00+00:00,0.0,0.0,0.967032967032967,True,0.30836709044887706,True,31.2179292491445,True,0.9442899645343753,False,False,Downtrend,0.0
2022-06-18 00:00:00+00:00,0.0,0.0,1.0,True,0.42604654794790026,True,27.505816305117136,True,1.004236510416045,True,False,Storm,0.0
2022-06-19 00:00:00+00:00,0.0,0.0,1.0,True,0.3180862050593604,True,30.25319503378808,True,1.0380384839753345,True,False,Storm,0.0
2022-06-20 00:00:00+00:00,0.0,0.0,1.0,True,0.33005725570706107,True,30.2149822345014,True,1.0411551654554982,True,False,Storm,0.0
2022-06-21 00:00:00+00:00,0.0,0.0,0.9945054945054945,True,0.3655843247988228,True,29.696256234875943,True,1.0267294624142456,True,False,Storm,0.0
2022-06-22 00:00:00+00:00,0.0,0.0,0.9972527472527473,True,0.3545067153377724,True,31.021865526563978,True,1.0213918708160103,True,False,Storm,0.0
2022-06-23 00:00:00+00:00,0.0,0.0,1.0,True,0.3248115344597993,True,32.69502630373873,True,1.0015765373336285,True,False,Storm,0.0
2022-06-24 00:00:00+00:00,0.0,0.0,0.9972527472527473,True,0.31550700961209693,True,34.70045131166199,True,0.9796581258410361,False,False,Downtrend,0.0
2022-06-25 00:00:00+00:00,0.0,0.0,0.9945054945054945,True,0.2939028806458868,True,36.86557512682508,True,0.9551943334695584,False,False,Downtrend,0.0
2022-06-26 00:00:00+00:00,0.0,0.0,0.9807692307692307,True,0.29070080454845004,True,41.649036636700174,False,0.9322536388130934,False,False,Downtrend,0.0
2022-06-27 00:00:00+00:00,0.0,0.0,0.9752747252747253,True,0.318685467670156,True,54.038244267903984,False,0.9139710937056036,False,False,Downtrend,0.0
2022-06-28 00:00:00+00:00,0.0,0.0,0.9313186813186813,True,0.3528807797570461,True,54.074561015129234,False,0.8967735480757791,False,False,Downtrend,0.0
2022-06-29 00:00:00+00:00,0.0,0.0,0.8846153846153846,True,0.48529857380555247,True,50.32202575885055,False,0.8749286165262707,False,False,Downtrend,0.0
2022-06-30 00:00:00+00:00,0.0,0.0,0.8461538461538461,True,0.49329801425880093,True,56.736716067755,False,0.8756276270937108,False,False,Downtrend,0.0
2022-07-01 00:00:00+00:00,0.0,0.0,0.8791208791208791,True,0.4635569771379779,True,58.340929356040306,False,0.8921595165133189,False,False,Downtrend,0.0
2022-07-02 00:00:00+00:00,0.0,0.0,0.7142857142857143,True,0.5070703558471864,True,55.99008487691768,False,0.8662893426028164,False,False,Downtrend,0.0
2022-07-03 00:00:00+00:00,0.0,0.0,0.5137362637362637,True,0.4852990246706453,True,58.37335679898649,False,0.8442417626638534,False,False,Downtrend,0.0
2022-07-04 00:00:00+00:00,0.0,0.0,0.5054945054945055,True,0.4345453273421969,True,57.98741206140831,False,0.8271269460147386,False,False,Downtrend,0.0
2022-07-05 00:00:00+00:00,0.0,0.0,0.521978021978022,True,0.4396701181282508,True,58.16552459518246,False,0.8245491122972542,False,False,Downtrend,0.0
2022-07-06 00:00:00+00:00,0.0,0.0,0.5027472527472527,True,0.5123659367304327,True,57.62225805463087,False,0.8077747713950241,False,False,Downtrend,0.0
2022-07-07 00:00:00+00:00,0.14285714285714285,0.0,0.5302197802197802,True,0.4336445569342919,True,58.235461668554244,False,0.7987825472169982,False,False,Downtrend,0.04285714285714285
2022-07-08 00:00:00+00:00,0.14285714285714285,0.0,0.5714285714285714,True,0.4096533322675713,True,52.721826120159605,False,0.7977435407938839,False,True,Downtrend,0.03214285714285714
2022-07-09 00:00:00+00:00,0.14285714285714285,0.0,0.5659340659340659,True,0.4070601503400095,True,52.60083944108553,False,0.7807032423405569,False,False,Downtrend,0.04285714285714285
2022-07-10 00:00:00+00:00,0.14285714285714285,0.0,0.5686813186813187,True,0.3987656277180881,True,52.671978010193975,False,0.7655978075654837,False,False,Downtrend,0.04285714285714285
2022-07-11 00:00:00+00:00,0.14285714285714285,0.0,0.5659340659340659,True,0.4054403468512223,True,52.58333700254826,False,0.7539445516220512,False,False,Downtrend,0.04285714285714285
2022-07-12 00:00:00+00:00,0.0,0.0,0.5412087912087912,True,0.3686748164965367,True,52.118172034382034,False,0.7452726376972836,False,False,Downtrend,0.0
2022-07-13 00:00:00+00:00,0.0,0.0,0.6126373626373627,True,0.13674482078702926,False,54.21496087737801,False,0.7551133367577716,False,True,Downtrend,0.0
2022-07-14 00:00:00+00:00,0.0,0.0,0.5824175824175825,True,0.09393131033561859,False,55.12080836605289,False,0.7480010246240665,False,True,Downtrend,0.0
2022-07-15 00:00:00+00:00,0.0,0.0,0.42032967032967034,False,0.10778981944062006,False,52.36478403068687,False,0.73860227868743,False,True,Downtrend,0.0
2022-07-16 00:00:00+00:00,0.14285714285714285,0.0,0.4807692307692308,False,0.05495831542996778,False,53.90740595792936,False,0.7259609272691027,False,False,Downtrend,0.07142857142857142
2022-07-17 00:00:00+00:00,0.14285714285714285,0.0,0.47802197802197804,False,0.02227967743004742,False,55.41020755073246,False,0.7156781414776714,False,False,Downtrend,0.07142857142857142
2022-07-18 00:00:00+00:00,0.2857142857142857,0.0,0.5576923076923077,True,0.23204009939050615,True,54.57544917085695,False,0.7317736117797478,False,False,Downtrend,0.0857142857142857
2022-07-19 00:00:00+00:00,0.2857142857142857,0.0,0.6126373626373627,True,0.19766578710006347,False,47.443067572172424,False,0.7294582783556351,False,False,Downtrend,0.0857142857142857
2022-07-20 00:00:00+00:00,0.2857142857142857,0.0,0.6291208791208791,True,0.1833124956323858,False,44.91586466748331,False,0.7488383577412683,False,False,Downtrend,0.0857142857142857
2022-07-21 00:00:00+00:00,0.2857142857142857,0.0,0.5851648351648352,True,0.16895742097958538,False,43.8540858220413,False,0.7510742786671777,False,False,Downtrend,0.0857142857142857
2022-07-22 00:00:00+00:00,0.2857142857142857,0.0,0.5714285714285714,True,0.1911800985093167,False,43.672480064202475,False,0.7474094559031258,False,False,Downtrend,0.0857142857142857
2022-07-23 00:00:00+00:00,0.2857142857142857,0.0,0.5934065934065934,True,0.10144879292474601,False,44.57240739711047,False,0.7343294661366253,False,False,Downtrend,0.0857142857142857
2022-07-24 00:00:00+00:00,0.2857142857142857,0.0,0.5769230769230769,True,0.10152016612514632,False,44.14494494090147,False,0.7200337095321119,False,False,Downtrend,0.0857142857142857
2022-07-25 00:00:00+00:00,0.2857142857142857,0.0,0.6043956043956044,True,0.012665946805692857,False,45.064886419320835,False,0.7224639770373793,False,False,Downtrend,0.0857142857142857
2022-07-26 00:00:00+00:00,0.2857142857142857,0.0,0.5934065934065934,True,0.015653297526836713,False,44.68004408299983,False,0.7113558526710477,False,False,Downtrend,0.0857142857142857
2022-07-27 00:00:00+00:00,0.42857142857142855,0.0,0.6346153846153846,True,0.14500961638782098,False,51.330030151805076,False,0.6997502691760105,False,False,Downtrend,0.12857142857142856
2022-07-28 00:00:00+00:00,0.42857142857142855,0.0,0.6483516483516484,True,0.22730748071648033,True,58.82936087189601,False,0.6962769618641013,False,False,Downtrend,0.12857142857142856
2022-07-29 00:00:00+00:00,0.42857142857142855,0.0,0.6510989010989011,True,0.23432641921677694,True,58.590146426023985,False,0.6872447134023177,False,False,Downtrend,0.12857142857142856
2022-07-30 00:00:00+00:00,0.42857142857142855,0.0,0.6456043956043956,True,0.23834515195928183,True,58.727227250307514,False,0.6845247826853422,False,False,Downtrend,0.12857142857142856
2022-07-31 00:00:00+00:00,0.42857142857142855,0.0,0.6428571428571429,True,0.26375342217292064,True,58.794133929625076,False,0.6702759035922223,False,False,Downtrend,0.12857142857142856
2022-08-01 00:00:00+00:00,0.42857142857142855,0.0,0.5082417582417582,True,0.26389296009401075,True,55.94195152328113,False,0.661446477527917,False,False,Downtrend,0.12857142857142856
2022-08-02 00:00:00+00:00,0.42857142857142855,0.0,0.31868131868131866,False,0.23793743836044293,True,52.71630289441078,True,0.6531092925363644,False,False,Downtrend,0.3214285714285714
2022-08-03 00:00:00+00:00,0.42857142857142855,0.0,0.2774725274725275,False,0.17585041890879372,False,51.74233919258141,False,0.6440524571244041,False,False,Downtrend,0.21428571428571427
2022-08-04 00:00:00+00:00,0.42857142857142855,0.0,0.25824175824175827,False,0.16517487416902948,False,51.05747249911891,False,0.6339376573480193,False,False,Downtrend,0.21428571428571427
2022-08-05 00:00:00+00:00,0.42857142857142855,0.0,0.21978021978021978,False,0.18178492445557004,False,50.12481269372721,False,0.6295032019076616,False,False,Downtrend,0.21428571428571427
2022-08-06 00:00:00+00:00,0.42857142857142855,0.0,0.19505494505494506,False,0.09221791853897698,False,48.50757018208859,False,0.6119675124743327,False,True,Downtrend,0.1607142857142857
2022-08-07 00:00:00+00:00,0.42857142857142855,0.0,0.17307692307692307,False,0.10816518259431,False,47.97168867432983,False,0.5955900187889757,False,True,Downtrend,0.1607142857142857
2022-08-08 00:00:00+00:00,0.42857142857142855,0.0,0.14285714285714285,False,0.14558121371823846,False,47.084189704279815,False,0.583830274184785,False,True,Downtrend,0.1607142857142857
2022-08-09 00:00:00+00:00,0.42857142857142855,0.0,0.1565934065934066,False,0.15081616156821168,False,51.60365791335305,False,0.5739730485955205,False,True,Downtrend,0.1607142857142857
2022-08-10 00:00:00+00:00,0.42857142857142855,0.0,0.07142857142857142,False,0.264748304537113,True,67.99097669408258,True,0.5722649308327553,False,True,Downtrend,0.24107142857142855
2022-08-11 00:00:00+00:00,0.42857142857142855,0.0,0.03571428571428571,False,0.31856671125750313,True,62.45793080200842,True,0.5719765558185905,False,True,Downtrend,0.24107142857142855
2022-08-12 00:00:00+00:00,0.5714285714285714,0.0,0.03571428571428571,False,0.2973356965311633,True,62.006245316348945,True,0.5596567285820634,False,True,Bear rally,0.3214285714285714
2022-08-13 00:00:00+00:00,0.5714285714285714,0.0,0.016483516483516484,False,0.28111947508369656,True,60.30192601415391,True,0.5487423846316863,False,False,Bear rally,0.42857142857142855
2022-08-14 00:00:00+00:00,0.5714285714285714,0.0,0.013736263736263736,False,0.2555440679686042,True,58.212419771694414,True,0.5398395507331768,False,True,Bear rally,0.3214285714285714
2022-08-15 00:00:00+00:00,0.5714285714285714,0.0,0.046703296703296704,False,0.21565030853728934,True,58.26284931387216,True,0.5525897854619471,False,True,Bear rally,0.3214285714285714
2022-08-16 00:00:00+00:00,0.5714285714285714,0.0,0.04120879120879121,False,0.23004774692324378,True,57.59293887259195,True,0.5417338192527811,False,True,Bear rally,0.3214285714285714
2022-08-17 00:00:00+00:00,0.5714285714285714,0.0,0.057692307692307696,False,0.07481515704047374,False,58.46679263801112,False,0.5517564179667386,False,True,Bear rally,0.21428571428571427
2022-08-18 00:00:00+00:00,0.5714285714285714,0.0,0.046703296703296704,False,0.018095808594231592,False,60.098554614912906,False,0.5381574311114677,False,True,Bear rally,0.21428571428571427
2022-08-19 00:00:00+00:00,0.0,0.0,0.24725274725274726,False,0.17649492548737405,False,44.57585211202727,False,0.5759685117898924,False,False,Downtrend,0.0
2022-08-20 00:00:00+00:00,0.0,0.0,0.26373626373626374,False,0.14612494244676405,False,44.852815830653505,False,0.5680020129947706,False,False,Downtrend,0.0
2022-08-21 00:00:00+00:00,0.0,0.0,0.28296703296703296,False,0.08548154560156283,False,45.30251488393468,False,0.5537652234123368,False,False,Downtrend,0.0
2022-08-22 00:00:00+00:00,0.0,0.0,0.24725274725274726,False,0.07752473071653057,False,44.17222724328935,False,0.5492679117893742,False,False,Downtrend,0.0
2022-08-23 00:00:00+00:00,0.0,0.0,0.23626373626373626,False,0.07747069850170427,False,43.43913113012358,False,0.5443207480473568,False,False,Downtrend,0.0
2022-08-24 00:00:00+00:00,0.0,0.0,0.17032967032967034,False,0.004591664659118308,False,41.19164172348868,False,0.5357764795188052,False,False,Downtrend,0.0
2022-08-25 00:00:00+00:00,0.0,0.0,0.14835164835164835,False,0.024179895819182864,False,39.55832362362574,False,0.5245084593344598,False,False,Downtrend,0.0
2022-08-26 00:00:00+00:00,0.0,0.0,0.2774725274725275,False,0.2221013537091436,True,36.98352768503355,True,0.5620577739271362,False,False,Downtrend,0.0
2022-08-27 00:00:00+00:00,0.0,0.0,0.28296703296703296,False,0.3302976934981701,True,34.7809164756266,True,0.5504024064056072,False,False,Downtrend,0.0
2022-08-28 00:00:00+00:00,0.0,0.0,0.27472527472527475,False,0.35346396597205243,True,32.15684597054059,True,0.5423292044000636,False,False,Downtrend,0.0
2022-08-29 00:00:00+00:00,0.0,0.0,0.23626373626373626,False,0.2679022786749219,True,36.00733356105552,True,0.5326027556720833,False,False,Downtrend,0.0
2022-08-30 00:00:00+00:00,0.0,0.0,0.29120879120879123,False,0.2750673909814593,True,37.35108720502979,True,0.5365520681159228,False,False,Downtrend,0.0
2022-08-31 00:00:00+00:00,0.0,0.0,0.23901098901098902,False,0.2500277766339071,True,42.81151309187778,True,0.531596964724747,False,False,Downtrend,0.0
2022-09-01 00:00:00+00:00,0.0,0.0,0.25824175824175827,False,0.22540927654033605,True,47.09079947696227,True,0.5257475888493285,False,False,Downtrend,0.0
2022-09-02 00:00:00+00:00,0.0,0.0,0.04395604395604396,False,0.22603105363300388,True,58.15192918359213,True,0.5248065659601147,False,False,Downtrend,0.0
2022-09-03 00:00:00+00:00,0.0,0.0,0.03021978021978022,False,0.2214000713917424,True,57.39729893293199,True,0.5106330252576179,False,False,Downtrend,0.0
2022-09-04 00:00:00+00:00,0.0,0.0,0.024725274725274724,False,0.27405824850688365,True,56.38715660400446,True,0.49918747264391516,False,False,Downtrend,0.0
2022-09-05 00:00:00+00:00,0.0,0.0,0.02197802197802198,False,0.2646422551549742,True,55.53242787931514,True,0.4885838980452266,False,False,Downtrend,0.0
2022-09-06 00:00:00+00:00,0.0,0.0,0.0989010989010989,False,0.34472459966217833,True,46.33441396144596,True,0.5268849115504876,False,False,Downtrend,0.0
2022-09-07 00:00:00+00:00,0.0,0.0,0.11813186813186813,False,0.3589782713388616,True,45.57332991987614,True,0.5184667921857962,False,False,Downtrend,0.0
2022-09-08 00:00:00+00:00,0.0,0.0,0.11813186813186813,False,0.32051018136843923,True,45.3587019490941,True,0.5094815000185197,False,False,Downtrend,0.0
2022-09-09 00:00:00+00:00,0.14285714285714285,0.0,0.23626373626373626,False,0.1967117885716453,False,50.50122006663077,False,0.5180778292267783,False,False,Downtrend,0.07142857142857142
2022-09-10 00:00:00+00:00,0.14285714285714285,0.0,0.24175824175824176,False,0.1699024977201903,False,48.27780627664828,False,0.516624484737053,False,False,Downtrend,0.07142857142857142
2022-09-11 00:00:00+00:00,0.14285714285714285,0.0,0.23351648351648352,False,0.19574212397003746,False,47.2609074391763,False,0.5090226260428542,False,False,Downtrend,0.07142857142857142
2022-09-12 00:00:00+00:00,0.42857142857142855,0.0,0.23076923076923078,False,0.1493660682210482,False,40.9649722215527,False,0.5152927207559677,False,False,Downtrend,0.21428571428571427
2022-09-13 00:00:00+00:00,0.2857142857142857,0.0,0.6291208791208791,True,0.2618044787856171,True,43.81080525937261,False,0.5926438735520477,False,False,Downtrend,0.0857142857142857
2022-09-14 00:00:00+00:00,0.2857142857142857,0.0,0.6483516483516484,True,0.24757124031072272,True,44.449937651083374,False,0.588832493157622,False,False,Downtrend,0.0857142857142857
2022-09-15 00:00:00+00:00,0.14285714285714285,0.0,0.6620879120879121,True,0.2610387340986037,True,44.9673239766272,False,0.5835508169644599,False,False,Downtrend,0.04285714285714285
2022-09-16 00:00:00+00:00,0.14285714285714285,0.0,0.6538461538461539,True,0.22837055887347815,True,44.65322113247121,False,0.5750282373650699,False,False,Downtrend,0.04285714285714285
2022-09-17 00:00:00+00:00,0.14285714285714285,0.0,0.6593406593406593,True,0.19656030013067516,False,44.755635177668516,False,0.5603406625905556,False,False,Downtrend,0.04285714285714285
2022-09-18 00:00:00+00:00,0.0,0.0,0.6868131868131868,True,0.10131656309094071,False,45.65483970193448,False,0.5538012071318597,False,False,Downtrend,0.0
2022-09-19 00:00:00+00:00,0.0,0.0,0.7417582417582418,True,0.11605396956628453,False,45.9077197027911,False,0.5956494921684161,False,False,Downtrend,0.0
2022-09-20 00:00:00+00:00,0.0,0.0,0.7087912087912088,True,0.18728461039260424,False,44.37564413448944,False,0.6005000861383499,False,False,Downtrend,0.0
2022-09-21 00:00:00+00:00,0.0,0.0,0.771978021978022,True,0.20409854340845648,True,45.692302848641745,False,0.637147253050175,False,False,Downtrend,0.0
2022-09-22 00:00:00+00:00,0.0,0.0,0.7857142857142857,True,0.1398901520157756,False,47.46522743439974,False,0.6304203427515991,False,False,Downtrend,0.0
2022-09-23 00:00:00+00:00,0.0,0.0,0.7032967032967034,True,0.1370917681082556,False,44.23357413609675,False,0.625838338901542,False,False,Downtrend,0.0
2022-09-24 00:00:00+00:00,0.0,0.0,0.6978021978021978,True,0.1720328451590947,False,43.753963619155606,False,0.612194474048991,False,False,Downtrend,0.0
2022-09-25 00:00:00+00:00,0.0,0.0,0.7032967032967034,True,0.10144453760998542,False,43.858620303879064,False,0.5973516231860853,False,False,Downtrend,0.0
2022-09-26 00:00:00+00:00,0.0,0.0,0.6895604395604396,True,0.05643247100603919,False,43.056992645335775,False,0.5952340800964873,False,False,Downtrend,0.0
2022-09-27 00:00:00+00:00,0.0,0.0,0.42857142857142855,False,0.03399485168632957,False,64.31848825009884,False,0.638798017221102,False,False,Downtrend,0.0
2022-09-28 00:00:00+00:00,0.0,0.0,0.49175824175824173,False,0.0640912024470239,False,67.95978644918871,False,0.6402263244101788,False,False,Downtrend,0.0
2022-09-29 00:00:00+00:00,0.0,0.0,0.49175824175824173,False,0.016522282754309316,False,67.87396142571265,False,0.6380064239174292,False,False,Downtrend,0.0
2022-09-30 00:00:00+00:00,0.0,0.0,0.5412087912087912,True,0.04733394341895913,False,69.13784642206758,False,0.6369730715583944,False,False,Downtrend,0.0
2022-10-01 00:00:00+00:00,0.0,0.0,0.5384615384615384,True,0.0617612544495035,False,68.8219127909498,False,0.6172167179892135,False,False,Downtrend,0.0
2022-10-02 00:00:00+00:00,0.0,0.0,0.5164835164835165,True,0.06699681281222555,False,67.97791525070059,False,0.601176687180847,False,True,Downtrend,0.0
2022-10-03 00:00:00+00:00,0.0,0.0,0.4010989010989011,False,0.014684268675346028,False,65.99097100349326,False,0.5885518896710245,False,True,Downtrend,0.0
2022-10-04 00:00:00+00:00,0.14285714285714285,0.0,0.40384615384615385,False,0.023516624397313387,False,64.70577610387636,False,0.575009450943732,False,True,Downtrend,0.05357142857142857
2022-10-05 00:00:00+00:00,0.14285714285714285,0.0,0.18406593406593408,False,0.02522385455560585,False,64.95296901826696,False,0.5678610301939928,False,True,Downtrend,0.05357142857142857
2022-10-06 00:00:00+00:00,0.14285714285714285,0.0,0.11813186813186813,False,0.0865437955718475,False,65.11503473738136,False,0.5562701303181262,False,True,Downtrend,0.05357142857142857
2022-10-07 00:00:00+00:00,0.14285714285714285,0.0,0.10164835164835165,False,0.017641753066021438,False,64.36225505700952,False,0.5510369374587228,False,True,Downtrend,0.05357142857142857
2022-10-08 00:00:00+00:00,0.14285714285714285,0.0,0.09340659340659341,False,0.007255377617318824,False,63.94283920941197,False,0.5360496013358882,False,True,Downtrend,0.05357142857142857
2022-10-09 00:00:00+00:00,0.14285714285714285,0.0,0.08241758241758242,False,0.1668463010231777,False,62.8459909159765,False,0.5202282853017355,False,True,Downtrend,0.05357142857142857
2022-10-10 00:00:00+00:00,0.14285714285714285,0.0,0.08241758241758242,False,0.21819640077863203,True,62.36222340094487,True,0.5137858542694689,False,True,Downtrend,0.08035714285714285
2022-10-11 00:00:00+00:00,0.14285714285714285,0.0,0.0027472527472527475,False,0.2421473448744529,True,57.87009436882758,True,0.5022471804610769,False,True,Downtrend,0.08035714285714285
2022-10-12 00:00:00+00:00,0.14285714285714285,0.0,0.0,False,0.2958271896868913,True,61.08573630996207,True,0.48729371936578325,False,True,Downtrend,0.08035714285714285
2022-10-13 00:00:00+00:00,0.14285714285714285,0.0,0.0027472527472527475,False,0.08920638893109636,False,50.67294166028077,False,0.4982437158398758,False,True,Downtrend,0.05357142857142857
2022-10-14 00:00:00+00:00,0.14285714285714285,0.0,0.0027472527472527475,False,0.11541700657684971,False,50.02238777225591,False,0.4987585581461443,False,True,Downtrend,0.05357142857142857
2022-10-15 00:00:00+00:00,0.14285714285714285,0.0,0.0027472527472527475,False,0.07288220551378467,False,49.70176436853311,False,0.48378161625225335,False,True,Downtrend,0.05357142857142857
2022-10-16 00:00:00+00:00,0.14285714285714285,0.0,0.0027472527472527475,False,0.061607083811265576,False,49.191514771907244,False,0.4736062567069244,False,True,Downtrend,0.05357142857142857
2022-10-17 00:00:00+00:00,0.14285714285714285,0.0,0.0027472527472527475,False,0.06445195941913648,False,48.11468295923043,False,0.461959803149444,False,True,Downtrend,0.05357142857142857
2022-10-18 00:00:00+00:00,0.14285714285714285,0.0,0.0,False,0.01072780816154836,False,46.663270372087936,False,0.45619924509263104,False,True,Downtrend,0.05357142857142857
2022-10-19 00:00:00+00:00,0.14285714285714285,0.0,0.0,False,0.04943988873182278,False,44.95970962972118,False,0.4458345620362183,False,True,Downtrend,0.05357142857142857
2022-10-20 00:00:00+00:00,0.14285714285714285,0.0,0.0,False,0.021469859620148406,False,51.266205138635605,False,0.43897269248101234,False,True,Downtrend,0.05357142857142857
2022-10-21 00:00:00+00:00,0.14285714285714285,0.0,0.0,False,0.09394221633662612,False,52.91762125674374,False,0.4305481155634302,False,True,Downtrend,0.05357142857142857
2022-10-22 00:00:00+00:00,0.14285714285714285,0.0,0.0,False,0.02996746233560313,False,51.58548160943798,False,0.4172012370505895,False,True,Downtrend,0.05357142857142857
2022-10-23 00:00:00+00:00,0.14285714285714285,0.0,0.008241758241758242,False,0.0410224834624505,False,53.63965054901797,False,0.40516738660558027,False,True,Downtrend,0.05357142857142857
2022-10-24 00:00:00+00:00,0.14285714285714285,0.0,0.005494505494505495,False,0.06099804136097104,False,53.321896915970655,False,0.39554699268147453,False,True,Downtrend,0.05357142857142857
2022-10-25 00:00:00+00:00,0.42857142857142855,0.0,0.024725274725274724,False,0.17325009495001992,False,48.31929767184389,False,0.39205560657537475,False,True,Downtrend,0.1607142857142857
2022-10-26 00:00:00+00:00,0.5714285714285714,0.0,0.038461538461538464,False,0.2026729508142915,True,42.39888798308153,True,0.38958177426548046,False,True,Bear rally,0.3214285714285714
2022-10-27 00:00:00+00:00,0.5714285714285714,0.0,0.019230769230769232,False,0.15305279904944574,False,46.15801885382715,False,0.3910085299454888,False,False,Bear rally,0.2857142857142857
2022-10-28 00:00:00+00:00,0.5714285714285714,0.0,0.016483516483516484,False,0.14909432110755338,False,45.53055818094822,False,0.38698820467056544,False,False,Bear rally,0.2857142857142857
2022-10-29 00:00:00+00:00,0.5714285714285714,0.0,0.019230769230769232,False,0.153285130778581,False,45.821178362100554,False,0.38284190190881534,False,False,Bear rally,0.2857142857142857
2022-10-30 00:00:00+00:00,0.5714285714285714,0.0,0.02197802197802198,False,0.1513596832284167,False,46.07163026278754,False,0.3784842000076331,False,False,Bear rally,0.2857142857142857
2022-10-31 00:00:00+00:00,0.5714285714285714,0.0,0.027472527472527472,False,0.14774356668866517,False,46.45279571124809,False,0.3808801003452722,False,False,Bear rally,0.2857142857142857
2022-11-01 00:00:00+00:00,0.5714285714285714,0.0,0.016483516483516484,False,0.18438273742756842,False,45.31040521969922,False,0.37320119518119843,False,False,Bear rally,0.2857142857142857
2022-11-02 00:00:00+00:00,0.5714285714285714,0.0,0.038461538461538464,False,0.06972122712347231,False,47.40605881078913,False,0.36952893213585425,False,False,Bear rally,0.2857142857142857
2022-11-03 00:00:00+00:00,0.5714285714285714,0.0,0.038461538461538464,False,0.01899168748447793,False,47.022264005862915,False,0.3639233763737906,False,False,Bear rally,0.2857142857142857
2022-11-04 00:00:00+00:00,0.5714285714285714,0.0,0.04945054945054945,False,0.13019047518879254,False,52.596484392563916,False,0.3798982197968395,False,False,Bear rally,0.2857142857142857
2022-11-05 00:00:00+00:00,0.7142857142857143,0.0,0.054945054945054944,False,0.17708843177458827,False,50.747800960035406,False,0.372894611876856,False,False,Bear rally,0.35714285714285715
2022-11-06 00:00:00+00:00,0.7142857142857143,0.0,0.04945054945054945,False,0.18284501197042038,False,51.53372194427359,False,0.3679306921020448,False,False,Bear rally,0.35714285714285715
2022-11-07 00:00:00+00:00,0.7142857142857143,0.0,0.06318681318681318,False,0.15186607689549445,False,53.85567891825465,False,0.3740264690414341,False,False,Bear rally,0.35714285714285715
2022-11-08 00:00:00+00:00,0.0,0.0,0.6758241758241759,True,0.09148562711648808,False,37.64320283683543,True,0.6278821184252916,False,False,Downtrend,0.0
2022-11-09 00:00:00+00:00,0.0,0.0,0.8379120879120879,True,0.26597785023630055,True,31.912655772803273,True,0.7248613799528142,False,False,Downtrend,0.0
2022-11-10 00:00:00+00:00,0.0,0.0,0.8983516483516484,True,0.10670652542019543,False,36.52952935321392,True,0.7750500210483396,False,False,Downtrend,0.0
2022-11-11 00:00:00+00:00,0.0,0.0,0.9175824175824175,True,0.14781539840021754,False,37.93404040410391,True,0.7775841908626793,False,False,Downtrend,0.0
2022-11-12 00:00:00+00:00,0.0,0.0,0.9175824175824175,True,0.18119125802814304,False,37.831630525642,True,0.7578091033996561,False,False,Downtrend,0.0
2022-11-13 00:00:00+00:00,0.0,0.0,0.9175824175824175,True,0.19730858417223504,True,38.5569598325067,False,0.7422499938451833,False,False,Downtrend,0.0
2022-11-14 00:00:00+00:00,0.0,0.0,0.9395604395604396,True,0.16766963347739647,False,40.29877427251432,False,0.7504336015361209,False,False,Downtrend,0.0
2022-11-15 00:00:00+00:00,0.0,0.0,0.945054945054945,True,0.16071723777601046,False,40.822863942765984,False,0.7402240807529058,False,False,Downtrend,0.0
2022-11-16 00:00:00+00:00,0.0,0.0,0.945054945054945,True,0.19707032716500242,True,40.57099485405687,False,0.7218887953860157,False,False,Downtrend,0.0
2022-11-17 00:00:00+00:00,0.0,0.0,0.9478021978021978,True,0.18225029534884343,False,40.52286932802744,False,0.7020810658798772,False,False,Downtrend,0.0
2022-11-18 00:00:00+00:00,0.0,0.0,0.9230769230769231,True,0.16992967276449839,False,39.04641501331354,False,0.682209640520062,False,False,Downtrend,0.0
2022-11-19 00:00:00+00:00,0.0,0.0,0.9203296703296703,True,0.16510767217110184,False,39.49364199621741,False,0.6608490128167109,False,False,Downtrend,0.0
2022-11-20 00:00:00+00:00,0.0,0.0,0.9285714285714286,True,0.19920735346123236,True,41.70035052727615,False,0.646930137122381,False,False,Downtrend,0.0
2022-11-21 00:00:00+00:00,0.0,0.0,0.9478021978021978,True,0.22916588561053577,True,43.88094949157976,False,0.6441249636685975,False,False,Downtrend,0.0
2022-11-22 00:00:00+00:00,0.0,0.0,0.804945054945055,True,0.22265033988961588,True,56.4364492510309,False,0.6334850560688959,False,False,Downtrend,0.0
2022-11-23 00:00:00+00:00,0.0,0.0,0.6181318681318682,True,0.17994895767129776,False,54.073295773435085,False,0.6244125161720757,False,False,Downtrend,0.0
2022-11-24 00:00:00+00:00,0.0,0.0,0.2032967032967033,False,0.24164476597847828,True,54.11282230968528,True,0.6080245492754761,False,False,Downtrend,0.0
2022-11-25 00:00:00+00:00,0.0,0.0,0.10164835164835165,False,0.30812697634656233,True,59.517767310777536,True,0.5907558234434132,False,False,Downtrend,0.0
2022-11-26 00:00:00+00:00,0.0,0.0,0.09065934065934066,False,0.2867729281404542,True,58.72488128461113,True,0.5736121033087419,False,False,Downtrend,0.0
2022-11-27 00:00:00+00:00,0.0,0.0,0.07967032967032966,False,0.31751501367514334,True,56.170711835280024,True,0.5571285156478338,False,False,Downtrend,0.0
2022-11-28 00:00:00+00:00,0.0,0.0,0.013736263736263736,False,0.3506455663179605,True,52.69886628763164,True,0.5530341958009968,False,False,Downtrend,0.0
2022-11-29 00:00:00+00:00,0.0,0.0,0.005494505494505495,False,0.31808145566758,True,54.603490429371234,True,0.5380751976322941,False,False,Downtrend,0.0
2022-11-30 00:00:00+00:00,0.14285714285714285,0.0,0.027472527472527472,False,0.24212551723937184,True,50.316151545495984,True,0.5286567035085278,False,True,Downtrend,0.08035714285714285
2022-12-01 00:00:00+00:00,0.14285714285714285,0.0,0.03021978021978022,False,0.25187908080029475,True,49.4684896049027,True,0.5142192673273661,False,True,Downtrend,0.08035714285714285
2022-12-02 00:00:00+00:00,0.14285714285714285,0.0,0.02197802197802198,False,0.22322744666505134,True,48.64215214970254,True,0.5017456321507588,False,False,Downtrend,0.10714285714285714
2022-12-03 00:00:00+00:00,0.14285714285714285,0.0,0.03296703296703297,False,0.2398047853851748,True,48.9890835113743,True,0.4865318168013662,False,False,Downtrend,0.10714285714285714
2022-12-04 00:00:00+00:00,0.14285714285714285,0.0,0.008241758241758242,False,0.3077823760669704,True,47.56260173810426,True,0.4714686616338487,False,False,Downtrend,0.10714285714285714
2022-12-05 00:00:00+00:00,0.14285714285714285,0.0,0.0,False,0.33016454050726063,True,46.691872250910855,True,0.46239238509533825,False,False,Downtrend,0.10714285714285714
2022-12-06 00:00:00+00:00,0.14285714285714285,0.0,0.0,False,0.29695222148912587,True,52.426415649511085,True,0.44853769804186083,False,False,Downtrend,0.10714285714285714
2022-12-07 00:00:00+00:00,0.14285714285714285,0.0,0.0,False,0.29353716153617,True,51.87453831360556,True,0.4401086870431877,False,False,Downtrend,0.10714285714285714
2022-12-08 00:00:00+00:00,0.2857142857142857,0.0,0.005494505494505495,False,0.11883614886559898,False,53.271184786312496,False,0.4274095875579512,False,False,Downtrend,0.14285714285714285
2022-12-09 00:00:00+00:00,0.2857142857142857,0.0,0.005494505494505495,False,0.14011892822819724,False,53.13181094466863,False,0.4154563287238358,False,False,Downtrend,0.14285714285714285
2022-12-10 00:00:00+00:00,0.2857142857142857,0.0,0.0027472527472527475,False,0.0683697271331077,False,51.93021038359752,False,0.4025219004243009,False,False,Downtrend,0.14285714285714285
2022-12-11 00:00:00+00:00,0.2857142857142857,0.0,0.0027472527472527475,False,0.0022889904837624458,False,51.936877458158406,False,0.3905491736574126,False,False,Downtrend,0.14285714285714285
2022-12-12 00:00:00+00:00,0.2857142857142857,0.0,0.0,False,0.06307414919276179,False,53.99233281141873,False,0.38128164248833957,False,False,Downtrend,0.14285714285714285
2022-12-13 00:00:00+00:00,0.2857142857142857,0.0,0.019230769230769232,False,0.22615676717208927,True,50.612415536338005,True,0.3764468206040042,False,False,Downtrend,0.21428571428571427
2022-12-14 00:00:00+00:00,0.2857142857142857,0.0,0.019230769230769232,False,0.1931750862906056,True,46.837539515491315,True,0.3872870402020777,False,False,Downtrend,0.21428571428571427
2022-12-15 00:00:00+00:00,0.2857142857142857,0.0,0.02197802197802198,False,0.07242203948675162,False,47.54154180336823,False,0.3858565819010337,False,False,Downtrend,0.14285714285714285
2022-12-16 00:00:00+00:00,0.2857142857142857,0.0,0.0521978021978022,False,0.004519400677910008,False,48.43259410239348,False,0.4022092478199086,False,False,Downtrend,0.14285714285714285
2022-12-17 00:00:00+00:00,0.2857142857142857,0.0,0.04945054945054945,False,0.012178246831421938,False,47.78453439354644,False,0.3913473893057428,False,True,Downtrend,0.10714285714285714
2022-12-18 00:00:00+00:00,0.2857142857142857,0.0,0.04120879120879121,False,0.005452959559141843,False,47.05978771474044,False,0.3798828917876161,False,True,Downtrend,0.10714285714285714
2022-12-19 00:00:00+00:00,0.14285714285714285,0.0,0.046703296703296704,False,0.03624141377505945,False,41.921494672861115,False,0.3750729257758335,False,True,Downtrend,0.05357142857142857
2022-12-20 00:00:00+00:00,0.14285714285714285,0.0,0.10164835164835165,False,0.08475608160319352,False,44.55284596308291,False,0.367704039332083,False,True,Downtrend,0.05357142857142857
2022-12-21 00:00:00+00:00,0.14285714285714285,0.0,0.07967032967032966,False,0.15272044918295705,False,43.091261682986016,False,0.36024351407501276,False,True,Downtrend,0.05357142857142857
2022-12-22 00:00:00+00:00,0.14285714285714285,0.0,0.0521978021978022,False,0.0930409809767509,False,41.59796412604783,False,0.35366057194461215,False,True,Downtrend,0.05357142857142857
2022-12-23 00:00:00+00:00,0.14285714285714285,0.0,0.04395604395604396,False,0.02895987820966877,False,41.13388284101386,False,0.3440202927167454,False,True,Downtrend,0.05357142857142857
2022-12-24 00:00:00+00:00,0.14285714285714285,0.0,0.04120879120879121,False,0.03881815518423735,False,40.878787358158505,False,0.3330874056997627,False,False,Downtrend,0.07142857142857142
2022-12-25 00:00:00+00:00,0.14285714285714285,0.0,0.04120879120879121,False,0.05134529407964604,False,40.495917140360056,False,0.32316371007729494,False,False,Downtrend,0.07142857142857142
2022-12-26 00:00:00+00:00,0.14285714285714285,0.0,0.03296703296703297,False,0.07603437238065681,False,39.15040990519802,False,0.3133095464986902,False,False,Downtrend,0.07142857142857142
2022-12-27 00:00:00+00:00,0.14285714285714285,0.0,0.024725274725274724,False,0.04445604684236849,False,35.574699144043954,True,0.3081351836958501,False,False,Downtrend,0.10714285714285714
2022-12-28 00:00:00+00:00,0.0,0.0,0.005494505494505495,False,0.05404793845258702,False,43.53903527207543,False,0.3060600372685243,False,False,Downtrend,0.0
2022-12-29 00:00:00+00:00,0.0,0.0,0.0,False,0.03159354296417426,False,48.932700597158224,False,0.297357804507244,False,False,Downtrend,0.0
2022-12-30 00:00:00+00:00,0.0,0.0,0.0,False,0.10398390582815416,False,60.55710077821224,False,0.2922308619284114,False,False,Downtrend,0.0
2022-12-31 00:00:00+00:00,0.0,0.0,0.0,False,0.08321074047362556,False,60.14659936239189,False,0.2837007458864286,False,False,Downtrend,0.0
2023-01-01 00:00:00+00:00,0.0,0.0,0.0,False,0.09177816212297404,False,59.455004611141476,False,0.27491511574779187,False,False,Downtrend,0.0
2023-01-02 00:00:00+00:00,0.0,0.0,0.0,False,0.04217172569807916,False,60.0906458610007,False,0.26871658084192374,False,False,Downtrend,0.0
2023-01-03 00:00:00+00:00,0.0,0.0,0.0,False,0.08938069632736113,False,59.36743391350227,False,0.26202462437318563,False,True,Downtrend,0.0
2023-01-04 00:00:00+00:00,0.0,0.0,0.0027472527472527475,False,0.02390299493253993,False,59.91550408793762,False,0.2582271559918931,False,True,Downtrend,0.0
2023-01-05 00:00:00+00:00,0.0,0.0,0.0,False,0.05414631783557946,False,57.70042969595574,False,0.2513264082260161,False,True,Downtrend,0.0
2023-01-06 00:00:00+00:00,0.0,0.0,0.005494505494505495,False,0.024704707134050707,False,56.66785050893114,False,0.24644757245006935,False,True,Downtrend,0.0
2023-01-07 00:00:00+00:00,0.0,0.0,0.005494505494505495,False,0.06624820227982761,False,56.43368882265001,False,0.23896626455598854,False,True,Downtrend,0.0
2023-01-08 00:00:00+00:00,0.14285714285714285,0.0,0.013736263736263736,False,0.00016885444977726515,False,51.30240590117246,False,0.23292785359688398,False,True,Downtrend,0.05357142857142857
2023-01-09 00:00:00+00:00,0.2857142857142857,0.0,0.016483516483516484,False,0.011610914305185394,False,44.05681108001287,False,0.23106175049596692,False,True,Downtrend,0.10714285714285714
2023-01-10 00:00:00+00:00,0.42857142857142855,0.0,0.016483516483516484,False,0.07743159059088921,False,40.34178051261096,False,0.226199348725341,False,False,Downtrend,0.21428571428571427
2023-01-11 00:00:00+00:00,0.5714285714285714,0.0,0.024725274725274724,False,0.1475598494283137,False,30.677074433399955,True,0.2232162778324596,False,False,Bear rally,0.42857142857142855
2023-01-12 00:00:00+00:00,0.7142857142857143,0.0,0.038461538461538464,False,0.20191076083844375,True,20.602519744217894,True,0.2744432828817308,False,False,Bear rally,0.5357142857142857
2023-01-13 00:00:00+00:00,0.8571428571428571,0.0,0.07967032967032966,False,0.3342112127621453,True,18.400187263569414,True,0.28948240553076016,False,False,Bear rally,0.6428571428571428
2023-01-14 00:00:00+00:00,1.0,1.0,0.19505494505494506,False,0.5183839629382069,True,14.255015064526662,True,0.3234509288236272,False,False,Calm uptrend,1.5
2023-01-15 00:00:00+00:00,1.0,1.0,0.20054945054945056,False,0.672797851810472,True,16.62681316456232,True,0.3238291835840219,False,False,Calm uptrend,1.5
2023-01-16 00:00:00+00:00,1.0,1.0,0.21153846153846154,False,0.6813813289403128,True,18.414344205842177,True,0.33686488819950683,False,False,Calm uptrend,1.5
2023-01-17 00:00:00+00:00,1.0,1.0,0.21978021978021978,False,0.6781318444026289,True,20.361345921473994,True,0.33445643406117925,False,False,Calm uptrend,1.5
2023-01-18 00:00:00+00:00,1.0,1.0,0.28296703296703296,False,0.6382063447370363,True,24.349925972703932,True,0.3516219928406157,False,False,Calm uptrend,1.5
2023-01-19 00:00:00+00:00,1.0,1.0,0.29395604395604397,False,0.634765954536127,True,25.943517872629837,True,0.3465020706457168,False,False,Calm uptrend,1.5
2023-01-20 00:00:00+00:00,1.0,1.0,0.4065934065934066,False,0.7209825780704336,True,25.263067963895583,True,0.3457192794440161,False,False,Calm uptrend,1.5
2023-01-21 00:00:00+00:00,1.0,1.0,0.42857142857142855,False,0.725611804281048,True,24.293663668681326,True,0.3690078524436562,False,False,Calm uptrend,1.5
2023-01-22 00:00:00+00:00,1.0,1.0,0.45054945054945056,False,0.7187632585078715,True,27.021083368414516,True,0.37475823378077916,False,False,Calm uptrend,1.5
2023-01-23 00:00:00+00:00,1.0,1.0,0.4642857142857143,False,0.7238169271115446,True,28.40046241229649,True,0.37860239736412965,False,False,Calm uptrend,1.5
2023-01-24 00:00:00+00:00,1.0,1.0,0.4835164835164835,False,0.6682987861639278,True,30.429110496182748,True,0.3765318467682648,False,False,Calm uptrend,1.5
2023-01-25 00:00:00+00:00,1.0,1.0,0.5247252747252747,True,0.6808292935462809,True,33.524941342383634,True,0.42516490818902064,False,False,Calm uptrend,1.5
2023-01-26 00:00:00+00:00,1.0,1.0,0.4478021978021978,False,0.711516601854622,True,37.032603430428665,True,0.41766362689733716,False,False,Calm uptrend,1.5
2023-01-27 00:00:00+00:00,1.0,1.0,0.4065934065934066,False,0.7446993009227092,True,46.03233521336709,True,0.4169820220161861,False,False,Calm uptrend,1.5
2023-01-28 00:00:00+00:00,1.0,1.0,0.34065934065934067,False,0.7318750350809466,True,48.241652325961965,True,0.40531175756486154,False,False,Calm uptrend,1.5
2023-01-29 00:00:00+00:00,1.0,1.0,0.36813186813186816,False,0.7571289709153269,True,48.17998753688,True,0.40112319900280513,False,False,Calm uptrend,1.5
2023-01-30 00:00:00+00:00,1.0,1.0,0.39285714285714285,False,0.6115815813575045,True,49.46740662721163,True,0.4123229963494367,False,False,Calm uptrend,1.5
2023-01-31 00:00:00+00:00,1.0,1.0,0.37637362637362637,False,0.6198917633881377,True,48.882213451529175,True,0.4060101201857063,False,False,Calm uptrend,1.5
2023-02-01 00:00:00+00:00,1.0,1.0,0.3543956043956044,False,0.6388585990120023,True,51.10686690412945,True,0.3996112881482674,False,False,Calm uptrend,1.5
2023-02-02 00:00:00+00:00,1.0,1.0,0.37362637362637363,False,0.603412669455652,True,51.115729782304534,True,0.4186592494869821,False,False,Calm uptrend,1.5
2023-02-03 00:00:00+00:00,1.0,1.0,0.22802197802197802,False,0.5890101039028454,True,67.62991351052824,True,0.41220236848773134,False,False,Calm uptrend,1.5
2023-02-04 00:00:00+00:00,1.0,1.0,0.21703296703296704,False,0.5767966644317062,True,65.5794529517869,True,0.40031619913293964,False,False,Calm uptrend,1.5
2023-02-05 00:00:00+00:00,1.0,1.0,0.21428571428571427,False,0.5185920430528853,True,65.39721921880657,True,0.39403760103625396,False,False,Calm uptrend,1.5
2023-02-06 00:00:00+00:00,1.0,1.0,0.21153846153846154,False,0.49739334244530947,True,64.8765129609562,True,0.38695042387541784,False,False,Calm uptrend,1.5
2023-02-07 00:00:00+00:00,1.0,1.0,0.21153846153846154,False,0.5097014234646956,True,64.543430145625,True,0.39229343080506607,False,False,Calm uptrend,1.5
2023-02-08 00:00:00+00:00,1.0,1.0,0.17307692307692307,False,0.47339847458182,True,65.9626824881777,True,0.38562119270558576,False,False,Calm uptrend,1.5
2023-02-09 00:00:00+00:00,0.8571428571428571,1.0,0.21428571428571427,False,0.33189117522678196,True,54.78523864113996,True,0.40331110465371467,False,False,Calm uptrend,1.2857142857142856
2023-02-10 00:00:00+00:00,0.7142857142857143,1.0,0.2032967032967033,False,0.2878214503756527,True,49.73954525715381,True,0.4004508265739395,False,False,Calm uptrend,1.0714285714285714
2023-02-11 00:00:00+00:00,0.7142857142857143,1.0,0.20604395604395603,False,0.24870757297501925,True,49.72499610594269,True,0.38814800934564225,False,False,Calm uptrend,1.0714285714285714
2023-02-12 00:00:00+00:00,0.7142857142857143,1.0,0.17582417582417584,False,0.1666539291837915,False,47.735419716824744,False,0.38125265978410355,False,False,Uptrend,0.7142857142857143
2023-02-13 00:00:00+00:00,0.7142857142857143,1.0,0.11263736263736264,False,0.08104038018381922,False,43.390608470166804,False,0.3789748107965715,False,False,Uptrend,0.7142857142857143
2023-02-14 00:00:00+00:00,0.7142857142857143,1.0,0.14560439560439561,False,0.12712433750528768,False,44.13508375429883,False,0.3831300539123903,False,False,Uptrend,0.7142857142857143
2023-02-15 00:00:00+00:00,1.0,1.0,0.28296703296703296,False,0.2560036543983295,True,47.42175518800743,True,0.3944893512608433,False,False,Calm uptrend,1.5
2023-02-16 00:00:00+00:00,1.0,1.0,0.3516483516483517,False,0.1830938731541053,False,40.790332544631724,False,0.4364996304691467,False,False,Uptrend,1.0
2023-02-17 00:00:00+00:00,1.0,1.0,0.45054945054945056,False,0.2860113449329888,True,44.48181488844572,True,0.4470880851445604,False,False,Calm uptrend,1.5
2023-02-18 00:00:00+00:00,1.0,1.0,0.4532967032967033,False,0.26815068544736753,True,44.820359071637014,True,0.4367415747390354,False,False,Calm uptrend,1.5
2023-02-19 00:00:00+00:00,1.0,1.0,0.46703296703296704,False,0.13324580656251486,False,45.729819540442556,False,0.4409348846458785,False,False,Uptrend,1.0
2023-02-20 00:00:00+00:00,1.0,1.0,0.5027472527472527,True,0.16474300443417306,False,47.850604743516975,False,0.431327356192417,False,False,Volatile uptrend,0.6
2023-02-21 00:00:00+00:00,1.0,1.0,0.5412087912087912,True,0.1361601811014402,False,49.19331290160247,False,0.43953406309335563,False,False,Volatile uptrend,0.6
2023-02-22 00:00:00+00:00,1.0,1.0,0.5467032967032966,True,0.09833528591006123,False,49.4977738798152,False,0.4402446635768753,False,False,Volatile uptrend,0.6
2023-02-23 00:00:00+00:00,1.0,1.0,0.5,False,0.10189215709962271,False,48.61423089308509,False,0.44771266372424545,False,False,Uptrend,1.0
2023-02-24 00:00:00+00:00,1.0,1.0,0.5686813186813187,True,0.00945110620124831,False,50.7206906833514,False,0.45239409507564443,False,False,Volatile uptrend,0.6
2023-02-25 00:00:00+00:00,1.0,1.0,0.5714285714285714,True,0.011224200783912307,False,51.20331931744122,False,0.44144214368920337,False,False,Volatile uptrend,0.6
2023-02-26 00:00:00+00:00,1.0,1.0,0.5824175824175825,True,0.03569288481287011,False,51.63069713947003,False,0.4318580521754782,False,False,Volatile uptrend,0.6
2023-02-27 00:00:00+00:00,1.0,1.0,0.5851648351648352,True,0.034832278450490875,False,54.04938948700499,False,0.42933227744546293,False,False,Volatile uptrend,0.6
2023-02-28 00:00:00+00:00,1.0,1.0,0.5769230769230769,True,0.045824335343848416,False,59.183620338326875,False,0.4228896097321221,False,False,Volatile uptrend,0.6
2023-03-01 00:00:00+00:00,1.0,1.0,0.3956043956043956,False,0.06331058478028746,False,64.63294989813733,False,0.42347287102874137,False,False,Uptrend,1.0
2023-03-02 00:00:00+00:00,1.0,1.0,0.3076923076923077,False,0.027116863406542412,False,61.3835314038929,False,0.41312312230835874,False,False,Uptrend,1.0
2023-03-03 00:00:00+00:00,0.7142857142857143,1.0,0.29395604395604397,False,0.10562826563096318,False,51.0033733438827,False,0.49692164581863135,False,False,Uptrend,0.7142857142857143
2023-03-04 00:00:00+00:00,0.7142857142857143,1.0,0.29395604395604397,False,0.08915828899626384,False,50.41505706389543,False,0.4816360739713569,False,False,Uptrend,0.7142857142857143
2023-03-05 00:00:00+00:00,0.7142857142857143,1.0,0.2664835164835165,False,0.0780141843971631,False,48.7712929011364,False,0.47197278540140464,False,False,Uptrend,0.7142857142857143
2023-03-06 00:00:00+00:00,0.7142857142857143,1.0,0.23351648351648352,False,0.07188285988471646,False,45.660107495621816,False,0.45873214153254077,False,False,Uptrend,0.7142857142857143
2023-03-07 00:00:00+00:00,0.5714285714285714,1.0,0.21703296703296704,False,0.058455787317810384,False,51.74070775142444,False,0.4474732880582655,False,False,Uptrend,0.5714285714285714
2023-03-08 00:00:00+00:00,0.5714285714285714,1.0,0.21153846153846154,False,0.08197672254414165,False,46.4050532134398,False,0.4437195083555984,False,False,Uptrend,0.5714285714285714
2023-03-09 00:00:00+00:00,0.42857142857142855,1.0,0.31043956043956045,False,0.2091719863722513,True,37.754234681395815,True,0.49231619311642233,False,False,Fading uptrend,0.6428571428571428
2023-03-10 00:00:00+00:00,0.42857142857142855,1.0,0.28296703296703296,False,0.20536459516161185,True,32.89468199037073,True,0.5133219201565811,False,False,Fading uptrend,0.6428571428571428
2023-03-11 00:00:00+00:00,0.42857142857142855,1.0,0.33516483516483514,False,0.10446970299128303,False,34.38151780870603,True,0.5211858197837983,False,False,Fading uptrend,0.6428571428571428
2023-03-12 00:00:00+00:00,0.42857142857142855,1.0,0.4835164835164835,False,0.026186312033368093,False,38.44564956590521,False,0.5295338310028478,False,False,Fading uptrend,0.42857142857142855
2023-03-13 00:00:00+00:00,1.0,1.0,0.695054945054945,True,0.13996710577452218,False,39.85042721155997,False,0.5628919378290749,False,False,Volatile uptrend,0.6
2023-03-14 00:00:00+00:00,1.0,1.0,0.8021978021978022,True,0.17433031980516622,False,32.22061817824245,True,0.5864497688495278,False,False,Calm uptrend,1.5
2023-03-15 00:00:00+00:00,1.0,1.0,0.8131868131868132,True,0.1483139897076754,False,32.970956847201535,True,0.586859452845796,False,False,Calm uptrend,1.5
2023-03-16 00:00:00+00:00,1.0,1.0,0.8296703296703297,True,0.16251930647652432,False,33.986458199388196,True,0.5794298358591424,False,False,Calm uptrend,1.5
2023-03-17 00:00:00+00:00,1.0,1.0,0.8653846153846154,True,0.17554706264997708,False,30.024152691940632,True,0.5861695283400703,False,False,Calm uptrend,1.5
2023-03-18 00:00:00+00:00,1.0,1.0,0.8653846153846154,True,0.19735905191361014,True,31.84813582232936,True,0.5831249720388015,False,False,Calm uptrend,1.5
2023-03-19 00:00:00+00:00,1.0,1.0,0.8708791208791209,True,0.19797216556381522,True,31.143342663277767,True,0.5752089994787878,False,False,Calm uptrend,1.5
2023-03-20 00:00:00+00:00,1.0,1.0,0.8708791208791209,True,0.17747916601946973,False,32.63869922666545,True,0.5867075176416909,False,False,Calm uptrend,1.5
2023-03-21 00:00:00+00:00,1.0,1.0,0.8708791208791209,True,0.22018984626323812,True,33.533489331389234,True,0.5831684999112892,False,False,Calm uptrend,1.5
2023-03-22 00:00:00+00:00,1.0,1.0,0.8708791208791209,True,0.13612723149320793,False,34.52671106371258,True,0.6570334899681549,False,False,Calm uptrend,1.5
2023-03-23 00:00:00+00:00,1.0,1.0,0.8681318681318682,True,0.20944837948291462,True,34.28518664053621,True,0.6588502777845335,False,False,Calm uptrend,1.5
2023-03-24 00:00:00+00:00,1.0,1.0,0.8681318681318682,True,0.1729489576847823,False,36.0768295417838,True,0.6484041976665627,False,False,Calm uptrend,1.5
2023-03-25 00:00:00+00:00,1.0,1.0,0.8626373626373627,True,0.18851491824464792,True,37.77285732011753,True,0.6322327199487138,False,False,Calm uptrend,1.5
2023-03-26 00:00:00+00:00,1.0,1.0,0.8434065934065934,True,0.259410404273137,True,43.432239465706665,False,0.6185756497438987,False,False,Volatile uptrend,0.6
2023-03-27 00:00:00+00:00,1.0,1.0,0.7774725274725275,True,0.20610057365587708,True,54.640838207956335,False,0.6212475852245443,False,False,Volatile uptrend,0.6
2023-03-28 00:00:00+00:00,1.0,1.0,0.6868131868131868,True,0.19516343572574268,True,51.792813374379975,False,0.6095996813637692,False,False,Volatile uptrend,0.6
2023-03-29 00:00:00+00:00,1.0,1.0,0.6840659340659341,True,0.2426421838301162,True,53.769195011097075,False,0.5989418026007608,False,False,Volatile uptrend,0.6
2023-03-30 00:00:00+00:00,1.0,1.0,0.695054945054945,True,0.24453555877357924,True,58.41574026072589,False,0.6015855043861155,False,False,Volatile uptrend,0.6
2023-03-31 00:00:00+00:00,1.0,1.0,0.5384615384615384,True,0.24261905108284343,True,72.93354271571698,False,0.5912987608304224,False,False,Volatile uptrend,0.6
2023-04-01 00:00:00+00:00,1.0,1.0,0.5027472527472527,True,0.2521049564096977,True,71.78554630940006,False,0.5741192427938184,False,False,Volatile uptrend,0.6
2023-04-02 00:00:00+00:00,1.0,1.0,0.4532967032967033,False,0.30694588441377185,True,69.8430484726947,True,0.559682633160808,False,False,Calm uptrend,1.5
2023-04-03 00:00:00+00:00,1.0,1.0,0.4478021978021978,False,0.282311740146658,True,69.73805835641122,True,0.5625280402052781,False,False,Calm uptrend,1.5
2023-04-04 00:00:00+00:00,1.0,1.0,0.43131868131868134,False,0.29263094518300814,True,68.93444918695421,True,0.5477927467094645,False,False,Calm uptrend,1.5
2023-04-05 00:00:00+00:00,1.0,1.0,0.32967032967032966,False,0.29413092377886085,True,65.83515688277011,True,0.537776355003147,False,True,Calm uptrend,1.125
2023-04-06 00:00:00+00:00,1.0,1.0,0.25824175824175827,False,0.29916287748688963,True,62.79148896484619,True,0.5238961570144823,False,True,Calm uptrend,1.125
2023-04-07 00:00:00+00:00,1.0,1.0,0.22802197802197802,False,0.3239370252326399,True,59.87078583246255,True,0.5087793185237148,False,True,Calm uptrend,1.125
2023-04-08 00:00:00+00:00,1.0,1.0,0.22527472527472528,False,0.42488461171772923,True,58.88031905015708,True,0.4932135030257198,False,True,Calm uptrend,1.125
2023-04-09 00:00:00+00:00,1.0,1.0,0.22252747252747251,False,0.4539346124260275,True,58.7404590980211,True,0.4795409594709558,False,True,Calm uptrend,1.125
2023-04-10 00:00:00+00:00,1.0,1.0,0.22252747252747251,False,0.48289977274030205,True,52.962978791699285,True,0.47124402879825367,False,True,Calm uptrend,1.125
2023-04-11 00:00:00+00:00,1.0,1.0,0.21978021978021978,False,0.45485021227943834,True,50.70476212114001,True,0.46516700566882974,False,False,Calm uptrend,1.5
2023-04-12 00:00:00+00:00,1.0,1.0,0.1813186813186813,False,0.3557716418471376,True,49.001364556007594,True,0.45602107912492307,False,False,Calm uptrend,1.5
2023-04-13 00:00:00+00:00,1.0,1.0,0.12087912087912088,False,0.3529348063522241,True,46.06578644967675,True,0.44511665348411267,False,False,Calm uptrend,1.5
2023-04-14 00:00:00+00:00,1.0,1.0,0.09065934065934066,False,0.38953451367029374,True,41.42605299851075,True,0.4437644364965828,False,False,Calm uptrend,1.5
2023-04-15 00:00:00+00:00,1.0,1.0,0.08241758241758242,False,0.34555267249382987,True,40.7318260546398,True,0.4312567994125556,False,False,Calm uptrend,1.5
2023-04-16 00:00:00+00:00,1.0,1.0,0.07692307692307693,False,0.22484212088146494,True,39.893538878017225,True,0.4198348149645345,False,False,Calm uptrend,1.5
2023-04-17 00:00:00+00:00,1.0,1.0,0.07692307692307693,False,0.18929813266581733,True,44.01968393278542,True,0.4209368356803736,False,False,Calm uptrend,1.5
2023-04-18 00:00:00+00:00,1.0,1.0,0.09340659340659341,False,0.18220201069078334,False,46.667398255841775,False,0.41400461024062873,False,False,Uptrend,1.0
2023-04-19 00:00:00+00:00,1.0,1.0,0.20054945054945056,False,0.07429206592458752,False,49.65209828073351,False,0.438806797948416,False,False,Uptrend,1.0
2023-04-20 00:00:00+00:00,0.8571428571428571,1.0,0.21978021978021978,False,0.009397813569904176,False,52.14366701784476,False,0.4392830001642739,False,False,Uptrend,0.8571428571428571
2023-04-21 00:00:00+00:00,0.7142857142857143,1.0,0.2802197802197802,False,0.0008004191580021344,False,47.89944908019525,False,0.44523372621755536,False,False,Uptrend,0.7142857142857143
2023-04-22 00:00:00+00:00,0.7142857142857143,1.0,0.29395604395604397,False,0.033374014073211514,False,49.11295504295174,False,0.43404867129374103,False,False,Uptrend,0.7142857142857143
2023-04-23 00:00:00+00:00,0.7142857142857143,1.0,0.28846153846153844,False,0.009918678927852777,False,48.50779771353168,False,0.42621301804184225,False,False,Uptrend,0.7142857142857143
2023-04-24 00:00:00+00:00,0.7142857142857143,1.0,0.2554945054945055,False,0.003477870076400036,False,45.26181222684767,False,0.4292443690756517,False,False,Uptrend,0.7142857142857143
2023-04-25 00:00:00+00:00,0.7142857142857143,1.0,0.2692307692307692,False,0.023631162396950258,False,45.95685831150262,False,0.4225266583538335,False,False,Uptrend,0.7142857142857143
2023-04-26 00:00:00+00:00,0.7142857142857143,1.0,0.4065934065934066,False,0.09664377857266987,False,51.024510077998414,False,0.5536368062290451,False,False,Uptrend,0.7142857142857143
2023-04-27 00:00:00+00:00,0.7142857142857143,1.0,0.44505494505494503,False,0.15495430610008679,False,52.85221848485252,False,0.5651916964514803,False,False,Uptrend,0.7142857142857143
2023-04-28 00:00:00+00:00,0.7142857142857143,1.0,0.4340659340659341,False,0.07215972691540604,False,56.06982795671327,False,0.5511113589743675,False,False,Uptrend,0.7142857142857143
2023-04-29 00:00:00+00:00,0.7142857142857143,1.0,0.43956043956043955,False,0.09169390202594477,False,56.603252642303076,False,0.5346302502907445,False,False,Uptrend,0.7142857142857143
2023-04-30 00:00:00+00:00,0.7142857142857143,1.0,0.45604395604395603,False,0.06058518734185001,False,58.36141996478376,False,0.521689315507265,False,False,Uptrend,0.7142857142857143
2023-05-01 00:00:00+00:00,0.7142857142857143,1.0,0.4945054945054945,False,0.027807331148593982,False,59.701662006775486,False,0.5387666105142587,False,False,Uptrend,0.7142857142857143
2023-05-02 00:00:00+00:00,0.7142857142857143,1.0,0.47527472527472525,False,0.03520122711962664,False,59.62276377156594,False,0.5264330714425,False,False,Uptrend,0.7142857142857143
2023-05-03 00:00:00+00:00,0.7142857142857143,1.0,0.43131868131868134,False,0.08676859584838856,False,62.27196225920699,False,0.5211746098824976,False,False,Uptrend,0.7142857142857143
2023-05-04 00:00:00+00:00,0.7142857142857143,1.0,0.41208791208791207,False,0.048207993315135284,False,61.40453813702283,False,0.5098916967313173,False,False,Uptrend,0.7142857142857143
2023-05-05 00:00:00+00:00,0.8571428571428571,1.0,0.39285714285714285,False,0.09137418398803591,False,60.492200838605214,False,0.5012709250997262,False,False,Uptrend,0.8571428571428571
2023-05-06 00:00:00+00:00,0.8571428571428571,1.0,0.43956043956043955,False,0.053796924833069644,False,62.374841824805266,False,0.49519762111529664,False,False,Uptrend,0.8571428571428571
2023-05-07 00:00:00+00:00,0.8571428571428571,1.0,0.4423076923076923,False,0.03394788267281953,False,62.93157430121532,False,0.48452979589066,False,False,Uptrend,0.8571428571428571
2023-05-08 00:00:00+00:00,0.5714285714285714,1.0,0.46703296703296704,False,0.016684707366237356,False,66.83296902835082,False,0.49134622789846993,False,True,Uptrend,0.42857142857142855
2023-05-09 00:00:00+00:00,0.5714285714285714,1.0,0.43131868131868134,False,0.043982027502600586,False,65.6743660605287,False,0.4824740473628751,False,True,Uptrend,0.42857142857142855
2023-05-10 00:00:00+00:00,0.5714285714285714,1.0,0.3269230769230769,False,0.1403118867863493,False,57.61437204788623,False,0.49436517584196893,False,True,Uptrend,0.42857142857142855
2023-05-11 00:00:00+00:00,0.5714285714285714,1.0,0.3076923076923077,False,0.22141621974179296,True,55.191112070409716,True,0.48569810638638716,False,False,Calm uptrend,0.8571428571428571
2023-05-12 00:00:00+00:00,0.5714285714285714,1.0,0.33516483516483514,False,0.21394451246083304,True,47.570453245493795,True,0.48285939207946144,False,False,Calm uptrend,0.8571428571428571
2023-05-13 00:00:00+00:00,0.5714285714285714,1.0,0.33516483516483514,False,0.25720056663945934,True,47.40268604396212,True,0.4685243067430918,False,False,Calm uptrend,0.8571428571428571
2023-05-14 00:00:00+00:00,0.5714285714285714,1.0,0.3269230769230769,False,0.25279067498260405,True,48.13051736438567,True,0.45531311477977593,False,False,Calm uptrend,0.8571428571428571
2023-05-15 00:00:00+00:00,0.5714285714285714,1.0,0.29120879120879123,False,0.22198737493082718,True,46.13385339308109,True,0.4462303670274079,False,False,Calm uptrend,0.8571428571428571
2023-05-16 00:00:00+00:00,0.5714285714285714,1.0,0.2692307692307692,False,0.22982195668472247,True,44.52474218762221,True,0.4364552593549844,False,False,Calm uptrend,0.8571428571428571
2023-05-17 00:00:00+00:00,0.5714285714285714,1.0,0.26373626373626374,False,0.14746979457103487,False,43.94324823286926,False,0.42843692910699077,False,False,Uptrend,0.5714285714285714
2023-05-18 00:00:00+00:00,0.5714285714285714,1.0,0.29395604395604397,False,0.2662940711214008,True,45.1336018924146,True,0.4346666944299248,False,False,Calm uptrend,0.8571428571428571
2023-05-19 00:00:00+00:00,0.5714285714285714,1.0,0.27472527472527475,False,0.16189554374247256,False,44.19302333878928,False,0.4223792962528867,False,False,Uptrend,0.5714285714285714
2023-05-20 00:00:00+00:00,0.5714285714285714,1.0,0.20054945054945056,False,0.09916150390574094,False,47.56274237283602,False,0.4106269915727139,False,False,Uptrend,0.5714285714285714
2023-05-21 00:00:00+00:00,0.42857142857142855,1.0,0.1978021978021978,False,0.04732902429028527,False,53.402301443870684,False,0.40150238884191286,False,False,Fading uptrend,0.42857142857142855
2023-05-22 00:00:00+00:00,0.42857142857142855,1.0,0.14285714285714285,False,0.09276875787390604,False,54.91090980524678,False,0.39214395058496665,False,False,Fading uptrend,0.42857142857142855
2023-05-23 00:00:00+00:00,0.42857142857142855,1.0,0.16758241758241757,False,0.03508474944936242,False,55.72369502794022,False,0.3835006721774904,False,False,Fading uptrend,0.42857142857142855
2023-05-24 00:00:00+00:00,0.42857142857142855,1.0,0.09065934065934066,False,0.1038134253371091,False,65.9280704360501,False,0.3866655687490389,False,False,Fading uptrend,0.42857142857142855
2023-05-25 00:00:00+00:00,0.42857142857142855,1.0,0.08241758241758242,False,0.17011236540918195,False,65.31986593304532,False,0.3794509093880217,False,True,Fading uptrend,0.3214285714285714
2023-05-26 00:00:00+00:00,0.42857142857142855,1.0,0.06593406593406594,False,0.15743548982785321,False,64.03070560414983,False,0.36982587144750884,False,True,Fading uptrend,0.3214285714285714
2023-05-27 00:00:00+00:00,0.42857142857142855,1.0,0.06593406593406594,False,0.26320656664448533,True,63.993920354993875,True,0.35951813281283995,False,True,Fading uptrend,0.4821428571428571
2023-05-28 00:00:00+00:00,0.5714285714285714,1.0,0.10989010989010989,False,0.11335573716235131,False,56.295332543207834,False,0.3537822060334798,False,True,Uptrend,0.42857142857142855
2023-05-29 00:00:00+00:00,0.5714285714285714,1.0,0.1043956043956044,False,0.13285794190905295,False,53.40344834496337,False,0.34832927219533744,False,True,Uptrend,0.42857142857142855
2023-05-30 00:00:00+00:00,0.5714285714285714,1.0,0.10989010989010989,False,0.1363623876909549,False,53.54628289565247,False,0.3439497470025948,False,True,Uptrend,0.42857142857142855
2023-05-31 00:00:00+00:00,0.5714285714285714,1.0,0.11813186813186813,False,0.08090582535899819,False,53.69357554674246,False,0.3478322233130227,False,True,Uptrend,0.42857142857142855
2023-06-01 00:00:00+00:00,0.5714285714285714,1.0,0.08516483516483517,False,0.17816218566702213,False,52.3162095453998,False,0.3483910030751786,False,True,Uptrend,0.42857142857142855
2023-06-02 00:00:00+00:00,0.5714285714285714,1.0,0.09340659340659341,False,0.1704646568523909,False,53.198863175011155,False,0.343042540311982,False,True,Uptrend,0.42857142857142855
2023-06-03 00:00:00+00:00,0.5714285714285714,1.0,0.09615384615384616,False,0.1693031250837449,False,53.535179696238856,False,0.33417528080283565,False,True,Uptrend,0.42857142857142855
2023-06-04 00:00:00+00:00,0.5714285714285714,1.0,0.09065934065934066,False,0.24325066908180598,True,53.148122866095534,True,0.3252813795522697,False,True,Calm uptrend,0.6428571428571428
2023-06-05 00:00:00+00:00,0.2857142857142857,1.0,0.25274725274725274,False,0.29555250319708215,True,50.668852835675445,True,0.36414321190383586,False,True,Fading uptrend,0.3214285714285714
2023-06-06 00:00:00+00:00,0.2857142857142857,1.0,0.39285714285714285,False,0.10309202184139868,False,54.24140485834689,False,0.36731390279344517,False,True,Fading uptrend,0.21428571428571427
2023-06-07 00:00:00+00:00,0.2857142857142857,1.0,0.41208791208791207,False,0.11295520450376428,False,54.61289530025812,False,0.3807164051282934,False,True,Fading uptrend,0.21428571428571427
2023-06-08 00:00:00+00:00,0.2857142857142857,1.0,0.3983516483516483,False,0.09502155872165098,False,54.146413842173864,False,0.37490541802276545,False,True,Fading uptrend,0.21428571428571427
2023-06-09 00:00:00+00:00,0.2857142857142857,1.0,0.3901098901098901,False,0.09435728391362082,False,53.87719270697332,False,0.3647274541604926,False,True,Fading uptrend,0.21428571428571427
2023-06-10 00:00:00+00:00,0.2857142857142857,1.0,0.4423076923076923,False,0.09485025083689409,False,56.25719258084757,False,0.40015338684642143,False,True,Fading uptrend,0.21428571428571427
2023-06-11 00:00:00+00:00,0.2857142857142857,1.0,0.37637362637362637,False,0.07370216344238407,False,53.60185152915545,False,0.39185253841841416,False,False,Fading uptrend,0.2857142857142857
2023-06-12 00:00:00+00:00,0.2857142857142857,1.0,0.3708791208791209,False,0.07375162851332939,False,57.69943807489208,False,0.38325646900759275,False,False,Fading uptrend,0.2857142857142857
2023-06-13 00:00:00+00:00,0.2857142857142857,1.0,0.3791208791208791,False,0.08416172484592542,False,61.39568831249647,False,0.3777134915173967,False,False,Fading uptrend,0.2857142857142857
2023-06-14 00:00:00+00:00,0.14285714285714285,1.0,0.4230769230769231,False,0.16606535341376602,False,60.01316861778624,False,0.4186024139822533,False,False,Fading uptrend,0.14285714285714285
2023-06-15 00:00:00+00:00,0.14285714285714285,1.0,0.43956043956043955,False,0.11403423052813946,False,60.345168312617425,False,0.41114345985097056,False,False,Fading uptrend,0.14285714285714285
2023-06-16 00:00:00+00:00,0.14285714285714285,1.0,0.4835164835164835,False,0.08182614230331547,False,61.90197598734603,False,0.4052943509026114,False,False,Fading uptrend,0.14285714285714285
2023-06-17 00:00:00+00:00,0.14285714285714285,1.0,0.489010989010989,False,0.02424735505493859,False,62.56654983700021,False,0.3970097123994319,False,False,Fading uptrend,0.14285714285714285
2023-06-18 00:00:00+00:00,0.14285714285714285,1.0,0.489010989010989,False,0.042651836004878374,False,63.31591369406086,False,0.3876568535859774,False,False,Fading uptrend,0.14285714285714285
2023-06-19 00:00:00+00:00,0.2857142857142857,1.0,0.3873626373626374,False,0.019929480774012718,False,60.66883202040566,False,0.3804478048569571,False,True,Fading uptrend,0.21428571428571427
2023-06-20 00:00:00+00:00,0.8571428571428571,1.0,0.3598901098901099,False,0.11097865015488695,False,47.43371455562524,False,0.38494643887126256,False,False,Uptrend,0.8571428571428571
2023-06-21 00:00:00+00:00,1.0,1.0,0.4945054945054945,False,0.20102332919518287,True,31.760063900426786,True,0.38932421511016474,False,False,Calm uptrend,1.5
2023-06-22 00:00:00+00:00,1.0,1.0,0.5027472527472527,True,0.17327809883049236,False,32.769125702149815,True,0.3994064268880636,False,False,Calm uptrend,1.5
2023-06-23 00:00:00+00:00,1.0,1.0,0.5412087912087912,True,0.28503328283643903,True,31.838532586946144,True,0.40447750566160706,False,False,Calm uptrend,1.5
2023-06-24 00:00:00+00:00,1.0,1.0,0.5137362637362637,True,0.2647541369058503,True,30.262798066825937,True,0.3998830042985305,False,False,Calm uptrend,1.5
2023-06-25 00:00:00+00:00,1.0,1.0,0.5164835164835165,True,0.24807443408436564,True,30.76420737921844,True,0.39057678667852436,False,False,Calm uptrend,1.5
2023-06-26 00:00:00+00:00,1.0,1.0,0.5192307692307693,True,0.2247358774766424,True,31.347333128321758,True,0.3908085373017198,False,False,Calm uptrend,1.5
2023-06-27 00:00:00+00:00,1.0,1.0,0.5192307692307693,True,0.18241500065261268,True,31.467456613861234,True,0.3885416575524477,False,False,Calm uptrend,1.5
2023-06-28 00:00:00+00:00,1.0,1.0,0.49175824175824173,False,0.159360030278957,False,30.3901701702592,True,0.3853332749781807,False,False,Calm uptrend,1.5
2023-06-29 00:00:00+00:00,1.0,1.0,0.47527472527472525,False,0.18330773067198822,True,32.173974169512235,True,0.37651934409904847,False,False,Calm uptrend,1.5
2023-06-30 00:00:00+00:00,1.0,1.0,0.4945054945054945,False,0.2240358111110883,True,39.93463938778001,True,0.39829669486152225,False,False,Calm uptrend,1.5
2023-07-01 00:00:00+00:00,1.0,1.0,0.4835164835164835,False,0.2638617823837245,True,39.6702982851948,True,0.38559638247871536,False,False,Calm uptrend,1.5
2023-07-02 00:00:00+00:00,1.0,1.0,0.489010989010989,False,0.2430004263114838,True,40.16567367635894,True,0.37524072240809775,False,False,Calm uptrend,1.5
2023-07-03 00:00:00+00:00,1.0,1.0,0.4835164835164835,False,0.2867581228652657,True,43.17273044965558,True,0.36642064012982445,False,False,Calm uptrend,1.5
2023-07-04 00:00:00+00:00,1.0,1.0,0.37637362637362637,False,0.2501565490961257,True,56.00734643753064,True,0.359552076087159,False,False,Calm uptrend,1.5
2023-07-05 00:00:00+00:00,1.0,1.0,0.14285714285714285,False,0.3545912439916113,True,69.37003786885029,True,0.35287090978078167,False,False,Calm uptrend,1.5
2023-07-06 00:00:00+00:00,1.0,1.0,0.23626373626373626,False,0.21190149663108915,True,70.1235147186077,True,0.3739497619178775,False,False,Calm uptrend,1.5
2023-07-07 00:00:00+00:00,1.0,1.0,0.12362637362637363,False,0.3300183409438087,True,67.39588225982885,True,0.3671228115415078,False,False,Calm uptrend,1.5
2023-07-08 00:00:00+00:00,1.0,1.0,0.1043956043956044,False,0.3145167051849291,True,66.72558647342368,True,0.357084032645272,False,False,Calm uptrend,1.5
2023-07-09 00:00:00+00:00,1.0,1.0,0.08791208791208792,False,0.3033515365670839,True,65.45355871807263,True,0.34657665472716054,False,False,Calm uptrend,1.5
2023-07-10 00:00:00+00:00,1.0,1.0,0.13186813186813187,False,0.38880268414354435,True,66.64623851900241,True,0.3505948636539655,False,True,Calm uptrend,1.125
2023-07-11 00:00:00+00:00,1.0,1.0,0.1043956043956044,False,0.39529422656897667,True,65.80423118404063,True,0.3431045499467297,False,True,Calm uptrend,1.125
2023-07-12 00:00:00+00:00,1.0,1.0,0.10164835164835165,False,0.36973070068388625,True,65.54411021350646,True,0.33920185530376984,False,True,Calm uptrend,1.125
2023-07-13 00:00:00+00:00,1.0,1.0,0.22802197802197802,False,0.41983227943894375,True,62.64758536810606,True,0.34144122019163714,False,True,Calm uptrend,1.125
2023-07-14 00:00:00+00:00,1.0,1.0,0.21978021978021978,False,0.38439393591073684,True,65.94247105878422,True,0.36723349824380797,False,True,Calm uptrend,1.125
2023-07-15 00:00:00+00:00,1.0,1.0,0.21428571428571427,False,0.3598179981483797,True,65.4648413665573,True,0.3557210496785492,False,True,Calm uptrend,1.125
2023-07-16 00:00:00+00:00,1.0,1.0,0.19505494505494506,False,0.3147806369323591,True,64.62698212068845,True,0.34571734970307777,False,True,Calm uptrend,1.125
2023-07-17 00:00:00+00:00,1.0,1.0,0.1813186813186813,False,0.2951048267150221,True,63.44647829752078,True,0.3423937645493683,False,True,Calm uptrend,1.125
2023-07-18 00:00:00+00:00,1.0,1.0,0.18956043956043955,False,0.284443223058333,True,60.921834364767,True,0.33987042717284327,False,True,Calm uptrend,1.125
2023-07-19 00:00:00+00:00,1.0,1.0,0.1565934065934066,False,0.25716659114937335,True,60.08153723744941,True,0.3342745385247329,False,True,Calm uptrend,1.125
2023-07-20 00:00:00+00:00,0.8571428571428571,1.0,0.07967032967032966,False,0.14124375081058407,False,57.25991223936106,False,0.3342027828712734,False,True,Uptrend,0.6428571428571428
2023-07-21 00:00:00+00:00,0.8571428571428571,1.0,0.07692307692307693,False,0.010264845715481943,False,55.72406257025765,False,0.3258296052000996,False,True,Uptrend,0.6428571428571428
2023-07-22 00:00:00+00:00,0.7142857142857143,1.0,0.07967032967032966,False,0.010127044734092486,False,55.84375879183184,False,0.31621647825957055,False,True,Uptrend,0.5357142857142857
2023-07-23 00:00:00+00:00,0.7142857142857143,1.0,0.08241758241758242,False,0.07144874062364508,False,56.725558400252865,False,0.3117562309174662,False,True,Uptrend,0.5357142857142857
2023-07-24 00:00:00+00:00,0.7142857142857143,1.0,0.09340659340659341,False,0.14667616329127545,False,47.78598765508532,False,0.3259715185724434,False,True,Uptrend,0.5357142857142857
2023-07-25 00:00:00+00:00,0.7142857142857143,1.0,0.09065934065934066,False,0.13413344089376641,False,47.10379395367718,False,0.3174237416322248,False,False,Uptrend,0.7142857142857143
2023-07-26 00:00:00+00:00,0.7142857142857143,1.0,0.08516483516483517,False,0.1003724396826322,False,46.42834877830851,False,0.3114356501054295,False,False,Uptrend,0.7142857142857143
2023-07-27 00:00:00+00:00,0.7142857142857143,1.0,0.04120879120879121,False,0.1664198101242889,False,44.46308602802127,False,0.30453664334706204,False,False,Uptrend,0.7142857142857143
2023-07-28 00:00:00+00:00,0.7142857142857143,1.0,0.03571428571428571,False,0.09187865714419853,False,59.719531211703405,False,0.2975308957536689,False,False,Uptrend,0.7142857142857143
2023-07-29 00:00:00+00:00,0.7142857142857143,1.0,0.03571428571428571,False,0.13720893203932183,False,59.51977942858789,False,0.2881723781636257,False,False,Uptrend,0.7142857142857143
2023-07-30 00:00:00+00:00,0.7142857142857143,1.0,0.04120879120879121,False,0.14843051842434887,False,60.291900527753874,False,0.2822011298409235,False,False,Uptrend,0.7142857142857143
2023-07-31 00:00:00+00:00,0.7142857142857143,1.0,0.03571428571428571,False,0.17009307275809266,False,59.032941265429,False,0.27641291720878347,False,False,Uptrend,0.7142857142857143
2023-08-01 00:00:00+00:00,0.7142857142857143,1.0,0.046703296703296704,False,0.10844552369388955,False,54.963107609380444,False,0.27597261953010327,False,False,Uptrend,0.7142857142857143
2023-08-02 00:00:00+00:00,0.7142857142857143,1.0,0.04945054945054945,False,0.23505823990569955,True,58.18273501938244,True,0.2813244663420021,False,True,Calm uptrend,0.8035714285714286
2023-08-03 00:00:00+00:00,0.7142857142857143,1.0,0.04945054945054945,False,0.19661735200915015,True,57.867295405708994,True,0.27756560325819074,False,True,Calm uptrend,0.8035714285714286
2023-08-04 00:00:00+00:00,0.5714285714285714,1.0,0.0521978021978022,False,0.17790882112157166,False,58.74404637768868,False,0.27160507919908045,False,True,Uptrend,0.42857142857142855
2023-08-05 00:00:00+00:00,0.5714285714285714,1.0,0.0521978021978022,False,0.11355736764283962,False,57.8200210330221,False,0.2635489843052695,False,True,Uptrend,0.42857142857142855
2023-08-06 00:00:00+00:00,0.5714285714285714,1.0,0.04945054945054945,False,0.1842836396708281,True,61.671658523318776,True,0.25588166472989193,False,True,Calm uptrend,0.6428571428571428
2023-08-07 00:00:00+00:00,0.5714285714285714,1.0,0.038461538461538464,False,0.15604963610173145,False,59.595748924050724,False,0.25261156264865026,False,True,Uptrend,0.42857142857142855
2023-08-08 00:00:00+00:00,0.5714285714285714,1.0,0.0521978021978022,False,0.05335394819763487,False,58.74273834131978,False,0.25585204845959736,False,True,Uptrend,0.42857142857142855
2023-08-09 00:00:00+00:00,0.5714285714285714,1.0,0.057692307692307696,False,0.1143825454866337,False,59.65423995324816,False,0.2604363915399113,False,True,Uptrend,0.42857142857142855
2023-08-10 00:00:00+00:00,0.5714285714285714,1.0,0.057692307692307696,False,0.16270738617737018,False,59.34130359831117,False,0.2563147349813723,False,True,Uptrend,0.42857142857142855
2023-08-11 00:00:00+00:00,0.5714285714285714,1.0,0.054945054945054944,False,0.1371432761022484,False,58.82701111794061,False,0.2499599484740454,False,True,Uptrend,0.42857142857142855
2023-08-12 00:00:00+00:00,0.5714285714285714,1.0,0.054945054945054944,False,0.343881670155218,True,58.579715861842935,True,0.2423350681612795,False,True,Calm uptrend,0.6428571428571428
2023-08-13 00:00:00+00:00,0.5714285714285714,1.0,0.0521978021978022,False,0.20701515185738045,True,57.52588694733973,True,0.2353155632446314,False,True,Calm uptrend,0.6428571428571428
2023-08-14 00:00:00+00:00,0.5714285714285714,1.0,0.06593406593406594,False,0.1725937406400074,False,58.34152918132304,False,0.23385759824187058,False,True,Uptrend,0.42857142857142855
2023-08-15 00:00:00+00:00,0.5714285714285714,1.0,0.04120879120879121,False,0.2004630897644344,True,57.40254162700445,True,0.23023835987316602,False,True,Calm uptrend,0.6428571428571428
2023-08-16 00:00:00+00:00,0.5714285714285714,1.0,0.027472527472527472,False,0.2548171187628203,True,54.11532278449035,True,0.22912615645109646,False,True,Calm uptrend,0.6428571428571428
2023-08-17 00:00:00+00:00,0.0,0.0,0.5576923076923077,True,0.4401286222618802,True,24.083134100946534,True,0.39649963182711906,False,False,Downtrend,0.0
2023-08-18 00:00:00+00:00,0.0,0.0,0.6043956043956044,True,0.48979366263122354,True,26.709314914826265,True,0.39889841890568695,False,False,Downtrend,0.0
2023-08-19 00:00:00+00:00,0.0,0.0,0.6153846153846154,True,0.47387834613448704,True,27.822370242087132,True,0.3904089792044714,False,False,Downtrend,0.0
2023-08-20 00:00:00+00:00,0.0,0.0,0.6181318681318682,True,0.47609781751248975,True,28.231018281169977,True,0.38042274272894205,False,False,Downtrend,0.0
2023-08-21 00:00:00+00:00,0.0,0.0,0.6181318681318682,True,0.47308004902276957,True,27.770090510764526,True,0.37248231950620736,False,False,Downtrend,0.0
2023-08-22 00:00:00+00:00,0.0,0.0,0.6071428571428571,True,0.534704162003645,True,27.465068697739195,True,0.37047231516716583,False,False,Downtrend,0.0
2023-08-23 00:00:00+00:00,0.0,0.0,0.6346153846153846,True,0.39184877765940074,True,31.6217786728693,True,0.36953030878771226,False,False,Downtrend,0.0
2023-08-24 00:00:00+00:00,0.0,0.0,0.6428571428571429,True,0.42331167388648183,True,33.02762812303942,True,0.36634572732408616,False,False,Downtrend,0.0
2023-08-25 00:00:00+00:00,0.0,0.0,0.6483516483516484,True,0.45725401735424753,True,33.806316159806556,True,0.36123327559368695,False,False,Downtrend,0.0
2023-08-26 00:00:00+00:00,0.0,0.0,0.6510989010989011,True,0.4506505830996008,True,33.94339791132778,True,0.3497568240536754,False,False,Downtrend,0.0
2023-08-27 00:00:00+00:00,0.0,0.0,0.6538461538461539,True,0.4520714505853587,True,33.99047155836702,True,0.3396138458709812,False,False,Downtrend,0.0
2023-08-28 00:00:00+00:00,0.0,0.0,0.6456043956043956,True,0.456278862330213,True,34.96701077211863,True,0.3317335831834907,False,False,Downtrend,0.0
2023-08-29 00:00:00+00:00,0.0,0.0,0.7802197802197802,True,0.1817386749424207,False,42.85396301995649,False,0.33740423358023897,False,False,Downtrend,0.0
2023-08-30 00:00:00+00:00,0.0,0.0,0.782967032967033,True,0.21523603715997922,True,48.17711759822365,False,0.33663430201441186,False,False,Downtrend,0.0
2023-08-31 00:00:00+00:00,0.0,0.0,0.489010989010989,False,0.38175602030646255,True,52.0039775362965,True,0.36631716924278385,False,False,Downtrend,0.0
2023-09-01 00:00:00+00:00,0.0,0.0,0.4532967032967033,False,0.356693273915401,True,50.65805340780166,True,0.3694896831845821,False,False,Downtrend,0.0
2023-09-02 00:00:00+00:00,0.0,0.0,0.43956043956043955,False,0.34860756440440677,True,49.79088318276474,True,0.3580575018232835,False,False,Downtrend,0.0
2023-09-03 00:00:00+00:00,0.0,0.0,0.4423076923076923,False,0.32882866858488113,True,49.816128125969705,True,0.34823957132285716,False,False,Downtrend,0.0
2023-09-04 00:00:00+00:00,0.0,0.0,0.4478021978021978,False,0.33600736168631473,True,49.924757844155216,True,0.34086694862583033,False,False,Downtrend,0.0
2023-09-05 00:00:00+00:00,0.0,0.0,0.42032967032967034,False,0.3405831092963134,True,48.59955207960055,True,0.33206140753056496,False,False,Downtrend,0.0
2023-09-06 00:00:00+00:00,0.0,0.0,0.38461538461538464,False,0.35994167691388274,True,47.30985063211411,True,0.32970616395651775,False,False,Downtrend,0.0
2023-09-07 00:00:00+00:00,0.0,0.0,0.3983516483516483,False,0.3691248952608553,True,47.74810294809514,True,0.3229063900682605,False,False,Downtrend,0.0
2023-09-08 00:00:00+00:00,0.0,0.0,0.4258241758241758,False,0.37929673658252855,True,48.73499055586621,True,0.32178066091179414,False,False,Downtrend,0.0
2023-09-09 00:00:00+00:00,0.0,0.0,0.43131868131868134,False,0.37167943545435317,True,48.767033572621806,True,0.3118057314334954,False,False,Downtrend,0.0
2023-09-10 00:00:00+00:00,0.0,0.0,0.44505494505494503,False,0.3736627796669534,True,49.67585176902539,True,0.3034094736167007,False,False,Downtrend,0.0
2023-09-11 00:00:00+00:00,0.0,0.0,0.5,False,0.41564200432232973,True,46.40285595563925,True,0.3175392875693628,False,False,Downtrend,0.0
2023-09-12 00:00:00+00:00,0.0,0.0,0.3543956043956044,False,0.3201575766762857,True,48.25303785418524,True,0.3246699626092728,False,False,Downtrend,0.0
2023-09-13 00:00:00+00:00,0.0,0.0,0.3516483516483517,False,0.28978017224641867,True,50.31439862093468,True,0.3200467319219612,False,False,Downtrend,0.0
2023-09-14 00:00:00+00:00,0.0,0.0,0.1401098901098901,False,0.24025460650946243,True,57.502061559301794,True,0.32747128622119154,False,False,Downtrend,0.0
2023-09-15 00:00:00+00:00,0.0,0.0,0.12362637362637363,False,0.1981639344262293,True,56.29679321097419,True,0.3270825115407253,False,False,Downtrend,0.0
2023-09-16 00:00:00+00:00,0.0,0.0,0.12637362637362637,False,0.007339529827923094,False,56.71305804738891,False,0.3179563224009599,False,False,Downtrend,0.0
2023-09-17 00:00:00+00:00,0.0,0.0,0.12362637362637363,False,0.05811913987944344,False,56.237266720862976,False,0.3093441829176455,False,False,Downtrend,0.0
2023-09-18 00:00:00+00:00,0.2857142857142857,0.0,0.17307692307692307,False,0.07947247073613692,False,49.73948029728382,False,0.3197973547432111,False,False,Downtrend,0.14285714285714285
2023-09-19 00:00:00+00:00,0.2857142857142857,0.0,0.17857142857142858,False,0.11735348211810644,False,50.46610603126957,False,0.32551841103760976,False,False,Downtrend,0.14285714285714285
2023-09-20 00:00:00+00:00,0.2857142857142857,0.0,0.17857142857142858,False,0.11450887888960551,False,50.15941150357703,False,0.32534397364283535,False,False,Downtrend,0.14285714285714285
2023-09-21 00:00:00+00:00,0.2857142857142857,0.0,0.17582417582417584,False,0.05564768348369644,False,49.97990908531826,False,0.3259871909620319,False,False,Downtrend,0.14285714285714285
2023-09-22 00:00:00+00:00,0.2857142857142857,0.0,0.15934065934065933,False,0.016681150367976346,False,47.86769488832217,False,0.3175185929095371,False,False,Downtrend,0.14285714285714285
2023-09-23 00:00:00+00:00,0.2857142857142857,0.0,0.15934065934065933,False,0.046094844237358594,False,47.76534175958829,False,0.3074679852466809,False,False,Downtrend,0.14285714285714285
2023-09-24 00:00:00+00:00,0.2857142857142857,0.0,0.17032967032967034,False,0.021414028422442246,False,48.39798232857338,False,0.30392695567647277,False,False,Downtrend,0.14285714285714285
2023-09-25 00:00:00+00:00,0.2857142857142857,0.0,0.12087912087912088,False,0.0326252275729939,False,49.64682925011283,False,0.2970348509930506,False,False,Downtrend,0.14285714285714285
2023-09-26 00:00:00+00:00,0.2857142857142857,0.0,0.07692307692307693,False,0.013610925066124564,False,56.27797087918428,False,0.2899412162808107,False,False,Downtrend,0.14285714285714285
2023-09-27 00:00:00+00:00,0.2857142857142857,0.0,0.08516483516483517,False,0.028291727194345192,False,62.105599348661336,False,0.2990585954852249,False,False,Downtrend,0.14285714285714285
2023-09-28 00:00:00+00:00,0.2857142857142857,0.0,0.09615384615384616,False,0.08693123182287282,False,63.23365502366448,False,0.29968188031232634,False,False,Downtrend,0.14285714285714285
2023-09-29 00:00:00+00:00,0.2857142857142857,0.0,0.09340659340659341,False,0.05109375182812003,False,62.828413499092015,False,0.2965471511368225,False,False,Downtrend,0.14285714285714285
2023-09-30 00:00:00+00:00,0.2857142857142857,0.0,0.09340659340659341,False,0.15993501045592903,False,62.227463829652116,False,0.2879390789458597,False,False,Downtrend,0.14285714285714285
2023-10-01 00:00:00+00:00,0.42857142857142855,0.0,0.11538461538461539,False,0.30035974186461645,True,53.88103323562012,True,0.2824355198143653,False,False,Downtrend,0.3214285714285714
2023-10-02 00:00:00+00:00,0.42857142857142855,0.0,0.13186813186813187,False,0.2105849726563513,True,46.64602230349686,True,0.30913980019934667,False,True,Downtrend,0.24107142857142855
2023-10-03 00:00:00+00:00,0.42857142857142855,0.0,0.11813186813186813,False,0.18941292081817537,True,45.34308242410205,True,0.30722837511168166,False,True,Downtrend,0.24107142857142855
2023-10-04 00:00:00+00:00,0.42857142857142855,0.0,0.12362637362637363,False,0.24747556043382204,True,45.55954893715681,True,0.30188931585493856,False,False,Downtrend,0.3214285714285714
2023-10-05 00:00:00+00:00,0.42857142857142855,0.0,0.11813186813186813,False,0.19677339730767893,True,45.500098674094815,True,0.3056760483873855,False,False,Downtrend,0.3214285714285714
2023-10-06 00:00:00+00:00,0.5714285714285714,0.0,0.17857142857142858,False,0.24919313001280885,True,49.04761942546225,True,0.32196178555720967,False,False,Bear rally,0.42857142857142855
2023-10-07 00:00:00+00:00,0.5714285714285714,0.0,0.1813186813186813,False,0.2064329308606718,True,49.30253882037586,True,0.31227568541713746,False,False,Bear rally,0.42857142857142855
2023-10-08 00:00:00+00:00,0.5714285714285714,0.0,0.1565934065934066,False,0.2527672696902245,True,48.46145073547797,True,0.3041878190091114,False,False,Bear rally,0.42857142857142855
2023-10-09 00:00:00+00:00,0.5714285714285714,0.0,0.18681318681318682,False,0.20450997230017534,True,51.01436284543805,True,0.301514443188714,False,False,Bear rally,0.42857142857142855
2023-10-10 00:00:00+00:00,0.5714285714285714,0.0,0.19230769230769232,False,0.1844261270048841,False,51.87949611165829,False,0.2950270642092006,False,False,Bear rally,0.2857142857142857
2023-10-11 00:00:00+00:00,0.5714285714285714,0.0,0.21703296703296704,False,0.20809341244041465,True,56.368248158880476,True,0.3049269553609412,False,False,Bear rally,0.42857142857142855
2023-10-12 00:00:00+00:00,0.42857142857142855,0.0,0.1510989010989011,False,0.11988360131887249,False,57.58432011800878,False,0.2979487957496998,False,False,Downtrend,0.21428571428571427
2023-10-13 00:00:00+00:00,0.42857142857142855,0.0,0.1510989010989011,False,0.08659578440897028,False,57.033176631593044,False,0.29547871589243874,False,False,Downtrend,0.21428571428571427
2023-10-14 00:00:00+00:00,0.42857142857142855,0.0,0.1510989010989011,False,0.04644725999901403,False,56.99978489825981,False,0.28652081288655384,False,False,Downtrend,0.21428571428571427
2023-10-15 00:00:00+00:00,0.42857142857142855,0.0,0.10989010989010989,False,0.07566375608457322,False,54.32433198432978,False,0.27865300027479994,False,False,Downtrend,0.21428571428571427
2023-10-16 00:00:00+00:00,1.0,1.0,0.47527472527472525,False,0.22492193067327937,True,40.765682453098485,True,0.28209261679024283,False,False,Calm uptrend,1.5
2023-10-17 00:00:00+00:00,1.0,1.0,0.47527472527472525,False,0.21468804507943398,True,40.87122192550055,True,0.2871795674364387,False,False,Calm uptrend,1.5
2023-10-18 00:00:00+00:00,1.0,1.0,0.49175824175824173,False,0.18229540355135998,False,41.61502426334694,False,0.28994312019417373,False,False,Uptrend,1.0
2023-10-19 00:00:00+00:00,1.0,1.0,0.49175824175824173,False,0.1770904375050799,False,41.78926020979881,False,0.28559171010656553,False,False,Uptrend,1.0
2023-10-20 00:00:00+00:00,1.0,1.0,0.5604395604395604,True,0.27180495309728864,True,41.39264919624643,False,0.29265262632329286,False,False,Volatile uptrend,0.6
2023-10-21 00:00:00+00:00,1.0,1.0,0.5934065934065934,True,0.36951050683132003,True,42.09263707574882,False,0.2896936971884012,False,False,Volatile uptrend,0.6
2023-10-22 00:00:00+00:00,1.0,1.0,0.5989010989010989,True,0.37439435432905,True,42.73790786215694,False,0.28844211412953746,False,False,Volatile uptrend,0.6
2023-10-23 00:00:00+00:00,1.0,1.0,0.9065934065934066,True,0.5328395523643313,True,25.306248564042185,True,0.31992741742160274,False,False,Calm uptrend,1.5
2023-10-24 00:00:00+00:00,1.0,1.0,0.9175824175824175,True,0.6036734774144068,True,27.385235672618844,True,0.38200782345520307,False,False,Calm uptrend,1.5
2023-10-25 00:00:00+00:00,1.0,1.0,0.9175824175824175,True,0.6191581932690534,True,28.52477263727435,True,0.3863810613355357,False,False,Calm uptrend,1.5
2023-10-26 00:00:00+00:00,1.0,1.0,0.9203296703296703,True,0.587803325058614,True,30.461947948443772,True,0.3861318509990933,False,False,Calm uptrend,1.5
2023-10-27 00:00:00+00:00,1.0,1.0,0.9203296703296703,True,0.5529019700409064,True,31.721907284433453,True,0.38772045135711575,False,False,Calm uptrend,1.5
2023-10-28 00:00:00+00:00,1.0,1.0,0.9230769230769231,True,0.5372696215084104,True,32.634915189368435,True,0.37745687618340584,False,False,Calm uptrend,1.5
2023-10-29 00:00:00+00:00,1.0,1.0,0.9230769230769231,True,0.5656116256194202,True,34.649626614537226,True,0.37101320599522064,False,False,Calm uptrend,1.5
2023-10-30 00:00:00+00:00,1.0,1.0,0.8873626373626373,True,0.5578698941987152,True,35.26171424615521,True,0.3648939145687976,False,False,Calm uptrend,1.5
2023-10-31 00:00:00+00:00,1.0,1.0,0.8873626373626373,True,0.5275203875297202,True,35.73871112582917,True,0.3599644044720596,False,False,Calm uptrend,1.5
2023-11-01 00:00:00+00:00,1.0,1.0,0.8873626373626373,True,0.6152320162925204,True,35.48056411143579,True,0.3627104855956549,False,False,Calm uptrend,1.5
2023-11-02 00:00:00+00:00,1.0,1.0,0.8873626373626373,True,0.5652075813971326,True,37.54750891569712,True,0.3643377452312471,False,False,Calm uptrend,1.5
2023-11-03 00:00:00+00:00,1.0,1.0,0.8763736263736264,True,0.5268620913012674,True,40.8217336729533,False,0.36874313902792205,False,False,Volatile uptrend,0.6
2023-11-04 00:00:00+00:00,1.0,1.0,0.8736263736263736,True,0.5820520856470845,True,41.3652627469721,False,0.35967983724084024,False,False,Volatile uptrend,0.6
2023-11-05 00:00:00+00:00,1.0,1.0,0.8736263736263736,True,0.5586188506516095,True,43.492683308780165,False,0.3606268214594159,False,False,Volatile uptrend,0.6
2023-11-06 00:00:00+00:00,1.0,1.0,0.42032967032967034,False,0.5589191558605375,True,58.89972696777165,True,0.3549426327060653,False,False,Calm uptrend,1.5
2023-11-07 00:00:00+00:00,1.0,1.0,0.2857142857142857,False,0.575651448693871,True,63.434900979787606,True,0.35358095948801027,False,False,Calm uptrend,1.5
2023-11-08 00:00:00+00:00,1.0,1.0,0.24175824175824176,False,0.623018802379608,True,60.46061310033996,True,0.347320961202582,False,False,Calm uptrend,1.5
2023-11-09 00:00:00+00:00,1.0,1.0,0.4010989010989011,False,0.6760497828661376,True,44.31536387720248,True,0.40152743026143495,False,False,Calm uptrend,1.5
2023-11-10 00:00:00+00:00,1.0,1.0,0.41208791208791207,False,0.7523232950056097,True,49.28971375633966,True,0.3997515543683623,False,False,Calm uptrend,1.5
2023-11-11 00:00:00+00:00,1.0,1.0,0.42032967032967034,False,0.745303569208346,True,50.21032109219571,True,0.3914470018279251,False,False,Calm uptrend,1.5
2023-11-12 00:00:00+00:00,1.0,1.0,0.4065934065934066,False,0.7351408257366621,True,50.282829304575415,True,0.38206567713253897,False,False,Calm uptrend,1.5
2023-11-13 00:00:00+00:00,1.0,1.0,0.41483516483516486,False,0.6641881146994325,True,51.01879503517985,True,0.377087063865082,False,False,Calm uptrend,1.5
2023-11-14 00:00:00+00:00,1.0,1.0,0.510989010989011,True,0.5568498773835276,True,54.71673254842593,False,0.4002765800264723,False,False,Volatile uptrend,0.6
2023-11-15 00:00:00+00:00,1.0,1.0,0.6236263736263736,True,0.5833832088938099,True,57.3957142521492,False,0.3940333028351159,False,False,Volatile uptrend,0.6
2023-11-16 00:00:00+00:00,1.0,1.0,0.6785714285714286,True,0.4405964013082442,True,58.96961978030372,False,0.4001965132838062,False,False,Volatile uptrend,0.6
2023-11-17 00:00:00+00:00,1.0,1.0,0.6813186813186813,True,0.4606648211754566,True,62.56659133777027,False,0.39801824405324837,False,False,Volatile uptrend,0.6
2023-11-18 00:00:00+00:00,1.0,1.0,0.6813186813186813,True,0.4448478875871855,True,62.56060219665176,False,0.3882890388290996,False,False,Volatile uptrend,0.6
2023-11-19 00:00:00+00:00,1.0,1.0,0.6923076923076923,True,0.43965681841308263,True,63.751351194417836,False,0.3776570991005556,False,False,Volatile uptrend,0.6
2023-11-20 00:00:00+00:00,1.0,1.0,0.7197802197802198,True,0.43475036532044997,True,64.8016167020483,False,0.37311864474926737,False,False,Volatile uptrend,0.6
2023-11-21 00:00:00+00:00,1.0,1.0,0.7445054945054945,True,0.3031408232144734,True,69.03958757353143,False,0.39713857642014605,False,False,Volatile uptrend,0.6
2023-11-22 00:00:00+00:00,1.0,1.0,0.804945054945055,True,0.24713507650714328,True,71.32588423899531,False,0.39630372701460415,False,False,Volatile uptrend,0.6
2023-11-23 00:00:00+00:00,1.0,1.0,0.728021978021978,True,0.20049786243844364,True,68.19859080125936,False,0.3894138728266891,False,False,Volatile uptrend,0.6
2023-11-24 00:00:00+00:00,1.0,1.0,0.7225274725274725,True,0.19310689202766082,True,63.27435936154651,False,0.3892563267615975,False,False,Volatile uptrend,0.6
2023-11-25 00:00:00+00:00,1.0,1.0,0.7032967032967034,True,0.22148948675491634,True,62.386716935887144,False,0.3771793047043197,False,False,Volatile uptrend,0.6
2023-11-26 00:00:00+00:00,1.0,1.0,0.7032967032967034,True,0.21602705525584012,True,62.7357400765824,False,0.37052610455093504,False,False,Volatile uptrend,0.6
2023-11-27 00:00:00+00:00,1.0,1.0,0.6868131868131868,True,0.19192153415823332,False,62.28705975840577,False,0.3660471818236259,False,False,Volatile uptrend,0.6
2023-11-28 00:00:00+00:00,1.0,1.0,0.6456043956043956,True,0.1983101678992128,True,67.7740815209093,False,0.36653817736671407,False,True,Volatile uptrend,0.44999999999999996
2023-11-29 00:00:00+00:00,1.0,1.0,0.5,False,0.20373409942609355,True,65.29370090046693,True,0.36294042980425684,False,True,Calm uptrend,1.125
2023-11-30 00:00:00+00:00,1.0,1.0,0.36538461538461536,False,0.18629454348870042,False,62.70069255065506,False,0.35514405437151564,False,True,Uptrend,0.75
2023-12-01 00:00:00+00:00,1.0,1.0,0.3873626373626374,False,0.19489730970246266,True,57.08099628109325,True,0.3495195034906591,False,True,Calm uptrend,1.125
2023-12-02 00:00:00+00:00,1.0,1.0,0.3901098901098901,False,0.2649042263550557,True,50.761181329568366,True,0.3426869758552273,False,False,Calm uptrend,1.5
2023-12-03 00:00:00+00:00,1.0,1.0,0.38461538461538464,False,0.3034790361623894,True,45.77159892819603,True,0.33744561281004387,False,False,Calm uptrend,1.5
2023-12-04 00:00:00+00:00,1.0,1.0,0.4642857142857143,False,0.36485880936170295,True,34.40475440760265,True,0.351285449881463,False,False,Calm uptrend,1.5
2023-12-05 00:00:00+00:00,1.0,1.0,0.5741758241758241,True,0.43102465773233406,True,26.852527988969104,True,0.3560477117627709,False,False,Calm uptrend,1.5
2023-12-06 00:00:00+00:00,1.0,1.0,0.42857142857142855,False,0.40924080633105925,True,28.98826871500956,True,0.3534533888690239,False,False,Calm uptrend,1.5
2023-12-07 00:00:00+00:00,1.0,1.0,0.4368131868131868,False,0.3673276121060129,True,29.978606297623767,True,0.3539452480290155,False,False,Calm uptrend,1.5
2023-12-08 00:00:00+00:00,1.0,1.0,0.45879120879120877,False,0.38656544333530435,True,29.954424347835964,True,0.35415415113575405,False,False,Calm uptrend,1.5
2023-12-09 00:00:00+00:00,1.0,1.0,0.48626373626373626,False,0.3263267227350636,True,30.96572472529709,True,0.3469924197245213,False,False,Calm uptrend,1.5
2023-12-10 00:00:00+00:00,1.0,1.0,0.45879120879120877,False,0.3094683418715364,True,30.589851733892832,True,0.3396613670342047,False,False,Calm uptrend,1.5
2023-12-11 00:00:00+00:00,1.0,1.0,0.7005494505494505,True,0.17674936174079753,False,36.71840818099995,True,0.3915014223338234,False,False,Calm uptrend,1.5
2023-12-12 00:00:00+00:00,1.0,1.0,0.6730769230769231,True,0.18841895652321938,False,39.74916482003025,False,0.40660390885266035,False,False,Volatile uptrend,0.6
2023-12-13 00:00:00+00:00,1.0,1.0,0.7939560439560439,True,0.2638683166897608,True,43.33510719424795,False,0.4040636574067984,False,False,Volatile uptrend,0.6
2023-12-14 00:00:00+00:00,1.0,1.0,0.8351648351648352,True,0.31765928416569855,True,46.18695961148078,False,0.40891836814969185,False,False,Volatile uptrend,0.6
2023-12-15 00:00:00+00:00,1.0,1.0,0.8296703296703297,True,0.18310242001464103,False,52.163897427609704,False,0.40514876677805184,False,False,Volatile uptrend,0.6
2023-12-16 00:00:00+00:00,1.0,1.0,0.8269230769230769,True,0.292042076465149,True,56.41647014681657,False,0.39365250281861935,False,False,Volatile uptrend,0.6
2023-12-17 00:00:00+00:00,1.0,1.0,0.8296703296703297,True,0.22256708597299055,True,61.93940010252099,False,0.3914679306977203,False,False,Volatile uptrend,0.6
2023-12-18 00:00:00+00:00,1.0,1.0,0.8104395604395604,True,0.2691292246310011,True,63.63009736239019,False,0.40072403251623157,False,False,Volatile uptrend,0.6
2023-12-19 00:00:00+00:00,1.0,1.0,0.7335164835164835,True,0.22127316926724774,True,61.37339853399649,False,0.4083494238218252,False,False,Volatile uptrend,0.6
2023-12-20 00:00:00+00:00,1.0,1.0,0.7692307692307693,True,0.26444540715745485,True,63.19670995292104,False,0.4097814190324055,False,False,Volatile uptrend,0.6
2023-12-21 00:00:00+00:00,1.0,1.0,0.7582417582417582,True,0.3689764681879546,True,62.76223262174694,False,0.41127550306613236,False,False,Volatile uptrend,0.6
2023-12-22 00:00:00+00:00,1.0,1.0,0.7527472527472527,True,0.3208514567351567,True,64.36907826370816,False,0.4071918580688747,False,False,Volatile uptrend,0.6
2023-12-23 00:00:00+00:00,1.0,1.0,0.7472527472527473,True,0.3110530761239965,True,64.24285245897057,False,0.3968135696768906,False,False,Volatile uptrend,0.6
2023-12-24 00:00:00+00:00,1.0,1.0,0.760989010989011,True,0.2526295988362992,True,65.80861471458348,False,0.39117592136142815,False,False,Volatile uptrend,0.6
2023-12-25 00:00:00+00:00,1.0,1.0,0.5521978021978022,True,0.27069571919007906,True,64.61635730230772,False,0.38064738255059805,False,False,Volatile uptrend,0.6
2023-12-26 00:00:00+00:00,1.0,1.0,0.5796703296703297,True,0.22857764775694486,True,65.55302698044207,False,0.3859410681472378,False,False,Volatile uptrend,0.6
2023-12-27 00:00:00+00:00,1.0,1.0,0.4532967032967033,False,0.27062621808374515,True,63.1395550899431,True,0.37909758723675574,False,False,Calm uptrend,1.5
2023-12-28 00:00:00+00:00,1.0,1.0,0.3901098901098901,False,0.20498436768956746,True,62.2484977255465,True,0.37377824513655933,False,True,Calm uptrend,1.125
2023-12-29 00:00:00+00:00,1.0,1.0,0.44505494505494503,False,0.1784226178500131,False,62.994369731430076,False,0.3870486272145115,False,True,Uptrend,0.75
2023-12-30 00:00:00+00:00,1.0,1.0,0.43956043956043955,False,0.1875194787879714,False,62.943237410198535,False,0.3823693568045393,False,True,Uptrend,0.75
2023-12-31 00:00:00+00:00,1.0,1.0,0.40934065934065933,False,0.15838581984517963,False,62.49461370300344,False,0.37577851089266406,False,True,Uptrend,0.75
2024-01-01 00:00:00+00:00,1.0,1.0,0.3626373626373626,False,0.1981718176309728,True,70.37674835336391,True,0.37190598944829617,False,True,Calm uptrend,1.125
2024-01-02 00:00:00+00:00,1.0,1.0,0.35714285714285715,False,0.20633490656622533,True,55.65583579442729,True,0.3873581079326503,False,True,Calm uptrend,1.125
2024-01-03 00:00:00+00:00,1.0,1.0,0.75,True,0.035305672063534105,False,56.13541653958574,False,0.4622010955346878,False,True,Volatile uptrend,0.44999999999999996
2024-01-04 00:00:00+00:00,1.0,1.0,0.7912087912087912,True,0.0033216490548374803,False,58.035072857636614,False,0.45622589726158735,False,True,Volatile uptrend,0.44999999999999996
2024-01-05 00:00:00+00:00,1.0,1.0,0.8269230769230769,True,0.016546783757307993,False,59.47923211147943,False,0.46581266557446543,False,True,Volatile uptrend,0.44999999999999996
2024-01-06 00:00:00+00:00,1.0,1.0,0.8296703296703297,True,0.030492116210236744,False,59.662938544286085,False,0.4542620957716496,False,True,Volatile uptrend,0.44999999999999996
2024-01-07 00:00:00+00:00,1.0,1.0,0.804945054945055,True,0.01102864932887823,False,58.831585652949464,False,0.4469475619301404,False,True,Volatile uptrend,0.44999999999999996
2024-01-08 00:00:00+00:00,1.0,1.0,0.9093406593406593,True,0.13211474015660635,False,54.27768018903453,False,0.4563645780311861,False,True,Volatile uptrend,0.44999999999999996
2024-01-09 00:00:00+00:00,1.0,1.0,0.9258241758241759,True,0.09182825884877209,False,52.00601723113717,False,0.48709044459952894,False,True,Volatile uptrend,0.44999999999999996
2024-01-10 00:00:00+00:00,1.0,1.0,0.9395604395604396,True,0.23200633050330832,True,54.34894845272823,False,0.5064131127870786,False,False,Volatile uptrend,0.6
2024-01-11 00:00:00+00:00,1.0,1.0,0.9505494505494505,True,0.20753836344787824,True,51.6535389716798,False,0.5690536117346247,False,False,Volatile uptrend,0.6
2024-01-12 00:00:00+00:00,1.0,1.0,0.9725274725274725,True,0.003379886736587984,False,55.25638172354491,False,0.5976784919334251,True,False,Storm,0.3
2024-01-13 00:00:00+00:00,1.0,1.0,0.9697802197802198,True,0.006848774023469209,False,54.96446205712392,False,0.5840362385986915,True,False,Storm,0.3
2024-01-14 00:00:00+00:00,0.7142857142857143,1.0,0.9725274725274725,True,0.008161588061749584,False,55.42193553690559,False,0.5747210084974922,False,False,Volatile uptrend,0.42857142857142855
2024-01-15 00:00:00+00:00,0.7142857142857143,1.0,0.9642857142857143,True,0.008991853050119724,False,55.07765750559814,False,0.5690533731580718,False,False,Volatile uptrend,0.42857142857142855
2024-01-16 00:00:00+00:00,0.7142857142857143,1.0,0.9615384615384616,True,0.06876179631564974,False,54.85797304681899,False,0.5570779766372749,False,False,Volatile uptrend,0.42857142857142855
2024-01-17 00:00:00+00:00,0.7142857142857143,1.0,0.9285714285714286,True,0.004785153484910209,False,54.18097648630667,False,0.5420037521388,False,False,Volatile uptrend,0.42857142857142855
2024-01-18 00:00:00+00:00,0.5714285714285714,1.0,0.9313186813186813,True,0.03677873085091402,False,50.40765238778314,False,0.5440222359073026,False,False,Volatile uptrend,0.3428571428571428
2024-01-19 00:00:00+00:00,0.5714285714285714,1.0,0.9313186813186813,True,0.08128138183606398,False,48.61831187910049,False,0.5450400962826316,False,False,Volatile uptrend,0.3428571428571428
2024-01-20 00:00:00+00:00,0.5714285714285714,1.0,0.9258241758241759,True,0.08813999125827893,False,48.130349760417594,False,0.5286139103542429,False,False,Volatile uptrend,0.3428571428571428
2024-01-21 00:00:00+00:00,0.5714285714285714,1.0,0.9203296703296703,True,0.09717989494835091,False,47.478178135567056,False,0.5131250230194208,False,False,Volatile uptrend,0.3428571428571428
2024-01-22 00:00:00+00:00,0.42857142857142855,1.0,0.8956043956043956,True,0.1570380601176343,False,41.61578758991624,False,0.5223643915703621,False,False,Fading uptrend,0.2571428571428571
2024-01-23 00:00:00+00:00,0.42857142857142855,1.0,0.8736263736263736,True,0.11925006475325933,False,36.10075865481027,True,0.5221577779193592,False,False,Fading uptrend,0.6428571428571428
2024-01-24 00:00:00+00:00,0.42857142857142855,1.0,0.8406593406593407,True,0.13665833049219706,False,32.68935046875664,True,0.5181690826916564,False,False,Fading uptrend,0.6428571428571428
2024-01-25 00:00:00+00:00,0.42857142857142855,1.0,0.7664835164835165,True,0.10355439873710992,False,38.62976753100748,False,0.5072332982705422,False,False,Fading uptrend,0.2571428571428571
2024-01-26 00:00:00+00:00,0.42857142857142855,1.0,0.47802197802197804,False,0.06284021454311711,False,51.34405404437505,False,0.5019083319063755,False,False,Fading uptrend,0.42857142857142855
2024-01-27 00:00:00+00:00,0.42857142857142855,1.0,0.4807692307692308,False,0.017740520713688524,False,51.31442600156703,False,0.487711538748332,False,False,Fading uptrend,0.42857142857142855
2024-01-28 00:00:00+00:00,0.42857142857142855,1.0,0.47527472527472525,False,0.0014606549057289261,False,51.04643176198253,False,0.4785931642869868,False,False,Fading uptrend,0.42857142857142855
2024-01-29 00:00:00+00:00,0.7142857142857143,1.0,0.4642857142857143,False,0.04510839954861326,False,50.74267738961099,False,0.472040738771857,False,False,Uptrend,0.7142857142857143
2024-01-30 00:00:00+00:00,0.7142857142857143,1.0,0.4368131868131868,False,0.025301122296710107,False,47.85623252691827,False,0.46462576291240265,False,False,Uptrend,0.7142857142857143
2024-01-31 00:00:00+00:00,0.7142857142857143,1.0,0.4697802197802198,False,0.0654134824853158,False,48.791974305510706,False,0.46919965401015323,False,False,Uptrend,0.7142857142857143
2024-02-01 00:00:00+00:00,0.7142857142857143,1.0,0.3598901098901099,False,0.07706020508101175,False,47.09445064236848,False,0.4656873909563257,False,False,Uptrend,0.7142857142857143
2024-02-02 00:00:00+00:00,0.7142857142857143,1.0,0.2967032967032967,False,0.015977845303543795,False,45.037106068683634,False,0.45709110959129196,False,False,Uptrend,0.7142857142857143
2024-02-03 00:00:00+00:00,0.7142857142857143,1.0,0.29945054945054944,False,0.0540624491687024,False,45.218157970002466,False,0.44330249823888407,False,False,Uptrend,0.7142857142857143
2024-02-04 00:00:00+00:00,0.7142857142857143,1.0,0.3241758241758242,False,0.07263101761902985,False,46.31628503841963,False,0.43280423372239507,False,False,Uptrend,0.7142857142857143
2024-02-05 00:00:00+00:00,0.7142857142857143,1.0,0.2554945054945055,False,0.058701212033091504,False,44.27974510342718,False,0.43182562800034135,False,False,Uptrend,0.7142857142857143
2024-02-06 00:00:00+00:00,0.7142857142857143,1.0,0.19505494505494506,False,0.03806070032202139,False,49.74110107985294,False,0.4215428105621983,False,False,Uptrend,0.7142857142857143
2024-02-07 00:00:00+00:00,1.0,1.0,0.23626373626373626,False,0.1298270164200156,False,47.28945807163443,False,0.41354064108770605,False,False,Uptrend,1.0
2024-02-08 00:00:00+00:00,1.0,1.0,0.2554945054945055,False,0.04079063357461226,False,41.71544579176405,False,0.40736019172533705,False,False,Uptrend,1.0
2024-02-09 00:00:00+00:00,1.0,1.0,0.2774725274725275,False,0.02233544878959945,False,36.74640190509847,True,0.40785287439428153,False,False,Calm uptrend,1.5
2024-02-10 00:00:00+00:00,1.0,1.0,0.2857142857142857,False,0.06494806427233141,False,39.20185356700265,False,0.3989916946838038,False,False,Uptrend,1.0
2024-02-11 00:00:00+00:00,1.0,1.0,0.28296703296703296,False,0.2945391376394415,True,37.6357520870688,True,0.39347541624074317,False,False,Calm uptrend,1.5
2024-02-12 00:00:00+00:00,1.0,1.0,0.3324175824175824,False,0.34851749124673503,True,31.535578733086012,True,0.40771521583316084,False,False,Calm uptrend,1.5
2024-02-13 00:00:00+00:00,1.0,1.0,0.3516483516483517,False,0.41098117704104514,True,33.04338510266118,True,0.4151879237483871,False,False,Calm uptrend,1.5
2024-02-14 00:00:00+00:00,1.0,1.0,0.4697802197802198,False,0.4484466541369181,True,28.657192469112218,True,0.41729340055526426,False,False,Calm uptrend,1.5
2024-02-15 00:00:00+00:00,1.0,1.0,0.45604395604395603,False,0.43361816126515385,True,27.245597724539426,True,0.42811593497015216,False,False,Calm uptrend,1.5
2024-02-16 00:00:00+00:00,1.0,1.0,0.4478021978021978,False,0.46639844294533184,True,27.358471552802573,True,0.4210721012865448,False,False,Calm uptrend,1.5
2024-02-17 00:00:00+00:00,1.0,1.0,0.49175824175824173,False,0.5407436841575518,True,29.119988414502323,True,0.4157976941769086,False,False,Calm uptrend,1.5
2024-02-18 00:00:00+00:00,1.0,1.0,0.5027472527472527,True,0.5446465419291927,True,29.77092751063158,True,0.4078832680259648,False,False,Calm uptrend,1.5
2024-02-19 00:00:00+00:00,1.0,1.0,0.4697802197802198,False,0.5151316593126494,True,30.095250178180763,True,0.40144054535722373,False,False,Calm uptrend,1.5
2024-02-20 00:00:00+00:00,1.0,1.0,0.532967032967033,True,0.5357016903577617,True,32.533482720966404,True,0.4102390523671897,False,False,Calm uptrend,1.5
2024-02-21 00:00:00+00:00,1.0,1.0,0.5247252747252747,True,0.6699865853971222,True,38.96031680810589,False,0.4126065964183263,False,False,Volatile uptrend,0.6
2024-02-22 00:00:00+00:00,1.0,1.0,0.5192307692307693,True,0.6136581087545847,True,42.92675916488068,False,0.4147331899224085,False,False,Volatile uptrend,0.6
2024-02-23 00:00:00+00:00,1.0,1.0,0.32967032967032966,False,0.5634116754716786,True,48.267109711242725,True,0.40751692627457264,False,False,Calm uptrend,1.5
2024-02-24 00:00:00+00:00,1.0,1.0,0.30494505494505497,False,0.5916140275227164,True,52.77223003089419,True,0.3978678287192037,False,False,Calm uptrend,1.5
2024-02-25 00:00:00+00:00,1.0,1.0,0.2967032967032967,False,0.5528261534443155,True,53.230840215436025,True,0.38754252762377533,False,False,Calm uptrend,1.5
2024-02-26 00:00:00+00:00,1.0,1.0,0.44505494505494503,False,0.6066258381963208,True,47.05166938251545,True,0.3909600503334677,False,False,Calm uptrend,1.5
2024-02-27 00:00:00+00:00,1.0,1.0,0.532967032967033,True,0.657033622540658,True,39.864661679190135,False,0.40310810718928264,False,False,Volatile uptrend,0.6
2024-02-28 00:00:00+00:00,1.0,1.0,0.8516483516483516,True,0.7094801087137129,True,28.28943361641492,True,0.4384874580274576,False,False,Calm uptrend,1.5
2024-02-29 00:00:00+00:00,1.0,1.0,0.8626373626373627,True,0.6519184232860064,True,30.626361044166597,True,0.4681271983492265,False,False,Calm uptrend,1.5
2024-03-01 00:00:00+00:00,1.0,1.0,0.8653846153846154,True,0.6878244594223888,True,32.25835024056416,True,0.4707861758782034,False,False,Calm uptrend,1.5
2024-03-02 00:00:00+00:00,1.0,1.0,0.8598901098901099,True,0.6587892630154193,True,31.45092649048422,True,0.460055711217588,False,False,Calm uptrend,1.5
2024-03-03 00:00:00+00:00,1.0,1.0,0.8626373626373627,True,0.6703864406277554,True,32.297221423845386,True,0.45075583304345224,False,False,Calm uptrend,1.5
2024-03-04 00:00:00+00:00,1.0,1.0,0.9038461538461539,True,0.7283130589782283,True,27.34671961000813,True,0.44676410661287524,False,False,Calm uptrend,1.5
2024-03-05 00:00:00+00:00,1.0,1.0,0.9807692307692307,True,0.5456968271516381,True,33.529049113225405,True,0.585655275304455,True,False,Storm,0.75
2024-03-06 00:00:00+00:00,1.0,1.0,0.9917582417582418,True,0.5703629423025192,True,36.08205174743062,True,0.6195578655709567,True,False,Storm,0.75
2024-03-07 00:00:00+00:00,1.0,1.0,0.9945054945054945,True,0.574094087253555,True,37.10007293303126,True,0.6030889922067051,True,False,Storm,0.75
2024-03-08 00:00:00+00:00,1.0,1.0,0.9972527472527473,True,0.5746125860090844,True,37.40309506407468,True,0.5984036428541861,True,False,Storm,0.75
2024-03-09 00:00:00+00:00,1.0,1.0,0.9945054945054945,True,0.5667595979029673,True,37.709694086625646,True,0.580550612787819,False,False,Calm uptrend,1.5
2024-03-10 00:00:00+00:00,1.0,1.0,0.9972527472527473,True,0.5535557336218923,True,38.518531631405224,False,0.5686844455273747,False,False,Volatile uptrend,0.6
2024-03-11 00:00:00+00:00,1.0,1.0,1.0,True,0.5802173327663218,True,41.26209881762216,False,0.5678571684961924,False,False,Volatile uptrend,0.6
2024-03-12 00:00:00+00:00,1.0,1.0,1.0,True,0.5511782042919107,True,46.58474925958971,False,0.5666190939305914,False,False,Volatile uptrend,0.6
2024-03-13 00:00:00+00:00,1.0,1.0,0.9532967032967034,True,0.551211539212316,True,47.10670063477696,False,0.5546197359337427,False,False,Volatile uptrend,0.6
2024-03-14 00:00:00+00:00,1.0,1.0,0.9587912087912088,True,0.4989095658482601,True,48.17981308337304,False,0.5645867622975915,False,False,Volatile uptrend,0.6
2024-03-15 00:00:00+00:00,1.0,1.0,0.9835164835164835,True,0.40919573384069435,True,51.274198551677664,False,0.6415086600660651,True,False,Storm,0.3
2024-03-16 00:00:00+00:00,1.0,1.0,1.0,True,0.2832467417073487,True,54.07853846683447,False,0.6414623020897339,True,False,Storm,0.3
2024-03-17 00:00:00+00:00,1.0,1.0,1.0,True,0.3238965043902912,True,55.56316529414349,False,0.6411761472426305,True,False,Storm,0.3
2024-03-18 00:00:00+00:00,1.0,1.0,0.989010989010989,True,0.31598385741202095,True,53.239052553719915,False,0.6411366388817831,True,False,Storm,0.3
2024-03-19 00:00:00+00:00,0.8571428571428571,1.0,0.945054945054945,True,0.17590697352150153,False,58.19946733488714,False,0.6766494854787704,True,False,Storm,0.2571428571428571
2024-03-20 00:00:00+00:00,0.8571428571428571,1.0,0.9587912087912088,True,0.2622988772226565,True,57.46434817458029,False,0.6975346833020707,True,False,Storm,0.2571428571428571
2024-03-21 00:00:00+00:00,0.8571428571428571,1.0,0.9615384615384616,True,0.20984770632461258,True,58.27588995379491,False,0.692271472294206,True,False,Storm,0.2571428571428571
2024-03-22 00:00:00+00:00,0.8571428571428571,1.0,0.9697802197802198,True,0.18551558417863281,False,58.57663559937712,False,0.6971562904400136,True,False,Storm,0.2571428571428571
2024-03-23 00:00:00+00:00,0.8571428571428571,1.0,0.9752747252747253,True,0.19836114857029968,True,59.990318562751966,False,0.684129503569907,True,False,Storm,0.2571428571428571
2024-03-24 00:00:00+00:00,0.8571428571428571,1.0,0.9917582417582418,True,0.24683323049764677,True,61.20540236184949,False,0.6705031750559491,True,False,Storm,0.2571428571428571
2024-03-25 00:00:00+00:00,0.8571428571428571,1.0,0.978021978021978,True,0.2671136213025847,True,60.61548753382587,False,0.6672408572463002,True,False,Storm,0.2571428571428571
2024-03-26 00:00:00+00:00,0.8571428571428571,1.0,0.9642857142857143,True,0.2665504359236789,True,59.36001634762887,False,0.6550645825467059,True,False,Storm,0.2571428571428571
2024-03-27 00:00:00+00:00,0.8571428571428571,1.0,0.967032967032967,True,0.2262419487186606,True,60.01949617393812,False,0.6488022316763685,True,False,Storm,0.2571428571428571
2024-03-28 00:00:00+00:00,0.8571428571428571,1.0,0.9505494505494505,True,0.21136388103682158,True,62.62627806075368,False,0.6326455976770373,True,False,Storm,0.2571428571428571
2024-03-29 00:00:00+00:00,0.8571428571428571,1.0,0.9313186813186813,True,0.12250322422969383,False,61.61090652951569,False,0.6210773079112875,True,False,Storm,0.2571428571428571
2024-03-30 00:00:00+00:00,0.8571428571428571,1.0,0.9175824175824175,True,0.14197889468409033,False,58.44336741361241,False,0.6018408282067479,True,False,Storm,0.2571428571428571
2024-03-31 00:00:00+00:00,1.0,1.0,0.9148351648351648,True,0.14828771663588475,False,56.50122328588352,False,0.5837808009308655,True,False,Storm,0.3
2024-04-01 00:00:00+00:00,1.0,1.0,0.9148351648351648,True,0.12521513251770902,False,57.14328371916423,False,0.5860131697660662,True,False,Storm,0.3
2024-04-02 00:00:00+00:00,0.7142857142857143,1.0,0.8763736263736264,True,0.03657393256384503,False,56.024708799110634,False,0.6071033878967665,True,False,Storm,0.21428571428571427
2024-04-03 00:00:00+00:00,0.7142857142857143,1.0,0.8324175824175825,True,0.038281989168003405,False,57.45049668585808,False,0.5980278775694149,True,False,Storm,0.21428571428571427
2024-04-04 00:00:00+00:00,0.7142857142857143,1.0,0.8351648351648352,True,0.08266960894289062,False,57.91475163850097,False,0.5866623161092165,True,False,Storm,0.21428571428571427
2024-04-05 00:00:00+00:00,0.7142857142857143,1.0,0.8104395604395604,True,0.03122156625872834,False,59.588866313853806,False,0.585520203510551,True,False,Storm,0.21428571428571427
2024-04-06 00:00:00+00:00,0.7142857142857143,1.0,0.8021978021978022,True,0.03683871264709371,False,62.39911636586127,False,0.568725529495711,False,False,Volatile uptrend,0.42857142857142855
2024-04-07 00:00:00+00:00,0.7142857142857143,1.0,0.739010989010989,True,0.02230156800120071,False,63.76562978899624,False,0.5558765602636397,False,False,Volatile uptrend,0.42857142857142855
2024-04-08 00:00:00+00:00,1.0,1.0,0.6978021978021978,True,0.057506737637433025,False,57.76566346321933,False,0.545675348420011,False,True,Volatile uptrend,0.44999999999999996
2024-04-09 00:00:00+00:00,1.0,1.0,0.728021978021978,True,0.003204287664537362,False,59.004000693968266,False,0.5404072830489839,False,True,Volatile uptrend,0.44999999999999996
2024-04-10 00:00:00+00:00,1.0,1.0,0.7362637362637363,True,0.025080135732442565,False,59.23761854763587,False,0.5372515715123085,False,True,Volatile uptrend,0.44999999999999996
2024-04-11 00:00:00+00:00,1.0,1.0,0.7142857142857143,True,0.025059182294640273,False,58.358122416172286,False,0.5339294047032919,False,True,Volatile uptrend,0.44999999999999996
2024-04-12 00:00:00+00:00,1.0,1.0,0.8324175824175825,True,0.1010090406117774,False,62.287621569083214,False,0.550021369210767,False,True,Volatile uptrend,0.44999999999999996
2024-04-13 00:00:00+00:00,0.5714285714285714,1.0,0.8901098901098901,True,0.12343517637033845,False,53.23677677222939,False,0.6672750337282884,True,True,Storm,0.12857142857142856
2024-04-14 00:00:00+00:00,0.5714285714285714,1.0,0.9120879120879121,True,0.06362673781525466,False,54.6672390978454,False,0.6625683977970369,True,True,Storm,0.12857142857142856
2024-04-15 00:00:00+00:00,0.5714285714285714,1.0,0.9148351648351648,True,0.03222296736273147,False,55.662679030651304,False,0.6671589913573897,True,False,Storm,0.1714285714285714
2024-04-16 00:00:00+00:00,0.5714285714285714,1.0,0.9010989010989011,True,0.0826701727718892,False,53.928354407184116,False,0.6644068351364729,True,False,Storm,0.1714285714285714
2024-04-17 00:00:00+00:00,0.5714285714285714,1.0,0.9175824175824175,True,0.11036973028292814,False,52.75012432100913,False,0.6726338421369988,True,False,Storm,0.1714285714285714
2024-04-18 00:00:00+00:00,0.5714285714285714,1.0,0.9093406593406593,True,0.028437447004946898,False,52.07535878533505,False,0.6654567069446222,True,False,Storm,0.1714285714285714
2024-04-19 00:00:00+00:00,0.5714285714285714,1.0,0.9340659340659341,True,0.08321031927939125,False,54.013194877307676,False,0.68028537190404,True,False,Storm,0.1714285714285714
2024-04-20 00:00:00+00:00,0.5714285714285714,1.0,0.9340659340659341,True,0.011897794574819584,False,54.07165224383783,False,0.6616534718659303,True,False,Storm,0.1714285714285714
2024-04-21 00:00:00+00:00,0.5714285714285714,1.0,0.9340659340659341,True,0.025198021251576698,False,54.04115890232805,False,0.6441493613672116,True,False,Storm,0.1714285714285714
2024-04-22 00:00:00+00:00,0.5714285714285714,1.0,0.9175824175824175,True,0.06006335150745901,False,56.43886558872912,False,0.6266631921222382,True,False,Storm,0.1714285714285714
2024-04-23 00:00:00+00:00,0.5714285714285714,1.0,0.9065934065934066,True,0.017971916044810354,False,56.34737650031976,False,0.6124037360341389,True,False,Storm,0.1714285714285714
2024-04-24 00:00:00+00:00,0.5714285714285714,1.0,0.9065934065934066,True,0.12779516636811927,False,56.208310505924594,False,0.6077331350832388,True,False,Storm,0.1714285714285714
2024-04-25 00:00:00+00:00,0.5714285714285714,1.0,0.9065934065934066,True,0.1252034396815029,False,57.02091918586345,False,0.5959301784619048,True,False,Storm,0.1714285714285714
2024-04-26 00:00:00+00:00,0.5714285714285714,1.0,0.8846153846153846,True,0.12937962931017266,False,66.16424099279273,False,0.5854276277181524,True,False,Storm,0.1714285714285714
2024-04-27 00:00:00+00:00,0.5714285714285714,1.0,0.7994505494505495,True,0.1699883354864604,False,64.6238554849414,False,0.5745002557418906,False,False,Volatile uptrend,0.3428571428571428
2024-04-28 00:00:00+00:00,0.5714285714285714,1.0,0.7912087912087912,True,0.15852135401262513,False,62.66445860062588,False,0.5593715533959948,False,False,Volatile uptrend,0.3428571428571428
2024-04-29 00:00:00+00:00,0.5714285714285714,1.0,0.7582417582417582,True,0.13310163139832865,False,60.58529819238132,False,0.5538099942648325,False,False,Volatile uptrend,0.3428571428571428
2024-04-30 00:00:00+00:00,0.42857142857142855,1.0,0.7967032967032966,True,0.23869254750276475,True,61.299381881423,False,0.5768467862554761,False,True,Fading uptrend,0.19285714285714284
2024-05-01 00:00:00+00:00,0.42857142857142855,1.0,0.7912087912087912,True,0.25011275744991524,True,50.04470163564812,False,0.6449463669738951,True,True,Storm,0.09642857142857142
2024-05-02 00:00:00+00:00,0.42857142857142855,1.0,0.7884615384615384,True,0.1538209124452302,False,49.47154415622798,False,0.6383490988871233,True,True,Storm,0.09642857142857142
2024-05-03 00:00:00+00:00,0.42857142857142855,1.0,0.760989010989011,True,0.06854744431202832,False,48.172224839061414,False,0.6297325445500573,True,True,Storm,0.09642857142857142
2024-05-04 00:00:00+00:00,0.42857142857142855,1.0,0.7554945054945055,True,0.10580404512985972,False,47.842437881943084,False,0.6187046659863095,True,True,Storm,0.09642857142857142
2024-05-05 00:00:00+00:00,0.42857142857142855,1.0,0.7582417582417582,True,0.08880133516067663,False,48.20784401316083,False,0.6024411620216433,True,True,Storm,0.09642857142857142
2024-05-06 00:00:00+00:00,0.42857142857142855,1.0,0.760989010989011,True,0.1343348026811593,False,48.450512471406036,False,0.6006876180997118,True,True,Storm,0.09642857142857142
2024-05-07 00:00:00+00:00,0.42857142857142855,1.0,0.7664835164835165,True,0.16372620551706096,False,49.585434161820075,False,0.5946450644856581,True,True,Storm,0.09642857142857142
2024-05-08 00:00:00+00:00,0.42857142857142855,1.0,0.7417582417582418,True,0.24880138567523158,True,54.39358409765546,False,0.5837503739279896,True,True,Storm,0.09642857142857142
2024-05-09 00:00:00+00:00,0.42857142857142855,1.0,0.7472527472527473,True,0.14696536118515457,False,54.68986277916602,False,0.5741540810677261,False,True,Fading uptrend,0.19285714285714284
2024-05-10 00:00:00+00:00,0.42857142857142855,1.0,0.7802197802197802,True,0.23349134408414454,True,56.40990557760185,False,0.5836974455294104,True,True,Storm,0.09642857142857142
2024-05-11 00:00:00+00:00,0.42857142857142855,1.0,0.7774725274725275,True,0.22117926423918727,True,55.924878113783016,False,0.5665720118976686,False,False,Fading uptrend,0.2571428571428571
2024-05-12 00:00:00+00:00,0.42857142857142855,1.0,0.771978021978022,True,0.1434156342451032,False,55.622614622330346,False,0.5498770236316637,False,True,Fading uptrend,0.19285714285714284
2024-05-13 00:00:00+00:00,0.42857142857142855,1.0,0.7774725274725275,True,0.026224717454862708,False,55.85411595989587,False,0.5421837794216572,False,True,Fading uptrend,0.19285714285714284
2024-05-14 00:00:00+00:00,0.42857142857142855,1.0,0.6758241758241759,True,0.10990215940313487,False,52.226616447497555,False,0.5305109232947276,False,True,Fading uptrend,0.19285714285714284
2024-05-15 00:00:00+00:00,0.7142857142857143,1.0,0.6895604395604396,True,0.07045417941086714,False,50.70793196716663,False,0.5206757733093444,False,True,Volatile uptrend,0.3214285714285714
2024-05-16 00:00:00+00:00,0.7142857142857143,1.0,0.6730769230769231,True,0.035912122377489974,False,57.03777169478321,False,0.5160782379404375,False,False,Volatile uptrend,0.42857142857142855
2024-05-17 00:00:00+00:00,0.8571428571428571,1.0,0.5302197802197802,True,0.14577463520383493,False,58.033603480560174,False,0.5089539742777716,False,False,Volatile uptrend,0.5142857142857142
2024-05-18 00:00:00+00:00,0.8571428571428571,1.0,0.521978021978022,True,0.09226989974133169,False,56.65670323185893,False,0.49349510713039174,False,False,Volatile uptrend,0.5142857142857142
2024-05-19 00:00:00+00:00,0.8571428571428571,1.0,0.5164835164835165,True,0.06526589474333153,False,55.40271614226599,False,0.48315761185119166,False,False,Volatile uptrend,0.5142857142857142
2024-05-20 00:00:00+00:00,1.0,1.0,0.6510989010989011,True,0.15609211071500445,False,42.823463568093274,False,0.4821298139165483,False,False,Volatile uptrend,0.6
2024-05-21 00:00:00+00:00,1.0,1.0,0.6565934065934066,True,0.12115821820387555,False,42.00491893916715,False,0.47962680785240625,False,False,Volatile uptrend,0.6
2024-05-22 00:00:00+00:00,1.0,1.0,0.6456043956043956,True,0.0557792195139104,False,41.67640966725386,False,0.4717927622822657,False,False,Volatile uptrend,0.6
2024-05-23 00:00:00+00:00,1.0,1.0,0.6785714285714286,True,0.03628454133694752,False,42.71570513547937,False,0.4797218312294332,False,False,Volatile uptrend,0.6
2024-05-24 00:00:00+00:00,1.0,1.0,0.6373626373626373,True,0.10308360408385683,False,43.02837182166872,False,0.4739883783318927,False,False,Volatile uptrend,0.6
2024-05-25 00:00:00+00:00,1.0,1.0,0.6346153846153846,True,0.11447852066068535,False,43.52268053340562,False,0.4602178210502963,False,False,Volatile uptrend,0.6
2024-05-26 00:00:00+00:00,1.0,1.0,0.6318681318681318,True,0.11302759139955261,False,44.1542633214793,False,0.4492596051806795,False,False,Volatile uptrend,0.6
2024-05-27 00:00:00+00:00,1.0,1.0,0.6126373626373627,True,0.1404540409702773,False,45.22807006872412,False,0.4468396305952974,False,False,Volatile uptrend,0.6
2024-05-28 00:00:00+00:00,1.0,1.0,0.6153846153846154,True,0.1221282138410139,False,46.20796955868006,False,0.44950837976346586,False,False,Volatile uptrend,0.6
2024-05-29 00:00:00+00:00,1.0,1.0,0.4532967032967033,False,0.08758786730313874,False,56.50982868919334,False,0.4405899839507813,False,False,Uptrend,1.0
2024-05-30 00:00:00+00:00,1.0,1.0,0.45604395604395603,False,0.1885365444716685,True,59.44615875932071,True,0.43498096249339524,False,False,Calm uptrend,1.5
2024-05-31 00:00:00+00:00,1.0,1.0,0.4532967032967033,False,0.23381354731448115,True,63.863812141918714,True,0.42972020112687226,False,False,Calm uptrend,1.5
2024-06-01 00:00:00+00:00,1.0,1.0,0.4478021978021978,False,0.22454944336176258,True,63.485062293979006,True,0.4161454827249679,False,False,Calm uptrend,1.5
2024-06-02 00:00:00+00:00,1.0,1.0,0.4368131868131868,False,0.13972418063015804,False,64.01395098105759,False,0.40692957686115855,False,False,Uptrend,1.0
2024-06-03 00:00:00+00:00,1.0,1.0,0.23901098901098902,False,0.1405661105410431,False,62.22452413757421,False,0.4117704424250634,False,True,Uptrend,0.75
2024-06-04 00:00:00+00:00,1.0,1.0,0.23626373626373626,False,0.17833048405643723,False,68.48537025070466,False,0.40345628781560783,False,True,Uptrend,0.75
2024-06-05 00:00:00+00:00,1.0,1.0,0.22802197802197802,False,0.21870517820231186,True,62.72270657837779,True,0.397810968759641,False,True,Calm uptrend,1.125
2024-06-06 00:00:00+00:00,1.0,1.0,0.1565934065934066,False,0.23724368424907272,True,61.73561735686576,True,0.390294829078022,False,True,Calm uptrend,1.125
2024-06-07 00:00:00+00:00,1.0,1.0,0.18681318681318682,False,0.2261245670426927,True,61.82551119492187,True,0.3975815988357081,False,True,Calm uptrend,1.125
2024-06-08 00:00:00+00:00,1.0,1.0,0.1813186813186813,False,0.18202326028703072,False,60.84472888065256,False,0.3852787425459119,False,True,Uptrend,0.75
2024-06-09 00:00:00+00:00,1.0,1.0,0.17307692307692307,False,0.2737205221019076,True,59.82101732587362,True,0.37408603458617157,False,True,Calm uptrend,1.125
2024-06-10 00:00:00+00:00,1.0,1.0,0.14835164835164835,False,0.2688876045548531,True,57.68782318051133,True,0.365683094867602,False,True,Calm uptrend,1.125
2024-06-11 00:00:00+00:00,1.0,1.0,0.1978021978021978,False,0.1716021508509543,False,55.37751673327575,False,0.3722396095778038,False,True,Uptrend,0.75
2024-06-12 00:00:00+00:00,1.0,1.0,0.24175824175824176,False,0.1590696479284593,False,57.22763115365989,False,0.3961622593048244,False,True,Uptrend,0.75
2024-06-13 00:00:00+00:00,0.7142857142857143,1.0,0.23626373626373626,False,0.1546403535507465,False,56.98126581671147,False,0.39851515267430376,False,True,Uptrend,0.5357142857142857
2024-06-14 00:00:00+00:00,0.7142857142857143,1.0,0.23626373626373626,False,0.005472187005954878,False,51.12246671194288,False,0.4037512953401443,False,True,Uptrend,0.5357142857142857
2024-06-15 00:00:00+00:00,0.7142857142857143,1.0,0.24175824175824176,False,0.03434886106808551,False,51.33475709990376,False,0.3917064895933696,False,False,Uptrend,0.7142857142857143
2024-06-16 00:00:00+00:00,0.7142857142857143,1.0,0.23351648351648352,False,0.012590745459326797,False,50.99648957437107,False,0.38148291021914615,False,False,Uptrend,0.7142857142857143
2024-06-17 00:00:00+00:00,0.7142857142857143,1.0,0.21978021978021978,False,0.014868283588435673,False,50.26710913442505,False,0.3842664940008549,False,False,Uptrend,0.7142857142857143
2024-06-18 00:00:00+00:00,0.7142857142857143,1.0,0.22802197802197802,False,0.03879307148801561,False,45.11249250381493,False,0.3889068740664552,False,False,Uptrend,0.7142857142857143
2024-06-19 00:00:00+00:00,0.5714285714285714,1.0,0.22802197802197802,False,0.27718237356076925,True,44.655689803082325,True,0.38032086714914476,False,False,Calm uptrend,0.8571428571428571
2024-06-20 00:00:00+00:00,0.42857142857142855,1.0,0.24725274725274726,False,0.23823300423131172,True,45.15402902038005,True,0.3774478261810516,False,False,Fading uptrend,0.6428571428571428
2024-06-21 00:00:00+00:00,0.2857142857142857,1.0,0.17032967032967034,False,0.2293534164712414,True,48.07620717647752,True,0.3804293678287135,False,False,Fading uptrend,0.42857142857142855
2024-06-22 00:00:00+00:00,0.2857142857142857,1.0,0.17307692307692307,False,0.17805982392073133,False,48.370180795761016,False,0.36890581535794265,False,False,Fading uptrend,0.2857142857142857
2024-06-23 00:00:00+00:00,0.2857142857142857,1.0,0.18956043956043955,False,0.2507727492591848,True,48.2120600420094,True,0.36232308723412726,False,False,Fading uptrend,0.42857142857142855
2024-06-24 00:00:00+00:00,0.14285714285714285,1.0,0.4478021978021978,False,0.3833481819308976,True,34.71907295526616,True,0.40071763600455723,False,False,Fading uptrend,0.21428571428571427
2024-06-25 00:00:00+00:00,0.14285714285714285,1.0,0.3873626373626374,False,0.2769276414419151,True,32.87644496269255,True,0.39846692274166756,False,False,Fading uptrend,0.21428571428571427
2024-06-26 00:00:00+00:00,0.14285714285714285,1.0,0.33791208791208793,False,0.3540118039178435,True,36.458474706850154,True,0.3907557387796835,False,False,Fading uptrend,0.21428571428571427
2024-06-27 00:00:00+00:00,0.14285714285714285,1.0,0.33791208791208793,False,0.2786472538426882,True,40.16094173622021,True,0.3851036342230255,False,False,Fading uptrend,0.21428571428571427
2024-06-28 00:00:00+00:00,0.14285714285714285,1.0,0.34065934065934067,False,0.29429942480976373,True,40.2732541114037,True,0.3851987231572795,False,False,Fading uptrend,0.21428571428571427
2024-06-29 00:00:00+00:00,0.14285714285714285,1.0,0.3434065934065934,False,0.30177171024140537,True,40.5939116725796,True,0.3740225076727846,False,False,Fading uptrend,0.21428571428571427
2024-06-30 00:00:00+00:00,0.14285714285714285,1.0,0.3956043956043956,False,0.18785957496771138,False,42.55893261475181,False,0.36573018082407605,False,False,Fading uptrend,0.14285714285714285
2024-07-01 00:00:00+00:00,0.14285714285714285,1.0,0.36538461538461536,False,0.192504489395534,True,44.58224625647317,True,0.3624339533361396,False,False,Fading uptrend,0.21428571428571427
2024-07-02 00:00:00+00:00,0.14285714285714285,1.0,0.33516483516483514,False,0.21616964419410978,True,43.550148148679774,True,0.35939159925499153,False,False,Fading uptrend,0.21428571428571427
2024-07-03 00:00:00+00:00,0.14285714285714285,1.0,0.42857142857142855,False,0.31942251330599086,True,46.16820677432276,True,0.3671002006870311,False,False,Fading uptrend,0.21428571428571427
2024-07-04 00:00:00+00:00,0.0,0.0,0.5302197802197802,True,0.4756211133581468,True,47.59600505901711,False,0.4224160617616257,False,False,Downtrend,0.0
2024-07-05 00:00:00+00:00,0.0,0.0,0.6098901098901099,True,0.5132758891447927,True,39.66214060665235,False,0.4839409581975351,False,False,Downtrend,0.0
2024-07-06 00:00:00+00:00,0.0,0.0,0.6620879120879121,True,0.42603928369140776,True,41.91746132975781,False,0.47425544743931547,False,False,Downtrend,0.0
2024-07-07 00:00:00+00:00,0.0,0.0,0.6978021978021978,True,0.44355875174618287,True,45.79024558829098,False,0.4768072418934647,False,False,Downtrend,0.0
2024-07-08 00:00:00+00:00,0.0,0.0,0.6675824175824175,True,0.4031657039773592,True,44.693366954546455,False,0.4984240909590716,False,False,Downtrend,0.0
2024-07-09 00:00:00+00:00,0.0,0.0,0.6648351648351648,True,0.35974335019435466,True,44.517371165513346,False,0.4887530091858949,False,False,Downtrend,0.0
2024-07-10 00:00:00+00:00,0.0,0.0,0.6785714285714286,True,0.3640045538505149,True,45.1176410472838,False,0.4892530068145783,False,False,Downtrend,0.0
2024-07-11 00:00:00+00:00,0.0,0.0,0.6978021978021978,True,0.32578614297962705,True,46.01447649020495,False,0.4910344091864274,False,False,Downtrend,0.0
2024-07-12 00:00:00+00:00,0.0,0.0,0.695054945054945,True,0.34336078814629895,True,45.820871547972935,False,0.4868570108746285,False,False,Downtrend,0.0
2024-07-13 00:00:00+00:00,0.0,0.0,0.7142857142857143,True,0.2519666507432677,True,47.16255685351245,False,0.4775980506602908,False,False,Downtrend,0.0
2024-07-14 00:00:00+00:00,0.14285714285714285,1.0,0.7115384615384616,True,0.16975122085701383,False,47.03625225818268,False,0.4766049178172463,False,False,Fading uptrend,0.0857142857142857
2024-07-15 00:00:00+00:00,0.42857142857142855,1.0,0.7774725274725275,True,0.04341305569481931,False,46.36904381488327,False,0.4716474241498107,False,False,Fading uptrend,0.2571428571428571
2024-07-16 00:00:00+00:00,0.42857142857142855,1.0,0.7884615384615384,True,0.04730555784101606,False,46.247870191101235,False,0.4801410144934525,False,False,Fading uptrend,0.2571428571428571
2024-07-17 00:00:00+00:00,0.42857142857142855,1.0,0.782967032967033,True,0.0684492699677462,False,43.38485075461482,False,0.47284890213066094,False,False,Fading uptrend,0.2571428571428571
2024-07-18 00:00:00+00:00,0.42857142857142855,1.0,0.7197802197802198,True,0.03484948450703567,False,41.59551319987741,False,0.4701445088832192,False,False,Fading uptrend,0.2571428571428571
2024-07-19 00:00:00+00:00,1.0,1.0,0.7032967032967034,True,0.04612683504559094,False,40.199693966618845,False,0.4652190759681486,False,False,Volatile uptrend,0.6
2024-07-20 00:00:00+00:00,1.0,1.0,0.6648351648351648,True,0.0614852264216617,False,38.496188545076,False,0.4522579983737103,False,False,Volatile uptrend,0.6
2024-07-21 00:00:00+00:00,1.0,1.0,0.6510989010989011,True,0.10806036880103385,False,36.233499014625565,True,0.45028739448276583,False,False,Calm uptrend,1.5
2024-07-22 00:00:00+00:00,1.0,1.0,0.5302197802197802,True,0.08666204822438188,False,39.590816566695445,False,0.44621673313284527,False,False,Volatile uptrend,0.6
2024-07-23 00:00:00+00:00,1.0,1.0,0.5274725274725275,True,0.071218111868344,False,40.71630043497625,False,0.4546420513110119,False,False,Volatile uptrend,0.6
2024-07-24 00:00:00+00:00,1.0,1.0,0.49725274725274726,False,0.14150024164756864,False,40.36639291829246,False,0.4548558840512023,False,False,Uptrend,1.0
2024-07-25 00:00:00+00:00,1.0,1.0,0.49175824175824173,False,0.11466519213167906,False,40.49617669217115,False,0.45601864219738336,False,False,Uptrend,1.0
2024-07-26 00:00:00+00:00,1.0,1.0,0.4945054945054945,False,0.19564791043142563,True,45.096630086386824,True,0.4515130688951678,False,False,Calm uptrend,1.5
2024-07-27 00:00:00+00:00,1.0,1.0,0.510989010989011,True,0.17601138523700993,False,47.65084372058243,False,0.4507797273088834,False,False,Volatile uptrend,0.6
2024-07-28 00:00:00+00:00,1.0,1.0,0.4835164835164835,False,0.228426748746463,True,52.36321592122673,True,0.44158910584895716,False,False,Calm uptrend,1.5
2024-07-29 00:00:00+00:00,1.0,1.0,0.4642857142857143,False,0.16495307892442132,False,56.576305871899486,False,0.45355831523540585,False,False,Uptrend,1.0
2024-07-30 00:00:00+00:00,1.0,1.0,0.4258241758241758,False,0.10058623454505347,False,59.60366982604475,False,0.449232076896638,False,False,Uptrend,1.0
2024-07-31 00:00:00+00:00,1.0,1.0,0.4258241758241758,False,0.04882373068217494,False,59.65488557525313,False,0.4580449632916147,False,False,Uptrend,1.0
2024-08-01 00:00:00+00:00,1.0,1.0,0.4642857142857143,False,0.09103693946399195,False,56.43604549405183,False,0.4682553513682063,False,False,Uptrend,1.0
2024-08-02 00:00:00+00:00,0.2857142857142857,1.0,0.4697802197802198,False,0.03459339384863878,False,51.85074201727545,False,0.501582180228286,False,False,Fading uptrend,0.2857142857142857
2024-08-03 00:00:00+00:00,0.14285714285714285,1.0,0.4835164835164835,False,0.10445212441553146,False,47.4052644467211,False,0.49950879100354223,False,False,Fading uptrend,0.14285714285714285
2024-08-04 00:00:00+00:00,0.0,0.0,0.5879120879120879,True,0.04136561244707504,False,39.911319947244074,False,0.5252924280043788,False,False,Downtrend,0.0
2024-08-05 00:00:00+00:00,0.0,0.0,0.8983516483516484,True,0.10639611616734271,False,28.345831316079888,True,0.7208155672118929,True,False,Storm,0.0
2024-08-06 00:00:00+00:00,0.0,0.0,0.9065934065934066,True,0.004187450908386232,False,29.004583084985647,True,0.7232090747355835,True,False,Storm,0.0
2024-08-07 00:00:00+00:00,0.0,0.0,0.9368131868131868,True,0.04027322783119927,False,29.983771163370665,True,0.7170872224074523,True,False,Storm,0.0
2024-08-08 00:00:00+00:00,0.0,0.0,0.9945054945054945,True,0.0817813539349737,False,34.07049272390818,True,0.7238859004745252,True,False,Storm,0.0
2024-08-09 00:00:00+00:00,0.0,0.0,0.9917582417582418,True,0.0691836650309645,False,33.873953195210476,True,0.7108731541268458,True,False,Storm,0.0
2024-08-10 00:00:00+00:00,0.0,0.0,0.989010989010989,True,0.08020043282389622,False,32.73847463878593,True,0.690368150135996,True,False,Storm,0.0
2024-08-11 00:00:00+00:00,0.0,0.0,0.9972527472527473,True,0.017768687502710597,False,34.456260851721154,True,0.6836263408981418,True,False,Storm,0.0
2024-08-12 00:00:00+00:00,0.0,0.0,0.9945054945054945,True,0.00312323849742933,False,40.01687702838553,False,0.702934886628565,True,False,Storm,0.0
2024-08-13 00:00:00+00:00,0.0,0.0,0.9972527472527473,True,0.004651433787471276,False,41.409659159192096,False,0.6891274463716511,True,False,Storm,0.0
2024-08-14 00:00:00+00:00,0.0,0.0,1.0,True,0.13954697679210698,False,44.76121378788966,False,0.6824318191619678,True,False,Storm,0.0
2024-08-15 00:00:00+00:00,0.0,0.0,1.0,True,0.17009292741885929,False,45.193467074578365,False,0.6874448685899625,True,False,Storm,0.0
2024-08-16 00:00:00+00:00,0.0,0.0,0.9917582417582418,True,0.11718561572691784,False,51.17713206407154,False,0.6765298178541472,True,False,Storm,0.0
2024-08-17 00:00:00+00:00,0.0,0.0,0.9862637362637363,True,0.09989705732371701,False,50.13934519898462,False,0.6559476940697725,True,False,Storm,0.0
2024-08-18 00:00:00+00:00,0.0,0.0,0.9697802197802198,True,0.18970030777781277,True,48.551170400030415,False,0.6485057710818173,True,False,Storm,0.0
2024-08-19 00:00:00+00:00,0.0,0.0,0.8241758241758241,True,0.17531456168969384,False,59.266090183236344,False,0.6323045235405921,True,False,Storm,0.0
2024-08-20 00:00:00+00:00,0.0,0.0,0.804945054945055,True,0.2112119680488911,True,61.76705184760059,False,0.633796735759327,True,False,Storm,0.0
2024-08-21 00:00:00+00:00,0.14285714285714285,0.0,0.7939560439560439,True,0.14220163434260516,False,62.441585183558736,False,0.6220324745708793,False,False,Downtrend,0.04285714285714285
2024-08-22 00:00:00+00:00,0.14285714285714285,0.0,0.5989010989010989,True,0.12630495034390912,False,68.57516254333999,False,0.6111796925399698,False,False,Downtrend,0.04285714285714285
2024-08-23 00:00:00+00:00,0.42857142857142855,0.0,0.6758241758241759,True,0.028409797471223318,False,54.811406847780304,False,0.5984326971389524,False,False,Downtrend,0.12857142857142856
2024-08-24 00:00:00+00:00,0.5714285714285714,0.0,0.6675824175824175,True,0.03509130908391879,False,54.54409982054099,False,0.5839316115881213,False,False,Bear rally,0.1714285714285714
2024-08-25 00:00:00+00:00,0.5714285714285714,0.0,0.6071428571428571,True,0.082369100782933,False,51.90235762320912,False,0.565898173886252,False,False,Bear rally,0.1714285714285714
2024-08-26 00:00:00+00:00,0.5714285714285714,0.0,0.5467032967032966,True,0.10970030202524629,False,50.37362744855655,False,0.5528127256095441,False,False,Bear rally,0.1714285714285714
2024-08-27 00:00:00+00:00,0.2857142857142857,0.0,0.6593406593406593,True,0.17951935706204405,False,52.549811103323954,False,0.56524137310815,False,False,Downtrend,0.0857142857142857
2024-08-28 00:00:00+00:00,0.2857142857142857,0.0,0.6318681318681318,True,0.16102124727736855,False,51.48230123872674,False,0.57390575495224,False,False,Downtrend,0.0857142857142857
2024-08-29 00:00:00+00:00,0.2857142857142857,0.0,0.5576923076923077,True,0.14269749862139672,False,54.617722740404155,False,0.573165388601828,False,False,Downtrend,0.0857142857142857
2024-08-30 00:00:00+00:00,0.2857142857142857,0.0,0.5357142857142857,True,0.11828585538849763,False,57.078933881989556,False,0.5762346938676732,False,False,Downtrend,0.0857142857142857
2024-08-31 00:00:00+00:00,0.2857142857142857,0.0,0.5274725274725275,True,0.13883087975931444,False,56.85199275640599,False,0.5591920149229606,False,False,Downtrend,0.0857142857142857
2024-09-01 00:00:00+00:00,0.0,0.0,0.5302197802197802,True,0.09587143335271411,False,54.34024220086812,False,0.5555988010603201,False,False,Downtrend,0.0
2024-09-02 00:00:00+00:00,0.0,0.0,0.5467032967032966,True,0.03495084347095138,False,54.52458130997556,False,0.5432268312777518,False,False,Downtrend,0.0
2024-09-03 00:00:00+00:00,0.0,0.0,0.5247252747252747,True,0.01533323661857567,False,53.99906906341492,False,0.5408809471842669,False,False,Downtrend,0.0
2024-09-04 00:00:00+00:00,0.0,0.0,0.532967032967033,True,0.09818815672082884,False,47.156907215096446,False,0.5378151975750468,False,False,Downtrend,0.0
2024-09-05 00:00:00+00:00,0.0,0.0,0.5879120879120879,True,0.003946014111140227,False,48.31083339894067,False,0.536282085149633,False,False,Downtrend,0.0
2024-09-06 00:00:00+00:00,0.0,0.0,0.6153846153846154,True,0.028312146986550945,False,37.46352364849827,True,0.5709504670374909,False,False,Downtrend,0.0
2024-09-07 00:00:00+00:00,0.0,0.0,0.6208791208791209,True,0.21492321019183944,True,37.622812221619895,True,0.557292785299127,False,False,Downtrend,0.0
2024-09-08 00:00:00+00:00,0.0,0.0,0.6456043956043956,True,0.17113052055674396,False,39.754005518236255,False,0.5462320125790668,False,False,Downtrend,0.0
2024-09-09 00:00:00+00:00,0.0,0.0,0.695054945054945,True,0.10501713575462394,False,45.98216482119177,False,0.5458604740498175,False,False,Downtrend,0.0
2024-09-10 00:00:00+00:00,0.0,0.0,0.5192307692307693,True,0.03046078803071539,False,50.13866764663879,False,0.5378561686810566,False,False,Downtrend,0.0
2024-09-11 00:00:00+00:00,0.0,0.0,0.5302197802197802,True,0.057377025766301964,False,50.21066012479845,False,0.5464798128357391,False,False,Downtrend,0.0
2024-09-12 00:00:00+00:00,0.0,0.0,0.4725274725274725,False,0.07102777508531888,False,54.59352096355165,False,0.5361982074754825,False,False,Downtrend,0.0
2024-09-13 00:00:00+00:00,0.14285714285714285,0.0,0.521978021978022,True,0.05181125685147706,False,52.15391092070198,False,0.5286452024159005,False,False,Downtrend,0.04285714285714285
2024-09-14 00:00:00+00:00,0.14285714285714285,0.0,0.532967032967033,True,0.07130698994448637,False,52.73249312588967,False,0.5140170165069707,False,False,Downtrend,0.04285714285714285
2024-09-15 00:00:00+00:00,0.14285714285714285,0.0,0.521978021978022,True,0.007589875448197819,False,52.532616856514,False,0.5010176319502353,False,False,Downtrend,0.04285714285714285
2024-09-16 00:00:00+00:00,0.14285714285714285,0.0,0.4725274725274725,False,0.037352890114110464,False,51.845717502817266,False,0.5006267151504941,False,False,Downtrend,0.07142857142857142
2024-09-17 00:00:00+00:00,0.14285714285714285,0.0,0.5851648351648352,True,0.05352233984064491,False,50.25666631205457,False,0.5085688419255082,False,False,Downtrend,0.04285714285714285
2024-09-18 00:00:00+00:00,0.42857142857142855,0.0,0.5604395604395604,True,0.06505610430095139,False,47.94645382044269,False,0.5066086145294268,False,False,Downtrend,0.12857142857142856
2024-09-19 00:00:00+00:00,0.7142857142857143,0.0,0.5054945054945055,True,0.10794060425711001,False,39.85249926045781,False,0.497979702926346,False,False,Bear rally,0.21428571428571427
2024-09-20 00:00:00+00:00,0.7142857142857143,0.0,0.3598901098901099,False,0.05917549805315975,False,39.34896640510852,False,0.4889001439245216,False,False,Bear rally,0.35714285714285715
2024-09-21 00:00:00+00:00,0.7142857142857143,0.0,0.35714285714285715,False,0.08763471857215124,False,38.960611097684165,False,0.47470990581720884,False,False,Bear rally,0.35714285714285715
2024-09-22 00:00:00+00:00,0.7142857142857143,0.0,0.3516483516483517,False,0.015034753602923397,False,42.54336001283132,False,0.4678012545957478,False,False,Bear rally,0.35714285714285715
2024-09-23 00:00:00+00:00,0.7142857142857143,0.0,0.2554945054945055,False,0.026688068863331825,False,42.21775038515435,False,0.4589720547058354,False,False,Bear rally,0.35714285714285715
2024-09-24 00:00:00+00:00,0.7142857142857143,0.0,0.260989010989011,False,0.0013567012143586997,False,42.661240476822385,False,0.4513726250939736,False,False,Bear rally,0.35714285714285715
2024-09-25 00:00:00+00:00,0.7142857142857143,0.0,0.21703296703296704,False,0.010193252215119648,False,49.672635575135146,False,0.4439286645737346,False,False,Bear rally,0.35714285714285715
2024-09-26 00:00:00+00:00,0.8571428571428571,0.0,0.28846153846153844,False,0.1932477592247527,True,48.105303109553674,True,0.4353202961083808,False,False,Bear rally,0.6428571428571428
2024-09-27 00:00:00+00:00,1.0,1.0,0.21428571428571427,False,0.2243750443499718,True,43.5106609238212,True,0.42731509728449346,False,False,Calm uptrend,1.5
2024-09-28 00:00:00+00:00,1.0,1.0,0.19230769230769232,False,0.21822700277057053,True,43.00993920837341,True,0.41526694138609915,False,False,Calm uptrend,1.5
2024-09-29 00:00:00+00:00,1.0,1.0,0.17032967032967034,False,0.2173697999855042,True,41.547593382683296,True,0.4038420015755362,False,False,Calm uptrend,1.5
2024-09-30 00:00:00+00:00,1.0,1.0,0.21428571428571427,False,0.13636423433248995,False,43.48326244883044,False,0.40968671958264674,False,False,Uptrend,1.0
2024-10-01 00:00:00+00:00,0.5714285714285714,0.0,0.21703296703296704,False,0.10690524817899959,False,51.16695664632294,False,0.4189242091540689,False,False,Bear rally,0.2857142857142857
2024-10-02 00:00:00+00:00,0.5714285714285714,0.0,0.19505494505494506,False,0.04877955460985526,False,55.399405409691994,False,0.4309899266090991,False,False,Bear rally,0.2857142857142857
2024-10-03 00:00:00+00:00,0.5714285714285714,0.0,0.17032967032967034,False,0.11044815501400472,False,53.52688882663658,False,0.4350956546450686,False,False,Bear rally,0.2857142857142857
2024-10-04 00:00:00+00:00,0.5714285714285714,0.0,0.17582417582417584,False,0.13531474464114016,False,53.859692494595734,False,0.43281077666382484,False,False,Bear rally,0.2857142857142857
2024-10-05 00:00:00+00:00,0.5714285714285714,0.0,0.17307692307692307,False,0.20517710924372096,True,53.693952153633106,True,0.42146656733075005,False,False,Bear rally,0.42857142857142855
2024-10-06 00:00:00+00:00,0.5714285714285714,0.0,0.15934065934065933,False,0.32570302243567356,True,53.04657275522577,True,0.41048598372999456,False,False,Bear rally,0.42857142857142855
2024-10-07 00:00:00+00:00,0.5714285714285714,0.0,0.16758241758241757,False,0.29223465930589754,True,53.24647745133352,True,0.4299212702837003,False,False,Bear rally,0.42857142857142855
2024-10-08 00:00:00+00:00,0.5714285714285714,0.0,0.1401098901098901,False,0.27056373289432756,True,52.332001239047365,True,0.42544063134757,False,False,Bear rally,0.42857142857142855
2024-10-09 00:00:00+00:00,0.5714285714285714,0.0,0.16483516483516483,False,0.1366643141573401,False,52.85919735042808,False,0.4265924795602663,False,False,Bear rally,0.2857142857142857
2024-10-10 00:00:00+00:00,0.42857142857142855,0.0,0.11263736263736264,False,0.1034220298456973,False,47.01885043160521,False,0.42678450653804173,False,False,Downtrend,0.21428571428571427
2024-10-11 00:00:00+00:00,0.42857142857142855,0.0,0.2445054945054945,False,0.1862552104554981,True,50.555897188995985,True,0.41711121265294476,False,False,Downtrend,0.3214285714285714
2024-10-12 00:00:00+00:00,0.42857142857142855,0.0,0.24725274725274726,False,0.182505722749855,False,51.73162439112072,False,0.4057579359856296,False,False,Downtrend,0.21428571428571427
2024-10-13 00:00:00+00:00,0.42857142857142855,0.0,0.2664835164835165,False,0.09203921799918031,False,55.037799179220784,False,0.3963359335404943,False,False,Downtrend,0.21428571428571427
2024-10-14 00:00:00+00:00,1.0,1.0,0.33791208791208793,False,0.21386166981030058,True,52.00105072658933,True,0.3941225966109957,False,False,Calm uptrend,1.5
2024-10-15 00:00:00+00:00,1.0,1.0,0.2664835164835165,False,0.277600527928036,True,44.294478534958635,True,0.4564539773256547,False,False,Calm uptrend,1.5
2024-10-16 00:00:00+00:00,1.0,1.0,0.21978021978021978,False,0.33310007642232975,True,41.40142908822213,True,0.4475199965621155,False,False,Calm uptrend,1.5
2024-10-17 00:00:00+00:00,1.0,1.0,0.1978021978021978,False,0.2698882330493752,True,40.89438983801427,True,0.4409589945322945,False,False,Calm uptrend,1.5
2024-10-18 00:00:00+00:00,1.0,1.0,0.17032967032967034,False,0.25748920597445113,True,38.36242608846652,True,0.4338410638711148,False,False,Calm uptrend,1.5
2024-10-19 00:00:00+00:00,1.0,1.0,0.17032967032967034,False,0.21932105918547617,True,38.365110014015244,True,0.42111925461091293,False,False,Calm uptrend,1.5
2024-10-20 00:00:00+00:00,1.0,1.0,0.17307692307692307,False,0.23176174123183566,True,37.05614793223646,True,0.40878892101342645,False,False,Calm uptrend,1.5
2024-10-21 00:00:00+00:00,1.0,1.0,0.18956043956043955,False,0.15107527325283557,False,37.07078442728874,True,0.40708631348139157,False,False,Calm uptrend,1.5
2024-10-22 00:00:00+00:00,1.0,1.0,0.17857142857142858,False,0.14526394326035458,False,36.96946952318364,True,0.4028816625826387,False,False,Calm uptrend,1.5
2024-10-23 00:00:00+00:00,1.0,1.0,0.15934065934065933,False,0.12326973313394829,False,36.92902986807642,True,0.3991446983302831,False,False,Calm uptrend,1.5
2024-10-24 00:00:00+00:00,1.0,1.0,0.14285714285714285,False,0.14254193592316974,False,41.21022334490463,False,0.3926402503882409,False,False,Uptrend,1.0
2024-10-25 00:00:00+00:00,1.0,1.0,0.10164835164835165,False,0.1266577235667824,False,49.83908549851565,False,0.3948753574211693,False,False,Uptrend,1.0
2024-10-26 00:00:00+00:00,1.0,1.0,0.10164835164835165,False,0.0727587045047168,False,49.86886486132374,False,0.3833617956034482,False,False,Uptrend,1.0
2024-10-27 00:00:00+00:00,1.0,1.0,0.11263736263736264,False,0.0843204578075669,False,52.24388838998388,False,0.3732027703638311,False,False,Uptrend,1.0
2024-10-28 00:00:00+00:00,1.0,1.0,0.03296703296703297,False,0.1437192743108289,False,59.99476351349457,False,0.3650356188421794,False,False,Uptrend,1.0
2024-10-29 00:00:00+00:00,1.0,1.0,0.046703296703296704,False,0.22958422029035871,True,44.917687174239575,True,0.36652614986621623,False,False,Calm uptrend,1.5
2024-10-30 00:00:00+00:00,1.0,1.0,0.038461538461538464,False,0.3088846800611526,True,44.71140497678207,True,0.36638541025567845,False,False,Calm uptrend,1.5
2024-10-31 00:00:00+00:00,1.0,1.0,0.09615384615384616,False,0.33025989493631136,True,47.06163116982668,True,0.37159754442708914,False,False,Calm uptrend,1.5
2024-11-01 00:00:00+00:00,1.0,1.0,0.14560439560439561,False,0.3012880482702224,True,48.35510637176841,True,0.40046536223914053,False,False,Calm uptrend,1.5
2024-11-02 00:00:00+00:00,1.0,1.0,0.15384615384615385,False,0.2934572733891134,True,48.646187238884615,True,0.38899741119953174,False,False,Calm uptrend,1.5
2024-11-03 00:00:00+00:00,1.0,1.0,0.18406593406593408,False,0.23353741997666025,True,49.40715442019535,True,0.3919379359604935,False,False,Calm uptrend,1.5
2024-11-04 00:00:00+00:00,1.0,1.0,0.18406593406593408,False,0.19604485601457572,True,49.39010864060518,True,0.3985845192853075,False,False,Calm uptrend,1.5
2024-11-05 00:00:00+00:00,1.0,1.0,0.2967032967032967,False,0.21620952732936427,True,51.58622186792365,True,0.40809991033063714,False,False,Calm uptrend,1.5
2024-11-06 00:00:00+00:00,1.0,1.0,0.510989010989011,True,0.3717226047225068,True,47.162339900451336,False,0.42369365028517664,False,False,Volatile uptrend,0.6
2024-11-07 00:00:00+00:00,1.0,1.0,0.5,False,0.37910528562010404,True,45.710890560507295,True,0.41845683020459656,False,False,Calm uptrend,1.5
2024-11-08 00:00:00+00:00,1.0,1.0,0.4697802197802198,False,0.45021368030431413,True,45.836159506728734,True,0.4165163851398169,False,False,Calm uptrend,1.5
2024-11-09 00:00:00+00:00,1.0,1.0,0.4725274725274725,False,0.4656258213771198,True,47.43260251436339,True,0.404613228098432,False,False,Calm uptrend,1.5
2024-11-10 00:00:00+00:00,1.0,1.0,0.6126373626373627,True,0.48722170925368186,True,37.86157157544235,True,0.41108892310475115,False,False,Calm uptrend,1.5
2024-11-11 00:00:00+00:00,1.0,1.0,0.7939560439560439,True,0.5755141207179036,True,27.174496473038396,True,0.4148094383244459,False,False,Calm uptrend,1.5
2024-11-12 00:00:00+00:00,1.0,1.0,0.7939560439560439,True,0.5627952729845367,True,27.30960128929985,True,0.4470815130345358,False,False,Calm uptrend,1.5
2024-11-13 00:00:00+00:00,1.0,1.0,0.804945054945055,True,0.5548975089792285,True,26.445913430941278,True,0.4937743577325549,False,False,Calm uptrend,1.5
2024-11-14 00:00:00+00:00,1.0,1.0,0.8104395604395604,True,0.44182902811773106,True,27.92039794130601,True,0.5249721278355103,False,False,Calm uptrend,1.5
2024-11-15 00:00:00+00:00,1.0,1.0,0.8324175824175825,True,0.4778351746363484,True,29.244523806681652,True,0.5280238560180669,False,False,Calm uptrend,1.5
2024-11-16 00:00:00+00:00,1.0,1.0,0.8351648351648352,True,0.4704248439677333,True,29.776995965238093,True,0.5162760655443621,False,False,Calm uptrend,1.5
2024-11-17 00:00:00+00:00,1.0,1.0,0.8351648351648352,True,0.43759410534243637,True,30.306251736999915,True,0.5091417878962183,False,False,Calm uptrend,1.5
2024-11-18 00:00:00+00:00,1.0,1.0,0.8269230769230769,True,0.44595081918885904,True,31.591539170073503,True,0.5261200140269142,False,False,Calm uptrend,1.5
2024-11-19 00:00:00+00:00,1.0,1.0,0.8131868131868132,True,0.4589800889378908,True,33.652970709985574,True,0.5274052687160607,False,False,Calm uptrend,1.5
2024-11-20 00:00:00+00:00,1.0,1.0,0.771978021978022,True,0.527216984699397,True,38.261682953223406,False,0.5149463227076895,False,False,Volatile uptrend,0.6
2024-11-21 00:00:00+00:00,1.0,1.0,0.7774725274725275,True,0.5614333788667341,True,34.70192815627512,True,0.5116920384858287,False,False,Calm uptrend,1.5
2024-11-22 00:00:00+00:00,1.0,1.0,0.7774725274725275,True,0.587594760775143,True,34.524018310105866,True,0.5039969239897751,False,False,Calm uptrend,1.5
2024-11-23 00:00:00+00:00,1.0,1.0,0.7774725274725275,True,0.5405181573676425,True,36.151462610361314,True,0.49159361423947867,False,False,Calm uptrend,1.5
2024-11-24 00:00:00+00:00,1.0,1.0,0.7527472527472527,True,0.5858698197253429,True,41.411635161021955,False,0.4865951377095669,False,False,Volatile uptrend,0.6
2024-11-25 00:00:00+00:00,1.0,1.0,0.6208791208791209,True,0.4487628017890771,True,50.29657676598804,False,0.5054737848393832,False,False,Volatile uptrend,0.6
2024-11-26 00:00:00+00:00,1.0,1.0,0.5879120879120879,True,0.41375578941111035,True,52.680851266472786,False,0.5198554342542007,False,False,Volatile uptrend,0.6
2024-11-27 00:00:00+00:00,1.0,1.0,0.4340659340659341,False,0.4329370397696518,True,53.00657005470192,True,0.5088711736041696,False,False,Calm uptrend,1.5
2024-11-28 00:00:00+00:00,1.0,1.0,0.3956043956043956,False,0.3999857519363221,True,51.824780433557784,True,0.49843273919897735,False,False,Calm uptrend,1.5
2024-11-29 00:00:00+00:00,1.0,1.0,0.3708791208791209,False,0.427892327969131,True,55.98540966151219,True,0.49049492355495755,False,False,Calm uptrend,1.5
2024-11-30 00:00:00+00:00,1.0,1.0,0.36813186813186816,False,0.452659314847015,True,55.704600077573,True,0.48061417963118647,False,False,Calm uptrend,1.5
2024-12-01 00:00:00+00:00,1.0,1.0,0.3516483516483517,False,0.4800833972683492,True,57.58745615134921,True,0.4693210535507998,False,False,Calm uptrend,1.5
2024-12-02 00:00:00+00:00,1.0,1.0,0.3598901098901099,False,0.4493431471888163,True,61.82920841037117,True,0.4858850034148242,False,False,Calm uptrend,1.5
2024-12-03 00:00:00+00:00,1.0,1.0,0.33516483516483514,False,0.46431139014388056,True,62.989293036680074,True,0.48630650239865236,False,False,Calm uptrend,1.5
2024-12-04 00:00:00+00:00,1.0,1.0,0.3626373626373626,False,0.5112573790759669,True,63.861817344863304,True,0.49013828732542636,False,False,Calm uptrend,1.5
2024-12-05 00:00:00+00:00,1.0,1.0,0.7554945054945055,True,0.4577240968315441,True,53.724981771060364,False,0.5310376870515346,False,False,Volatile uptrend,0.6
2024-12-06 00:00:00+00:00,1.0,1.0,0.7774725274725275,True,0.42523892896623644,True,55.987539454189836,False,0.5269162092689734,False,False,Volatile uptrend,0.6
2024-12-07 00:00:00+00:00,1.0,1.0,0.771978021978022,True,0.4232627215746564,True,55.874307348373016,False,0.5143098132415432,False,False,Volatile uptrend,0.6
2024-12-08 00:00:00+00:00,1.0,1.0,0.7664835164835165,True,0.429564273526989,True,55.78744780970466,False,0.5037857660298605,False,False,Volatile uptrend,0.6
2024-12-09 00:00:00+00:00,1.0,1.0,0.7774725274725275,True,0.33806371756996645,True,56.29219335043369,False,0.5273307115267912,False,False,Volatile uptrend,0.6
2024-12-10 00:00:00+00:00,1.0,1.0,0.7747252747252747,True,0.2800773437263966,True,56.18547856448971,False,0.5467557359262692,False,True,Volatile uptrend,0.44999999999999996
2024-12-11 00:00:00+00:00,1.0,1.0,0.7802197802197802,True,0.23029971794444412,True,56.697115381406036,False,0.5399581186474388,False,True,Volatile uptrend,0.44999999999999996
2024-12-12 00:00:00+00:00,1.0,1.0,0.7802197802197802,True,0.2207296436027984,True,57.503132733206826,False,0.5394706791774858,False,True,Volatile uptrend,0.44999999999999996
2024-12-13 00:00:00+00:00,1.0,1.0,0.7774725274725275,True,0.20614372307424222,True,57.15625937016625,False,0.5334425148714471,False,True,Volatile uptrend,0.44999999999999996
2024-12-14 00:00:00+00:00,1.0,1.0,0.7774725274725275,True,0.27880235972212364,True,57.56661166800794,False,0.5201241496823685,False,True,Volatile uptrend,0.44999999999999996
2024-12-15 00:00:00+00:00,1.0,1.0,0.782967032967033,True,0.2692257428806684,True,55.58233509740569,False,0.5071083498436323,False,False,Volatile uptrend,0.6
2024-12-16 00:00:00+00:00,1.0,1.0,0.782967032967033,True,0.30312708902979696,True,49.98229078548293,False,0.5045302450976192,False,False,Volatile uptrend,0.6
2024-12-17 00:00:00+00:00,1.0,1.0,0.7802197802197802,True,0.323070010096341,True,48.95261222130191,False,0.5063353096802455,False,False,Volatile uptrend,0.6
2024-12-18 00:00:00+00:00,1.0,1.0,0.7884615384615384,True,0.17484453713704898,False,50.165090582294106,False,0.5264022076223894,False,False,Volatile uptrend,0.6
2024-12-19 00:00:00+00:00,1.0,1.0,0.6153846153846154,True,0.09100561873881116,False,54.97813277691977,False,0.5479793708202251,False,False,Volatile uptrend,0.6
2024-12-20 00:00:00+00:00,1.0,1.0,0.6208791208791209,True,0.06401515895729783,False,50.23144417500265,False,0.5789139570461459,False,False,Volatile uptrend,0.6
2024-12-21 00:00:00+00:00,1.0,1.0,0.6346153846153846,True,0.019923863565468217,False,51.18529613097002,False,0.5677349609218258,False,False,Volatile uptrend,0.6
2024-12-22 00:00:00+00:00,0.7142857142857143,1.0,0.6428571428571429,True,0.06994159093040976,False,51.49119049372225,False,0.5671407920814189,False,False,Volatile uptrend,0.42857142857142855
2024-12-23 00:00:00+00:00,0.7142857142857143,1.0,0.5604395604395604,True,0.05360121424871612,False,49.604714011523065,False,0.5759487534298051,False,False,Volatile uptrend,0.42857142857142855
2024-12-24 00:00:00+00:00,0.7142857142857143,1.0,0.6098901098901099,True,0.013727084969350887,False,50.795434924565356,False,0.5732282688405338,False,False,Volatile uptrend,0.42857142857142855
2024-12-25 00:00:00+00:00,0.7142857142857143,1.0,0.5027472527472527,True,0.12465496815755393,False,48.05822552840309,False,0.5594986735420435,False,False,Volatile uptrend,0.42857142857142855
2024-12-26 00:00:00+00:00,0.7142857142857143,1.0,0.5494505494505495,True,0.07073945472918189,False,49.060658772806086,False,0.5595112096023215,False,False,Volatile uptrend,0.42857142857142855
2024-12-27 00:00:00+00:00,0.7142857142857143,1.0,0.5851648351648352,True,0.030260817882532137,False,49.92292849724846,False,0.5593389757588951,False,False,Volatile uptrend,0.42857142857142855
2024-12-28 00:00:00+00:00,0.7142857142857143,1.0,0.5769230769230769,True,0.006555936059134852,False,49.64349977281447,False,0.542299128699578,False,False,Volatile uptrend,0.42857142857142855
2024-12-29 00:00:00+00:00,0.7142857142857143,1.0,0.5467032967032966,True,0.07127937846864059,False,48.56130183965733,False,0.5285751503537095,False,False,Volatile uptrend,0.42857142857142855
2024-12-30 00:00:00+00:00,0.5714285714285714,1.0,0.532967032967033,True,0.06939265070506868,False,46.31025840118156,False,0.5402355257802939,False,False,Volatile uptrend,0.3428571428571428
2024-12-31 00:00:00+00:00,0.5714285714285714,1.0,0.5741758241758241,True,0.06925393685829595,False,51.44731563199082,False,0.5307134807312945,False,False,Volatile uptrend,0.3428571428571428
2025-01-01 00:00:00+00:00,0.5714285714285714,1.0,0.41208791208791207,False,0.024115023271558435,False,59.39123866488251,False,0.5199515606333864,False,False,Uptrend,0.5714285714285714
2025-01-02 00:00:00+00:00,0.5714285714285714,1.0,0.3543956043956044,False,0.020954279022165474,False,67.72492862483564,False,0.512469461336617,False,False,Uptrend,0.5714285714285714
2025-01-03 00:00:00+00:00,0.5714285714285714,1.0,0.2774725274725275,False,0.007851076962370432,False,65.29933688093166,False,0.4986513028895123,False,False,Uptrend,0.5714285714285714
2025-01-04 00:00:00+00:00,0.5714285714285714,1.0,0.25274725274725274,False,0.02498436603104521,False,63.76206148366313,False,0.48483250840050623,False,False,Uptrend,0.5714285714285714
2025-01-05 00:00:00+00:00,0.5714285714285714,1.0,0.21978021978021978,False,0.028470100327423725,False,62.36907801160741,False,0.4713107461441243,False,False,Uptrend,0.5714285714285714
2025-01-06 00:00:00+00:00,1.0,1.0,0.23351648351648352,False,0.04608550017304039,False,52.94070674004094,False,0.46398291750130466,False,False,Uptrend,1.0
2025-01-07 00:00:00+00:00,1.0,1.0,0.25824175824175827,False,0.07398621481497825,False,52.63426895851223,False,0.470193304518559,False,True,Uptrend,0.75
2025-01-08 00:00:00+00:00,0.7142857142857143,1.0,0.34065934065934067,False,0.04086815645672827,False,54.95086771843786,False,0.47454109851348025,False,True,Uptrend,0.5357142857142857
2025-01-09 00:00:00+00:00,0.5714285714285714,1.0,0.3241758241758242,False,0.07209484199751004,False,53.39250305327839,False,0.49037872562228296,False,True,Uptrend,0.42857142857142855
2025-01-10 00:00:00+00:00,0.5714285714285714,1.0,0.3159340659340659,False,0.11919105897087853,False,53.05779900643896,False,0.49425874592918095,False,True,Uptrend,0.42857142857142855
2025-01-11 00:00:00+00:00,0.5714285714285714,1.0,0.3131868131868132,False,0.10256512447951631,False,52.749120748955676,False,0.48074637582175345,False,True,Uptrend,0.42857142857142855
2025-01-12 00:00:00+00:00,0.5714285714285714,1.0,0.3076923076923077,False,0.13402837566732265,False,52.2623864801839,False,0.46818807049502315,False,True,Uptrend,0.42857142857142855
2025-01-13 00:00:00+00:00,0.5714285714285714,1.0,0.3983516483516483,False,0.13410783486340033,False,48.898633960868665,False,0.47934376673002366,False,True,Uptrend,0.42857142857142855
2025-01-14 00:00:00+00:00,0.5714285714285714,1.0,0.3791208791208791,False,0.15708287411415012,False,47.964847183845706,False,0.47428948759655337,False,True,Uptrend,0.42857142857142855
2025-01-15 00:00:00+00:00,1.0,1.0,0.41208791208791207,False,0.1056205578832396,False,49.45752092771938,False,0.4678753970685356,False,False,Uptrend,1.0
2025-01-16 00:00:00+00:00,1.0,1.0,0.40934065934065933,False,0.11577693457583393,False,49.52156498677867,False,0.4721906557466748,False,False,Uptrend,1.0
2025-01-17 00:00:00+00:00,1.0,1.0,0.4478021978021978,False,0.07558124446697495,False,43.823746161929385,False,0.4751858532473525,False,False,Uptrend,1.0
2025-01-18 00:00:00+00:00,1.0,1.0,0.4725274725274725,False,0.14482535613972153,False,44.848765491114925,False,0.4766696575123314,False,False,Uptrend,1.0
2025-01-19 00:00:00+00:00,1.0,1.0,0.6318681318681318,True,0.06798437612367235,False,47.073938472069585,False,0.4970153493438373,False,False,Volatile uptrend,0.6
2025-01-20 00:00:00+00:00,1.0,1.0,0.7554945054945055,True,0.09502396246798102,False,44.00046902276678,False,0.5855940622185546,False,False,Volatile uptrend,0.6
2025-01-21 00:00:00+00:00,1.0,1.0,0.7582417582417582,True,0.20269294124937462,True,44.336967324824435,False,0.5919927994277234,False,False,Volatile uptrend,0.6
2025-01-22 00:00:00+00:00,1.0,1.0,0.7417582417582418,True,0.15705362006584192,False,43.33333669487127,False,0.5808883372623214,False,False,Volatile uptrend,0.6
2025-01-23 00:00:00+00:00,1.0,1.0,0.7445054945054945,True,0.09972216404143547,False,44.161108374193084,False,0.5806918700886873,False,False,Volatile uptrend,0.6
2025-01-24 00:00:00+00:00,1.0,1.0,0.7527472527472527,True,0.10303189370079328,False,44.58870446162827,False,0.5705678575699713,False,False,Volatile uptrend,0.6
2025-01-25 00:00:00+00:00,1.0,1.0,0.75,True,0.18167176773765836,False,44.566416123105405,False,0.5552144684177769,False,False,Volatile uptrend,0.6
2025-01-26 00:00:00+00:00,1.0,1.0,0.7582417582417582,True,0.16665989022158986,False,45.273044666671794,False,0.5450236777790911,False,False,Volatile uptrend,0.6
2025-01-27 00:00:00+00:00,1.0,1.0,0.7225274725274725,True,0.13712645850875546,False,55.506758292641045,False,0.5592425856719906,False,False,Volatile uptrend,0.6
2025-01-28 00:00:00+00:00,1.0,1.0,0.7225274725274725,True,0.15616420785717305,False,61.56709277259239,False,0.5534852993026492,False,False,Volatile uptrend,0.6
2025-01-29 00:00:00+00:00,1.0,1.0,0.717032967032967,True,0.21838210036380432,True,63.64855720192249,False,0.5402998330151213,False,False,Volatile uptrend,0.6
2025-01-30 00:00:00+00:00,1.0,1.0,0.7115384615384616,True,0.22157883772557566,True,64.83892264637059,False,0.5278890072835455,False,False,Volatile uptrend,0.6
2025-01-31 00:00:00+00:00,1.0,1.0,0.6758241758241759,True,0.1519404968200702,False,63.98160753736588,False,0.5272975002571599,False,False,Volatile uptrend,0.6
2025-02-01 00:00:00+00:00,1.0,1.0,0.6703296703296703,True,0.07160601725435804,False,63.8586006579808,False,0.5140840899280372,False,False,Volatile uptrend,0.6
2025-02-02 00:00:00+00:00,0.7142857142857143,1.0,0.6346153846153846,True,0.00898123591318581,False,58.08479807351514,False,0.5252347123592555,False,True,Volatile uptrend,0.3214285714285714
2025-02-03 00:00:00+00:00,0.7142857142857143,1.0,0.728021978021978,True,0.055192207223029505,False,52.19142985754028,False,0.5734918615142697,False,True,Volatile uptrend,0.3214285714285714
2025-02-04 00:00:00+00:00,0.7142857142857143,1.0,0.7005494505494505,True,0.010052408188574327,False,51.54804090358221,False,0.5851221112324091,False,True,Volatile uptrend,0.3214285714285714
2025-02-05 00:00:00+00:00,0.7142857142857143,1.0,0.7060439560439561,True,0.0986284863361671,False,51.51049115793444,False,0.5742303938699981,False,False,Volatile uptrend,0.42857142857142855
2025-02-06 00:00:00+00:00,0.7142857142857143,1.0,0.6593406593406593,True,0.00772840859196055,False,50.17385441483132,False,0.5649491844222605,False,False,Volatile uptrend,0.42857142857142855
2025-02-07 00:00:00+00:00,0.7142857142857143,1.0,0.6703296703296703,True,0.028956062845222206,False,51.881387829896426,False,0.566079894928561,False,False,Volatile uptrend,0.42857142857142855
2025-02-08 00:00:00+00:00,0.42857142857142855,1.0,0.6703296703296703,True,0.08194515879854895,False,51.888709616521474,False,0.5499104796228934,False,False,Fading uptrend,0.2571428571428571
2025-02-09 00:00:00+00:00,0.42857142857142855,1.0,0.6620879120879121,True,0.038300389346711775,False,51.65419811897757,False,0.5410280311458582,False,False,Fading uptrend,0.2571428571428571
2025-02-10 00:00:00+00:00,0.42857142857142855,1.0,0.6071428571428571,True,0.06129384770714553,False,50.098963193200305,False,0.5332558347511613,False,False,Fading uptrend,0.2571428571428571
2025-02-11 00:00:00+00:00,0.42857142857142855,1.0,0.6071428571428571,True,0.025807485874464697,False,50.14816640928478,False,0.5289267421481987,False,False,Fading uptrend,0.2571428571428571
2025-02-12 00:00:00+00:00,0.42857142857142855,1.0,0.6291208791208791,True,0.0668581967865695,False,50.5285767687526,False,0.5216032816549054,False,False,Fading uptrend,0.2571428571428571
2025-02-13 00:00:00+00:00,0.42857142857142855,1.0,0.6263736263736264,True,0.0009628900386907224,False,51.448207824919955,False,0.5117687815248079,False,False,Fading uptrend,0.2571428571428571
2025-02-14 00:00:00+00:00,0.42857142857142855,1.0,0.5906593406593407,True,0.06506726405797228,False,59.526022987692755,False,0.5031196218299231,False,False,Fading uptrend,0.2571428571428571
2025-02-15 00:00:00+00:00,0.42857142857142855,1.0,0.5741758241758241,True,0.05299847688896017,False,59.25203320601572,False,0.4874337613090497,False,False,Fading uptrend,0.2571428571428571
2025-02-16 00:00:00+00:00,0.42857142857142855,1.0,0.49725274725274726,False,0.18519390616521914,True,56.59250473986023,True,0.47540062314288495,False,False,Fading uptrend,0.6428571428571428
2025-02-17 00:00:00+00:00,0.42857142857142855,1.0,0.06318681318681318,False,0.20487073476307985,True,63.41371704429163,True,0.4692314928401597,False,False,Fading uptrend,0.6428571428571428
2025-02-18 00:00:00+00:00,0.2857142857142857,1.0,0.024725274725274724,False,0.14248785732861474,False,66.00843956007662,False,0.4634274942415363,False,True,Fading uptrend,0.21428571428571427
2025-02-19 00:00:00+00:00,0.2857142857142857,1.0,0.013736263736263736,False,0.1412182565468513,False,64.88670181567916,False,0.4548521374225845,False,True,Fading uptrend,0.21428571428571427
2025-02-20 00:00:00+00:00,0.2857142857142857,1.0,0.0027472527472527475,False,0.2087985616301525,True,63.706621090891396,True,0.4437676947641989,False,True,Fading uptrend,0.3214285714285714
2025-02-21 00:00:00+00:00,0.2857142857142857,1.0,0.008241758241758242,False,0.20212225303505182,True,67.71333255417149,True,0.44749007915339245,False,True,Fading uptrend,0.3214285714285714
2025-02-22 00:00:00+00:00,0.2857142857142857,1.0,0.01098901098901099,False,0.19680662870841098,True,67.731582196883,True,0.4338845483470054,False,True,Fading uptrend,0.3214285714285714
2025-02-23 00:00:00+00:00,0.2857142857142857,1.0,0.0027472527472527475,False,0.23450331313360123,True,66.47299415332165,True,0.422064259828305,False,True,Fading uptrend,0.3214285714285714
2025-02-24 00:00:00+00:00,0.2857142857142857,1.0,0.04395604395604396,False,0.3194044838255417,True,57.68426685047995,True,0.43052009019176685,False,True,Fading uptrend,0.3214285714285714
2025-02-25 00:00:00+00:00,0.2857142857142857,1.0,0.18956043956043955,False,0.33147174348201786,True,41.492448900615614,True,0.45873075866897395,False,True,Fading uptrend,0.3214285714285714
2025-02-26 00:00:00+00:00,0.14285714285714285,1.0,0.3159340659340659,False,0.38811712676399646,True,34.90136988054576,True,0.4810367683476657,False,False,Fading uptrend,0.21428571428571427
2025-02-27 00:00:00+00:00,0.14285714285714285,1.0,0.35714285714285715,False,0.3641628473270168,True,36.189295428896145,True,0.4884601739481079,False,False,Fading uptrend,0.21428571428571427
2025-02-28 00:00:00+00:00,0.14285714285714285,1.0,0.5714285714285714,True,0.44437846896643396,True,31.746297643190626,True,0.5278070536303758,False,False,Fading uptrend,0.21428571428571427
2025-03-01 00:00:00+00:00,0.14285714285714285,1.0,0.6016483516483516,True,0.4207671468767101,True,33.2495822778466,True,0.5215425404124002,False,False,Fading uptrend,0.21428571428571427
2025-03-02 00:00:00+00:00,0.2857142857142857,1.0,0.8076923076923077,True,0.16236030490362505,False,38.955175909079045,False,0.5695562327852466,False,False,Fading uptrend,0.1714285714285714
2025-03-03 00:00:00+00:00,0.14285714285714285,1.0,0.8736263736263736,True,0.2550821640109172,True,43.44302263856164,False,0.6707479354049666,False,False,Fading uptrend,0.0857142857142857
2025-03-04 00:00:00+00:00,0.14285714285714285,1.0,0.9065934065934066,True,0.19068547395963253,True,45.70203786229391,False,0.6999929255736438,False,False,Fading uptrend,0.0857142857142857
2025-03-05 00:00:00+00:00,0.14285714285714285,1.0,0.9120879120879121,True,0.19734522378991934,True,47.16792739405181,False,0.6900334486087676,False,False,Fading uptrend,0.0857142857142857
2025-03-06 00:00:00+00:00,0.14285714285714285,1.0,0.9175824175824175,True,0.15223288137240615,False,48.52113904435824,False,0.694215636153959,False,False,Fading uptrend,0.0857142857142857
2025-03-07 00:00:00+00:00,0.14285714285714285,1.0,0.9258241758241759,True,0.18364514654465922,True,54.247844951954896,False,0.7729756956975028,True,False,Storm,0.04285714285714285
2025-03-08 00:00:00+00:00,0.14285714285714285,1.0,0.9285714285714286,True,0.1915330877909267,True,55.14797154802514,False,0.7504164492831787,False,False,Fading uptrend,0.0857142857142857
2025-03-09 00:00:00+00:00,0.14285714285714285,1.0,0.9587912087912088,True,0.2656020533584222,True,57.82382038544983,False,0.7494998806258203,False,False,Fading uptrend,0.0857142857142857
2025-03-10 00:00:00+00:00,0.0,0.0,0.978021978021978,True,0.29041391705258074,True,59.98664300036453,False,0.767269890125575,True,False,Storm,0.0
2025-03-11 00:00:00+00:00,0.0,0.0,0.989010989010989,True,0.20568428407373374,True,58.41614069133941,False,0.761312851216291,True,False,Storm,0.0
2025-03-12 00:00:00+00:00,0.0,0.0,0.9615384615384616,True,0.2097475957285057,True,56.966404633066944,False,0.7584821942391994,False,False,Downtrend,0.0
2025-03-13 00:00:00+00:00,0.0,0.0,0.9615384615384616,True,0.22058689899991032,True,56.98218771756103,False,0.7476523406271903,False,False,Downtrend,0.0
2025-03-14 00:00:00+00:00,0.0,0.0,0.9368131868131868,True,0.20650831495916408,True,55.88079378249303,False,0.7270678622620694,False,False,Downtrend,0.0
2025-03-15 00:00:00+00:00,0.0,0.0,0.9340659340659341,True,0.18495438434008563,True,55.082847748635324,False,0.7049490180538334,False,False,Downtrend,0.0
2025-03-16 00:00:00+00:00,0.0,0.0,0.9093406593406593,True,0.22207722201086344,True,52.87330427510959,False,0.6937071704845322,False,False,Downtrend,0.0
2025-03-17 00:00:00+00:00,0.0,0.0,0.8598901098901099,True,0.19772868288834672,True,52.57274496348995,False,0.6754089525982863,False,False,Downtrend,0.0
2025-03-18 00:00:00+00:00,0.0,0.0,0.8104395604395604,True,0.19589315527340456,True,49.79900088133769,False,0.664928122472674,False,False,Downtrend,0.0
2025-03-19 00:00:00+00:00,0.0,0.0,0.8104395604395604,True,0.12371782444206876,False,49.665174201513814,False,0.6489740063060321,False,False,Downtrend,0.0
2025-03-20 00:00:00+00:00,0.0,0.0,0.7994505494505495,True,0.15320131855091088,False,52.668120054211926,False,0.6478201903291673,False,False,Downtrend,0.0
2025-03-21 00:00:00+00:00,0.0,0.0,0.7527472527472527,True,0.16992382946092718,False,60.805605541436464,False,0.6329566638699798,False,False,Downtrend,0.0
2025-03-22 00:00:00+00:00,0.0,0.0,0.739010989010989,True,0.19957233346896255,True,60.26498090951029,False,0.6129812607525611,False,False,Downtrend,0.0
2025-03-23 00:00:00+00:00,0.0,0.0,0.6263736263736264,True,0.1391191130300435,False,57.16519837441986,False,0.5941526760515442,False,False,Downtrend,0.0
2025-03-24 00:00:00+00:00,0.14285714285714285,0.0,0.42857142857142855,False,0.1229296106666593,False,50.102510767132436,False,0.5824761820000518,False,False,Downtrend,0.07142857142857142
2025-03-25 00:00:00+00:00,0.14285714285714285,0.0,0.25,False,0.12068818347275466,False,58.049588272801586,False,0.5682526498952002,False,False,Downtrend,0.07142857142857142
2025-03-26 00:00:00+00:00,0.14285714285714285,0.0,0.22527472527472528,False,0.06707325263915219,False,56.615005037046,False,0.5574715089717344,False,False,Downtrend,0.07142857142857142
2025-03-27 00:00:00+00:00,0.14285714285714285,0.0,0.10164835164835165,False,0.021720277662765606,False,58.16260114360878,False,0.5436787786030722,False,False,Downtrend,0.07142857142857142
2025-03-28 00:00:00+00:00,0.14285714285714285,0.0,0.09065934065934066,False,0.0026788668926390285,False,59.11930914524119,False,0.5336211050969752,False,False,Downtrend,0.07142857142857142
2025-03-29 00:00:00+00:00,0.14285714285714285,0.0,0.12912087912087913,False,0.031034775749475402,False,61.07287732141019,False,0.5247540101113524,False,False,Downtrend,0.07142857142857142
2025-03-30 00:00:00+00:00,0.14285714285714285,0.0,0.09340659340659341,False,0.029571496574673287,False,59.89927652325272,False,0.5119491671691742,False,True,Downtrend,0.05357142857142857
2025-03-31 00:00:00+00:00,0.14285714285714285,0.0,0.10714285714285714,False,0.05430028963079729,False,60.269205099175906,False,0.5090900159556043,False,True,Downtrend,0.05357142857142857
2025-04-01 00:00:00+00:00,0.14285714285714285,0.0,0.10989010989010989,False,0.15410413985979934,False,61.252267176306184,False,0.49685535813245146,False,True,Downtrend,0.05357142857142857
2025-04-02 00:00:00+00:00,0.14285714285714285,0.0,0.2445054945054945,False,0.06895696704908678,False,62.9496825821874,False,0.5204811809641315,False,True,Downtrend,0.05357142857142857
2025-04-03 00:00:00+00:00,0.14285714285714285,0.0,0.2087912087912088,False,0.07626109250295146,False,61.62570036129322,False,0.5189061740116049,False,True,Downtrend,0.05357142857142857
2025-04-04 00:00:00+00:00,0.14285714285714285,0.0,0.25274725274725274,False,0.13244870382042254,False,62.968691280276055,False,0.5273362127389187,False,True,Downtrend,0.05357142857142857
2025-04-05 00:00:00+00:00,0.14285714285714285,0.0,0.260989010989011,False,0.12690025888534015,False,63.882949672460164,False,0.5143311017085717,False,True,Downtrend,0.05357142857142857
2025-04-06 00:00:00+00:00,0.0,0.0,0.40384615384615385,False,0.159878838319129,False,51.429100064738094,False,0.5330174479648516,False,True,Downtrend,0.0
2025-04-07 00:00:00+00:00,0.0,0.0,0.6208791208791209,True,0.13441754036738163,False,47.07846055501302,False,0.5746122881898715,False,False,Downtrend,0.0
2025-04-08 00:00:00+00:00,0.0,0.0,0.7060439560439561,True,0.08846942747079035,False,49.01076721766211,False,0.5784395949599105,False,False,Downtrend,0.0
2025-04-09 00:00:00+00:00,0.0,0.0,0.8571428571428571,True,0.0743994435072077,False,53.59085921917298,False,0.5997990179763566,False,False,Downtrend,0.0
2025-04-10 00:00:00+00:00,0.0,0.0,0.8846153846153846,True,0.06311223962113949,False,55.09611766112321,False,0.6135667935138038,False,False,Downtrend,0.0
2025-04-11 00:00:00+00:00,0.0,0.0,0.8928571428571429,True,0.004595775143434142,False,55.971551538211465,False,0.6093067347276648,False,False,Downtrend,0.0
2025-04-12 00:00:00+00:00,0.0,0.0,0.8928571428571429,True,0.07558391934460214,False,56.053153284993,False,0.5934355976668627,False,False,Downtrend,0.0
2025-04-13 00:00:00+00:00,0.0,0.0,0.8956043956043956,True,0.0041562341836853854,False,56.723417194067764,False,0.5856405162714656,False,True,Downtrend,0.0
2025-04-14 00:00:00+00:00,0.0,0.0,0.8928571428571429,True,0.004672307249329985,False,56.39312708581713,False,0.5844771237906335,False,True,Downtrend,0.0
2025-04-15 00:00:00+00:00,0.0,0.0,0.8928571428571429,True,0.020041422362678918,False,56.239780798845366,False,0.5698498862939727,False,True,Downtrend,0.0
2025-04-16 00:00:00+00:00,0.0,0.0,0.8543956043956044,True,0.0003890018937798468,False,59.69361599915943,False,0.5702203995281017,False,True,Downtrend,0.0
2025-04-17 00:00:00+00:00,0.0,0.0,0.8489010989010989,True,0.04299299713685533,False,58.998524573810165,False,0.5560537836863456,False,True,Downtrend,0.0
2025-04-18 00:00:00+00:00,0.0,0.0,0.8434065934065934,True,0.049116361190690384,False,57.48104416823255,False,0.5385767692987741,False,False,Downtrend,0.0
2025-04-19 00:00:00+00:00,0.0,0.0,0.8379120879120879,True,0.018453464677878187,False,57.08197252518936,False,0.5229685855711882,False,False,Downtrend,0.0
2025-04-20 00:00:00+00:00,0.0,0.0,0.75,True,0.023589737377181435,False,53.17898488264193,False,0.5084077432089799,False,False,Downtrend,0.0
2025-04-21 00:00:00+00:00,0.42857142857142855,0.0,0.6181318681318682,True,0.07607752554103954,False,44.97089131890357,False,0.5012897500197885,False,False,Downtrend,0.12857142857142856
2025-04-22 00:00:00+00:00,0.7142857142857143,1.0,0.6868131868131868,True,0.1415499262008588,False,34.23086158774784,True,0.4936183944934119,False,False,Calm uptrend,1.0714285714285714
2025-04-23 00:00:00+00:00,0.8571428571428571,1.0,0.3434065934065934,False,0.12183189695874701,False,35.428190927349604,True,0.48543643722865143,False,False,Calm uptrend,1.2857142857142856
2025-04-24 00:00:00+00:00,0.8571428571428571,1.0,0.2692307692307692,False,0.12912867352023255,False,34.80155442376475,True,0.4737395818308516,False,False,Calm uptrend,1.2857142857142856
2025-04-25 00:00:00+00:00,0.8571428571428571,1.0,0.12637362637362637,False,0.1509956282724712,False,39.70753321749761,False,0.46807790051161235,False,False,Uptrend,0.8571428571428571
2025-04-26 00:00:00+00:00,0.8571428571428571,1.0,0.08241758241758242,False,0.14536678136558892,False,38.54564712340203,False,0.45485215318143135,False,False,Uptrend,0.8571428571428571
2025-04-27 00:00:00+00:00,0.8571428571428571,1.0,0.06043956043956044,False,0.1905019898180155,True,37.351202934692466,True,0.44470517702708084,False,False,Calm uptrend,1.2857142857142856
2025-04-28 00:00:00+00:00,0.8571428571428571,1.0,0.07142857142857142,False,0.2552406058068467,True,38.13468189456053,True,0.4439384810384103,False,False,Calm uptrend,1.2857142857142856
2025-04-29 00:00:00+00:00,0.8571428571428571,1.0,0.04395604395604396,False,0.24252146643082492,True,36.82265069783422,True,0.43405468110274237,False,False,Calm uptrend,1.2857142857142856
2025-04-30 00:00:00+00:00,0.8571428571428571,1.0,0.04395604395604396,False,0.23788328316875082,True,38.6626451956329,True,0.43536117554304,False,False,Calm uptrend,1.2857142857142856
2025-05-01 00:00:00+00:00,1.0,1.0,0.06868131868131869,False,0.2333258451536415,True,36.072035880426455,True,0.42620879408925616,False,False,Calm uptrend,1.5
2025-05-02 00:00:00+00:00,1.0,1.0,0.07142857142857142,False,0.31024742549806705,True,35.53931676695132,True,0.41789361186109736,False,False,Calm uptrend,1.5
2025-05-03 00:00:00+00:00,1.0,1.0,0.07142857142857142,False,0.27099897909163406,True,35.399859007928946,True,0.4065516283407169,False,False,Calm uptrend,1.5
2025-05-04 00:00:00+00:00,1.0,1.0,0.09340659340659341,False,0.21842942770238818,True,39.62061815883152,True,0.39935515852328524,False,False,Calm uptrend,1.5
2025-05-05 00:00:00+00:00,1.0,1.0,0.04120879120879121,False,0.23490387159407747,True,44.09514870848402,True,0.39613643059906506,False,False,Calm uptrend,1.5
2025-05-06 00:00:00+00:00,1.0,1.0,0.0,False,0.41215566764935396,True,61.22170763220767,True,0.3906347499909153,False,False,Calm uptrend,1.5
2025-05-07 00:00:00+00:00,1.0,1.0,0.0,False,0.4050034091692147,True,60.22652330002501,True,0.3853764047553577,False,False,Calm uptrend,1.5
2025-05-08 00:00:00+00:00,1.0,1.0,0.038461538461538464,False,0.5670618398285718,True,43.20701247301397,True,0.3801705785773032,False,False,Calm uptrend,1.5
2025-05-09 00:00:00+00:00,1.0,1.0,0.027472527472527472,False,0.4904842758703447,True,41.56871052572631,True,0.3777948397144268,False,False,Calm uptrend,1.5
2025-05-10 00:00:00+00:00,1.0,1.0,0.03571428571428571,False,0.6248533769964723,True,40.484616744196735,True,0.36885341128578447,False,False,Calm uptrend,1.5
2025-05-11 00:00:00+00:00,1.0,1.0,0.03296703296703297,False,0.5561747171711912,True,40.33530185739146,True,0.3657961678083325,False,False,Calm uptrend,1.5
2025-05-12 00:00:00+00:00,1.0,1.0,0.09340659340659341,False,0.47747101819875104,True,40.50642578096235,True,0.37422139186593734,False,False,Calm uptrend,1.5
2025-05-13 00:00:00+00:00,1.0,1.0,0.12912087912087913,False,0.5577114872492752,True,42.30493311867566,True,0.3690569079646698,False,False,Calm uptrend,1.5
2025-05-14 00:00:00+00:00,1.0,1.0,0.12362637362637363,False,0.5219502746302173,True,43.15555389936624,True,0.36191197903412425,False,False,Calm uptrend,1.5
2025-05-15 00:00:00+00:00,1.0,1.0,0.1043956043956044,False,0.5659593763783505,True,42.68070527761241,True,0.3678293124964206,False,False,Calm uptrend,1.5
2025-05-16 00:00:00+00:00,1.0,1.0,0.0989010989010989,False,0.5479914660783384,True,42.585959604109455,True,0.36076940958748177,False,False,Calm uptrend,1.5
2025-05-17 00:00:00+00:00,1.0,1.0,0.09340659340659341,False,0.5211361440705907,True,42.5014338650989,True,0.3538526750543197,False,False,Calm uptrend,1.5
2025-05-18 00:00:00+00:00,1.0,1.0,0.1346153846153846,False,0.5824363646674156,True,41.39010081962852,True,0.3543481623236789,False,False,Calm uptrend,1.5
2025-05-19 00:00:00+00:00,1.0,1.0,0.24175824175824176,False,0.5391678497370422,True,43.27369484985341,True,0.3691641431100674,False,False,Calm uptrend,1.5
2025-05-20 00:00:00+00:00,1.0,1.0,0.2032967032967033,False,0.552973231867406,True,49.51623119106314,True,0.3735210755695476,False,False,Calm uptrend,1.5
2025-05-21 00:00:00+00:00,1.0,1.0,0.29120879120879123,False,0.5581261608837303,True,44.76265467004848,True,0.3939880737934546,False,False,Calm uptrend,1.5
2025-05-22 00:00:00+00:00,1.0,1.0,0.06043956043956044,False,0.5102658561253816,True,48.86810452871644,True,0.39220034315759567,False,False,Calm uptrend,1.5
2025-05-23 00:00:00+00:00,1.0,1.0,0.14285714285714285,False,0.34151892897062325,True,51.51060234694031,True,0.4029974731531168,False,False,Calm uptrend,1.5
2025-05-24 00:00:00+00:00,1.0,1.0,0.1510989010989011,False,0.3440541521599005,True,51.91013871547877,True,0.3958422857354593,False,False,Calm uptrend,1.5
2025-05-25 00:00:00+00:00,1.0,1.0,0.16483516483516483,False,0.35348125459367885,True,52.816187407152036,True,0.38826583547352334,False,False,Calm uptrend,1.5
2025-05-26 00:00:00+00:00,1.0,1.0,0.06868131868131869,False,0.36061340462411007,True,52.216610477090654,True,0.3796040184693864,False,False,Calm uptrend,1.5
2025-05-27 00:00:00+00:00,1.0,1.0,0.046703296703296704,False,0.37339338555329654,True,51.9042465738922,True,0.3745191101500929,False,False,Calm uptrend,1.5
2025-05-28 00:00:00+00:00,1.0,1.0,0.06318681318681318,False,0.3147604630138097,True,52.58906682223503,True,0.3712196822977054,False,False,Calm uptrend,1.5
2025-05-29 00:00:00+00:00,1.0,1.0,0.08241758241758242,False,0.2697667299609546,True,55.53372529420246,True,0.37047610251057184,False,False,Calm uptrend,1.5
2025-05-30 00:00:00+00:00,1.0,1.0,0.1043956043956044,False,0.22544404308244786,True,56.60767410793674,True,0.3774884556598887,False,False,Calm uptrend,1.5
2025-05-31 00:00:00+00:00,1.0,1.0,0.12362637362637363,False,0.193743371582367,True,57.2282747574173,True,0.36857192684010764,False,False,Calm uptrend,1.5
2025-06-01 00:00:00+00:00,1.0,1.0,0.07967032967032966,False,0.2061550386173248,True,56.000730370326046,True,0.35955327951849425,False,False,Calm uptrend,1.5
2025-06-02 00:00:00+00:00,1.0,1.0,0.01098901098901099,False,0.24009793497776225,True,57.75522524764134,True,0.35398741395110156,False,False,Calm uptrend,1.5
2025-06-03 00:00:00+00:00,1.0,1.0,0.005494505494505495,False,0.273660694142857,True,56.614783186191616,True,0.3524230382317645,False,False,Calm uptrend,1.5
2025-06-04 00:00:00+00:00,1.0,1.0,0.005494505494505495,False,0.24430049374143034,True,53.76509156281985,True,0.3451736471104541,False,False,Calm uptrend,1.5
2025-06-05 00:00:00+00:00,0.7142857142857143,1.0,0.019230769230769232,False,0.11164614934875085,False,47.05537227867312,False,0.36769772683935226,False,False,Uptrend,0.7142857142857143
2025-06-06 00:00:00+00:00,0.7142857142857143,1.0,0.01098901098901099,False,0.16327001637662644,False,50.086731939341654,False,0.3603500535304725,False,False,Uptrend,0.7142857142857143
2025-06-07 00:00:00+00:00,0.7142857142857143,1.0,0.01098901098901099,False,0.058008859295434756,False,49.49447747336729,False,0.35119964992274333,False,False,Uptrend,0.7142857142857143
2025-06-08 00:00:00+00:00,0.7142857142857143,1.0,0.008241758241758242,False,0.07014014010200999,False,48.31019371604834,False,0.3426469307847627,False,False,Uptrend,0.7142857142857143
2025-06-09 00:00:00+00:00,1.0,1.0,0.057692307692307696,False,0.1296291674362188,False,51.695848696796496,False,0.33852925632334235,False,False,Uptrend,1.0
2025-06-10 00:00:00+00:00,1.0,1.0,0.03571428571428571,False,0.14874182678473447,False,51.31499287920617,False,0.3343788637436471,False,False,Uptrend,1.0
2025-06-11 00:00:00+00:00,1.0,1.0,0.03571428571428571,False,0.14040462089457123,False,51.13423728493786,False,0.3285711364006041,False,False,Uptrend,1.0
2025-06-12 00:00:00+00:00,1.0,1.0,0.027472527472527472,False,0.036168139255674456,False,50.71860023838454,False,0.33483716476229836,False,False,Uptrend,1.0
2025-06-13 00:00:00+00:00,1.0,1.0,0.046703296703296704,False,0.05929624624962112,False,51.5153563374721,False,0.34141389745235934,False,False,Uptrend,1.0
2025-06-14 00:00:00+00:00,1.0,1.0,0.0521978021978022,False,0.03791025932773126,False,51.63065418236803,False,0.33380384643388245,False,False,Uptrend,1.0
2025-06-15 00:00:00+00:00,1.0,1.0,0.04395604395604396,False,0.049049309971716366,False,51.16910218629753,False,0.32913846405026204,False,False,Uptrend,1.0
2025-06-16 00:00:00+00:00,1.0,1.0,0.07967032967032966,False,0.0828128386677264,False,52.77435778169892,False,0.3286687381812166,False,True,Uptrend,0.75
2025-06-17 00:00:00+00:00,1.0,1.0,0.15934065934065933,False,0.044045923167453295,False,55.0036888424031,False,0.3299752701872451,False,True,Uptrend,0.75
2025-06-18 00:00:00+00:00,1.0,1.0,0.15934065934065933,False,0.016102371100866392,False,55.2034614870815,False,0.3279836647101908,False,True,Uptrend,0.75
2025-06-19 00:00:00+00:00,1.0,1.0,0.03021978021978022,False,0.05266018775421162,False,54.12645845686424,False,0.32024868013880364,False,True,Uptrend,0.75
2025-06-20 00:00:00+00:00,0.7142857142857143,1.0,0.027472527472527472,False,0.15793699344310105,False,59.45306742526155,False,0.3287996668798314,False,True,Uptrend,0.5357142857142857
2025-06-21 00:00:00+00:00,0.5714285714285714,1.0,0.054945054945054944,False,0.24362990805045714,True,54.109855730868595,True,0.33169928083441463,False,False,Calm uptrend,0.8571428571428571
2025-06-22 00:00:00+00:00,0.5714285714285714,1.0,0.16483516483516483,False,0.17609826028133366,False,48.28640500411413,False,0.36088504828063867,False,False,Uptrend,0.5714285714285714
2025-06-23 00:00:00+00:00,0.5714285714285714,1.0,0.2445054945054945,False,0.06068278189358855,False,49.746999472978864,False,0.3636763219075456,False,False,Uptrend,0.5714285714285714
2025-06-24 00:00:00+00:00,0.5714285714285714,1.0,0.23626373626373626,False,0.07392084733440442,False,49.435244226923935,False,0.3603580267109728,False,False,Uptrend,0.5714285714285714
2025-06-25 00:00:00+00:00,0.5714285714285714,1.0,0.24175824175824176,False,0.05190781758933408,False,54.195930061912904,False,0.3521144545689582,False,False,Uptrend,0.5714285714285714
2025-06-26 00:00:00+00:00,0.5714285714285714,1.0,0.20054945054945056,False,0.04947878680045491,False,52.96902652882263,False,0.3447773706938155,False,False,Uptrend,0.5714285714285714
2025-06-27 00:00:00+00:00,0.5714285714285714,1.0,0.1620879120879121,False,0.01873610945589264,False,51.06104962642633,False,0.33847972298544365,False,False,Uptrend,0.5714285714285714
2025-06-28 00:00:00+00:00,0.5714285714285714,1.0,0.1510989010989011,False,0.045835190505598145,False,49.95921277905791,False,0.3285058893497112,False,False,Uptrend,0.5714285714285714
2025-06-29 00:00:00+00:00,1.0,1.0,0.1510989010989011,False,0.11911674664642243,False,49.69612824635158,False,0.320513570152755,False,False,Uptrend,1.0
2025-06-30 00:00:00+00:00,1.0,1.0,0.10164835164835165,False,0.06848314742285436,False,48.40918505394711,False,0.3176505767262023,False,False,Uptrend,1.0
2025-07-01 00:00:00+00:00,1.0,1.0,0.04395604395604396,False,0.0010130653884528142,False,46.24296650203028,False,0.3163076237849303,False,False,Uptrend,1.0
2025-07-02 00:00:00+00:00,1.0,1.0,0.11813186813186813,False,0.07355704770594781,False,45.65095240595182,False,0.3142837693841711,False,False,Uptrend,1.0
2025-07-03 00:00:00+00:00,1.0,1.0,0.12362637362637363,False,0.10282032680027625,False,43.79676851121971,False,0.3126956611941068,False,False,Uptrend,1.0
2025-07-04 00:00:00+00:00,1.0,1.0,0.07417582417582418,False,0.07856050395266372,False,42.158663472979164,False,0.30834211606677364,False,False,Uptrend,1.0
2025-07-05 00:00:00+00:00,1.0,1.0,0.027472527472527472,False,0.17209377709288962,False,39.566068205089366,False,0.2991942150693552,False,False,Uptrend,1.0
2025-07-06 00:00:00+00:00,1.0,1.0,0.008241758241758242,False,0.13250178047414246,False,40.43060566114124,False,0.2914111574094771,False,False,Uptrend,1.0
2025-07-07 00:00:00+00:00,1.0,1.0,0.0,False,0.07371475265846457,False,58.215779470163916,False,0.28614044959593155,False,False,Uptrend,1.0
2025-07-08 00:00:00+00:00,1.0,1.0,0.0027472527472527475,False,0.0856050535484577,False,61.57825192121523,False,0.28277633144482384,False,False,Uptrend,1.0
2025-07-09 00:00:00+00:00,1.0,1.0,0.005494505494505495,False,0.027714894832853516,False,54.303692350933126,False,0.288950716427318,False,False,Uptrend,1.0
2025-07-10 00:00:00+00:00,1.0,1.0,0.019230769230769232,False,0.14411489572442643,False,39.73143760681929,False,0.2917843825051646,False,False,Uptrend,1.0
2025-07-11 00:00:00+00:00,1.0,1.0,0.02197802197802198,False,0.22381338495023373,True,36.256050881727866,True,0.2927431142530566,False,False,Calm uptrend,1.5
2025-07-12 00:00:00+00:00,1.0,1.0,0.024725274725274724,False,0.31905980006805823,True,36.81603462241326,True,0.28655361140794683,False,False,Calm uptrend,1.5
2025-07-13 00:00:00+00:00,1.0,1.0,0.027472527472527472,False,0.34179361152916377,True,36.08570414533042,True,0.2795979025542654,False,False,Calm uptrend,1.5
2025-07-14 00:00:00+00:00,1.0,1.0,0.04120879120879121,False,0.37769865352040405,True,29.57696016453125,True,0.28993801431392296,False,False,Calm uptrend,1.5
2025-07-15 00:00:00+00:00,1.0,1.0,0.08241758241758242,False,0.3033465155031396,True,31.368646663569383,True,0.313826822194791,False,False,Calm uptrend,1.5
2025-07-16 00:00:00+00:00,1.0,1.0,0.03571428571428571,False,0.2975979748281682,True,34.66754582064023,True,0.31291508593408895,False,False,Calm uptrend,1.5
2025-07-17 00:00:00+00:00,1.0,1.0,0.0521978021978022,False,0.38414469677251967,True,36.10917374421138,True,0.31515152996345036,False,False,Calm uptrend,1.5
2025-07-18 00:00:00+00:00,1.0,1.0,0.08241758241758242,False,0.334375076938228,True,37.88452798701938,True,0.3182784606153595,False,False,Calm uptrend,1.5
2025-07-19 00:00:00+00:00,1.0,1.0,0.09340659340659341,False,0.33929882825722313,True,38.37438824000979,True,0.31051698834987834,False,False,Calm uptrend,1.5
2025-07-20 00:00:00+00:00,1.0,1.0,0.10164835164835165,False,0.36694528186636705,True,38.79897562985891,True,0.3039216228296851,False,False,Calm uptrend,1.5
2025-07-21 00:00:00+00:00,1.0,1.0,0.11538461538461539,False,0.4124362069603909,True,39.63021761282789,True,0.3027462481671289,False,False,Calm uptrend,1.5
2025-07-22 00:00:00+00:00,1.0,1.0,0.17032967032967034,False,0.49430833066317426,True,43.759372627108476,True,0.3105247645020102,False,False,Calm uptrend,1.5
2025-07-23 00:00:00+00:00,1.0,1.0,0.13186813186813187,False,0.3808022288548187,True,49.02547327803957,True,0.3141983426504064,False,False,Calm uptrend,1.5
2025-07-24 00:00:00+00:00,1.0,1.0,0.024725274725274724,False,0.3511037378056662,True,63.174876574799754,True,0.3120638117558549,False,False,Calm uptrend,1.5
2025-07-25 00:00:00+00:00,1.0,1.0,0.03021978021978022,False,0.2988127740728171,True,60.95276579902348,True,0.3258095656846475,False,False,Calm uptrend,1.5
2025-07-26 00:00:00+00:00,1.0,1.0,0.03021978021978022,False,0.3199665597383103,True,60.82667624335423,True,0.31682045778725737,False,False,Calm uptrend,1.5
2025-07-27 00:00:00+00:00,1.0,1.0,0.02197802197802198,False,0.3465480419467953,True,60.537048697050096,True,0.3081745078406042,False,False,Calm uptrend,1.5
2025-07-28 00:00:00+00:00,1.0,1.0,0.013736263736263736,False,0.29259683554366983,True,70.21737209816568,True,0.3030195935981413,False,False,Calm uptrend,1.5
2025-07-29 00:00:00+00:00,1.0,1.0,0.01098901098901099,False,0.26765160706798025,True,68.39353398185078,True,0.3005154145462931,False,True,Calm uptrend,1.125
2025-07-30 00:00:00+00:00,1.0,1.0,0.01098901098901099,False,0.3077839658075381,True,68.34306741240889,True,0.30311466259151837,False,True,Calm uptrend,1.125
2025-07-31 00:00:00+00:00,0.8571428571428571,1.0,0.01098901098901099,False,0.28518844101714724,True,69.31117316733426,True,0.30409337795497077,False,True,Calm uptrend,0.9642857142857142
2025-08-01 00:00:00+00:00,0.7142857142857143,1.0,0.008241758241758242,False,0.128367632863485,False,60.65656142956935,False,0.3184536584967623,False,False,Uptrend,0.7142857142857143
2025-08-02 00:00:00+00:00,0.7142857142857143,1.0,0.01098901098901099,False,0.0854230453612621,False,58.03792666640676,False,0.3136830879765485,False,False,Uptrend,0.7142857142857143
2025-08-03 00:00:00+00:00,0.7142857142857143,1.0,0.024725274725274724,False,0.17922016298814675,False,58.14229034292372,False,0.30480467411089013,False,False,Uptrend,0.7142857142857143
2025-08-04 00:00:00+00:00,0.7142857142857143,1.0,0.008241758241758242,False,0.19389679419947753,True,56.59119615476525,True,0.2980883694470279,False,False,Calm uptrend,1.0714285714285714
2025-08-05 00:00:00+00:00,0.7142857142857143,1.0,0.008241758241758242,False,0.13961035924391377,False,55.59983607193603,False,0.3018872298450808,False,False,Uptrend,0.7142857142857143
2025-08-06 00:00:00+00:00,0.7142857142857143,1.0,0.008241758241758242,False,0.19114759341671006,True,56.50873198602617,True,0.2964262963981994,False,False,Calm uptrend,1.0714285714285714
2025-08-07 00:00:00+00:00,0.7142857142857143,1.0,0.013736263736263736,False,0.2309014090365349,True,57.59178568866889,True,0.29145416648196787,False,False,Calm uptrend,1.0714285714285714
2025-08-08 00:00:00+00:00,0.7142857142857143,1.0,0.008241758241758242,False,0.15321373608347882,False,55.452928676380736,False,0.2870602448183207,False,False,Uptrend,0.7142857142857143
2025-08-09 00:00:00+00:00,0.7142857142857143,1.0,0.01098901098901099,False,0.014613538550821677,False,55.989928318269165,False,0.27971248260929377,False,False,Uptrend,0.7142857142857143
2025-08-10 00:00:00+00:00,1.0,1.0,0.016483516483516484,False,0.05475113781379165,False,56.9747874454121,False,0.2767599040611998,False,False,Uptrend,1.0
2025-08-11 00:00:00+00:00,1.0,1.0,0.03021978021978022,False,0.038642589016836114,False,48.39677062471163,False,0.2865233405230671,False,False,Uptrend,1.0
2025-08-12 00:00:00+00:00,1.0,1.0,0.024725274725274724,False,0.03218612048838447,False,48.187589170068236,False,0.2837789438770471,False,False,Uptrend,1.0
2025-08-13 00:00:00+00:00,1.0,1.0,0.054945054945054944,False,0.09911750311704212,False,45.37053029803333,False,0.2857299451529976,False,False,Uptrend,1.0
2025-08-14 00:00:00+00:00,1.0,1.0,0.11538461538461539,False,0.014172874227222064,False,46.450553402151,False,0.30247552709607267,False,False,Uptrend,1.0
2025-08-15 00:00:00+00:00,1.0,1.0,0.10164835164835165,False,0.033931542760886134,False,45.62971667719259,False,0.30002060987100726,False,False,Uptrend,1.0
2025-08-16 00:00:00+00:00,1.0,1.0,0.09615384615384616,False,0.04796663023811661,False,44.42903803050023,False,0.2925705180694029,False,False,Uptrend,1.0
2025-08-17 00:00:00+00:00,1.0,1.0,0.08791208791208792,False,0.014346830480094367,False,45.292971842823526,False,0.2865962228162131,False,False,Uptrend,1.0
2025-08-18 00:00:00+00:00,1.0,1.0,0.09340659340659341,False,0.04321226291123581,False,46.524911000399804,False,0.2925148560303389,False,False,Uptrend,1.0
2025-08-19 00:00:00+00:00,0.5714285714285714,1.0,0.12637362637362637,False,0.10951581630821153,False,48.18692630521595,False,0.30045204711163004,False,False,Uptrend,0.5714285714285714
2025-08-20 00:00:00+00:00,0.5714285714285714,1.0,0.12362637362637363,False,0.0751203836814574,False,46.952105369190456,False,0.30240835212271155,False,False,Uptrend,0.5714285714285714
2025-08-21 00:00:00+00:00,0.5714285714285714,1.0,0.11538461538461539,False,0.18367118648745093,True,45.319580177980136,True,0.29975252303724914,False,False,Calm uptrend,0.8571428571428571
2025-08-22 00:00:00+00:00,0.5714285714285714,1.0,0.25824175824175827,False,0.04153047561065776,False,47.83162750126928,False,0.3002721008942408,False,False,Uptrend,0.5714285714285714
2025-08-23 00:00:00+00:00,0.5714285714285714,1.0,0.2692307692307692,False,0.06464455449116369,False,48.517205855980016,False,0.2959684582614002,False,False,Uptrend,0.5714285714285714
2025-08-24 00:00:00+00:00,0.5714285714285714,1.0,0.3434065934065934,False,0.08934011737066819,False,47.37078790837372,False,0.3027324332099849,False,False,Uptrend,0.5714285714285714
2025-08-25 00:00:00+00:00,0.42857142857142855,1.0,0.3598901098901099,False,0.15869974506040596,False,43.77813825655886,False,0.3233632231623232,False,False,Fading uptrend,0.42857142857142855
2025-08-26 00:00:00+00:00,0.42857142857142855,1.0,0.41208791208791207,False,0.15504491185088143,False,43.51959248383863,False,0.3248518500563026,False,False,Fading uptrend,0.42857142857142855
2025-08-27 00:00:00+00:00,0.42857142857142855,1.0,0.3434065934065934,False,0.14020231508827738,False,41.596063421736815,False,0.3213393559133543,False,False,Fading uptrend,0.42857142857142855
2025-08-28 00:00:00+00:00,0.42857142857142855,1.0,0.17032967032967034,False,0.10833396382227627,False,52.98482924607936,False,0.31754407599434165,False,False,Fading uptrend,0.42857142857142855
2025-08-29 00:00:00+00:00,0.2857142857142857,1.0,0.2802197802197802,False,0.17596909546131453,False,53.39624968823442,False,0.3368137288233254,False,False,Fading uptrend,0.2857142857142857
2025-08-30 00:00:00+00:00,0.2857142857142857,1.0,0.2967032967032967,False,0.13325532335621407,False,53.6882047002548,False,0.33005272746856273,False,False,Fading uptrend,0.2857142857142857
2025-08-31 00:00:00+00:00,0.2857142857142857,1.0,0.29945054945054944,False,0.1005440418323464,False,57.34011581315281,False,0.3240359678150615,False,False,Fading uptrend,0.2857142857142857
2025-09-01 00:00:00+00:00,0.2857142857142857,1.0,0.2967032967032967,False,0.0655467944483129,False,57.21097789667049,False,0.32870570532279736,False,False,Fading uptrend,0.2857142857142857
2025-09-02 00:00:00+00:00,0.2857142857142857,1.0,0.2692307692307692,False,0.058415346555012,False,56.7015020566107,False,0.33344088485297424,False,False,Fading uptrend,0.2857142857142857
2025-09-03 00:00:00+00:00,0.2857142857142857,1.0,0.2692307692307692,False,0.06640000824716749,False,56.54369096136064,False,0.32704955961398624,False,False,Fading uptrend,0.2857142857142857
2025-09-04 00:00:00+00:00,0.2857142857142857,1.0,0.27197802197802196,False,0.06731639147636267,False,56.58118484212349,False,0.3276291701618472,False,False,Fading uptrend,0.2857142857142857
2025-09-05 00:00:00+00:00,0.2857142857142857,1.0,0.17032967032967034,False,0.08716952370527821,False,55.88664194428442,False,0.34563247225682836,False,False,Fading uptrend,0.2857142857142857
2025-09-06 00:00:00+00:00,0.2857142857142857,1.0,0.14835164835164835,False,0.15273162491801506,False,60.55410202987165,False,0.33643385729354297,False,False,Fading uptrend,0.2857142857142857
2025-09-07 00:00:00+00:00,0.2857142857142857,1.0,0.06868131868131869,False,0.11573898928723579,False,67.44024382669781,False,0.3271788468037771,False,False,Fading uptrend,0.2857142857142857
2025-09-08 00:00:00+00:00,0.2857142857142857,1.0,0.057692307692307696,False,0.09054956768286841,False,66.38424238831551,False,0.3197801182346666,False,False,Fading uptrend,0.2857142857142857
2025-09-09 00:00:00+00:00,0.2857142857142857,1.0,0.03571428571428571,False,0.16752936556709128,False,65.12122852563455,False,0.320543509912367,False,False,Fading uptrend,0.2857142857142857
2025-09-10 00:00:00+00:00,0.5714285714285714,1.0,0.054945054945054944,False,0.09835190837248194,False,61.59557098553283,False,0.31369674888606447,False,False,Uptrend,0.5714285714285714
2025-09-11 00:00:00+00:00,0.7142857142857143,1.0,0.054945054945054944,False,0.0966491468846198,False,55.158732435598075,False,0.3065943298924848,False,False,Uptrend,0.7142857142857143
2025-09-12 00:00:00+00:00,0.7142857142857143,1.0,0.008241758241758242,False,0.15993101679460164,False,46.43317081737641,False,0.3017743929071142,False,False,Uptrend,0.7142857142857143
2025-09-13 00:00:00+00:00,0.7142857142857143,1.0,0.008241758241758242,False,0.058540833758613194,False,45.95181534537685,False,0.294315989770804,False,False,Uptrend,0.7142857142857143
2025-09-14 00:00:00+00:00,0.7142857142857143,1.0,0.005494505494505495,False,0.051467617715636405,False,45.50262561005274,False,0.28841568786625255,False,False,Uptrend,0.7142857142857143
2025-09-15 00:00:00+00:00,0.7142857142857143,1.0,0.005494505494505495,False,0.05034450020512593,False,49.62254134681718,False,0.2884557944716394,False,False,Uptrend,0.7142857142857143
2025-09-16 00:00:00+00:00,1.0,1.0,0.0,False,0.014753586015884869,False,51.64580937847841,False,0.28145934065645406,False,False,Uptrend,1.0
2025-09-17 00:00:00+00:00,1.0,1.0,0.008241758241758242,False,0.005389624862167768,False,50.73226767987488,False,0.2777303720642032,False,False,Uptrend,1.0
2025-09-18 00:00:00+00:00,1.0,1.0,0.0,False,0.10998845545268397,False,49.57175624143555,False,0.27180873812691353,False,False,Uptrend,1.0
2025-09-19 00:00:00+00:00,1.0,1.0,0.0,False,0.03560021384086007,False,48.49971176325391,False,0.26767042376245515,False,False,Uptrend,1.0
2025-09-20 00:00:00+00:00,1.0,1.0,0.0,False,0.0872391729116375,False,48.653226342730996,False,0.2599963362642948,False,False,Uptrend,1.0
2025-09-21 00:00:00+00:00,1.0,1.0,0.0,False,0.05236772055794995,False,49.7982969648291,False,0.25355463267328426,False,False,Uptrend,1.0
2025-09-22 00:00:00+00:00,0.7142857142857143,1.0,0.008241758241758242,False,0.08290685955457916,False,52.30524848126745,False,0.26162397126402154,False,False,Uptrend,0.7142857142857143
2025-09-23 00:00:00+00:00,0.5714285714285714,1.0,0.008241758241758242,False,0.04624326632840896,False,52.17501169525602,False,0.2600919208974603,False,False,Uptrend,0.5714285714285714
2025-09-24 00:00:00+00:00,0.5714285714285714,1.0,0.0027472527472527475,False,0.1056167250888233,False,52.17198713121451,False,0.2582698399199101,False,False,Uptrend,0.5714285714285714
2025-09-25 00:00:00+00:00,0.2857142857142857,1.0,0.03571428571428571,False,0.084124348458861,False,44.49748749492181,False,0.28659227736177745,False,False,Fading uptrend,0.2857142857142857
2025-09-26 00:00:00+00:00,0.2857142857142857,1.0,0.03296703296703297,False,0.048957792336443755,False,44.140309217226644,False,0.28709231036012417,False,False,Fading uptrend,0.2857142857142857
2025-09-27 00:00:00+00:00,0.2857142857142857,1.0,0.03296703296703297,False,0.09227924589842866,False,43.508357976502204,False,0.2784923309327576,False,False,Fading uptrend,0.2857142857142857
2025-09-28 00:00:00+00:00,0.2857142857142857,1.0,0.057692307692307696,False,0.12579302710867896,False,46.17116054070855,False,0.27118326006612464,False,False,Fading uptrend,0.2857142857142857
2025-09-29 00:00:00+00:00,0.2857142857142857,1.0,0.06868131868131869,False,0.17276145525488285,False,46.72887885664023,False,0.2677032793424555,False,False,Fading uptrend,0.2857142857142857
2025-09-30 00:00:00+00:00,0.2857142857142857,1.0,0.06868131868131869,False,0.18418807271305154,True,46.61994910810089,True,0.26812634282020414,False,False,Fading uptrend,0.42857142857142855
2025-10-01 00:00:00+00:00,1.0,1.0,0.1043956043956044,False,0.266912636147245,True,46.12302872377379,True,0.2696539535908456,False,False,Calm uptrend,1.5
2025-10-02 00:00:00+00:00,1.0,1.0,0.11263736263736264,False,0.2654831393368222,True,39.107946815261855,True,0.27063487950211446,False,False,Calm uptrend,1.5
2025-10-03 00:00:00+00:00,1.0,1.0,0.13736263736263737,False,0.29056260656682065,True,33.62366618545469,True,0.26929885629429984,False,False,Calm uptrend,1.5
2025-10-04 00:00:00+00:00,1.0,1.0,0.1401098901098901,False,0.3292758863451715,True,34.20814403394001,True,0.2630497011640517,False,False,Calm uptrend,1.5
2025-10-05 00:00:00+00:00,1.0,1.0,0.17032967032967034,False,0.35195348247385616,True,32.80576390947804,True,0.26879763371542736,False,False,Calm uptrend,1.5
2025-10-06 00:00:00+00:00,1.0,1.0,0.1565934065934066,False,0.3896634727368831,True,31.29688021968257,True,0.26941464054037284,False,False,Calm uptrend,1.5
2025-10-07 00:00:00+00:00,1.0,1.0,0.20054945054945056,False,0.2580364236038963,True,33.7799509709128,True,0.28306730274069725,False,False,Calm uptrend,1.5
2025-10-08 00:00:00+00:00,1.0,1.0,0.1978021978021978,False,0.27715672459683727,True,33.986008783104744,True,0.28628664564095185,False,False,Calm uptrend,1.5
2025-10-09 00:00:00+00:00,1.0,1.0,0.17307692307692307,False,0.242693705540085,True,33.30547300019013,True,0.30815743794417527,False,False,Calm uptrend,1.5
2025-10-10 00:00:00+00:00,0.5714285714285714,1.0,0.9038461538461539,True,0.024617652860984482,False,35.1619240377068,True,0.3504062473816823,False,False,Calm uptrend,0.8571428571428571
2025-10-11 00:00:00+00:00,0.2857142857142857,1.0,0.9148351648351648,True,0.09921866396685591,False,37.02300605311841,True,0.38191121952605783,False,False,Fading uptrend,0.42857142857142855
2025-10-12 00:00:00+00:00,0.2857142857142857,1.0,0.9313186813186813,True,0.02038050254722958,False,38.77648834703019,False,0.3823552595212681,False,False,Fading uptrend,0.1714285714285714
2025-10-13 00:00:00+00:00,0.2857142857142857,1.0,0.9285714285714286,True,0.01429457709017965,False,38.4985769920874,False,0.3831097780210851,False,False,Fading uptrend,0.1714285714285714
2025-10-14 00:00:00+00:00,0.2857142857142857,1.0,0.945054945054945,True,0.04139075081081599,False,40.38302649428767,False,0.3875979962602477,False,False,Fading uptrend,0.1714285714285714
2025-10-15 00:00:00+00:00,0.2857142857142857,1.0,0.9423076923076923,True,0.08146645046154971,False,39.71146253227258,False,0.38145922612381183,False,False,Fading uptrend,0.1714285714285714
2025-10-16 00:00:00+00:00,0.14285714285714285,1.0,0.945054945054945,True,0.1496597312745982,False,40.693843518544284,False,0.400974820559004,False,False,Fading uptrend,0.0857142857142857
2025-10-17 00:00:00+00:00,0.14285714285714285,1.0,0.9587912087912088,True,0.17019570472886963,False,41.2594001472857,False,0.41889194872315216,False,False,Fading uptrend,0.0857142857142857
2025-10-18 00:00:00+00:00,0.14285714285714285,1.0,0.9587912087912088,True,0.1676680780700737,False,41.199690369611886,False,0.4103467752833473,False,False,Fading uptrend,0.0857142857142857
2025-10-19 00:00:00+00:00,0.14285714285714285,1.0,0.9587912087912088,True,0.11848109059016455,False,41.08035319617849,False,0.4028944644611624,False,False,Fading uptrend,0.0857142857142857
2025-10-20 00:00:00+00:00,0.14285714285714285,1.0,0.9615384615384616,True,0.08472114818088093,False,43.423535407998834,False,0.3989401428982502,False,False,Fading uptrend,0.0857142857142857
2025-10-21 00:00:00+00:00,0.14285714285714285,1.0,0.9642857142857143,True,0.11075806429973738,False,45.991895370309784,False,0.42659454217479664,False,False,Fading uptrend,0.0857142857142857
2025-10-22 00:00:00+00:00,0.14285714285714285,1.0,0.9615384615384616,True,0.08366682055219395,False,46.4177868563696,False,0.4197213816235772,False,False,Fading uptrend,0.0857142857142857
2025-10-23 00:00:00+00:00,0.14285714285714285,1.0,0.9615384615384616,True,0.030672011242773793,False,48.42789174733244,False,0.418346270983104,False,False,Fading uptrend,0.0857142857142857
2025-10-24 00:00:00+00:00,0.14285714285714285,1.0,0.5989010989010989,True,0.036989702668096265,False,56.762781484571256,False,0.40869317065530114,False,False,Fading uptrend,0.0857142857142857
2025-10-25 00:00:00+00:00,0.14285714285714285,1.0,0.5741758241758241,True,0.045278968564704904,False,55.026973791606366,False,0.3967160031810486,False,False,Fading uptrend,0.0857142857142857
2025-10-26 00:00:00+00:00,0.14285714285714285,1.0,0.5439560439560439,True,0.08081501191690725,False,53.57409771265649,False,0.38613145236526203,False,False,Fading uptrend,0.0857142857142857
2025-10-27 00:00:00+00:00,0.14285714285714285,1.0,0.5439560439560439,True,0.07298076433470271,False,52.432429236483614,False,0.3814542057604312,False,False,Fading uptrend,0.0857142857142857
2025-10-28 00:00:00+00:00,0.14285714285714285,1.0,0.5164835164835165,True,0.012250899761453543,False,51.18052672084414,False,0.3842418144077356,False,False,Fading uptrend,0.0857142857142857
2025-10-29 00:00:00+00:00,0.14285714285714285,1.0,0.5274725274725275,True,0.07070520976475998,False,51.93213770335837,False,0.39007213964311666,False,False,Fading uptrend,0.0857142857142857
2025-10-30 00:00:00+00:00,0.14285714285714285,1.0,0.5439560439560439,True,0.0921782614777915,False,52.475664910685225,False,0.42187531805424994,False,False,Fading uptrend,0.0857142857142857
2025-10-31 00:00:00+00:00,0.14285714285714285,1.0,0.4945054945054945,False,0.1526881983500058,False,58.814291956340945,False,0.4263469435676288,False,False,Fading uptrend,0.14285714285714285
2025-11-01 00:00:00+00:00,0.14285714285714285,1.0,0.49175824175824173,False,0.18168443262466322,True,58.80874211772131,True,0.4145012370707532,False,False,Fading uptrend,0.21428571428571427
2025-11-02 00:00:00+00:00,0.14285714285714285,1.0,0.4642857142857143,False,0.20820087032028348,True,58.31319361009943,True,0.40401641648248837,False,False,Fading uptrend,0.21428571428571427
2025-11-03 00:00:00+00:00,0.0,0.0,0.5054945054945055,True,0.26367395085590856,True,55.64955567382887,False,0.4234484080388725,False,False,Downtrend,0.0
2025-11-04 00:00:00+00:00,0.0,0.0,0.5631868131868132,True,0.34380072056332744,True,39.88393007239096,False,0.4579025801883172,False,False,Downtrend,0.0
2025-11-05 00:00:00+00:00,0.0,0.0,0.6016483516483516,True,0.3188110910405178,True,42.141985477853936,False,0.4527034084969175,False,False,Downtrend,0.0
2025-11-06 00:00:00+00:00,0.0,0.0,0.6043956043956044,True,0.31048866727572666,True,42.21718043204725,False,0.4578442140649375,False,False,Downtrend,0.0
2025-11-07 00:00:00+00:00,0.0,0.0,0.6263736263736264,True,0.3100818388251288,True,43.91040305449151,False,0.45452502301323444,False,False,Downtrend,0.0
2025-11-08 00:00:00+00:00,0.0,0.0,0.6318681318681318,True,0.30340215031103107,True,44.37215787961358,False,0.44404667410453214,False,False,Downtrend,0.0
2025-11-09 00:00:00+00:00,0.0,0.0,0.6346153846153846,True,0.1405226933030443,False,44.29755657881473,False,0.4342770708656936,False,False,Downtrend,0.0
2025-11-10 00:00:00+00:00,0.0,0.0,0.6373626373626373,True,0.08206992630433167,False,44.87401627135744,False,0.4380965794742135,False,False,Downtrend,0.0
2025-11-11 00:00:00+00:00,0.0,0.0,0.6456043956043956,True,0.21599538524844134,True,51.46751998292207,False,0.4348355892068147,False,False,Downtrend,0.0
2025-11-12 00:00:00+00:00,0.0,0.0,0.6483516483516484,True,0.2400347413258162,True,57.21436809018293,False,0.44368704196936837,False,False,Downtrend,0.0
2025-11-13 00:00:00+00:00,0.0,0.0,0.6620879120879121,True,0.2376578015069108,True,55.97633323115902,False,0.45971230618478415,False,False,Downtrend,0.0
2025-11-14 00:00:00+00:00,0.0,0.0,0.695054945054945,True,0.27429753294261583,True,47.87753374353174,False,0.48195051553129387,False,False,Downtrend,0.0
2025-11-15 00:00:00+00:00,0.0,0.0,0.7032967032967034,True,0.21954995712881561,True,48.56622536155409,False,0.4724912276050557,False,False,Downtrend,0.0
2025-11-16 00:00:00+00:00,0.0,0.0,0.7335164835164835,True,0.21368768150803977,True,48.58086575585292,False,0.4673568275683847,False,False,Downtrend,0.0
2025-11-17 00:00:00+00:00,0.0,0.0,0.739010989010989,True,0.2570094926087239,True,51.475330234212265,False,0.48046178946200596,False,False,Downtrend,0.0
2025-11-18 00:00:00+00:00,0.0,0.0,0.6675824175824175,True,0.2725670204672726,True,44.827754247578234,False,0.4799582491214005,False,False,Downtrend,0.0
2025-11-19 00:00:00+00:00,0.0,0.0,0.6620879120879121,True,0.3326353595082281,True,42.74137719310113,False,0.4919170598528864,False,False,Downtrend,0.0
2025-11-20 00:00:00+00:00,0.0,0.0,0.7472527472527473,True,0.36261395489615994,True,40.01656724186579,False,0.5255556306076408,False,False,Downtrend,0.0
2025-11-21 00:00:00+00:00,0.0,0.0,0.8076923076923077,True,0.3708043052148733,True,32.59924028743941,True,0.5799520961954466,False,False,Downtrend,0.0
2025-11-22 00:00:00+00:00,0.0,0.0,0.8104395604395604,True,0.4339466503900962,True,32.6990879118485,True,0.5686279722516085,False,False,Downtrend,0.0
2025-11-23 00:00:00+00:00,0.0,0.0,0.8131868131868132,True,0.4059306954350682,True,32.319468114852846,True,0.5601712944576973,False,False,Downtrend,0.0
2025-11-24 00:00:00+00:00,0.0,0.0,0.8434065934065934,True,0.3866372013515096,True,33.239242788514986,True,0.5567471655107661,False,False,Downtrend,0.0
2025-11-25 00:00:00+00:00,0.0,0.0,0.8131868131868132,True,0.4655743566157269,True,34.85422389296518,True,0.5480045818378839,False,False,Downtrend,0.0
2025-11-26 00:00:00+00:00,0.0,0.0,0.8131868131868132,True,0.38687883103902926,True,36.71242682382251,True,0.5427116927667603,False,False,Downtrend,0.0
2025-11-27 00:00:00+00:00,0.0,0.0,0.7774725274725275,True,0.35524708736760513,True,41.53648636022136,False,0.5281293600603123,False,False,Downtrend,0.0
2025-11-28 00:00:00+00:00,0.0,0.0,0.7197802197802198,True,0.32831556313649946,True,46.010700591403406,False,0.5228739369908186,False,False,Downtrend,0.0
2025-11-29 00:00:00+00:00,0.0,0.0,0.7032967032967034,True,0.3092273816087752,True,45.61181505075138,False,0.5083261702517063,False,False,Downtrend,0.0
2025-11-30 00:00:00+00:00,0.0,0.0,0.6813186813186813,True,0.3448471022771757,True,45.616788333843644,False,0.4963667563520559,False,False,Downtrend,0.0
2025-12-01 00:00:00+00:00,0.0,0.0,0.7527472527472527,True,0.40087713849013756,True,52.74238273701402,False,0.5390562517119988,False,False,Downtrend,0.0
2025-12-02 00:00:00+00:00,0.0,0.0,0.7857142857142857,True,0.30122006102963483,True,55.81003237130447,False,0.5374047094796883,False,False,Downtrend,0.0
2025-12-03 00:00:00+00:00,0.14285714285714285,0.0,0.771978021978022,True,0.21165608286215376,True,52.0871148681282,False,0.5281917584344793,False,False,Downtrend,0.04285714285714285
2025-12-04 00:00:00+00:00,0.14285714285714285,0.0,0.6620879120879121,True,0.1612600359939846,False,49.24656737834747,False,0.5218897284172098,False,False,Downtrend,0.04285714285714285
2025-12-05 00:00:00+00:00,0.14285714285714285,0.0,0.6208791208791209,True,0.24766308705281498,True,56.60655781707361,False,0.5242738025874604,False,False,Downtrend,0.04285714285714285
2025-12-06 00:00:00+00:00,0.14285714285714285,0.0,0.6153846153846154,True,0.21499283519964946,True,57.17853441765963,False,0.5089303461506465,False,False,Downtrend,0.04285714285714285
2025-12-07 00:00:00+00:00,0.14285714285714285,0.0,0.6263736263736264,True,0.2332654225262641,True,57.64676105925194,False,0.5109764538643636,False,False,Downtrend,0.04285714285714285
2025-12-08 00:00:00+00:00,0.14285714285714285,0.0,0.6071428571428571,True,0.21349360923134195,True,56.60609953980684,False,0.5049639368457115,False,False,Downtrend,0.04285714285714285
2025-12-09 00:00:00+00:00,0.14285714285714285,0.0,0.6401098901098901,True,0.22165759546296274,True,57.1782601872901,False,0.5036035323881587,False,False,Downtrend,0.04285714285714285
2025-12-10 00:00:00+00:00,0.14285714285714285,0.0,0.6263736263736264,True,0.2605702557564376,True,56.043426865253124,False,0.4937631322401183,False,False,Downtrend,0.04285714285714285
2025-12-11 00:00:00+00:00,0.14285714285714285,0.0,0.6510989010989011,True,0.20573624636665827,True,57.94702008708704,False,0.49215589785823766,False,False,Downtrend,0.04285714285714285
2025-12-12 00:00:00+00:00,0.14285714285714285,0.0,0.6565934065934066,True,0.21854764795362597,True,58.222585107086275,False,0.5014955828887447,False,True,Downtrend,0.03214285714285714
2025-12-13 00:00:00+00:00,0.14285714285714285,0.0,0.6565934065934066,True,0.18842101087406574,True,58.11490174476025,False,0.48571260668786675,False,True,Downtrend,0.03214285714285714
2025-12-14 00:00:00+00:00,0.0,0.0,0.6703296703296703,True,0.13624585836208283,False,59.03895330174329,False,0.4729067509829621,False,True,Downtrend,0.0
2025-12-15 00:00:00+00:00,0.0,0.0,0.6291208791208791,True,0.1914305612594257,True,62.73866131235505,False,0.47999637244500737,False,True,Downtrend,0.0
2025-12-16 00:00:00+00:00,0.0,0.0,0.5824175824175825,True,0.1333795580935164,False,60.192634719836626,False,0.4771617878446125,False,True,Downtrend,0.0
2025-12-17 00:00:00+00:00,0.0,0.0,0.6016483516483516,True,0.12561245304719446,False,61.71243793460329,False,0.5052560165751832,False,True,Downtrend,0.0
2025-12-18 00:00:00+00:00,0.0,0.0,0.6456043956043956,True,0.15664700062327006,False,60.43430404682741,False,0.5156145530781368,False,True,Downtrend,0.0
2025-12-19 00:00:00+00:00,0.0,0.0,0.6456043956043956,True,0.07013020587547354,False,60.170501225345966,False,0.5081676450366828,False,True,Downtrend,0.0
2025-12-20 00:00:00+00:00,0.0,0.0,0.6456043956043956,True,0.03913480092715467,False,59.705889910503984,False,0.4918616678345214,False,True,Downtrend,0.0
2025-12-21 00:00:00+00:00,0.0,0.0,0.6043956043956044,True,0.08239672657074595,False,57.6739453045138,False,0.481676554393548,False,True,Downtrend,0.0
2025-12-22 00:00:00+00:00,0.0,0.0,0.6071428571428571,True,0.09135543018767257,False,57.68461338442296,False,0.4741791990104568,False,True,Downtrend,0.0
2025-12-23 00:00:00+00:00,0.0,0.0,0.5824175824175825,True,0.015796761182349045,False,55.7967957308696,False,0.4713434018842822,False,True,Downtrend,0.0
2025-12-24 00:00:00+00:00,0.0,0.0,0.5769230769230769,True,0.015669614079591523,False,58.31930692597827,False,0.4593612680926726,False,True,Downtrend,0.0
2025-12-25 00:00:00+00:00,0.0,0.0,0.5494505494505495,True,0.003639535787510934,False,59.378067265991234,False,0.44745057171226027,False,True,Downtrend,0.0
2025-12-26 00:00:00+00:00,0.0,0.0,0.5357142857142857,True,0.08466588555754626,False,70.19868796201504,False,0.4521274385723517,False,True,Downtrend,0.0
2025-12-27 00:00:00+00:00,0.0,0.0,0.5357142857142857,True,0.09485928915490079,False,70.35148142179388,False,0.4376809751819767,False,True,Downtrend,0.0
2025-12-28 00:00:00+00:00,0.0,0.0,0.5137362637362637,True,0.08144055470686676,False,68.12623342955494,False,0.42378710878183357,False,True,Downtrend,0.0
2025-12-29 00:00:00+00:00,0.0,0.0,0.47527472527472525,False,0.09714055602070576,False,66.76620429708993,False,0.4243435115274959,False,True,Downtrend,0.0
2025-12-30 00:00:00+00:00,0.0,0.0,0.46703296703296704,False,0.049975592205608634,False,66.38735859846845,False,0.41378605832930887,False,True,Downtrend,0.0
2025-12-31 00:00:00+00:00,0.0,0.0,0.30494505494505497,False,0.03974726735895632,False,62.9119196580191,False,0.4063917219263964,False,True,Downtrend,0.0
